[0.000000] (-) TimerEvent: {}
[0.001151] (controller_publisher) JobQueued: {'identifier': 'controller_publisher', 'dependencies': OrderedDict()}
[0.001660] (dynamixel_sdk) JobQueued: {'identifier': 'dynamixel_sdk', 'dependencies': OrderedDict()}
[0.001730] (dynamixel_sdk_custom_interfaces) JobQueued: {'identifier': 'dynamixel_sdk_custom_interfaces', 'dependencies': OrderedDict()}
[0.001758] (motor_commands) JobQueued: {'identifier': 'motor_commands', 'dependencies': OrderedDict()}
[0.001780] (motion_editor) JobQueued: {'identifier': 'motion_editor', 'dependencies': OrderedDict({'motor_commands': '/home/csanimatronics/CS_Animatronics/install/motor_commands'})}
[0.001840] (motor_controller) JobQueued: {'identifier': 'motor_controller', 'dependencies': OrderedDict({'dynamixel_sdk': '/home/csanimatronics/CS_Animatronics/install/dynamixel_sdk', 'dynamixel_sdk_custom_interfaces': '/home/csanimatronics/CS_Animatronics/install/dynamixel_sdk_custom_interfaces', 'motor_commands': '/home/csanimatronics/CS_Animatronics/install/motor_commands'})}
[0.001890] (system_controller) JobQueued: {'identifier': 'system_controller', 'dependencies': OrderedDict({'motor_commands': '/home/csanimatronics/CS_Animatronics/install/motor_commands'})}
[0.001923] (motor_commands) JobStarted: {'identifier': 'motor_commands'}
[0.015955] (dynamixel_sdk) JobStarted: {'identifier': 'dynamixel_sdk'}
[0.024610] (dynamixel_sdk_custom_interfaces) JobStarted: {'identifier': 'dynamixel_sdk_custom_interfaces'}
[0.033501] (controller_publisher) JobStarted: {'identifier': 'controller_publisher'}
[0.053705] (motor_commands) JobProgress: {'identifier': 'motor_commands', 'progress': 'cmake'}
[0.054742] (motor_commands) Command: {'cmd': ['/usr/bin/cmake', '/home/csanimatronics/CS_Animatronics/src/motor_commands', '-DCMAKE_INSTALL_PREFIX=/home/csanimatronics/CS_Animatronics/install/motor_commands'], 'cwd': '/home/csanimatronics/CS_Animatronics/build/motor_commands', 'env': OrderedDict({'LESSOPEN': '| /usr/bin/lesspipe %s', 'USER': 'csanimatronics', 'XDG_SESSION_TYPE': 'wayland', 'SHLVL': '1', 'LD_LIBRARY_PATH': '/opt/ros/jazzy/opt/rviz_ogre_vendor/lib:/opt/ros/jazzy/lib/aarch64-linux-gnu:/opt/ros/jazzy/opt/gz_math_vendor/lib:/opt/ros/jazzy/opt/gz_utils_vendor/lib:/opt/ros/jazzy/opt/gz_cmake_vendor/lib:/opt/ros/jazzy/lib', 'HOME': '/home/csanimatronics', 'OLDPWD': '/home/csanimatronics', 'DESKTOP_SESSION': 'ubuntu', 'ROS_PYTHON_VERSION': '3', 'GNOME_SHELL_SESSION_MODE': 'ubuntu', 'GTK_MODULES': 'gail:atk-bridge', 'SYSTEMD_EXEC_PID': '1641', 'GSM_SKIP_SSH_AGENT_WORKAROUND': 'true', 'DBUS_SESSION_BUS_ADDRESS': 'unix:path=/run/user/1002/bus', 'COLORTERM': 'truecolor', 'DEBUGINFOD_URLS': 'https://debuginfod.ubuntu.com', 'IM_CONFIG_PHASE': '1', 'WAYLAND_DISPLAY': 'wayland-0', 'ROS_DISTRO': 'jazzy', 'LOGNAME': 'csanimatronics', '_': '/usr/bin/colcon', 'ROS_VERSION': '2', 'MEMORY_PRESSURE_WATCH': '/sys/fs/cgroup/user.slice/user-1002.slice/user@1002.service/session.slice/org.gnome.Shell@wayland.service/memory.pressure', 'XDG_SESSION_CLASS': 'user', 'USERNAME': 'csanimatronics', 'TERM': 'xterm-256color', 'GNOME_DESKTOP_SESSION_ID': 'this-is-deprecated', 'PATH': '/opt/ros/jazzy/bin:/usr/local/sbin:/usr/local/bin:/usr/sbin:/usr/bin:/sbin:/bin:/usr/games:/usr/local/games:/snap/bin:/snap/bin', 'SESSION_MANAGER': 'local/csanimatronics-desktop:@/tmp/.ICE-unix/1612,unix/csanimatronics-desktop:/tmp/.ICE-unix/1612', 'XDG_MENU_PREFIX': 'gnome-', 'GNOME_TERMINAL_SCREEN': '/org/gnome/Terminal/screen/2db2f0e4_c9a9_49e6_96a7_b97ace714f34', 'GNOME_SETUP_DISPLAY': ':1', 'XDG_RUNTIME_DIR': '/run/user/1002', 'DISPLAY': ':0', 'LANG': 'C.UTF-8', 'XDG_CURRENT_DESKTOP': 'ubuntu:GNOME', 'XMODIFIERS': '@im=ibus', 'XDG_SESSION_DESKTOP': 'ubuntu', 'XAUTHORITY': '/run/user/1002/.mutter-Xwaylandauth.N7O212', 'LS_COLORS': 'rs=0:di=01;34:ln=01;36:mh=00:pi=40;33:so=01;35:do=01;35:bd=40;33;01:cd=40;33;01:or=40;31;01:mi=00:su=37;41:sg=30;43:ca=00:tw=30;42:ow=34;42:st=37;44:ex=01;32:*.tar=01;31:*.tgz=01;31:*.arc=01;31:*.arj=01;31:*.taz=01;31:*.lha=01;31:*.lz4=01;31:*.lzh=01;31:*.lzma=01;31:*.tlz=01;31:*.txz=01;31:*.tzo=01;31:*.t7z=01;31:*.zip=01;31:*.z=01;31:*.dz=01;31:*.gz=01;31:*.lrz=01;31:*.lz=01;31:*.lzo=01;31:*.xz=01;31:*.zst=01;31:*.tzst=01;31:*.bz2=01;31:*.bz=01;31:*.tbz=01;31:*.tbz2=01;31:*.tz=01;31:*.deb=01;31:*.rpm=01;31:*.jar=01;31:*.war=01;31:*.ear=01;31:*.sar=01;31:*.rar=01;31:*.alz=01;31:*.ace=01;31:*.zoo=01;31:*.cpio=01;31:*.7z=01;31:*.rz=01;31:*.cab=01;31:*.wim=01;31:*.swm=01;31:*.dwm=01;31:*.esd=01;31:*.avif=01;35:*.jpg=01;35:*.jpeg=01;35:*.mjpg=01;35:*.mjpeg=01;35:*.gif=01;35:*.bmp=01;35:*.pbm=01;35:*.pgm=01;35:*.ppm=01;35:*.tga=01;35:*.xbm=01;35:*.xpm=01;35:*.tif=01;35:*.tiff=01;35:*.png=01;35:*.svg=01;35:*.svgz=01;35:*.mng=01;35:*.pcx=01;35:*.mov=01;35:*.mpg=01;35:*.mpeg=01;35:*.m2v=01;35:*.mkv=01;35:*.webm=01;35:*.webp=01;35:*.ogm=01;35:*.mp4=01;35:*.m4v=01;35:*.mp4v=01;35:*.vob=01;35:*.qt=01;35:*.nuv=01;35:*.wmv=01;35:*.asf=01;35:*.rm=01;35:*.rmvb=01;35:*.flc=01;35:*.avi=01;35:*.fli=01;35:*.flv=01;35:*.gl=01;35:*.dl=01;35:*.xcf=01;35:*.xwd=01;35:*.yuv=01;35:*.cgm=01;35:*.emf=01;35:*.ogv=01;35:*.ogx=01;35:*.aac=00;36:*.au=00;36:*.flac=00;36:*.m4a=00;36:*.mid=00;36:*.midi=00;36:*.mka=00;36:*.mp3=00;36:*.mpc=00;36:*.ogg=00;36:*.ra=00;36:*.wav=00;36:*.oga=00;36:*.opus=00;36:*.spx=00;36:*.xspf=00;36:*~=00;90:*#=00;90:*.bak=00;90:*.crdownload=00;90:*.dpkg-dist=00;90:*.dpkg-new=00;90:*.dpkg-old=00;90:*.dpkg-tmp=00;90:*.old=00;90:*.orig=00;90:*.part=00;90:*.rej=00;90:*.rpmnew=00;90:*.rpmorig=00;90:*.rpmsave=00;90:*.swp=00;90:*.tmp=00;90:*.ucf-dist=00;90:*.ucf-new=00;90:*.ucf-old=00;90:', 'GNOME_TERMINAL_SERVICE': ':1.103', 'SSH_AUTH_SOCK': '/run/user/1002/keyring/ssh', 'AMENT_PREFIX_PATH': '/opt/ros/jazzy', 'SHELL': '/bin/bash', 'QT_ACCESSIBILITY': '1', 'GDMSESSION': 'ubuntu', 'LESSCLOSE': '/usr/bin/lesspipe %s %s', 'ROS_AUTOMATIC_DISCOVERY_RANGE': 'SUBNET', 'QT_IM_MODULE': 'ibus', 'PWD': '/home/csanimatronics/CS_Animatronics/build/motor_commands', 'XDG_CONFIG_DIRS': '/etc/xdg/xdg-ubuntu:/etc/xdg', 'XDG_DATA_DIRS': '/usr/share/ubuntu:/usr/share/gnome:/usr/local/share/:/usr/share/:/var/lib/snapd/desktop', 'PYTHONPATH': '/opt/ros/jazzy/lib/python3.12/site-packages', 'COLCON': '1', 'MEMORY_PRESSURE_WRITE': 'c29tZSAyMDAwMDAgMjAwMDAwMAA=', 'VTE_VERSION': '7600', 'CMAKE_PREFIX_PATH': '/opt/ros/jazzy/opt/gz_math_vendor:/opt/ros/jazzy/opt/gz_utils_vendor:/opt/ros/jazzy/opt/gz_cmake_vendor:/opt/ros/jazzy'}), 'shell': False}
[0.061892] (dynamixel_sdk) JobProgress: {'identifier': 'dynamixel_sdk', 'progress': 'cmake'}
[0.063698] (dynamixel_sdk) Command: {'cmd': ['/usr/bin/cmake', '/home/csanimatronics/CS_Animatronics/src/dynamixel_sdk', '-DCMAKE_INSTALL_PREFIX=/home/csanimatronics/CS_Animatronics/install/dynamixel_sdk'], 'cwd': '/home/csanimatronics/CS_Animatronics/build/dynamixel_sdk', 'env': OrderedDict({'LESSOPEN': '| /usr/bin/lesspipe %s', 'USER': 'csanimatronics', 'XDG_SESSION_TYPE': 'wayland', 'SHLVL': '1', 'LD_LIBRARY_PATH': '/opt/ros/jazzy/opt/rviz_ogre_vendor/lib:/opt/ros/jazzy/lib/aarch64-linux-gnu:/opt/ros/jazzy/opt/gz_math_vendor/lib:/opt/ros/jazzy/opt/gz_utils_vendor/lib:/opt/ros/jazzy/opt/gz_cmake_vendor/lib:/opt/ros/jazzy/lib', 'HOME': '/home/csanimatronics', 'OLDPWD': '/home/csanimatronics', 'DESKTOP_SESSION': 'ubuntu', 'ROS_PYTHON_VERSION': '3', 'GNOME_SHELL_SESSION_MODE': 'ubuntu', 'GTK_MODULES': 'gail:atk-bridge', 'SYSTEMD_EXEC_PID': '1641', 'GSM_SKIP_SSH_AGENT_WORKAROUND': 'true', 'DBUS_SESSION_BUS_ADDRESS': 'unix:path=/run/user/1002/bus', 'COLORTERM': 'truecolor', 'DEBUGINFOD_URLS': 'https://debuginfod.ubuntu.com', 'IM_CONFIG_PHASE': '1', 'WAYLAND_DISPLAY': 'wayland-0', 'ROS_DISTRO': 'jazzy', 'LOGNAME': 'csanimatronics', '_': '/usr/bin/colcon', 'ROS_VERSION': '2', 'MEMORY_PRESSURE_WATCH': '/sys/fs/cgroup/user.slice/user-1002.slice/user@1002.service/session.slice/org.gnome.Shell@wayland.service/memory.pressure', 'XDG_SESSION_CLASS': 'user', 'USERNAME': 'csanimatronics', 'TERM': 'xterm-256color', 'GNOME_DESKTOP_SESSION_ID': 'this-is-deprecated', 'PATH': '/opt/ros/jazzy/bin:/usr/local/sbin:/usr/local/bin:/usr/sbin:/usr/bin:/sbin:/bin:/usr/games:/usr/local/games:/snap/bin:/snap/bin', 'SESSION_MANAGER': 'local/csanimatronics-desktop:@/tmp/.ICE-unix/1612,unix/csanimatronics-desktop:/tmp/.ICE-unix/1612', 'XDG_MENU_PREFIX': 'gnome-', 'GNOME_TERMINAL_SCREEN': '/org/gnome/Terminal/screen/2db2f0e4_c9a9_49e6_96a7_b97ace714f34', 'GNOME_SETUP_DISPLAY': ':1', 'XDG_RUNTIME_DIR': '/run/user/1002', 'DISPLAY': ':0', 'LANG': 'C.UTF-8', 'XDG_CURRENT_DESKTOP': 'ubuntu:GNOME', 'XMODIFIERS': '@im=ibus', 'XDG_SESSION_DESKTOP': 'ubuntu', 'XAUTHORITY': '/run/user/1002/.mutter-Xwaylandauth.N7O212', 'LS_COLORS': 'rs=0:di=01;34:ln=01;36:mh=00:pi=40;33:so=01;35:do=01;35:bd=40;33;01:cd=40;33;01:or=40;31;01:mi=00:su=37;41:sg=30;43:ca=00:tw=30;42:ow=34;42:st=37;44:ex=01;32:*.tar=01;31:*.tgz=01;31:*.arc=01;31:*.arj=01;31:*.taz=01;31:*.lha=01;31:*.lz4=01;31:*.lzh=01;31:*.lzma=01;31:*.tlz=01;31:*.txz=01;31:*.tzo=01;31:*.t7z=01;31:*.zip=01;31:*.z=01;31:*.dz=01;31:*.gz=01;31:*.lrz=01;31:*.lz=01;31:*.lzo=01;31:*.xz=01;31:*.zst=01;31:*.tzst=01;31:*.bz2=01;31:*.bz=01;31:*.tbz=01;31:*.tbz2=01;31:*.tz=01;31:*.deb=01;31:*.rpm=01;31:*.jar=01;31:*.war=01;31:*.ear=01;31:*.sar=01;31:*.rar=01;31:*.alz=01;31:*.ace=01;31:*.zoo=01;31:*.cpio=01;31:*.7z=01;31:*.rz=01;31:*.cab=01;31:*.wim=01;31:*.swm=01;31:*.dwm=01;31:*.esd=01;31:*.avif=01;35:*.jpg=01;35:*.jpeg=01;35:*.mjpg=01;35:*.mjpeg=01;35:*.gif=01;35:*.bmp=01;35:*.pbm=01;35:*.pgm=01;35:*.ppm=01;35:*.tga=01;35:*.xbm=01;35:*.xpm=01;35:*.tif=01;35:*.tiff=01;35:*.png=01;35:*.svg=01;35:*.svgz=01;35:*.mng=01;35:*.pcx=01;35:*.mov=01;35:*.mpg=01;35:*.mpeg=01;35:*.m2v=01;35:*.mkv=01;35:*.webm=01;35:*.webp=01;35:*.ogm=01;35:*.mp4=01;35:*.m4v=01;35:*.mp4v=01;35:*.vob=01;35:*.qt=01;35:*.nuv=01;35:*.wmv=01;35:*.asf=01;35:*.rm=01;35:*.rmvb=01;35:*.flc=01;35:*.avi=01;35:*.fli=01;35:*.flv=01;35:*.gl=01;35:*.dl=01;35:*.xcf=01;35:*.xwd=01;35:*.yuv=01;35:*.cgm=01;35:*.emf=01;35:*.ogv=01;35:*.ogx=01;35:*.aac=00;36:*.au=00;36:*.flac=00;36:*.m4a=00;36:*.mid=00;36:*.midi=00;36:*.mka=00;36:*.mp3=00;36:*.mpc=00;36:*.ogg=00;36:*.ra=00;36:*.wav=00;36:*.oga=00;36:*.opus=00;36:*.spx=00;36:*.xspf=00;36:*~=00;90:*#=00;90:*.bak=00;90:*.crdownload=00;90:*.dpkg-dist=00;90:*.dpkg-new=00;90:*.dpkg-old=00;90:*.dpkg-tmp=00;90:*.old=00;90:*.orig=00;90:*.part=00;90:*.rej=00;90:*.rpmnew=00;90:*.rpmorig=00;90:*.rpmsave=00;90:*.swp=00;90:*.tmp=00;90:*.ucf-dist=00;90:*.ucf-new=00;90:*.ucf-old=00;90:', 'GNOME_TERMINAL_SERVICE': ':1.103', 'SSH_AUTH_SOCK': '/run/user/1002/keyring/ssh', 'AMENT_PREFIX_PATH': '/opt/ros/jazzy', 'SHELL': '/bin/bash', 'QT_ACCESSIBILITY': '1', 'GDMSESSION': 'ubuntu', 'LESSCLOSE': '/usr/bin/lesspipe %s %s', 'ROS_AUTOMATIC_DISCOVERY_RANGE': 'SUBNET', 'QT_IM_MODULE': 'ibus', 'PWD': '/home/csanimatronics/CS_Animatronics/build/dynamixel_sdk', 'XDG_CONFIG_DIRS': '/etc/xdg/xdg-ubuntu:/etc/xdg', 'XDG_DATA_DIRS': '/usr/share/ubuntu:/usr/share/gnome:/usr/local/share/:/usr/share/:/var/lib/snapd/desktop', 'PYTHONPATH': '/opt/ros/jazzy/lib/python3.12/site-packages', 'COLCON': '1', 'MEMORY_PRESSURE_WRITE': 'c29tZSAyMDAwMDAgMjAwMDAwMAA=', 'VTE_VERSION': '7600', 'CMAKE_PREFIX_PATH': '/opt/ros/jazzy/opt/gz_math_vendor:/opt/ros/jazzy/opt/gz_utils_vendor:/opt/ros/jazzy/opt/gz_cmake_vendor:/opt/ros/jazzy'}), 'shell': False}
[0.066471] (dynamixel_sdk_custom_interfaces) JobProgress: {'identifier': 'dynamixel_sdk_custom_interfaces', 'progress': 'cmake'}
[0.067292] (dynamixel_sdk_custom_interfaces) Command: {'cmd': ['/usr/bin/cmake', '/home/csanimatronics/CS_Animatronics/src/dynamixel_sdk_custom_interfaces', '-DCMAKE_INSTALL_PREFIX=/home/csanimatronics/CS_Animatronics/install/dynamixel_sdk_custom_interfaces'], 'cwd': '/home/csanimatronics/CS_Animatronics/build/dynamixel_sdk_custom_interfaces', 'env': OrderedDict({'LESSOPEN': '| /usr/bin/lesspipe %s', 'USER': 'csanimatronics', 'XDG_SESSION_TYPE': 'wayland', 'SHLVL': '1', 'LD_LIBRARY_PATH': '/opt/ros/jazzy/opt/rviz_ogre_vendor/lib:/opt/ros/jazzy/lib/aarch64-linux-gnu:/opt/ros/jazzy/opt/gz_math_vendor/lib:/opt/ros/jazzy/opt/gz_utils_vendor/lib:/opt/ros/jazzy/opt/gz_cmake_vendor/lib:/opt/ros/jazzy/lib', 'HOME': '/home/csanimatronics', 'OLDPWD': '/home/csanimatronics', 'DESKTOP_SESSION': 'ubuntu', 'ROS_PYTHON_VERSION': '3', 'GNOME_SHELL_SESSION_MODE': 'ubuntu', 'GTK_MODULES': 'gail:atk-bridge', 'SYSTEMD_EXEC_PID': '1641', 'GSM_SKIP_SSH_AGENT_WORKAROUND': 'true', 'DBUS_SESSION_BUS_ADDRESS': 'unix:path=/run/user/1002/bus', 'COLORTERM': 'truecolor', 'DEBUGINFOD_URLS': 'https://debuginfod.ubuntu.com', 'IM_CONFIG_PHASE': '1', 'WAYLAND_DISPLAY': 'wayland-0', 'ROS_DISTRO': 'jazzy', 'LOGNAME': 'csanimatronics', '_': '/usr/bin/colcon', 'ROS_VERSION': '2', 'MEMORY_PRESSURE_WATCH': '/sys/fs/cgroup/user.slice/user-1002.slice/user@1002.service/session.slice/org.gnome.Shell@wayland.service/memory.pressure', 'XDG_SESSION_CLASS': 'user', 'USERNAME': 'csanimatronics', 'TERM': 'xterm-256color', 'GNOME_DESKTOP_SESSION_ID': 'this-is-deprecated', 'PATH': '/opt/ros/jazzy/bin:/usr/local/sbin:/usr/local/bin:/usr/sbin:/usr/bin:/sbin:/bin:/usr/games:/usr/local/games:/snap/bin:/snap/bin', 'SESSION_MANAGER': 'local/csanimatronics-desktop:@/tmp/.ICE-unix/1612,unix/csanimatronics-desktop:/tmp/.ICE-unix/1612', 'XDG_MENU_PREFIX': 'gnome-', 'GNOME_TERMINAL_SCREEN': '/org/gnome/Terminal/screen/2db2f0e4_c9a9_49e6_96a7_b97ace714f34', 'GNOME_SETUP_DISPLAY': ':1', 'XDG_RUNTIME_DIR': '/run/user/1002', 'DISPLAY': ':0', 'LANG': 'C.UTF-8', 'XDG_CURRENT_DESKTOP': 'ubuntu:GNOME', 'XMODIFIERS': '@im=ibus', 'XDG_SESSION_DESKTOP': 'ubuntu', 'XAUTHORITY': '/run/user/1002/.mutter-Xwaylandauth.N7O212', 'LS_COLORS': 'rs=0:di=01;34:ln=01;36:mh=00:pi=40;33:so=01;35:do=01;35:bd=40;33;01:cd=40;33;01:or=40;31;01:mi=00:su=37;41:sg=30;43:ca=00:tw=30;42:ow=34;42:st=37;44:ex=01;32:*.tar=01;31:*.tgz=01;31:*.arc=01;31:*.arj=01;31:*.taz=01;31:*.lha=01;31:*.lz4=01;31:*.lzh=01;31:*.lzma=01;31:*.tlz=01;31:*.txz=01;31:*.tzo=01;31:*.t7z=01;31:*.zip=01;31:*.z=01;31:*.dz=01;31:*.gz=01;31:*.lrz=01;31:*.lz=01;31:*.lzo=01;31:*.xz=01;31:*.zst=01;31:*.tzst=01;31:*.bz2=01;31:*.bz=01;31:*.tbz=01;31:*.tbz2=01;31:*.tz=01;31:*.deb=01;31:*.rpm=01;31:*.jar=01;31:*.war=01;31:*.ear=01;31:*.sar=01;31:*.rar=01;31:*.alz=01;31:*.ace=01;31:*.zoo=01;31:*.cpio=01;31:*.7z=01;31:*.rz=01;31:*.cab=01;31:*.wim=01;31:*.swm=01;31:*.dwm=01;31:*.esd=01;31:*.avif=01;35:*.jpg=01;35:*.jpeg=01;35:*.mjpg=01;35:*.mjpeg=01;35:*.gif=01;35:*.bmp=01;35:*.pbm=01;35:*.pgm=01;35:*.ppm=01;35:*.tga=01;35:*.xbm=01;35:*.xpm=01;35:*.tif=01;35:*.tiff=01;35:*.png=01;35:*.svg=01;35:*.svgz=01;35:*.mng=01;35:*.pcx=01;35:*.mov=01;35:*.mpg=01;35:*.mpeg=01;35:*.m2v=01;35:*.mkv=01;35:*.webm=01;35:*.webp=01;35:*.ogm=01;35:*.mp4=01;35:*.m4v=01;35:*.mp4v=01;35:*.vob=01;35:*.qt=01;35:*.nuv=01;35:*.wmv=01;35:*.asf=01;35:*.rm=01;35:*.rmvb=01;35:*.flc=01;35:*.avi=01;35:*.fli=01;35:*.flv=01;35:*.gl=01;35:*.dl=01;35:*.xcf=01;35:*.xwd=01;35:*.yuv=01;35:*.cgm=01;35:*.emf=01;35:*.ogv=01;35:*.ogx=01;35:*.aac=00;36:*.au=00;36:*.flac=00;36:*.m4a=00;36:*.mid=00;36:*.midi=00;36:*.mka=00;36:*.mp3=00;36:*.mpc=00;36:*.ogg=00;36:*.ra=00;36:*.wav=00;36:*.oga=00;36:*.opus=00;36:*.spx=00;36:*.xspf=00;36:*~=00;90:*#=00;90:*.bak=00;90:*.crdownload=00;90:*.dpkg-dist=00;90:*.dpkg-new=00;90:*.dpkg-old=00;90:*.dpkg-tmp=00;90:*.old=00;90:*.orig=00;90:*.part=00;90:*.rej=00;90:*.rpmnew=00;90:*.rpmorig=00;90:*.rpmsave=00;90:*.swp=00;90:*.tmp=00;90:*.ucf-dist=00;90:*.ucf-new=00;90:*.ucf-old=00;90:', 'GNOME_TERMINAL_SERVICE': ':1.103', 'SSH_AUTH_SOCK': '/run/user/1002/keyring/ssh', 'AMENT_PREFIX_PATH': '/opt/ros/jazzy', 'SHELL': '/bin/bash', 'QT_ACCESSIBILITY': '1', 'GDMSESSION': 'ubuntu', 'LESSCLOSE': '/usr/bin/lesspipe %s %s', 'ROS_AUTOMATIC_DISCOVERY_RANGE': 'SUBNET', 'QT_IM_MODULE': 'ibus', 'PWD': '/home/csanimatronics/CS_Animatronics/build/dynamixel_sdk_custom_interfaces', 'XDG_CONFIG_DIRS': '/etc/xdg/xdg-ubuntu:/etc/xdg', 'XDG_DATA_DIRS': '/usr/share/ubuntu:/usr/share/gnome:/usr/local/share/:/usr/share/:/var/lib/snapd/desktop', 'PYTHONPATH': '/opt/ros/jazzy/lib/python3.12/site-packages', 'COLCON': '1', 'MEMORY_PRESSURE_WRITE': 'c29tZSAyMDAwMDAgMjAwMDAwMAA=', 'VTE_VERSION': '7600', 'CMAKE_PREFIX_PATH': '/opt/ros/jazzy/opt/gz_math_vendor:/opt/ros/jazzy/opt/gz_utils_vendor:/opt/ros/jazzy/opt/gz_cmake_vendor:/opt/ros/jazzy'}), 'shell': False}
[0.099707] (-) TimerEvent: {}
[0.202195] (-) TimerEvent: {}
[0.232589] (motor_commands) StdoutLine: {'line': b'-- The C compiler identification is GNU 13.3.0\n'}
[0.237173] (dynamixel_sdk) StdoutLine: {'line': b'-- The C compiler identification is GNU 13.3.0\n'}
[0.246198] (dynamixel_sdk_custom_interfaces) StdoutLine: {'line': b'-- The C compiler identification is GNU 13.3.0\n'}
[0.305130] (-) TimerEvent: {}
[0.403594] (motor_commands) StdoutLine: {'line': b'-- The CXX compiler identification is GNU 13.3.0\n'}
[0.407126] (dynamixel_sdk) StdoutLine: {'line': b'-- The CXX compiler identification is GNU 13.3.0\n'}
[0.407407] (-) TimerEvent: {}
[0.423639] (dynamixel_sdk_custom_interfaces) StdoutLine: {'line': b'-- The CXX compiler identification is GNU 13.3.0\n'}
[0.442596] (motor_commands) StdoutLine: {'line': b'-- Detecting C compiler ABI info\n'}
[0.450638] (dynamixel_sdk) StdoutLine: {'line': b'-- Detecting C compiler ABI info\n'}
[0.461350] (dynamixel_sdk_custom_interfaces) StdoutLine: {'line': b'-- Detecting C compiler ABI info\n'}
[0.509127] (-) TimerEvent: {}
[0.609631] (-) TimerEvent: {}
[0.689689] (motor_commands) StdoutLine: {'line': b'-- Detecting C compiler ABI info - done\n'}
[0.707541] (dynamixel_sdk) StdoutLine: {'line': b'-- Detecting C compiler ABI info - done\n'}
[0.707976] (dynamixel_sdk_custom_interfaces) StdoutLine: {'line': b'-- Detecting C compiler ABI info - done\n'}
[0.708275] (motor_commands) StdoutLine: {'line': b'-- Check for working C compiler: /usr/bin/cc - skipped\n'}
[0.708434] (motor_commands) StdoutLine: {'line': b'-- Detecting C compile features\n'}
[0.709257] (motor_commands) StdoutLine: {'line': b'-- Detecting C compile features - done\n'}
[0.709748] (-) TimerEvent: {}
[0.728743] (dynamixel_sdk) StdoutLine: {'line': b'-- Check for working C compiler: /usr/bin/cc - skipped\n'}
[0.731158] (dynamixel_sdk) StdoutLine: {'line': b'-- Detecting C compile features\n'}
[0.731914] (dynamixel_sdk) StdoutLine: {'line': b'-- Detecting C compile features - done\n'}
[0.735574] (motor_commands) StdoutLine: {'line': b'-- Detecting CXX compiler ABI info\n'}
[0.737917] (dynamixel_sdk_custom_interfaces) StdoutLine: {'line': b'-- Check for working C compiler: /usr/bin/cc - skipped\n'}
[0.738425] (dynamixel_sdk_custom_interfaces) StdoutLine: {'line': b'-- Detecting C compile features\n'}
[0.738625] (dynamixel_sdk_custom_interfaces) StdoutLine: {'line': b'-- Detecting C compile features - done\n'}
[0.759728] (dynamixel_sdk) StdoutLine: {'line': b'-- Detecting CXX compiler ABI info\n'}
[0.765801] (dynamixel_sdk_custom_interfaces) StdoutLine: {'line': b'-- Detecting CXX compiler ABI info\n'}
[0.810190] (-) TimerEvent: {}
[0.914764] (-) TimerEvent: {}
[1.015280] (-) TimerEvent: {}
[1.025959] (motor_commands) StdoutLine: {'line': b'-- Detecting CXX compiler ABI info - done\n'}
[1.046265] (motor_commands) StdoutLine: {'line': b'-- Check for working CXX compiler: /usr/bin/c++ - skipped\n'}
[1.046833] (dynamixel_sdk_custom_interfaces) StdoutLine: {'line': b'-- Detecting CXX compiler ABI info - done\n'}
[1.047227] (motor_commands) StdoutLine: {'line': b'-- Detecting CXX compile features\n'}
[1.047439] (dynamixel_sdk) StdoutLine: {'line': b'-- Detecting CXX compiler ABI info - done\n'}
[1.048348] (motor_commands) StdoutLine: {'line': b'-- Detecting CXX compile features - done\n'}
[1.051290] (motor_commands) StdoutLine: {'line': b'-- Found ament_cmake: 2.5.3 (/opt/ros/jazzy/share/ament_cmake/cmake)\n'}
[1.063156] (dynamixel_sdk) StdoutLine: {'line': b'-- Check for working CXX compiler: /usr/bin/c++ - skipped\n'}
[1.064406] (dynamixel_sdk) StdoutLine: {'line': b'-- Detecting CXX compile features\n'}
[1.064694] (dynamixel_sdk_custom_interfaces) StdoutLine: {'line': b'-- Check for working CXX compiler: /usr/bin/c++ - skipped\n'}
[1.064927] (dynamixel_sdk) StdoutLine: {'line': b'-- Detecting CXX compile features - done\n'}
[1.065774] (dynamixel_sdk_custom_interfaces) StdoutLine: {'line': b'-- Detecting CXX compile features\n'}
[1.066930] (dynamixel_sdk_custom_interfaces) StdoutLine: {'line': b'-- Detecting CXX compile features - done\n'}
[1.068422] (dynamixel_sdk) StdoutLine: {'line': b'-- Found ament_cmake: 2.5.3 (/opt/ros/jazzy/share/ament_cmake/cmake)\n'}
[1.071492] (dynamixel_sdk_custom_interfaces) StdoutLine: {'line': b'-- Found ament_cmake: 2.5.3 (/opt/ros/jazzy/share/ament_cmake/cmake)\n'}
[1.117455] (-) TimerEvent: {}
[1.223401] (-) TimerEvent: {}
[1.323820] (-) TimerEvent: {}
[1.413580] (motor_commands) StdoutLine: {'line': b'-- Found Python3: /usr/bin/python3 (found version "3.12.3") found components: Interpreter \n'}
[1.423978] (-) TimerEvent: {}
[1.425153] (dynamixel_sdk_custom_interfaces) StdoutLine: {'line': b'-- Found Python3: /usr/bin/python3 (found version "3.12.3") found components: Interpreter \n'}
[1.454124] (dynamixel_sdk) StdoutLine: {'line': b'-- Found Python3: /usr/bin/python3 (found version "3.12.3") found components: Interpreter \n'}
[1.524123] (-) TimerEvent: {}
[1.624534] (-) TimerEvent: {}
[1.668905] (dynamixel_sdk_custom_interfaces) StdoutLine: {'line': b'-- Found builtin_interfaces: 2.0.2 (/opt/ros/jazzy/share/builtin_interfaces/cmake)\n'}
[1.669433] (motor_commands) StdoutLine: {'line': b'-- Found builtin_interfaces: 2.0.2 (/opt/ros/jazzy/share/builtin_interfaces/cmake)\n'}
[1.720135] (dynamixel_sdk_custom_interfaces) StdoutLine: {'line': b'-- Found rosidl_generator_c: 4.6.5 (/opt/ros/jazzy/share/rosidl_generator_c/cmake)\n'}
[1.723111] (motor_commands) StdoutLine: {'line': b'-- Found rosidl_generator_c: 4.6.5 (/opt/ros/jazzy/share/rosidl_generator_c/cmake)\n'}
[1.724636] (-) TimerEvent: {}
[1.749147] (dynamixel_sdk_custom_interfaces) StdoutLine: {'line': b'-- Found rosidl_generator_cpp: 4.6.5 (/opt/ros/jazzy/share/rosidl_generator_cpp/cmake)\n'}
[1.754855] (motor_commands) StdoutLine: {'line': b'-- Found rosidl_generator_cpp: 4.6.5 (/opt/ros/jazzy/share/rosidl_generator_cpp/cmake)\n'}
[1.775873] (dynamixel_sdk_custom_interfaces) StdoutLine: {'line': b'-- Using all available rosidl_typesupport_c: rosidl_typesupport_fastrtps_c;rosidl_typesupport_introspection_c\n'}
[1.782159] (motor_commands) StdoutLine: {'line': b'-- Using all available rosidl_typesupport_c: rosidl_typesupport_fastrtps_c;rosidl_typesupport_introspection_c\n'}
[1.806459] (dynamixel_sdk_custom_interfaces) StdoutLine: {'line': b'-- Using all available rosidl_typesupport_cpp: rosidl_typesupport_fastrtps_cpp;rosidl_typesupport_introspection_cpp\n'}
[1.809821] (motor_commands) StdoutLine: {'line': b'-- Using all available rosidl_typesupport_cpp: rosidl_typesupport_fastrtps_cpp;rosidl_typesupport_introspection_cpp\n'}
[1.824764] (-) TimerEvent: {}
[1.839110] (dynamixel_sdk_custom_interfaces) StdoutLine: {'line': b'-- Found rosidl_default_generators: 1.6.0 (/opt/ros/jazzy/share/rosidl_default_generators/cmake)\n'}
[1.847165] (motor_commands) StdoutLine: {'line': b'-- Found rosidl_default_generators: 1.6.0 (/opt/ros/jazzy/share/rosidl_default_generators/cmake)\n'}
[1.865194] (dynamixel_sdk_custom_interfaces) StdoutLine: {'line': b'-- Found rosidl_adapter: 4.6.5 (/opt/ros/jazzy/share/rosidl_adapter/cmake)\n'}
[1.871119] (motor_commands) StdoutLine: {'line': b'-- Found rosidl_adapter: 4.6.5 (/opt/ros/jazzy/share/rosidl_adapter/cmake)\n'}
[1.916956] (dynamixel_sdk) StdoutLine: {'line': b'-- Configuring done (1.8s)\n'}
[1.928141] (-) TimerEvent: {}
[1.938189] (dynamixel_sdk) StdoutLine: {'line': b'-- Generating done (0.0s)\n'}
[1.945105] (dynamixel_sdk) StdoutLine: {'line': b'-- Build files have been written to: /home/csanimatronics/CS_Animatronics/build/dynamixel_sdk\n'}
[1.962162] (dynamixel_sdk) CommandEnded: {'returncode': 0}
[1.963091] (dynamixel_sdk) JobProgress: {'identifier': 'dynamixel_sdk', 'progress': 'build'}
[1.963981] (dynamixel_sdk) Command: {'cmd': ['/usr/bin/cmake', '--build', '/home/csanimatronics/CS_Animatronics/build/dynamixel_sdk', '--', '-j4', '-l4'], 'cwd': '/home/csanimatronics/CS_Animatronics/build/dynamixel_sdk', 'env': OrderedDict({'LESSOPEN': '| /usr/bin/lesspipe %s', 'USER': 'csanimatronics', 'XDG_SESSION_TYPE': 'wayland', 'SHLVL': '1', 'LD_LIBRARY_PATH': '/opt/ros/jazzy/opt/rviz_ogre_vendor/lib:/opt/ros/jazzy/lib/aarch64-linux-gnu:/opt/ros/jazzy/opt/gz_math_vendor/lib:/opt/ros/jazzy/opt/gz_utils_vendor/lib:/opt/ros/jazzy/opt/gz_cmake_vendor/lib:/opt/ros/jazzy/lib', 'HOME': '/home/csanimatronics', 'OLDPWD': '/home/csanimatronics', 'DESKTOP_SESSION': 'ubuntu', 'ROS_PYTHON_VERSION': '3', 'GNOME_SHELL_SESSION_MODE': 'ubuntu', 'GTK_MODULES': 'gail:atk-bridge', 'SYSTEMD_EXEC_PID': '1641', 'GSM_SKIP_SSH_AGENT_WORKAROUND': 'true', 'DBUS_SESSION_BUS_ADDRESS': 'unix:path=/run/user/1002/bus', 'COLORTERM': 'truecolor', 'DEBUGINFOD_URLS': 'https://debuginfod.ubuntu.com', 'IM_CONFIG_PHASE': '1', 'WAYLAND_DISPLAY': 'wayland-0', 'ROS_DISTRO': 'jazzy', 'LOGNAME': 'csanimatronics', '_': '/usr/bin/colcon', 'ROS_VERSION': '2', 'MEMORY_PRESSURE_WATCH': '/sys/fs/cgroup/user.slice/user-1002.slice/user@1002.service/session.slice/org.gnome.Shell@wayland.service/memory.pressure', 'XDG_SESSION_CLASS': 'user', 'USERNAME': 'csanimatronics', 'TERM': 'xterm-256color', 'GNOME_DESKTOP_SESSION_ID': 'this-is-deprecated', 'PATH': '/opt/ros/jazzy/bin:/usr/local/sbin:/usr/local/bin:/usr/sbin:/usr/bin:/sbin:/bin:/usr/games:/usr/local/games:/snap/bin:/snap/bin', 'SESSION_MANAGER': 'local/csanimatronics-desktop:@/tmp/.ICE-unix/1612,unix/csanimatronics-desktop:/tmp/.ICE-unix/1612', 'XDG_MENU_PREFIX': 'gnome-', 'GNOME_TERMINAL_SCREEN': '/org/gnome/Terminal/screen/2db2f0e4_c9a9_49e6_96a7_b97ace714f34', 'GNOME_SETUP_DISPLAY': ':1', 'XDG_RUNTIME_DIR': '/run/user/1002', 'DISPLAY': ':0', 'LANG': 'C.UTF-8', 'XDG_CURRENT_DESKTOP': 'ubuntu:GNOME', 'XMODIFIERS': '@im=ibus', 'XDG_SESSION_DESKTOP': 'ubuntu', 'XAUTHORITY': '/run/user/1002/.mutter-Xwaylandauth.N7O212', 'LS_COLORS': 'rs=0:di=01;34:ln=01;36:mh=00:pi=40;33:so=01;35:do=01;35:bd=40;33;01:cd=40;33;01:or=40;31;01:mi=00:su=37;41:sg=30;43:ca=00:tw=30;42:ow=34;42:st=37;44:ex=01;32:*.tar=01;31:*.tgz=01;31:*.arc=01;31:*.arj=01;31:*.taz=01;31:*.lha=01;31:*.lz4=01;31:*.lzh=01;31:*.lzma=01;31:*.tlz=01;31:*.txz=01;31:*.tzo=01;31:*.t7z=01;31:*.zip=01;31:*.z=01;31:*.dz=01;31:*.gz=01;31:*.lrz=01;31:*.lz=01;31:*.lzo=01;31:*.xz=01;31:*.zst=01;31:*.tzst=01;31:*.bz2=01;31:*.bz=01;31:*.tbz=01;31:*.tbz2=01;31:*.tz=01;31:*.deb=01;31:*.rpm=01;31:*.jar=01;31:*.war=01;31:*.ear=01;31:*.sar=01;31:*.rar=01;31:*.alz=01;31:*.ace=01;31:*.zoo=01;31:*.cpio=01;31:*.7z=01;31:*.rz=01;31:*.cab=01;31:*.wim=01;31:*.swm=01;31:*.dwm=01;31:*.esd=01;31:*.avif=01;35:*.jpg=01;35:*.jpeg=01;35:*.mjpg=01;35:*.mjpeg=01;35:*.gif=01;35:*.bmp=01;35:*.pbm=01;35:*.pgm=01;35:*.ppm=01;35:*.tga=01;35:*.xbm=01;35:*.xpm=01;35:*.tif=01;35:*.tiff=01;35:*.png=01;35:*.svg=01;35:*.svgz=01;35:*.mng=01;35:*.pcx=01;35:*.mov=01;35:*.mpg=01;35:*.mpeg=01;35:*.m2v=01;35:*.mkv=01;35:*.webm=01;35:*.webp=01;35:*.ogm=01;35:*.mp4=01;35:*.m4v=01;35:*.mp4v=01;35:*.vob=01;35:*.qt=01;35:*.nuv=01;35:*.wmv=01;35:*.asf=01;35:*.rm=01;35:*.rmvb=01;35:*.flc=01;35:*.avi=01;35:*.fli=01;35:*.flv=01;35:*.gl=01;35:*.dl=01;35:*.xcf=01;35:*.xwd=01;35:*.yuv=01;35:*.cgm=01;35:*.emf=01;35:*.ogv=01;35:*.ogx=01;35:*.aac=00;36:*.au=00;36:*.flac=00;36:*.m4a=00;36:*.mid=00;36:*.midi=00;36:*.mka=00;36:*.mp3=00;36:*.mpc=00;36:*.ogg=00;36:*.ra=00;36:*.wav=00;36:*.oga=00;36:*.opus=00;36:*.spx=00;36:*.xspf=00;36:*~=00;90:*#=00;90:*.bak=00;90:*.crdownload=00;90:*.dpkg-dist=00;90:*.dpkg-new=00;90:*.dpkg-old=00;90:*.dpkg-tmp=00;90:*.old=00;90:*.orig=00;90:*.part=00;90:*.rej=00;90:*.rpmnew=00;90:*.rpmorig=00;90:*.rpmsave=00;90:*.swp=00;90:*.tmp=00;90:*.ucf-dist=00;90:*.ucf-new=00;90:*.ucf-old=00;90:', 'GNOME_TERMINAL_SERVICE': ':1.103', 'SSH_AUTH_SOCK': '/run/user/1002/keyring/ssh', 'AMENT_PREFIX_PATH': '/opt/ros/jazzy', 'SHELL': '/bin/bash', 'QT_ACCESSIBILITY': '1', 'GDMSESSION': 'ubuntu', 'LESSCLOSE': '/usr/bin/lesspipe %s %s', 'ROS_AUTOMATIC_DISCOVERY_RANGE': 'SUBNET', 'QT_IM_MODULE': 'ibus', 'PWD': '/home/csanimatronics/CS_Animatronics/build/dynamixel_sdk', 'XDG_CONFIG_DIRS': '/etc/xdg/xdg-ubuntu:/etc/xdg', 'XDG_DATA_DIRS': '/usr/share/ubuntu:/usr/share/gnome:/usr/local/share/:/usr/share/:/var/lib/snapd/desktop', 'PYTHONPATH': '/opt/ros/jazzy/lib/python3.12/site-packages', 'COLCON': '1', 'MEMORY_PRESSURE_WRITE': 'c29tZSAyMDAwMDAgMjAwMDAwMAA=', 'VTE_VERSION': '7600', 'CMAKE_PREFIX_PATH': '/opt/ros/jazzy/opt/gz_math_vendor:/opt/ros/jazzy/opt/gz_utils_vendor:/opt/ros/jazzy/opt/gz_cmake_vendor:/opt/ros/jazzy'}), 'shell': False}
[2.029120] (-) TimerEvent: {}
[2.106887] (dynamixel_sdk) StdoutLine: {'line': b'[ 10%] \x1b[32mBuilding CXX object CMakeFiles/dynamixel_sdk.dir/src/dynamixel_sdk/protocol2_packet_handler.cpp.o\x1b[0m\n'}
[2.119222] (dynamixel_sdk) StdoutLine: {'line': b'[ 20%] \x1b[32mBuilding CXX object CMakeFiles/dynamixel_sdk.dir/src/dynamixel_sdk/protocol1_packet_handler.cpp.o\x1b[0m\n'}
[2.133205] (dynamixel_sdk) StdoutLine: {'line': b'[ 30%] \x1b[32mBuilding CXX object CMakeFiles/dynamixel_sdk.dir/src/dynamixel_sdk/packet_handler.cpp.o\x1b[0m\n'}
[2.133516] (-) TimerEvent: {}
[2.147350] (dynamixel_sdk) StdoutLine: {'line': b'[ 40%] \x1b[32mBuilding CXX object CMakeFiles/dynamixel_sdk.dir/src/dynamixel_sdk/group_sync_read.cpp.o\x1b[0m\n'}
[2.233706] (-) TimerEvent: {}
[2.334381] (-) TimerEvent: {}
[2.434979] (-) TimerEvent: {}
[2.504190] (controller_publisher) Command: {'cmd': ['/usr/bin/python3', '-W', 'ignore:setup.py install is deprecated', '-W', 'ignore:easy_install command is deprecated', 'setup.py', 'egg_info', '--egg-base', '../../build/controller_publisher', 'build', '--build-base', '/home/csanimatronics/CS_Animatronics/build/controller_publisher/build', 'install', '--record', '/home/csanimatronics/CS_Animatronics/build/controller_publisher/install.log', '--single-version-externally-managed', 'install_data'], 'cwd': '/home/csanimatronics/CS_Animatronics/src/controller_publisher', 'env': {'LESSOPEN': '| /usr/bin/lesspipe %s', 'USER': 'csanimatronics', 'XDG_SESSION_TYPE': 'wayland', 'SHLVL': '1', 'LD_LIBRARY_PATH': '/opt/ros/jazzy/opt/rviz_ogre_vendor/lib:/opt/ros/jazzy/lib/aarch64-linux-gnu:/opt/ros/jazzy/opt/gz_math_vendor/lib:/opt/ros/jazzy/opt/gz_utils_vendor/lib:/opt/ros/jazzy/opt/gz_cmake_vendor/lib:/opt/ros/jazzy/lib', 'HOME': '/home/csanimatronics', 'OLDPWD': '/home/csanimatronics', 'DESKTOP_SESSION': 'ubuntu', 'ROS_PYTHON_VERSION': '3', 'GNOME_SHELL_SESSION_MODE': 'ubuntu', 'GTK_MODULES': 'gail:atk-bridge', 'SYSTEMD_EXEC_PID': '1641', 'GSM_SKIP_SSH_AGENT_WORKAROUND': 'true', 'DBUS_SESSION_BUS_ADDRESS': 'unix:path=/run/user/1002/bus', 'COLORTERM': 'truecolor', 'DEBUGINFOD_URLS': 'https://debuginfod.ubuntu.com', 'IM_CONFIG_PHASE': '1', 'WAYLAND_DISPLAY': 'wayland-0', 'ROS_DISTRO': 'jazzy', 'LOGNAME': 'csanimatronics', '_': '/usr/bin/colcon', 'ROS_VERSION': '2', 'MEMORY_PRESSURE_WATCH': '/sys/fs/cgroup/user.slice/user-1002.slice/user@1002.service/session.slice/org.gnome.Shell@wayland.service/memory.pressure', 'XDG_SESSION_CLASS': 'user', 'USERNAME': 'csanimatronics', 'TERM': 'xterm-256color', 'GNOME_DESKTOP_SESSION_ID': 'this-is-deprecated', 'PATH': '/opt/ros/jazzy/bin:/usr/local/sbin:/usr/local/bin:/usr/sbin:/usr/bin:/sbin:/bin:/usr/games:/usr/local/games:/snap/bin:/snap/bin', 'SESSION_MANAGER': 'local/csanimatronics-desktop:@/tmp/.ICE-unix/1612,unix/csanimatronics-desktop:/tmp/.ICE-unix/1612', 'XDG_MENU_PREFIX': 'gnome-', 'GNOME_TERMINAL_SCREEN': '/org/gnome/Terminal/screen/2db2f0e4_c9a9_49e6_96a7_b97ace714f34', 'GNOME_SETUP_DISPLAY': ':1', 'XDG_RUNTIME_DIR': '/run/user/1002', 'DISPLAY': ':0', 'LANG': 'C.UTF-8', 'XDG_CURRENT_DESKTOP': 'ubuntu:GNOME', 'XMODIFIERS': '@im=ibus', 'XDG_SESSION_DESKTOP': 'ubuntu', 'XAUTHORITY': '/run/user/1002/.mutter-Xwaylandauth.N7O212', 'LS_COLORS': 'rs=0:di=01;34:ln=01;36:mh=00:pi=40;33:so=01;35:do=01;35:bd=40;33;01:cd=40;33;01:or=40;31;01:mi=00:su=37;41:sg=30;43:ca=00:tw=30;42:ow=34;42:st=37;44:ex=01;32:*.tar=01;31:*.tgz=01;31:*.arc=01;31:*.arj=01;31:*.taz=01;31:*.lha=01;31:*.lz4=01;31:*.lzh=01;31:*.lzma=01;31:*.tlz=01;31:*.txz=01;31:*.tzo=01;31:*.t7z=01;31:*.zip=01;31:*.z=01;31:*.dz=01;31:*.gz=01;31:*.lrz=01;31:*.lz=01;31:*.lzo=01;31:*.xz=01;31:*.zst=01;31:*.tzst=01;31:*.bz2=01;31:*.bz=01;31:*.tbz=01;31:*.tbz2=01;31:*.tz=01;31:*.deb=01;31:*.rpm=01;31:*.jar=01;31:*.war=01;31:*.ear=01;31:*.sar=01;31:*.rar=01;31:*.alz=01;31:*.ace=01;31:*.zoo=01;31:*.cpio=01;31:*.7z=01;31:*.rz=01;31:*.cab=01;31:*.wim=01;31:*.swm=01;31:*.dwm=01;31:*.esd=01;31:*.avif=01;35:*.jpg=01;35:*.jpeg=01;35:*.mjpg=01;35:*.mjpeg=01;35:*.gif=01;35:*.bmp=01;35:*.pbm=01;35:*.pgm=01;35:*.ppm=01;35:*.tga=01;35:*.xbm=01;35:*.xpm=01;35:*.tif=01;35:*.tiff=01;35:*.png=01;35:*.svg=01;35:*.svgz=01;35:*.mng=01;35:*.pcx=01;35:*.mov=01;35:*.mpg=01;35:*.mpeg=01;35:*.m2v=01;35:*.mkv=01;35:*.webm=01;35:*.webp=01;35:*.ogm=01;35:*.mp4=01;35:*.m4v=01;35:*.mp4v=01;35:*.vob=01;35:*.qt=01;35:*.nuv=01;35:*.wmv=01;35:*.asf=01;35:*.rm=01;35:*.rmvb=01;35:*.flc=01;35:*.avi=01;35:*.fli=01;35:*.flv=01;35:*.gl=01;35:*.dl=01;35:*.xcf=01;35:*.xwd=01;35:*.yuv=01;35:*.cgm=01;35:*.emf=01;35:*.ogv=01;35:*.ogx=01;35:*.aac=00;36:*.au=00;36:*.flac=00;36:*.m4a=00;36:*.mid=00;36:*.midi=00;36:*.mka=00;36:*.mp3=00;36:*.mpc=00;36:*.ogg=00;36:*.ra=00;36:*.wav=00;36:*.oga=00;36:*.opus=00;36:*.spx=00;36:*.xspf=00;36:*~=00;90:*#=00;90:*.bak=00;90:*.crdownload=00;90:*.dpkg-dist=00;90:*.dpkg-new=00;90:*.dpkg-old=00;90:*.dpkg-tmp=00;90:*.old=00;90:*.orig=00;90:*.part=00;90:*.rej=00;90:*.rpmnew=00;90:*.rpmorig=00;90:*.rpmsave=00;90:*.swp=00;90:*.tmp=00;90:*.ucf-dist=00;90:*.ucf-new=00;90:*.ucf-old=00;90:', 'GNOME_TERMINAL_SERVICE': ':1.103', 'SSH_AUTH_SOCK': '/run/user/1002/keyring/ssh', 'AMENT_PREFIX_PATH': '/opt/ros/jazzy', 'SHELL': '/bin/bash', 'QT_ACCESSIBILITY': '1', 'GDMSESSION': 'ubuntu', 'LESSCLOSE': '/usr/bin/lesspipe %s %s', 'ROS_AUTOMATIC_DISCOVERY_RANGE': 'SUBNET', 'QT_IM_MODULE': 'ibus', 'PWD': '/home/csanimatronics/CS_Animatronics/build/controller_publisher', 'XDG_CONFIG_DIRS': '/etc/xdg/xdg-ubuntu:/etc/xdg', 'XDG_DATA_DIRS': '/usr/share/ubuntu:/usr/share/gnome:/usr/local/share/:/usr/share/:/var/lib/snapd/desktop', 'PYTHONPATH': '/home/csanimatronics/CS_Animatronics/build/controller_publisher/prefix_override:/usr/lib/python3/dist-packages/colcon_core/task/python/colcon_distutils_commands:/home/csanimatronics/CS_Animatronics/install/controller_publisher/lib/python3.12/site-packages:/opt/ros/jazzy/lib/python3.12/site-packages', 'COLCON': '1', 'MEMORY_PRESSURE_WRITE': 'c29tZSAyMDAwMDAgMjAwMDAwMAA=', 'VTE_VERSION': '7600', 'CMAKE_PREFIX_PATH': '/opt/ros/jazzy/opt/gz_math_vendor:/opt/ros/jazzy/opt/gz_utils_vendor:/opt/ros/jazzy/opt/gz_cmake_vendor'}, 'shell': False}
[2.536330] (-) TimerEvent: {}
[2.641338] (-) TimerEvent: {}
[2.687209] (dynamixel_sdk) StdoutLine: {'line': b'[ 50%] \x1b[32mBuilding CXX object CMakeFiles/dynamixel_sdk.dir/src/dynamixel_sdk/group_sync_write.cpp.o\x1b[0m\n'}
[2.741471] (-) TimerEvent: {}
[2.842015] (-) TimerEvent: {}
[2.876468] (dynamixel_sdk) StdoutLine: {'line': b'[ 60%] \x1b[32mBuilding CXX object CMakeFiles/dynamixel_sdk.dir/src/dynamixel_sdk/group_bulk_read.cpp.o\x1b[0m\n'}
[2.943212] (-) TimerEvent: {}
[3.043634] (-) TimerEvent: {}
[3.151158] (-) TimerEvent: {}
[3.251677] (-) TimerEvent: {}
[3.304241] (dynamixel_sdk) StdoutLine: {'line': b'[ 70%] \x1b[32mBuilding CXX object CMakeFiles/dynamixel_sdk.dir/src/dynamixel_sdk/group_bulk_write.cpp.o\x1b[0m\n'}
[3.355134] (-) TimerEvent: {}
[3.455575] (-) TimerEvent: {}
[3.556066] (-) TimerEvent: {}
[3.656548] (-) TimerEvent: {}
[3.712262] (dynamixel_sdk) StdoutLine: {'line': b'[ 80%] \x1b[32mBuilding CXX object CMakeFiles/dynamixel_sdk.dir/src/dynamixel_sdk/port_handler.cpp.o\x1b[0m\n'}
[3.756684] (-) TimerEvent: {}
[3.788991] (dynamixel_sdk) StdoutLine: {'line': b'[ 90%] \x1b[32mBuilding CXX object CMakeFiles/dynamixel_sdk.dir/src/dynamixel_sdk/port_handler_linux.cpp.o\x1b[0m\n'}
[3.856813] (-) TimerEvent: {}
[3.957213] (-) TimerEvent: {}
[4.057665] (-) TimerEvent: {}
[4.095812] (controller_publisher) StdoutLine: {'line': b'running egg_info\n'}
[4.096397] (controller_publisher) StdoutLine: {'line': b'creating ../../build/controller_publisher/controller_publisher.egg-info\n'}
[4.158892] (-) TimerEvent: {}
[4.196827] (controller_publisher) StdoutLine: {'line': b'writing ../../build/controller_publisher/controller_publisher.egg-info/PKG-INFO\n'}
[4.198123] (controller_publisher) StdoutLine: {'line': b'writing dependency_links to ../../build/controller_publisher/controller_publisher.egg-info/dependency_links.txt\n'}
[4.199849] (controller_publisher) StdoutLine: {'line': b'writing entry points to ../../build/controller_publisher/controller_publisher.egg-info/entry_points.txt\n'}
[4.200220] (controller_publisher) StdoutLine: {'line': b'writing requirements to ../../build/controller_publisher/controller_publisher.egg-info/requires.txt\n'}
[4.201415] (controller_publisher) StdoutLine: {'line': b'writing top-level names to ../../build/controller_publisher/controller_publisher.egg-info/top_level.txt\n'}
[4.201662] (controller_publisher) StdoutLine: {'line': b"writing manifest file '../../build/controller_publisher/controller_publisher.egg-info/SOURCES.txt'\n"}
[4.259666] (-) TimerEvent: {}
[4.326046] (controller_publisher) StdoutLine: {'line': b"reading manifest file '../../build/controller_publisher/controller_publisher.egg-info/SOURCES.txt'\n"}
[4.327637] (controller_publisher) StdoutLine: {'line': b"writing manifest file '../../build/controller_publisher/controller_publisher.egg-info/SOURCES.txt'\n"}
[4.333527] (controller_publisher) StdoutLine: {'line': b'running build\n'}
[4.337164] (controller_publisher) StdoutLine: {'line': b'running build_py\n'}
[4.337474] (controller_publisher) StdoutLine: {'line': b'creating /home/csanimatronics/CS_Animatronics/build/controller_publisher/build\n'}
[4.337605] (controller_publisher) StdoutLine: {'line': b'creating /home/csanimatronics/CS_Animatronics/build/controller_publisher/build/lib\n'}
[4.337720] (controller_publisher) StdoutLine: {'line': b'creating /home/csanimatronics/CS_Animatronics/build/controller_publisher/build/lib/controller_publisher\n'}
[4.337821] (controller_publisher) StdoutLine: {'line': b'copying controller_publisher/controller_publisher.py -> /home/csanimatronics/CS_Animatronics/build/controller_publisher/build/lib/controller_publisher\n'}
[4.337914] (controller_publisher) StdoutLine: {'line': b'copying controller_publisher/__init__.py -> /home/csanimatronics/CS_Animatronics/build/controller_publisher/build/lib/controller_publisher\n'}
[4.338017] (controller_publisher) StdoutLine: {'line': b'running install\n'}
[4.347000] (controller_publisher) StdoutLine: {'line': b'running install_lib\n'}
[4.359968] (-) TimerEvent: {}
[4.411861] (controller_publisher) StdoutLine: {'line': b'creating /home/csanimatronics/CS_Animatronics/install/controller_publisher/lib/python3.12/site-packages/controller_publisher\n'}
[4.412326] (motor_commands) StdoutLine: {'line': b'-- Found ament_cmake_ros: 0.12.0 (/opt/ros/jazzy/share/ament_cmake_ros/cmake)\n'}
[4.412610] (controller_publisher) StdoutLine: {'line': b'copying /home/csanimatronics/CS_Animatronics/build/controller_publisher/build/lib/controller_publisher/controller_publisher.py -> /home/csanimatronics/CS_Animatronics/install/controller_publisher/lib/python3.12/site-packages/controller_publisher\n'}
[4.412756] (controller_publisher) StdoutLine: {'line': b'copying /home/csanimatronics/CS_Animatronics/build/controller_publisher/build/lib/controller_publisher/__init__.py -> /home/csanimatronics/CS_Animatronics/install/controller_publisher/lib/python3.12/site-packages/controller_publisher\n'}
[4.421060] (controller_publisher) StdoutLine: {'line': b'byte-compiling /home/csanimatronics/CS_Animatronics/install/controller_publisher/lib/python3.12/site-packages/controller_publisher/controller_publisher.py to controller_publisher.cpython-312.pyc\n'}
[4.421392] (controller_publisher) StdoutLine: {'line': b'byte-compiling /home/csanimatronics/CS_Animatronics/install/controller_publisher/lib/python3.12/site-packages/controller_publisher/__init__.py to __init__.cpython-312.pyc\n'}
[4.421515] (controller_publisher) StdoutLine: {'line': b'running install_data\n'}
[4.421619] (controller_publisher) StdoutLine: {'line': b'creating /home/csanimatronics/CS_Animatronics/install/controller_publisher/share/ament_index\n'}
[4.421726] (controller_publisher) StdoutLine: {'line': b'creating /home/csanimatronics/CS_Animatronics/install/controller_publisher/share/ament_index/resource_index\n'}
[4.421832] (controller_publisher) StdoutLine: {'line': b'creating /home/csanimatronics/CS_Animatronics/install/controller_publisher/share/ament_index/resource_index/packages\n'}
[4.421948] (controller_publisher) StdoutLine: {'line': b'copying resource/controller_publisher -> /home/csanimatronics/CS_Animatronics/install/controller_publisher/share/ament_index/resource_index/packages\n'}
[4.422062] (controller_publisher) StdoutLine: {'line': b'copying package.xml -> /home/csanimatronics/CS_Animatronics/install/controller_publisher/share/controller_publisher\n'}
[4.422239] (controller_publisher) StdoutLine: {'line': b'running install_egg_info\n'}
[4.461126] (controller_publisher) StdoutLine: {'line': b'Copying ../../build/controller_publisher/controller_publisher.egg-info to /home/csanimatronics/CS_Animatronics/install/controller_publisher/lib/python3.12/site-packages/controller_publisher-0.0.0-py3.12.egg-info\n'}
[4.461475] (-) TimerEvent: {}
[4.464310] (controller_publisher) StdoutLine: {'line': b'running install_scripts\n'}
[4.538848] (dynamixel_sdk_custom_interfaces) StdoutLine: {'line': b'-- Found ament_cmake_ros: 0.12.0 (/opt/ros/jazzy/share/ament_cmake_ros/cmake)\n'}
[4.561612] (-) TimerEvent: {}
[4.662027] (-) TimerEvent: {}
[4.762470] (-) TimerEvent: {}
[4.857135] (controller_publisher) StdoutLine: {'line': b'Installing controller_publisher script to /home/csanimatronics/CS_Animatronics/install/controller_publisher/lib/controller_publisher\n'}
[4.861154] (controller_publisher) StdoutLine: {'line': b"writing list of installed files to '/home/csanimatronics/CS_Animatronics/build/controller_publisher/install.log'\n"}
[4.864214] (-) TimerEvent: {}
[4.886810] (dynamixel_sdk) StdoutLine: {'line': b'[100%] \x1b[32m\x1b[1mLinking CXX shared library libdynamixel_sdk.so\x1b[0m\n'}
[4.964351] (-) TimerEvent: {}
[5.019136] (controller_publisher) CommandEnded: {'returncode': 0}
[5.042496] (controller_publisher) JobEnded: {'identifier': 'controller_publisher', 'rc': 0}
[5.064475] (-) TimerEvent: {}
[5.131465] (dynamixel_sdk) StdoutLine: {'line': b'[100%] Built target dynamixel_sdk\n'}
[5.157408] (dynamixel_sdk) CommandEnded: {'returncode': 0}
[5.158427] (dynamixel_sdk) JobProgress: {'identifier': 'dynamixel_sdk', 'progress': 'install'}
[5.164635] (-) TimerEvent: {}
[5.186280] (dynamixel_sdk) Command: {'cmd': ['/usr/bin/cmake', '--install', '/home/csanimatronics/CS_Animatronics/build/dynamixel_sdk'], 'cwd': '/home/csanimatronics/CS_Animatronics/build/dynamixel_sdk', 'env': OrderedDict({'LESSOPEN': '| /usr/bin/lesspipe %s', 'USER': 'csanimatronics', 'XDG_SESSION_TYPE': 'wayland', 'SHLVL': '1', 'LD_LIBRARY_PATH': '/opt/ros/jazzy/opt/rviz_ogre_vendor/lib:/opt/ros/jazzy/lib/aarch64-linux-gnu:/opt/ros/jazzy/opt/gz_math_vendor/lib:/opt/ros/jazzy/opt/gz_utils_vendor/lib:/opt/ros/jazzy/opt/gz_cmake_vendor/lib:/opt/ros/jazzy/lib', 'HOME': '/home/csanimatronics', 'OLDPWD': '/home/csanimatronics', 'DESKTOP_SESSION': 'ubuntu', 'ROS_PYTHON_VERSION': '3', 'GNOME_SHELL_SESSION_MODE': 'ubuntu', 'GTK_MODULES': 'gail:atk-bridge', 'SYSTEMD_EXEC_PID': '1641', 'GSM_SKIP_SSH_AGENT_WORKAROUND': 'true', 'DBUS_SESSION_BUS_ADDRESS': 'unix:path=/run/user/1002/bus', 'COLORTERM': 'truecolor', 'DEBUGINFOD_URLS': 'https://debuginfod.ubuntu.com', 'IM_CONFIG_PHASE': '1', 'WAYLAND_DISPLAY': 'wayland-0', 'ROS_DISTRO': 'jazzy', 'LOGNAME': 'csanimatronics', '_': '/usr/bin/colcon', 'ROS_VERSION': '2', 'MEMORY_PRESSURE_WATCH': '/sys/fs/cgroup/user.slice/user-1002.slice/user@1002.service/session.slice/org.gnome.Shell@wayland.service/memory.pressure', 'XDG_SESSION_CLASS': 'user', 'USERNAME': 'csanimatronics', 'TERM': 'xterm-256color', 'GNOME_DESKTOP_SESSION_ID': 'this-is-deprecated', 'PATH': '/opt/ros/jazzy/bin:/usr/local/sbin:/usr/local/bin:/usr/sbin:/usr/bin:/sbin:/bin:/usr/games:/usr/local/games:/snap/bin:/snap/bin', 'SESSION_MANAGER': 'local/csanimatronics-desktop:@/tmp/.ICE-unix/1612,unix/csanimatronics-desktop:/tmp/.ICE-unix/1612', 'XDG_MENU_PREFIX': 'gnome-', 'GNOME_TERMINAL_SCREEN': '/org/gnome/Terminal/screen/2db2f0e4_c9a9_49e6_96a7_b97ace714f34', 'GNOME_SETUP_DISPLAY': ':1', 'XDG_RUNTIME_DIR': '/run/user/1002', 'DISPLAY': ':0', 'LANG': 'C.UTF-8', 'XDG_CURRENT_DESKTOP': 'ubuntu:GNOME', 'XMODIFIERS': '@im=ibus', 'XDG_SESSION_DESKTOP': 'ubuntu', 'XAUTHORITY': '/run/user/1002/.mutter-Xwaylandauth.N7O212', 'LS_COLORS': 'rs=0:di=01;34:ln=01;36:mh=00:pi=40;33:so=01;35:do=01;35:bd=40;33;01:cd=40;33;01:or=40;31;01:mi=00:su=37;41:sg=30;43:ca=00:tw=30;42:ow=34;42:st=37;44:ex=01;32:*.tar=01;31:*.tgz=01;31:*.arc=01;31:*.arj=01;31:*.taz=01;31:*.lha=01;31:*.lz4=01;31:*.lzh=01;31:*.lzma=01;31:*.tlz=01;31:*.txz=01;31:*.tzo=01;31:*.t7z=01;31:*.zip=01;31:*.z=01;31:*.dz=01;31:*.gz=01;31:*.lrz=01;31:*.lz=01;31:*.lzo=01;31:*.xz=01;31:*.zst=01;31:*.tzst=01;31:*.bz2=01;31:*.bz=01;31:*.tbz=01;31:*.tbz2=01;31:*.tz=01;31:*.deb=01;31:*.rpm=01;31:*.jar=01;31:*.war=01;31:*.ear=01;31:*.sar=01;31:*.rar=01;31:*.alz=01;31:*.ace=01;31:*.zoo=01;31:*.cpio=01;31:*.7z=01;31:*.rz=01;31:*.cab=01;31:*.wim=01;31:*.swm=01;31:*.dwm=01;31:*.esd=01;31:*.avif=01;35:*.jpg=01;35:*.jpeg=01;35:*.mjpg=01;35:*.mjpeg=01;35:*.gif=01;35:*.bmp=01;35:*.pbm=01;35:*.pgm=01;35:*.ppm=01;35:*.tga=01;35:*.xbm=01;35:*.xpm=01;35:*.tif=01;35:*.tiff=01;35:*.png=01;35:*.svg=01;35:*.svgz=01;35:*.mng=01;35:*.pcx=01;35:*.mov=01;35:*.mpg=01;35:*.mpeg=01;35:*.m2v=01;35:*.mkv=01;35:*.webm=01;35:*.webp=01;35:*.ogm=01;35:*.mp4=01;35:*.m4v=01;35:*.mp4v=01;35:*.vob=01;35:*.qt=01;35:*.nuv=01;35:*.wmv=01;35:*.asf=01;35:*.rm=01;35:*.rmvb=01;35:*.flc=01;35:*.avi=01;35:*.fli=01;35:*.flv=01;35:*.gl=01;35:*.dl=01;35:*.xcf=01;35:*.xwd=01;35:*.yuv=01;35:*.cgm=01;35:*.emf=01;35:*.ogv=01;35:*.ogx=01;35:*.aac=00;36:*.au=00;36:*.flac=00;36:*.m4a=00;36:*.mid=00;36:*.midi=00;36:*.mka=00;36:*.mp3=00;36:*.mpc=00;36:*.ogg=00;36:*.ra=00;36:*.wav=00;36:*.oga=00;36:*.opus=00;36:*.spx=00;36:*.xspf=00;36:*~=00;90:*#=00;90:*.bak=00;90:*.crdownload=00;90:*.dpkg-dist=00;90:*.dpkg-new=00;90:*.dpkg-old=00;90:*.dpkg-tmp=00;90:*.old=00;90:*.orig=00;90:*.part=00;90:*.rej=00;90:*.rpmnew=00;90:*.rpmorig=00;90:*.rpmsave=00;90:*.swp=00;90:*.tmp=00;90:*.ucf-dist=00;90:*.ucf-new=00;90:*.ucf-old=00;90:', 'GNOME_TERMINAL_SERVICE': ':1.103', 'SSH_AUTH_SOCK': '/run/user/1002/keyring/ssh', 'AMENT_PREFIX_PATH': '/opt/ros/jazzy', 'SHELL': '/bin/bash', 'QT_ACCESSIBILITY': '1', 'GDMSESSION': 'ubuntu', 'LESSCLOSE': '/usr/bin/lesspipe %s %s', 'ROS_AUTOMATIC_DISCOVERY_RANGE': 'SUBNET', 'QT_IM_MODULE': 'ibus', 'PWD': '/home/csanimatronics/CS_Animatronics/build/dynamixel_sdk', 'XDG_CONFIG_DIRS': '/etc/xdg/xdg-ubuntu:/etc/xdg', 'XDG_DATA_DIRS': '/usr/share/ubuntu:/usr/share/gnome:/usr/local/share/:/usr/share/:/var/lib/snapd/desktop', 'PYTHONPATH': '/opt/ros/jazzy/lib/python3.12/site-packages', 'COLCON': '1', 'MEMORY_PRESSURE_WRITE': 'c29tZSAyMDAwMDAgMjAwMDAwMAA=', 'VTE_VERSION': '7600', 'CMAKE_PREFIX_PATH': '/opt/ros/jazzy/opt/gz_math_vendor:/opt/ros/jazzy/opt/gz_utils_vendor:/opt/ros/jazzy/opt/gz_cmake_vendor:/opt/ros/jazzy'}), 'shell': False}
[5.209734] (dynamixel_sdk) StdoutLine: {'line': b'-- Install configuration: ""\n'}
[5.210195] (dynamixel_sdk) StdoutLine: {'line': b'-- Installing: /home/csanimatronics/CS_Animatronics/install/dynamixel_sdk/include/\n'}
[5.210353] (dynamixel_sdk) StdoutLine: {'line': b'-- Installing: /home/csanimatronics/CS_Animatronics/install/dynamixel_sdk/include//dynamixel_sdk\n'}
[5.210555] (dynamixel_sdk) StdoutLine: {'line': b'-- Installing: /home/csanimatronics/CS_Animatronics/install/dynamixel_sdk/include//dynamixel_sdk/port_handler.h\n'}
[5.210743] (dynamixel_sdk) StdoutLine: {'line': b'-- Installing: /home/csanimatronics/CS_Animatronics/install/dynamixel_sdk/include//dynamixel_sdk/protocol2_packet_handler.h\n'}
[5.210960] (dynamixel_sdk) StdoutLine: {'line': b'-- Installing: /home/csanimatronics/CS_Animatronics/install/dynamixel_sdk/include//dynamixel_sdk/group_sync_read.h\n'}
[5.211187] (dynamixel_sdk) StdoutLine: {'line': b'-- Installing: /home/csanimatronics/CS_Animatronics/install/dynamixel_sdk/include//dynamixel_sdk/port_handler_arduino.h\n'}
[5.211316] (dynamixel_sdk) StdoutLine: {'line': b'-- Installing: /home/csanimatronics/CS_Animatronics/install/dynamixel_sdk/include//dynamixel_sdk/dynamixel_sdk.h\n'}
[5.211450] (dynamixel_sdk) StdoutLine: {'line': b'-- Installing: /home/csanimatronics/CS_Animatronics/install/dynamixel_sdk/include//dynamixel_sdk/group_bulk_write.h\n'}
[5.211653] (dynamixel_sdk) StdoutLine: {'line': b'-- Installing: /home/csanimatronics/CS_Animatronics/install/dynamixel_sdk/include//dynamixel_sdk/port_handler_mac.h\n'}
[5.211795] (dynamixel_sdk) StdoutLine: {'line': b'-- Installing: /home/csanimatronics/CS_Animatronics/install/dynamixel_sdk/include//dynamixel_sdk/port_handler_windows.h\n'}
[5.211954] (dynamixel_sdk) StdoutLine: {'line': b'-- Installing: /home/csanimatronics/CS_Animatronics/install/dynamixel_sdk/include//dynamixel_sdk/packet_handler.h\n'}
[5.212127] (dynamixel_sdk) StdoutLine: {'line': b'-- Installing: /home/csanimatronics/CS_Animatronics/install/dynamixel_sdk/include//dynamixel_sdk/port_handler_linux.h\n'}
[5.212262] (dynamixel_sdk) StdoutLine: {'line': b'-- Installing: /home/csanimatronics/CS_Animatronics/install/dynamixel_sdk/include//dynamixel_sdk/group_sync_write.h\n'}
[5.212419] (dynamixel_sdk) StdoutLine: {'line': b'-- Installing: /home/csanimatronics/CS_Animatronics/install/dynamixel_sdk/include//dynamixel_sdk/protocol1_packet_handler.h\n'}
[5.212528] (dynamixel_sdk) StdoutLine: {'line': b'-- Installing: /home/csanimatronics/CS_Animatronics/install/dynamixel_sdk/include//dynamixel_sdk/group_bulk_read.h\n'}
[5.212819] (dynamixel_sdk) StdoutLine: {'line': b'-- Installing: /home/csanimatronics/CS_Animatronics/install/dynamixel_sdk/lib/libdynamixel_sdk.so\n'}
[5.213771] (dynamixel_sdk) StdoutLine: {'line': b'-- Installing: /home/csanimatronics/CS_Animatronics/install/dynamixel_sdk/share/dynamixel_sdk/environment/library_path.sh\n'}
[5.213984] (dynamixel_sdk) StdoutLine: {'line': b'-- Installing: /home/csanimatronics/CS_Animatronics/install/dynamixel_sdk/share/dynamixel_sdk/environment/library_path.dsv\n'}
[5.214335] (dynamixel_sdk) StdoutLine: {'line': b'-- Installing: /home/csanimatronics/CS_Animatronics/install/dynamixel_sdk/share/ament_index/resource_index/package_run_dependencies/dynamixel_sdk\n'}
[5.214595] (dynamixel_sdk) StdoutLine: {'line': b'-- Installing: /home/csanimatronics/CS_Animatronics/install/dynamixel_sdk/share/ament_index/resource_index/parent_prefix_path/dynamixel_sdk\n'}
[5.214834] (dynamixel_sdk) StdoutLine: {'line': b'-- Installing: /home/csanimatronics/CS_Animatronics/install/dynamixel_sdk/share/dynamixel_sdk/environment/ament_prefix_path.sh\n'}
[5.215041] (dynamixel_sdk) StdoutLine: {'line': b'-- Installing: /home/csanimatronics/CS_Animatronics/install/dynamixel_sdk/share/dynamixel_sdk/environment/ament_prefix_path.dsv\n'}
[5.215256] (dynamixel_sdk) StdoutLine: {'line': b'-- Installing: /home/csanimatronics/CS_Animatronics/install/dynamixel_sdk/share/dynamixel_sdk/environment/path.sh\n'}
[5.215456] (dynamixel_sdk) StdoutLine: {'line': b'-- Installing: /home/csanimatronics/CS_Animatronics/install/dynamixel_sdk/share/dynamixel_sdk/environment/path.dsv\n'}
[5.215695] (dynamixel_sdk) StdoutLine: {'line': b'-- Installing: /home/csanimatronics/CS_Animatronics/install/dynamixel_sdk/share/dynamixel_sdk/local_setup.bash\n'}
[5.215932] (dynamixel_sdk) StdoutLine: {'line': b'-- Installing: /home/csanimatronics/CS_Animatronics/install/dynamixel_sdk/share/dynamixel_sdk/local_setup.sh\n'}
[5.216168] (dynamixel_sdk) StdoutLine: {'line': b'-- Installing: /home/csanimatronics/CS_Animatronics/install/dynamixel_sdk/share/dynamixel_sdk/local_setup.zsh\n'}
[5.216383] (dynamixel_sdk) StdoutLine: {'line': b'-- Installing: /home/csanimatronics/CS_Animatronics/install/dynamixel_sdk/share/dynamixel_sdk/local_setup.dsv\n'}
[5.216589] (dynamixel_sdk) StdoutLine: {'line': b'-- Installing: /home/csanimatronics/CS_Animatronics/install/dynamixel_sdk/share/dynamixel_sdk/package.dsv\n'}
[5.216911] (dynamixel_sdk) StdoutLine: {'line': b'-- Installing: /home/csanimatronics/CS_Animatronics/install/dynamixel_sdk/share/ament_index/resource_index/packages/dynamixel_sdk\n'}
[5.217185] (dynamixel_sdk) StdoutLine: {'line': b'-- Installing: /home/csanimatronics/CS_Animatronics/install/dynamixel_sdk/share/dynamixel_sdk/cmake/ament_cmake_export_include_directories-extras.cmake\n'}
[5.217439] (dynamixel_sdk) StdoutLine: {'line': b'-- Installing: /home/csanimatronics/CS_Animatronics/install/dynamixel_sdk/share/dynamixel_sdk/cmake/ament_cmake_export_libraries-extras.cmake\n'}
[5.217703] (dynamixel_sdk) StdoutLine: {'line': b'-- Installing: /home/csanimatronics/CS_Animatronics/install/dynamixel_sdk/share/dynamixel_sdk/cmake/dynamixel_sdkConfig.cmake\n'}
[5.217907] (dynamixel_sdk) StdoutLine: {'line': b'-- Installing: /home/csanimatronics/CS_Animatronics/install/dynamixel_sdk/share/dynamixel_sdk/cmake/dynamixel_sdkConfig-version.cmake\n'}
[5.218167] (dynamixel_sdk) StdoutLine: {'line': b'-- Installing: /home/csanimatronics/CS_Animatronics/install/dynamixel_sdk/share/dynamixel_sdk/package.xml\n'}
[5.222304] (dynamixel_sdk) CommandEnded: {'returncode': 0}
[5.249120] (dynamixel_sdk) JobEnded: {'identifier': 'dynamixel_sdk', 'rc': 0}
[5.264810] (-) TimerEvent: {}
[5.365444] (-) TimerEvent: {}
[5.465865] (-) TimerEvent: {}
[5.566383] (-) TimerEvent: {}
[5.666769] (-) TimerEvent: {}
[5.767153] (-) TimerEvent: {}
[5.867537] (-) TimerEvent: {}
[5.967995] (-) TimerEvent: {}
[5.996146] (motor_commands) StdoutLine: {'line': b'-- Using all available rosidl_typesupport_c: rosidl_typesupport_fastrtps_c;rosidl_typesupport_introspection_c\n'}
[6.068132] (-) TimerEvent: {}
[6.087452] (dynamixel_sdk_custom_interfaces) StdoutLine: {'line': b'-- Using all available rosidl_typesupport_c: rosidl_typesupport_fastrtps_c;rosidl_typesupport_introspection_c\n'}
[6.168260] (-) TimerEvent: {}
[6.268720] (-) TimerEvent: {}
[6.369109] (-) TimerEvent: {}
[6.469536] (-) TimerEvent: {}
[6.513478] (motor_commands) StdoutLine: {'line': b'-- Using all available rosidl_typesupport_cpp: rosidl_typesupport_fastrtps_cpp;rosidl_typesupport_introspection_cpp\n'}
[6.517279] (motor_commands) StdoutLine: {'line': b'-- Found python_cmake_module: 0.11.1 (/opt/ros/jazzy/share/python_cmake_module/cmake)\n'}
[6.569676] (-) TimerEvent: {}
[6.605165] (dynamixel_sdk_custom_interfaces) StdoutLine: {'line': b'-- Using all available rosidl_typesupport_cpp: rosidl_typesupport_fastrtps_cpp;rosidl_typesupport_introspection_cpp\n'}
[6.609062] (dynamixel_sdk_custom_interfaces) StdoutLine: {'line': b'-- Found python_cmake_module: 0.11.1 (/opt/ros/jazzy/share/python_cmake_module/cmake)\n'}
[6.669783] (-) TimerEvent: {}
[6.770163] (-) TimerEvent: {}
[6.778161] (motor_commands) StdoutLine: {'line': b'-- Found PythonExtra: /usr/bin/python3  \n'}
[6.858944] (dynamixel_sdk_custom_interfaces) StdoutLine: {'line': b'-- Found PythonExtra: /usr/bin/python3  \n'}
[6.870315] (-) TimerEvent: {}
[6.971196] (-) TimerEvent: {}
[7.072787] (-) TimerEvent: {}
[7.174111] (-) TimerEvent: {}
[7.275104] (-) TimerEvent: {}
[7.375637] (-) TimerEvent: {}
[7.476012] (-) TimerEvent: {}
[7.576394] (-) TimerEvent: {}
[7.676865] (-) TimerEvent: {}
[7.777384] (-) TimerEvent: {}
[7.824266] (motor_commands) StdoutLine: {'line': b'-- Found Python3: /usr/bin/python3 (found version "3.12.3") found components: Interpreter Development NumPy Development.Module Development.Embed \n'}
[7.877500] (-) TimerEvent: {}
[7.896230] (motor_commands) StdoutLine: {'line': b'-- Configuring done (7.8s)\n'}
[7.913847] (dynamixel_sdk_custom_interfaces) StdoutLine: {'line': b'-- Found Python3: /usr/bin/python3 (found version "3.12.3") found components: Interpreter Development NumPy Development.Module Development.Embed \n'}
[7.953632] (motor_commands) StdoutLine: {'line': b'-- Generating done (0.0s)\n'}
[7.973318] (dynamixel_sdk_custom_interfaces) StdoutLine: {'line': b'-- Configuring done (7.9s)\n'}
[7.977563] (-) TimerEvent: {}
[8.022654] (motor_commands) StdoutLine: {'line': b'-- Build files have been written to: /home/csanimatronics/CS_Animatronics/build/motor_commands\n'}
[8.030756] (dynamixel_sdk_custom_interfaces) StdoutLine: {'line': b'-- Generating done (0.0s)\n'}
[8.037213] (motor_commands) CommandEnded: {'returncode': 0}
[8.037938] (motor_commands) JobProgress: {'identifier': 'motor_commands', 'progress': 'build'}
[8.038283] (motor_commands) Command: {'cmd': ['/usr/bin/cmake', '--build', '/home/csanimatronics/CS_Animatronics/build/motor_commands', '--', '-j4', '-l4'], 'cwd': '/home/csanimatronics/CS_Animatronics/build/motor_commands', 'env': OrderedDict({'LESSOPEN': '| /usr/bin/lesspipe %s', 'USER': 'csanimatronics', 'XDG_SESSION_TYPE': 'wayland', 'SHLVL': '1', 'LD_LIBRARY_PATH': '/opt/ros/jazzy/opt/rviz_ogre_vendor/lib:/opt/ros/jazzy/lib/aarch64-linux-gnu:/opt/ros/jazzy/opt/gz_math_vendor/lib:/opt/ros/jazzy/opt/gz_utils_vendor/lib:/opt/ros/jazzy/opt/gz_cmake_vendor/lib:/opt/ros/jazzy/lib', 'HOME': '/home/csanimatronics', 'OLDPWD': '/home/csanimatronics', 'DESKTOP_SESSION': 'ubuntu', 'ROS_PYTHON_VERSION': '3', 'GNOME_SHELL_SESSION_MODE': 'ubuntu', 'GTK_MODULES': 'gail:atk-bridge', 'SYSTEMD_EXEC_PID': '1641', 'GSM_SKIP_SSH_AGENT_WORKAROUND': 'true', 'DBUS_SESSION_BUS_ADDRESS': 'unix:path=/run/user/1002/bus', 'COLORTERM': 'truecolor', 'DEBUGINFOD_URLS': 'https://debuginfod.ubuntu.com', 'IM_CONFIG_PHASE': '1', 'WAYLAND_DISPLAY': 'wayland-0', 'ROS_DISTRO': 'jazzy', 'LOGNAME': 'csanimatronics', '_': '/usr/bin/colcon', 'ROS_VERSION': '2', 'MEMORY_PRESSURE_WATCH': '/sys/fs/cgroup/user.slice/user-1002.slice/user@1002.service/session.slice/org.gnome.Shell@wayland.service/memory.pressure', 'XDG_SESSION_CLASS': 'user', 'USERNAME': 'csanimatronics', 'TERM': 'xterm-256color', 'GNOME_DESKTOP_SESSION_ID': 'this-is-deprecated', 'PATH': '/opt/ros/jazzy/bin:/usr/local/sbin:/usr/local/bin:/usr/sbin:/usr/bin:/sbin:/bin:/usr/games:/usr/local/games:/snap/bin:/snap/bin', 'SESSION_MANAGER': 'local/csanimatronics-desktop:@/tmp/.ICE-unix/1612,unix/csanimatronics-desktop:/tmp/.ICE-unix/1612', 'XDG_MENU_PREFIX': 'gnome-', 'GNOME_TERMINAL_SCREEN': '/org/gnome/Terminal/screen/2db2f0e4_c9a9_49e6_96a7_b97ace714f34', 'GNOME_SETUP_DISPLAY': ':1', 'XDG_RUNTIME_DIR': '/run/user/1002', 'DISPLAY': ':0', 'LANG': 'C.UTF-8', 'XDG_CURRENT_DESKTOP': 'ubuntu:GNOME', 'XMODIFIERS': '@im=ibus', 'XDG_SESSION_DESKTOP': 'ubuntu', 'XAUTHORITY': '/run/user/1002/.mutter-Xwaylandauth.N7O212', 'LS_COLORS': 'rs=0:di=01;34:ln=01;36:mh=00:pi=40;33:so=01;35:do=01;35:bd=40;33;01:cd=40;33;01:or=40;31;01:mi=00:su=37;41:sg=30;43:ca=00:tw=30;42:ow=34;42:st=37;44:ex=01;32:*.tar=01;31:*.tgz=01;31:*.arc=01;31:*.arj=01;31:*.taz=01;31:*.lha=01;31:*.lz4=01;31:*.lzh=01;31:*.lzma=01;31:*.tlz=01;31:*.txz=01;31:*.tzo=01;31:*.t7z=01;31:*.zip=01;31:*.z=01;31:*.dz=01;31:*.gz=01;31:*.lrz=01;31:*.lz=01;31:*.lzo=01;31:*.xz=01;31:*.zst=01;31:*.tzst=01;31:*.bz2=01;31:*.bz=01;31:*.tbz=01;31:*.tbz2=01;31:*.tz=01;31:*.deb=01;31:*.rpm=01;31:*.jar=01;31:*.war=01;31:*.ear=01;31:*.sar=01;31:*.rar=01;31:*.alz=01;31:*.ace=01;31:*.zoo=01;31:*.cpio=01;31:*.7z=01;31:*.rz=01;31:*.cab=01;31:*.wim=01;31:*.swm=01;31:*.dwm=01;31:*.esd=01;31:*.avif=01;35:*.jpg=01;35:*.jpeg=01;35:*.mjpg=01;35:*.mjpeg=01;35:*.gif=01;35:*.bmp=01;35:*.pbm=01;35:*.pgm=01;35:*.ppm=01;35:*.tga=01;35:*.xbm=01;35:*.xpm=01;35:*.tif=01;35:*.tiff=01;35:*.png=01;35:*.svg=01;35:*.svgz=01;35:*.mng=01;35:*.pcx=01;35:*.mov=01;35:*.mpg=01;35:*.mpeg=01;35:*.m2v=01;35:*.mkv=01;35:*.webm=01;35:*.webp=01;35:*.ogm=01;35:*.mp4=01;35:*.m4v=01;35:*.mp4v=01;35:*.vob=01;35:*.qt=01;35:*.nuv=01;35:*.wmv=01;35:*.asf=01;35:*.rm=01;35:*.rmvb=01;35:*.flc=01;35:*.avi=01;35:*.fli=01;35:*.flv=01;35:*.gl=01;35:*.dl=01;35:*.xcf=01;35:*.xwd=01;35:*.yuv=01;35:*.cgm=01;35:*.emf=01;35:*.ogv=01;35:*.ogx=01;35:*.aac=00;36:*.au=00;36:*.flac=00;36:*.m4a=00;36:*.mid=00;36:*.midi=00;36:*.mka=00;36:*.mp3=00;36:*.mpc=00;36:*.ogg=00;36:*.ra=00;36:*.wav=00;36:*.oga=00;36:*.opus=00;36:*.spx=00;36:*.xspf=00;36:*~=00;90:*#=00;90:*.bak=00;90:*.crdownload=00;90:*.dpkg-dist=00;90:*.dpkg-new=00;90:*.dpkg-old=00;90:*.dpkg-tmp=00;90:*.old=00;90:*.orig=00;90:*.part=00;90:*.rej=00;90:*.rpmnew=00;90:*.rpmorig=00;90:*.rpmsave=00;90:*.swp=00;90:*.tmp=00;90:*.ucf-dist=00;90:*.ucf-new=00;90:*.ucf-old=00;90:', 'GNOME_TERMINAL_SERVICE': ':1.103', 'SSH_AUTH_SOCK': '/run/user/1002/keyring/ssh', 'AMENT_PREFIX_PATH': '/opt/ros/jazzy', 'SHELL': '/bin/bash', 'QT_ACCESSIBILITY': '1', 'GDMSESSION': 'ubuntu', 'LESSCLOSE': '/usr/bin/lesspipe %s %s', 'ROS_AUTOMATIC_DISCOVERY_RANGE': 'SUBNET', 'QT_IM_MODULE': 'ibus', 'PWD': '/home/csanimatronics/CS_Animatronics/build/motor_commands', 'XDG_CONFIG_DIRS': '/etc/xdg/xdg-ubuntu:/etc/xdg', 'XDG_DATA_DIRS': '/usr/share/ubuntu:/usr/share/gnome:/usr/local/share/:/usr/share/:/var/lib/snapd/desktop', 'PYTHONPATH': '/opt/ros/jazzy/lib/python3.12/site-packages', 'COLCON': '1', 'MEMORY_PRESSURE_WRITE': 'c29tZSAyMDAwMDAgMjAwMDAwMAA=', 'VTE_VERSION': '7600', 'CMAKE_PREFIX_PATH': '/opt/ros/jazzy/opt/gz_math_vendor:/opt/ros/jazzy/opt/gz_utils_vendor:/opt/ros/jazzy/opt/gz_cmake_vendor:/opt/ros/jazzy'}), 'shell': False}
[8.050477] (dynamixel_sdk_custom_interfaces) StdoutLine: {'line': b'-- Build files have been written to: /home/csanimatronics/CS_Animatronics/build/dynamixel_sdk_custom_interfaces\n'}
[8.066021] (dynamixel_sdk_custom_interfaces) CommandEnded: {'returncode': 0}
[8.066899] (dynamixel_sdk_custom_interfaces) JobProgress: {'identifier': 'dynamixel_sdk_custom_interfaces', 'progress': 'build'}
[8.067251] (dynamixel_sdk_custom_interfaces) Command: {'cmd': ['/usr/bin/cmake', '--build', '/home/csanimatronics/CS_Animatronics/build/dynamixel_sdk_custom_interfaces', '--', '-j4', '-l4'], 'cwd': '/home/csanimatronics/CS_Animatronics/build/dynamixel_sdk_custom_interfaces', 'env': OrderedDict({'LESSOPEN': '| /usr/bin/lesspipe %s', 'USER': 'csanimatronics', 'XDG_SESSION_TYPE': 'wayland', 'SHLVL': '1', 'LD_LIBRARY_PATH': '/opt/ros/jazzy/opt/rviz_ogre_vendor/lib:/opt/ros/jazzy/lib/aarch64-linux-gnu:/opt/ros/jazzy/opt/gz_math_vendor/lib:/opt/ros/jazzy/opt/gz_utils_vendor/lib:/opt/ros/jazzy/opt/gz_cmake_vendor/lib:/opt/ros/jazzy/lib', 'HOME': '/home/csanimatronics', 'OLDPWD': '/home/csanimatronics', 'DESKTOP_SESSION': 'ubuntu', 'ROS_PYTHON_VERSION': '3', 'GNOME_SHELL_SESSION_MODE': 'ubuntu', 'GTK_MODULES': 'gail:atk-bridge', 'SYSTEMD_EXEC_PID': '1641', 'GSM_SKIP_SSH_AGENT_WORKAROUND': 'true', 'DBUS_SESSION_BUS_ADDRESS': 'unix:path=/run/user/1002/bus', 'COLORTERM': 'truecolor', 'DEBUGINFOD_URLS': 'https://debuginfod.ubuntu.com', 'IM_CONFIG_PHASE': '1', 'WAYLAND_DISPLAY': 'wayland-0', 'ROS_DISTRO': 'jazzy', 'LOGNAME': 'csanimatronics', '_': '/usr/bin/colcon', 'ROS_VERSION': '2', 'MEMORY_PRESSURE_WATCH': '/sys/fs/cgroup/user.slice/user-1002.slice/user@1002.service/session.slice/org.gnome.Shell@wayland.service/memory.pressure', 'XDG_SESSION_CLASS': 'user', 'USERNAME': 'csanimatronics', 'TERM': 'xterm-256color', 'GNOME_DESKTOP_SESSION_ID': 'this-is-deprecated', 'PATH': '/opt/ros/jazzy/bin:/usr/local/sbin:/usr/local/bin:/usr/sbin:/usr/bin:/sbin:/bin:/usr/games:/usr/local/games:/snap/bin:/snap/bin', 'SESSION_MANAGER': 'local/csanimatronics-desktop:@/tmp/.ICE-unix/1612,unix/csanimatronics-desktop:/tmp/.ICE-unix/1612', 'XDG_MENU_PREFIX': 'gnome-', 'GNOME_TERMINAL_SCREEN': '/org/gnome/Terminal/screen/2db2f0e4_c9a9_49e6_96a7_b97ace714f34', 'GNOME_SETUP_DISPLAY': ':1', 'XDG_RUNTIME_DIR': '/run/user/1002', 'DISPLAY': ':0', 'LANG': 'C.UTF-8', 'XDG_CURRENT_DESKTOP': 'ubuntu:GNOME', 'XMODIFIERS': '@im=ibus', 'XDG_SESSION_DESKTOP': 'ubuntu', 'XAUTHORITY': '/run/user/1002/.mutter-Xwaylandauth.N7O212', 'LS_COLORS': 'rs=0:di=01;34:ln=01;36:mh=00:pi=40;33:so=01;35:do=01;35:bd=40;33;01:cd=40;33;01:or=40;31;01:mi=00:su=37;41:sg=30;43:ca=00:tw=30;42:ow=34;42:st=37;44:ex=01;32:*.tar=01;31:*.tgz=01;31:*.arc=01;31:*.arj=01;31:*.taz=01;31:*.lha=01;31:*.lz4=01;31:*.lzh=01;31:*.lzma=01;31:*.tlz=01;31:*.txz=01;31:*.tzo=01;31:*.t7z=01;31:*.zip=01;31:*.z=01;31:*.dz=01;31:*.gz=01;31:*.lrz=01;31:*.lz=01;31:*.lzo=01;31:*.xz=01;31:*.zst=01;31:*.tzst=01;31:*.bz2=01;31:*.bz=01;31:*.tbz=01;31:*.tbz2=01;31:*.tz=01;31:*.deb=01;31:*.rpm=01;31:*.jar=01;31:*.war=01;31:*.ear=01;31:*.sar=01;31:*.rar=01;31:*.alz=01;31:*.ace=01;31:*.zoo=01;31:*.cpio=01;31:*.7z=01;31:*.rz=01;31:*.cab=01;31:*.wim=01;31:*.swm=01;31:*.dwm=01;31:*.esd=01;31:*.avif=01;35:*.jpg=01;35:*.jpeg=01;35:*.mjpg=01;35:*.mjpeg=01;35:*.gif=01;35:*.bmp=01;35:*.pbm=01;35:*.pgm=01;35:*.ppm=01;35:*.tga=01;35:*.xbm=01;35:*.xpm=01;35:*.tif=01;35:*.tiff=01;35:*.png=01;35:*.svg=01;35:*.svgz=01;35:*.mng=01;35:*.pcx=01;35:*.mov=01;35:*.mpg=01;35:*.mpeg=01;35:*.m2v=01;35:*.mkv=01;35:*.webm=01;35:*.webp=01;35:*.ogm=01;35:*.mp4=01;35:*.m4v=01;35:*.mp4v=01;35:*.vob=01;35:*.qt=01;35:*.nuv=01;35:*.wmv=01;35:*.asf=01;35:*.rm=01;35:*.rmvb=01;35:*.flc=01;35:*.avi=01;35:*.fli=01;35:*.flv=01;35:*.gl=01;35:*.dl=01;35:*.xcf=01;35:*.xwd=01;35:*.yuv=01;35:*.cgm=01;35:*.emf=01;35:*.ogv=01;35:*.ogx=01;35:*.aac=00;36:*.au=00;36:*.flac=00;36:*.m4a=00;36:*.mid=00;36:*.midi=00;36:*.mka=00;36:*.mp3=00;36:*.mpc=00;36:*.ogg=00;36:*.ra=00;36:*.wav=00;36:*.oga=00;36:*.opus=00;36:*.spx=00;36:*.xspf=00;36:*~=00;90:*#=00;90:*.bak=00;90:*.crdownload=00;90:*.dpkg-dist=00;90:*.dpkg-new=00;90:*.dpkg-old=00;90:*.dpkg-tmp=00;90:*.old=00;90:*.orig=00;90:*.part=00;90:*.rej=00;90:*.rpmnew=00;90:*.rpmorig=00;90:*.rpmsave=00;90:*.swp=00;90:*.tmp=00;90:*.ucf-dist=00;90:*.ucf-new=00;90:*.ucf-old=00;90:', 'GNOME_TERMINAL_SERVICE': ':1.103', 'SSH_AUTH_SOCK': '/run/user/1002/keyring/ssh', 'AMENT_PREFIX_PATH': '/opt/ros/jazzy', 'SHELL': '/bin/bash', 'QT_ACCESSIBILITY': '1', 'GDMSESSION': 'ubuntu', 'LESSCLOSE': '/usr/bin/lesspipe %s %s', 'ROS_AUTOMATIC_DISCOVERY_RANGE': 'SUBNET', 'QT_IM_MODULE': 'ibus', 'PWD': '/home/csanimatronics/CS_Animatronics/build/dynamixel_sdk_custom_interfaces', 'XDG_CONFIG_DIRS': '/etc/xdg/xdg-ubuntu:/etc/xdg', 'XDG_DATA_DIRS': '/usr/share/ubuntu:/usr/share/gnome:/usr/local/share/:/usr/share/:/var/lib/snapd/desktop', 'PYTHONPATH': '/opt/ros/jazzy/lib/python3.12/site-packages', 'COLCON': '1', 'MEMORY_PRESSURE_WRITE': 'c29tZSAyMDAwMDAgMjAwMDAwMAA=', 'VTE_VERSION': '7600', 'CMAKE_PREFIX_PATH': '/opt/ros/jazzy/opt/gz_math_vendor:/opt/ros/jazzy/opt/gz_utils_vendor:/opt/ros/jazzy/opt/gz_cmake_vendor:/opt/ros/jazzy'}), 'shell': False}
[8.077701] (-) TimerEvent: {}
[8.140371] (motor_commands) StdoutLine: {'line': b'[  2%] \x1b[34m\x1b[1mGenerating type hashes for ROS interfaces\x1b[0m\n'}
[8.160017] (motor_commands) StdoutLine: {'line': b'[  2%] Built target ament_cmake_python_copy_motor_commands\n'}
[8.177839] (-) TimerEvent: {}
[8.183843] (dynamixel_sdk_custom_interfaces) StdoutLine: {'line': b'[  2%] \x1b[34m\x1b[1mGenerating type hashes for ROS interfaces\x1b[0m\n'}
[8.208242] (dynamixel_sdk_custom_interfaces) StdoutLine: {'line': b'[  2%] Built target ament_cmake_python_copy_dynamixel_sdk_custom_interfaces\n'}
[8.279230] (-) TimerEvent: {}
[8.379870] (-) TimerEvent: {}
[8.482113] (-) TimerEvent: {}
[8.582549] (-) TimerEvent: {}
[8.618645] (motor_commands) StdoutLine: {'line': b'running egg_info\n'}
[8.620697] (motor_commands) StdoutLine: {'line': b'creating motor_commands.egg-info\n'}
[8.660263] (motor_commands) StdoutLine: {'line': b'[  2%] Built target motor_commands__rosidl_generator_type_description\n'}
[8.669325] (motor_commands) StdoutLine: {'line': b'writing motor_commands.egg-info/PKG-INFO\n'}
[8.669627] (motor_commands) StdoutLine: {'line': b'writing dependency_links to motor_commands.egg-info/dependency_links.txt\n'}
[8.669740] (motor_commands) StdoutLine: {'line': b'writing top-level names to motor_commands.egg-info/top_level.txt\n'}
[8.669841] (motor_commands) StdoutLine: {'line': b"writing manifest file 'motor_commands.egg-info/SOURCES.txt'\n"}
[8.678246] (dynamixel_sdk_custom_interfaces) StdoutLine: {'line': b'running egg_info\n'}
[8.680327] (dynamixel_sdk_custom_interfaces) StdoutLine: {'line': b'creating dynamixel_sdk_custom_interfaces.egg-info\n'}
[8.683134] (-) TimerEvent: {}
[8.700844] (motor_commands) StdoutLine: {'line': b'[  4%] \x1b[34m\x1b[1mGenerating C code for ROS interfaces\x1b[0m\n'}
[8.732018] (dynamixel_sdk_custom_interfaces) StdoutLine: {'line': b'writing dynamixel_sdk_custom_interfaces.egg-info/PKG-INFO\n'}
[8.733064] (dynamixel_sdk_custom_interfaces) StdoutLine: {'line': b'writing dependency_links to dynamixel_sdk_custom_interfaces.egg-info/dependency_links.txt\n'}
[8.733479] (motor_commands) StdoutLine: {'line': b'[  6%] \x1b[34m\x1b[1mGenerating C++ code for ROS interfaces\x1b[0m\n'}
[8.734883] (dynamixel_sdk_custom_interfaces) StdoutLine: {'line': b'writing top-level names to dynamixel_sdk_custom_interfaces.egg-info/top_level.txt\n'}
[8.735267] (dynamixel_sdk_custom_interfaces) StdoutLine: {'line': b"writing manifest file 'dynamixel_sdk_custom_interfaces.egg-info/SOURCES.txt'\n"}
[8.767673] (dynamixel_sdk_custom_interfaces) StdoutLine: {'line': b'[  2%] Built target dynamixel_sdk_custom_interfaces__rosidl_generator_type_description\n'}
[8.785111] (-) TimerEvent: {}
[8.799752] (motor_commands) StdoutLine: {'line': b"reading manifest file 'motor_commands.egg-info/SOURCES.txt'\n"}
[8.804281] (motor_commands) StdoutLine: {'line': b"writing manifest file 'motor_commands.egg-info/SOURCES.txt'\n"}
[8.822265] (dynamixel_sdk_custom_interfaces) StdoutLine: {'line': b'[  4%] \x1b[34m\x1b[1mGenerating C code for ROS interfaces\x1b[0m\n'}
[8.878166] (dynamixel_sdk_custom_interfaces) StdoutLine: {'line': b'[  6%] \x1b[34m\x1b[1mGenerating C++ code for ROS interfaces\x1b[0m\n'}
[8.888150] (-) TimerEvent: {}
[8.932486] (dynamixel_sdk_custom_interfaces) StdoutLine: {'line': b"reading manifest file 'dynamixel_sdk_custom_interfaces.egg-info/SOURCES.txt'\n"}
[8.937250] (dynamixel_sdk_custom_interfaces) StdoutLine: {'line': b"writing manifest file 'dynamixel_sdk_custom_interfaces.egg-info/SOURCES.txt'\n"}
[8.976194] (motor_commands) StdoutLine: {'line': b'[  6%] Built target ament_cmake_python_build_motor_commands_egg\n'}
[8.988296] (-) TimerEvent: {}
[9.081192] (dynamixel_sdk_custom_interfaces) StdoutLine: {'line': b'[  6%] Built target ament_cmake_python_build_dynamixel_sdk_custom_interfaces_egg\n'}
[9.088409] (-) TimerEvent: {}
[9.188810] (-) TimerEvent: {}
[9.289221] (-) TimerEvent: {}
[9.389594] (-) TimerEvent: {}
[9.490054] (-) TimerEvent: {}
[9.590534] (-) TimerEvent: {}
[9.692163] (-) TimerEvent: {}
[9.695506] (motor_commands) StdoutLine: {'line': b'[  6%] Built target motor_commands__cpp\n'}
[9.788923] (motor_commands) StdoutLine: {'line': b'[ 11%] \x1b[32mBuilding C object CMakeFiles/motor_commands__rosidl_generator_c.dir/rosidl_generator_c/motor_commands/msg/detail/id_angle__functions.c.o\x1b[0m\n'}
[9.789368] (motor_commands) StdoutLine: {'line': b'[ 11%] \x1b[32mBuilding C object CMakeFiles/motor_commands__rosidl_generator_c.dir/rosidl_generator_c/motor_commands/msg/detail/id_angle__description.c.o\x1b[0m\n'}
[9.792489] (motor_commands) StdoutLine: {'line': b'[ 13%] \x1b[32mBuilding C object CMakeFiles/motor_commands__rosidl_generator_c.dir/rosidl_generator_c/motor_commands/msg/detail/id_angle__type_support.c.o\x1b[0m\n'}
[9.793095] (-) TimerEvent: {}
[9.798764] (dynamixel_sdk_custom_interfaces) StdoutLine: {'line': b'[  6%] Built target dynamixel_sdk_custom_interfaces__cpp\n'}
[9.813394] (motor_commands) StdoutLine: {'line': b'[ 15%] \x1b[32mBuilding C object CMakeFiles/motor_commands__rosidl_generator_c.dir/rosidl_generator_c/motor_commands/srv/detail/get_motor_states__description.c.o\x1b[0m\n'}
[9.893208] (-) TimerEvent: {}
[9.930543] (motor_commands) StdoutLine: {'line': b'[ 18%] \x1b[32mBuilding C object CMakeFiles/motor_commands__rosidl_generator_c.dir/rosidl_generator_c/motor_commands/srv/detail/get_motor_states__functions.c.o\x1b[0m\n'}
[9.960444] (motor_commands) StdoutLine: {'line': b'[ 20%] \x1b[32mBuilding C object CMakeFiles/motor_commands__rosidl_generator_c.dir/rosidl_generator_c/motor_commands/srv/detail/get_motor_states__type_support.c.o\x1b[0m\n'}
[9.986280] (dynamixel_sdk_custom_interfaces) StdoutLine: {'line': b'[ 11%] \x1b[32mBuilding C object CMakeFiles/dynamixel_sdk_custom_interfaces__rosidl_generator_c.dir/rosidl_generator_c/dynamixel_sdk_custom_interfaces/srv/detail/get_position__description.c.o\x1b[0m\n'}
[9.987207] (dynamixel_sdk_custom_interfaces) StdoutLine: {'line': b'[ 11%] \x1b[32mBuilding C object CMakeFiles/dynamixel_sdk_custom_interfaces__rosidl_generator_c.dir/rosidl_generator_c/dynamixel_sdk_custom_interfaces/msg/detail/set_position__description.c.o\x1b[0m\n'}
[9.993373] (-) TimerEvent: {}
[10.000336] (dynamixel_sdk_custom_interfaces) StdoutLine: {'line': b'[ 13%] \x1b[32mBuilding C object CMakeFiles/dynamixel_sdk_custom_interfaces__rosidl_generator_c.dir/rosidl_generator_c/dynamixel_sdk_custom_interfaces/msg/detail/set_position__type_support.c.o\x1b[0m\n'}
[10.001199] (dynamixel_sdk_custom_interfaces) StdoutLine: {'line': b'[ 15%] \x1b[32mBuilding C object CMakeFiles/dynamixel_sdk_custom_interfaces__rosidl_generator_c.dir/rosidl_generator_c/dynamixel_sdk_custom_interfaces/msg/detail/set_position__functions.c.o\x1b[0m\n'}
[10.094375] (-) TimerEvent: {}
[10.137550] (dynamixel_sdk_custom_interfaces) StdoutLine: {'line': b'[ 18%] \x1b[32mBuilding C object CMakeFiles/dynamixel_sdk_custom_interfaces__rosidl_generator_c.dir/rosidl_generator_c/dynamixel_sdk_custom_interfaces/srv/detail/get_position__functions.c.o\x1b[0m\n'}
[10.168650] (dynamixel_sdk_custom_interfaces) StdoutLine: {'line': b'[ 20%] \x1b[32mBuilding C object CMakeFiles/dynamixel_sdk_custom_interfaces__rosidl_generator_c.dir/rosidl_generator_c/dynamixel_sdk_custom_interfaces/srv/detail/get_position__type_support.c.o\x1b[0m\n'}
[10.194458] (-) TimerEvent: {}
[10.196835] (motor_commands) StdoutLine: {'line': b'[ 22%] \x1b[32m\x1b[1mLinking C shared library libmotor_commands__rosidl_generator_c.so\x1b[0m\n'}
[10.281423] (motor_commands) StdoutLine: {'line': b'[ 22%] Built target motor_commands__rosidl_generator_c\n'}
[10.292172] (dynamixel_sdk_custom_interfaces) StdoutLine: {'line': b'[ 22%] \x1b[32m\x1b[1mLinking C shared library libdynamixel_sdk_custom_interfaces__rosidl_generator_c.so\x1b[0m\n'}
[10.294593] (-) TimerEvent: {}
[10.310299] (motor_commands) StdoutLine: {'line': b'[ 25%] \x1b[34m\x1b[1mGenerating C++ type support for eProsima Fast-RTPS\x1b[0m\n'}
[10.311020] (motor_commands) StdoutLine: {'line': b'[ 27%] \x1b[34m\x1b[1mGenerating C type support dispatch for ROS interfaces\x1b[0m\n'}
[10.321220] (motor_commands) StdoutLine: {'line': b'[ 29%] \x1b[34m\x1b[1mGenerating C++ introspection for ROS interfaces\x1b[0m\n'}
[10.325157] (motor_commands) StdoutLine: {'line': b'[ 31%] \x1b[34m\x1b[1mGenerating C introspection for ROS interfaces\x1b[0m\n'}
[10.397157] (-) TimerEvent: {}
[10.497613] (-) TimerEvent: {}
[10.498107] (dynamixel_sdk_custom_interfaces) StdoutLine: {'line': b'[ 22%] Built target dynamixel_sdk_custom_interfaces__rosidl_generator_c\n'}
[10.571198] (dynamixel_sdk_custom_interfaces) StdoutLine: {'line': b'[ 25%] \x1b[34m\x1b[1mGenerating C type support dispatch for ROS interfaces\x1b[0m\n'}
[10.581209] (dynamixel_sdk_custom_interfaces) StdoutLine: {'line': b'[ 29%] \x1b[34m\x1b[1mGenerating C++ introspection for ROS interfaces\x1b[0m\n'}
[10.581510] (dynamixel_sdk_custom_interfaces) StdoutLine: {'line': b'[ 29%] \x1b[34m\x1b[1mGenerating C++ type support dispatch for ROS interfaces\x1b[0m\n'}
[10.600145] (dynamixel_sdk_custom_interfaces) StdoutLine: {'line': b'[ 31%] \x1b[34m\x1b[1mGenerating C introspection for ROS interfaces\x1b[0m\n'}
[10.600546] (-) TimerEvent: {}
[10.704138] (-) TimerEvent: {}
[10.806144] (-) TimerEvent: {}
[10.906588] (-) TimerEvent: {}
[11.006996] (-) TimerEvent: {}
[11.109100] (-) TimerEvent: {}
[11.209473] (-) TimerEvent: {}
[11.309962] (-) TimerEvent: {}
[11.353681] (motor_commands) StdoutLine: {'line': b'[ 34%] \x1b[32mBuilding CXX object CMakeFiles/motor_commands__rosidl_typesupport_c.dir/rosidl_typesupport_c/motor_commands/msg/id_angle__type_support.cpp.o\x1b[0m\n'}
[11.412147] (-) TimerEvent: {}
[11.515172] (-) TimerEvent: {}
[11.568219] (motor_commands) StdoutLine: {'line': b'[ 36%] \x1b[32mBuilding CXX object CMakeFiles/motor_commands__rosidl_typesupport_c.dir/rosidl_typesupport_c/motor_commands/srv/get_motor_states__type_support.cpp.o\x1b[0m\n'}
[11.568644] (motor_commands) StdoutLine: {'line': b'[ 38%] \x1b[32mBuilding CXX object CMakeFiles/motor_commands__rosidl_typesupport_fastrtps_cpp.dir/rosidl_typesupport_fastrtps_cpp/motor_commands/msg/detail/dds_fastrtps/id_angle__type_support.cpp.o\x1b[0m\n'}
[11.615314] (-) TimerEvent: {}
[11.618105] (motor_commands) StdoutLine: {'line': b'[ 40%] \x1b[32mBuilding CXX object CMakeFiles/motor_commands__rosidl_typesupport_introspection_cpp.dir/rosidl_typesupport_introspection_cpp/motor_commands/msg/detail/id_angle__type_support.cpp.o\x1b[0m\n'}
[11.715499] (-) TimerEvent: {}
[11.740390] (dynamixel_sdk_custom_interfaces) StdoutLine: {'line': b'[ 34%] \x1b[32mBuilding CXX object CMakeFiles/dynamixel_sdk_custom_interfaces__rosidl_typesupport_c.dir/rosidl_typesupport_c/dynamixel_sdk_custom_interfaces/msg/set_position__type_support.cpp.o\x1b[0m\n'}
[11.815674] (-) TimerEvent: {}
[11.821955] (motor_commands) StdoutLine: {'line': b'[ 43%] \x1b[32mBuilding C object CMakeFiles/motor_commands__rosidl_typesupport_introspection_c.dir/rosidl_typesupport_introspection_c/motor_commands/msg/detail/id_angle__type_support.c.o\x1b[0m\n'}
[11.849203] (motor_commands) StdoutLine: {'line': b'[ 45%] \x1b[32m\x1b[1mLinking CXX shared library libmotor_commands__rosidl_typesupport_c.so\x1b[0m\n'}
[11.919693] (-) TimerEvent: {}
[12.010708] (dynamixel_sdk_custom_interfaces) StdoutLine: {'line': b'[ 36%] \x1b[32mBuilding CXX object CMakeFiles/dynamixel_sdk_custom_interfaces__rosidl_typesupport_c.dir/rosidl_typesupport_c/dynamixel_sdk_custom_interfaces/srv/get_position__type_support.cpp.o\x1b[0m\n'}
[12.019900] (-) TimerEvent: {}
[12.023678] (dynamixel_sdk_custom_interfaces) StdoutLine: {'line': b'[ 38%] \x1b[32mBuilding CXX object CMakeFiles/dynamixel_sdk_custom_interfaces__rosidl_typesupport_cpp.dir/rosidl_typesupport_cpp/dynamixel_sdk_custom_interfaces/msg/set_position__type_support.cpp.o\x1b[0m\n'}
[12.053169] (motor_commands) StdoutLine: {'line': b'[ 47%] \x1b[32mBuilding C object CMakeFiles/motor_commands__rosidl_typesupport_introspection_c.dir/rosidl_typesupport_introspection_c/motor_commands/srv/detail/get_motor_states__type_support.c.o\x1b[0m\n'}
[12.084755] (motor_commands) StdoutLine: {'line': b'[ 47%] Built target motor_commands__rosidl_typesupport_c\n'}
[12.120075] (-) TimerEvent: {}
[12.134598] (motor_commands) StdoutLine: {'line': b'[ 50%] \x1b[34m\x1b[1mGenerating C++ type support dispatch for ROS interfaces\x1b[0m\n'}
[12.158161] (dynamixel_sdk_custom_interfaces) StdoutLine: {'line': b'[ 40%] \x1b[32mBuilding C object CMakeFiles/dynamixel_sdk_custom_interfaces__rosidl_typesupport_introspection_c.dir/rosidl_typesupport_introspection_c/dynamixel_sdk_custom_interfaces/msg/detail/set_position__type_support.c.o\x1b[0m\n'}
[12.195265] (dynamixel_sdk_custom_interfaces) StdoutLine: {'line': b'[ 43%] \x1b[32m\x1b[1mLinking CXX shared library libdynamixel_sdk_custom_interfaces__rosidl_typesupport_c.so\x1b[0m\n'}
[12.224175] (-) TimerEvent: {}
[12.229552] (dynamixel_sdk_custom_interfaces) StdoutLine: {'line': b'[ 45%] \x1b[32mBuilding CXX object CMakeFiles/dynamixel_sdk_custom_interfaces__rosidl_typesupport_introspection_cpp.dir/rosidl_typesupport_introspection_cpp/dynamixel_sdk_custom_interfaces/msg/detail/set_position__type_support.cpp.o\x1b[0m\n'}
[12.324320] (-) TimerEvent: {}
[12.358976] (dynamixel_sdk_custom_interfaces) StdoutLine: {'line': b'[ 47%] \x1b[32mBuilding C object CMakeFiles/dynamixel_sdk_custom_interfaces__rosidl_typesupport_introspection_c.dir/rosidl_typesupport_introspection_c/dynamixel_sdk_custom_interfaces/srv/detail/get_position__type_support.c.o\x1b[0m\n'}
[12.402380] (motor_commands) StdoutLine: {'line': b'[ 52%] \x1b[32m\x1b[1mLinking C shared library libmotor_commands__rosidl_typesupport_introspection_c.so\x1b[0m\n'}
[12.427167] (dynamixel_sdk_custom_interfaces) StdoutLine: {'line': b'[ 47%] Built target dynamixel_sdk_custom_interfaces__rosidl_typesupport_c\n'}
[12.427706] (-) TimerEvent: {}
[12.475263] (dynamixel_sdk_custom_interfaces) StdoutLine: {'line': b'[ 50%] \x1b[34m\x1b[1mGenerating C type support for eProsima Fast-RTPS\x1b[0m\n'}
[12.527851] (-) TimerEvent: {}
[12.574340] (motor_commands) StdoutLine: {'line': b'[ 52%] Built target motor_commands__rosidl_typesupport_introspection_c\n'}
[12.618804] (motor_commands) StdoutLine: {'line': b'[ 54%] \x1b[32mBuilding CXX object CMakeFiles/motor_commands__rosidl_typesupport_fastrtps_cpp.dir/rosidl_typesupport_fastrtps_cpp/motor_commands/srv/detail/dds_fastrtps/get_motor_states__type_support.cpp.o\x1b[0m\n'}
[12.628147] (-) TimerEvent: {}
[12.640227] (dynamixel_sdk_custom_interfaces) StdoutLine: {'line': b'[ 52%] \x1b[32m\x1b[1mLinking C shared library libdynamixel_sdk_custom_interfaces__rosidl_typesupport_introspection_c.so\x1b[0m\n'}
[12.731161] (-) TimerEvent: {}
[12.810780] (dynamixel_sdk_custom_interfaces) StdoutLine: {'line': b'[ 52%] Built target dynamixel_sdk_custom_interfaces__rosidl_typesupport_introspection_c\n'}
[12.831315] (-) TimerEvent: {}
[12.867176] (dynamixel_sdk_custom_interfaces) StdoutLine: {'line': b'[ 54%] \x1b[32mBuilding CXX object CMakeFiles/dynamixel_sdk_custom_interfaces__rosidl_typesupport_introspection_cpp.dir/rosidl_typesupport_introspection_cpp/dynamixel_sdk_custom_interfaces/srv/detail/get_position__type_support.cpp.o\x1b[0m\n'}
[12.931442] (-) TimerEvent: {}
[13.034146] (-) TimerEvent: {}
[13.136142] (-) TimerEvent: {}
[13.234216] (motor_commands) StdoutLine: {'line': b'[ 56%] \x1b[32mBuilding CXX object CMakeFiles/motor_commands__rosidl_typesupport_introspection_cpp.dir/rosidl_typesupport_introspection_cpp/motor_commands/srv/detail/get_motor_states__type_support.cpp.o\x1b[0m\n'}
[13.236274] (-) TimerEvent: {}
[13.336764] (-) TimerEvent: {}
[13.436216] (dynamixel_sdk_custom_interfaces) StdoutLine: {'line': b'[ 56%] \x1b[32mBuilding CXX object CMakeFiles/dynamixel_sdk_custom_interfaces__rosidl_typesupport_cpp.dir/rosidl_typesupport_cpp/dynamixel_sdk_custom_interfaces/srv/get_position__type_support.cpp.o\x1b[0m\n'}
[13.436859] (-) TimerEvent: {}
[13.542177] (-) TimerEvent: {}
[13.642736] (-) TimerEvent: {}
[13.745144] (-) TimerEvent: {}
[13.756981] (motor_commands) StdoutLine: {'line': b'[ 59%] \x1b[32mBuilding CXX object CMakeFiles/motor_commands__rosidl_typesupport_cpp.dir/rosidl_typesupport_cpp/motor_commands/msg/id_angle__type_support.cpp.o\x1b[0m\n'}
[13.845275] (-) TimerEvent: {}
[13.947628] (-) TimerEvent: {}
[14.048618] (-) TimerEvent: {}
[14.105310] (motor_commands) StdoutLine: {'line': b'[ 61%] \x1b[34m\x1b[1mGenerating C type support for eProsima Fast-RTPS\x1b[0m\n'}
[14.115115] (dynamixel_sdk_custom_interfaces) StdoutLine: {'line': b'[ 59%] \x1b[34m\x1b[1mGenerating C++ type support for eProsima Fast-RTPS\x1b[0m\n'}
[14.148760] (-) TimerEvent: {}
[14.249309] (-) TimerEvent: {}
[14.353344] (-) TimerEvent: {}
[14.453785] (-) TimerEvent: {}
[14.554278] (-) TimerEvent: {}
[14.654777] (-) TimerEvent: {}
[14.756309] (-) TimerEvent: {}
[14.838943] (dynamixel_sdk_custom_interfaces) StdoutLine: {'line': b'[ 61%] \x1b[32mBuilding CXX object CMakeFiles/dynamixel_sdk_custom_interfaces__rosidl_typesupport_fastrtps_c.dir/rosidl_typesupport_fastrtps_c/dynamixel_sdk_custom_interfaces/msg/detail/set_position__type_support_c.cpp.o\x1b[0m\n'}
[14.856459] (-) TimerEvent: {}
[14.910177] (dynamixel_sdk_custom_interfaces) StdoutLine: {'line': b'[ 63%] \x1b[32m\x1b[1mLinking CXX shared library libdynamixel_sdk_custom_interfaces__rosidl_typesupport_introspection_cpp.so\x1b[0m\n'}
[14.956588] (-) TimerEvent: {}
[15.059140] (-) TimerEvent: {}
[15.159630] (-) TimerEvent: {}
[15.226267] (dynamixel_sdk_custom_interfaces) StdoutLine: {'line': b'[ 63%] Built target dynamixel_sdk_custom_interfaces__rosidl_typesupport_introspection_cpp\n'}
[15.259781] (-) TimerEvent: {}
[15.279333] (dynamixel_sdk_custom_interfaces) StdoutLine: {'line': b'[ 65%] \x1b[32mBuilding CXX object CMakeFiles/dynamixel_sdk_custom_interfaces__rosidl_typesupport_fastrtps_c.dir/rosidl_typesupport_fastrtps_c/dynamixel_sdk_custom_interfaces/srv/detail/get_position__type_support_c.cpp.o\x1b[0m\n'}
[15.352785] (dynamixel_sdk_custom_interfaces) StdoutLine: {'line': b'[ 68%] \x1b[32m\x1b[1mLinking CXX shared library libdynamixel_sdk_custom_interfaces__rosidl_typesupport_cpp.so\x1b[0m\n'}
[15.359902] (-) TimerEvent: {}
[15.399490] (motor_commands) StdoutLine: {'line': b'[ 63%] \x1b[32m\x1b[1mLinking CXX shared library libmotor_commands__rosidl_typesupport_fastrtps_cpp.so\x1b[0m\n'}
[15.461158] (-) TimerEvent: {}
[15.563155] (-) TimerEvent: {}
[15.650913] (dynamixel_sdk_custom_interfaces) StdoutLine: {'line': b'[ 68%] Built target dynamixel_sdk_custom_interfaces__rosidl_typesupport_cpp\n'}
[15.663279] (-) TimerEvent: {}
[15.763731] (-) TimerEvent: {}
[15.866119] (-) TimerEvent: {}
[15.916206] (motor_commands) StdoutLine: {'line': b'[ 63%] Built target motor_commands__rosidl_typesupport_fastrtps_cpp\n'}
[15.936199] (motor_commands) StdoutLine: {'line': b'[ 65%] \x1b[32mBuilding CXX object CMakeFiles/motor_commands__rosidl_typesupport_cpp.dir/rosidl_typesupport_cpp/motor_commands/srv/get_motor_states__type_support.cpp.o\x1b[0m\n'}
[15.948693] (motor_commands) StdoutLine: {'line': b'[ 68%] \x1b[32mBuilding CXX object CMakeFiles/motor_commands__rosidl_typesupport_fastrtps_c.dir/rosidl_typesupport_fastrtps_c/motor_commands/msg/detail/id_angle__type_support_c.cpp.o\x1b[0m\n'}
[15.956248] (motor_commands) StdoutLine: {'line': b'[ 70%] \x1b[32mBuilding CXX object CMakeFiles/motor_commands__rosidl_typesupport_fastrtps_c.dir/rosidl_typesupport_fastrtps_c/motor_commands/srv/detail/get_motor_states__type_support_c.cpp.o\x1b[0m\n'}
[15.966286] (-) TimerEvent: {}
[16.021132] (dynamixel_sdk_custom_interfaces) StdoutLine: {'line': b'[ 70%] \x1b[32mBuilding CXX object CMakeFiles/dynamixel_sdk_custom_interfaces__rosidl_typesupport_fastrtps_cpp.dir/rosidl_typesupport_fastrtps_cpp/dynamixel_sdk_custom_interfaces/msg/detail/dds_fastrtps/set_position__type_support.cpp.o\x1b[0m\n'}
[16.021488] (dynamixel_sdk_custom_interfaces) StdoutLine: {'line': b'[ 72%] \x1b[32mBuilding CXX object CMakeFiles/dynamixel_sdk_custom_interfaces__rosidl_typesupport_fastrtps_cpp.dir/rosidl_typesupport_fastrtps_cpp/dynamixel_sdk_custom_interfaces/srv/detail/dds_fastrtps/get_position__type_support.cpp.o\x1b[0m\n'}
[16.027521] (motor_commands) StdoutLine: {'line': b'[ 72%] \x1b[32m\x1b[1mLinking CXX shared library libmotor_commands__rosidl_typesupport_introspection_cpp.so\x1b[0m\n'}
[16.069490] (-) TimerEvent: {}
[16.171190] (-) TimerEvent: {}
[16.271782] (-) TimerEvent: {}
[16.377170] (-) TimerEvent: {}
[16.468251] (motor_commands) StdoutLine: {'line': b'[ 72%] Built target motor_commands__rosidl_typesupport_introspection_cpp\n'}
[16.477308] (-) TimerEvent: {}
[16.577787] (-) TimerEvent: {}
[16.681416] (-) TimerEvent: {}
[16.781923] (-) TimerEvent: {}
[16.882426] (-) TimerEvent: {}
[16.982923] (-) TimerEvent: {}
[17.083477] (-) TimerEvent: {}
[17.191148] (-) TimerEvent: {}
[17.291648] (-) TimerEvent: {}
[17.392167] (-) TimerEvent: {}
[17.462257] (dynamixel_sdk_custom_interfaces) StdoutLine: {'line': b'[ 75%] \x1b[32m\x1b[1mLinking CXX shared library libdynamixel_sdk_custom_interfaces__rosidl_typesupport_fastrtps_c.so\x1b[0m\n'}
[17.492300] (-) TimerEvent: {}
[17.592816] (-) TimerEvent: {}
[17.659801] (dynamixel_sdk_custom_interfaces) StdoutLine: {'line': b'[ 75%] Built target dynamixel_sdk_custom_interfaces__rosidl_typesupport_fastrtps_c\n'}
[17.692963] (-) TimerEvent: {}
[17.742449] (motor_commands) StdoutLine: {'line': b'[ 75%] \x1b[32m\x1b[1mLinking CXX shared library libmotor_commands__rosidl_typesupport_cpp.so\x1b[0m\n'}
[17.793618] (-) TimerEvent: {}
[17.835238] (motor_commands) StdoutLine: {'line': b'[ 77%] \x1b[32m\x1b[1mLinking CXX shared library libmotor_commands__rosidl_typesupport_fastrtps_c.so\x1b[0m\n'}
[17.896152] (-) TimerEvent: {}
[17.966163] (motor_commands) StdoutLine: {'line': b'[ 77%] Built target motor_commands__rosidl_typesupport_fastrtps_c\n'}
[17.970175] (motor_commands) StdoutLine: {'line': b'[ 77%] Built target motor_commands__rosidl_typesupport_cpp\n'}
[17.996274] (-) TimerEvent: {}
[18.013012] (motor_commands) StdoutLine: {'line': b'[ 77%] Built target motor_commands\n'}
[18.049621] (motor_commands) StdoutLine: {'line': b'[ 79%] \x1b[34m\x1b[1mGenerating Python code for ROS interfaces\x1b[0m\n'}
[18.096376] (-) TimerEvent: {}
[18.196713] (-) TimerEvent: {}
[18.269334] (dynamixel_sdk_custom_interfaces) StdoutLine: {'line': b'[ 77%] \x1b[32m\x1b[1mLinking CXX shared library libdynamixel_sdk_custom_interfaces__rosidl_typesupport_fastrtps_cpp.so\x1b[0m\n'}
[18.296856] (-) TimerEvent: {}
[18.397281] (-) TimerEvent: {}
[18.456142] (dynamixel_sdk_custom_interfaces) StdoutLine: {'line': b'[ 77%] Built target dynamixel_sdk_custom_interfaces__rosidl_typesupport_fastrtps_cpp\n'}
[18.497397] (-) TimerEvent: {}
[18.509809] (dynamixel_sdk_custom_interfaces) StdoutLine: {'line': b'[ 77%] Built target dynamixel_sdk_custom_interfaces\n'}
[18.549104] (dynamixel_sdk_custom_interfaces) StdoutLine: {'line': b'[ 79%] \x1b[34m\x1b[1mGenerating Python code for ROS interfaces\x1b[0m\n'}
[18.597497] (-) TimerEvent: {}
[18.697828] (-) TimerEvent: {}
[18.798942] (-) TimerEvent: {}
[18.857130] (motor_commands) StdoutLine: {'line': b'[ 79%] Built target motor_commands__py\n'}
[18.894599] (motor_commands) StdoutLine: {'line': b'[ 84%] \x1b[32mBuilding C object CMakeFiles/motor_commands__rosidl_generator_py.dir/rosidl_generator_py/motor_commands/msg/_id_angle_s.c.o\x1b[0m\n'}
[18.896174] (motor_commands) StdoutLine: {'line': b'[ 84%] \x1b[32mBuilding C object CMakeFiles/motor_commands__rosidl_generator_py.dir/rosidl_generator_py/motor_commands/srv/_get_motor_states_s.c.o\x1b[0m\n'}
[18.899070] (-) TimerEvent: {}
[18.999447] (-) TimerEvent: {}
[19.099843] (-) TimerEvent: {}
[19.200325] (-) TimerEvent: {}
[19.284758] (motor_commands) StdoutLine: {'line': b'[ 86%] \x1b[32m\x1b[1mLinking C shared library libmotor_commands__rosidl_generator_py.so\x1b[0m\n'}
[19.303162] (-) TimerEvent: {}
[19.350332] (dynamixel_sdk_custom_interfaces) StdoutLine: {'line': b'[ 79%] Built target dynamixel_sdk_custom_interfaces__py\n'}
[19.399931] (motor_commands) StdoutLine: {'line': b'[ 86%] Built target motor_commands__rosidl_generator_py\n'}
[19.401710] (dynamixel_sdk_custom_interfaces) StdoutLine: {'line': b'[ 84%] \x1b[32mBuilding C object CMakeFiles/dynamixel_sdk_custom_interfaces__rosidl_generator_py.dir/rosidl_generator_py/dynamixel_sdk_custom_interfaces/srv/_get_position_s.c.o\x1b[0m\n'}
[19.402019] (dynamixel_sdk_custom_interfaces) StdoutLine: {'line': b'[ 84%] \x1b[32mBuilding C object CMakeFiles/dynamixel_sdk_custom_interfaces__rosidl_generator_py.dir/rosidl_generator_py/dynamixel_sdk_custom_interfaces/msg/_set_position_s.c.o\x1b[0m\n'}
[19.404110] (-) TimerEvent: {}
[19.471504] (motor_commands) StdoutLine: {'line': b'[ 88%] \x1b[32mBuilding C object CMakeFiles/motor_commands_s__rosidl_typesupport_c.dir/rosidl_generator_py/motor_commands/_motor_commands_s.ep.rosidl_typesupport_c.c.o\x1b[0m\n'}
[19.481659] (motor_commands) StdoutLine: {'line': b'[ 90%] \x1b[32mBuilding C object CMakeFiles/motor_commands_s__rosidl_typesupport_introspection_c.dir/rosidl_generator_py/motor_commands/_motor_commands_s.ep.rosidl_typesupport_introspection_c.c.o\x1b[0m\n'}
[19.488928] (motor_commands) StdoutLine: {'line': b'[ 93%] \x1b[32mBuilding C object CMakeFiles/motor_commands_s__rosidl_typesupport_fastrtps_c.dir/rosidl_generator_py/motor_commands/_motor_commands_s.ep.rosidl_typesupport_fastrtps_c.c.o\x1b[0m\n'}
[19.504264] (-) TimerEvent: {}
[19.607753] (-) TimerEvent: {}
[19.709950] (-) TimerEvent: {}
[19.740499] (motor_commands) StdoutLine: {'line': b'[ 95%] \x1b[32m\x1b[1mLinking C shared module rosidl_generator_py/motor_commands/motor_commands_s__rosidl_typesupport_introspection_c.so\x1b[0m\n'}
[19.789409] (dynamixel_sdk_custom_interfaces) StdoutLine: {'line': b'[ 86%] \x1b[32m\x1b[1mLinking C shared library libdynamixel_sdk_custom_interfaces__rosidl_generator_py.so\x1b[0m\n'}
[19.794734] (motor_commands) StdoutLine: {'line': b'[ 97%] \x1b[32m\x1b[1mLinking C shared module rosidl_generator_py/motor_commands/motor_commands_s__rosidl_typesupport_c.so\x1b[0m\n'}
[19.810102] (-) TimerEvent: {}
[19.824959] (motor_commands) StdoutLine: {'line': b'[ 97%] Built target motor_commands_s__rosidl_typesupport_introspection_c\n'}
[19.871223] (motor_commands) StdoutLine: {'line': b'[100%] \x1b[32m\x1b[1mLinking C shared module rosidl_generator_py/motor_commands/motor_commands_s__rosidl_typesupport_fastrtps_c.so\x1b[0m\n'}
[19.877062] (motor_commands) StdoutLine: {'line': b'[100%] Built target motor_commands_s__rosidl_typesupport_c\n'}
[19.903795] (dynamixel_sdk_custom_interfaces) StdoutLine: {'line': b'[ 86%] Built target dynamixel_sdk_custom_interfaces__rosidl_generator_py\n'}
[19.910535] (-) TimerEvent: {}
[19.949509] (motor_commands) StdoutLine: {'line': b'[100%] Built target motor_commands_s__rosidl_typesupport_fastrtps_c\n'}
[19.956241] (dynamixel_sdk_custom_interfaces) StdoutLine: {'line': b'[ 93%] \x1b[32mBuilding C object CMakeFiles/dynamixel_sdk_custom_interfaces_s__rosidl_typesupport_fastrtps_c.dir/rosidl_generator_py/dynamixel_sdk_custom_interfaces/_dynamixel_sdk_custom_interfaces_s.ep.rosidl_typesupport_fastrtps_c.c.o\x1b[0m\n'}
[19.956617] (dynamixel_sdk_custom_interfaces) StdoutLine: {'line': b'[ 93%] \x1b[32mBuilding C object CMakeFiles/dynamixel_sdk_custom_interfaces_s__rosidl_typesupport_introspection_c.dir/rosidl_generator_py/dynamixel_sdk_custom_interfaces/_dynamixel_sdk_custom_interfaces_s.ep.rosidl_typesupport_introspection_c.c.o\x1b[0m\n'}
[19.956752] (dynamixel_sdk_custom_interfaces) StdoutLine: {'line': b'[ 93%] \x1b[32mBuilding C object CMakeFiles/dynamixel_sdk_custom_interfaces_s__rosidl_typesupport_c.dir/rosidl_generator_py/dynamixel_sdk_custom_interfaces/_dynamixel_sdk_custom_interfaces_s.ep.rosidl_typesupport_c.c.o\x1b[0m\n'}
[20.010765] (motor_commands) CommandEnded: {'returncode': 0}
[20.011364] (-) TimerEvent: {}
[20.011546] (motor_commands) JobProgress: {'identifier': 'motor_commands', 'progress': 'install'}
[20.011584] (motor_commands) Command: {'cmd': ['/usr/bin/cmake', '--install', '/home/csanimatronics/CS_Animatronics/build/motor_commands'], 'cwd': '/home/csanimatronics/CS_Animatronics/build/motor_commands', 'env': OrderedDict({'LESSOPEN': '| /usr/bin/lesspipe %s', 'USER': 'csanimatronics', 'XDG_SESSION_TYPE': 'wayland', 'SHLVL': '1', 'LD_LIBRARY_PATH': '/opt/ros/jazzy/opt/rviz_ogre_vendor/lib:/opt/ros/jazzy/lib/aarch64-linux-gnu:/opt/ros/jazzy/opt/gz_math_vendor/lib:/opt/ros/jazzy/opt/gz_utils_vendor/lib:/opt/ros/jazzy/opt/gz_cmake_vendor/lib:/opt/ros/jazzy/lib', 'HOME': '/home/csanimatronics', 'OLDPWD': '/home/csanimatronics', 'DESKTOP_SESSION': 'ubuntu', 'ROS_PYTHON_VERSION': '3', 'GNOME_SHELL_SESSION_MODE': 'ubuntu', 'GTK_MODULES': 'gail:atk-bridge', 'SYSTEMD_EXEC_PID': '1641', 'GSM_SKIP_SSH_AGENT_WORKAROUND': 'true', 'DBUS_SESSION_BUS_ADDRESS': 'unix:path=/run/user/1002/bus', 'COLORTERM': 'truecolor', 'DEBUGINFOD_URLS': 'https://debuginfod.ubuntu.com', 'IM_CONFIG_PHASE': '1', 'WAYLAND_DISPLAY': 'wayland-0', 'ROS_DISTRO': 'jazzy', 'LOGNAME': 'csanimatronics', '_': '/usr/bin/colcon', 'ROS_VERSION': '2', 'MEMORY_PRESSURE_WATCH': '/sys/fs/cgroup/user.slice/user-1002.slice/user@1002.service/session.slice/org.gnome.Shell@wayland.service/memory.pressure', 'XDG_SESSION_CLASS': 'user', 'USERNAME': 'csanimatronics', 'TERM': 'xterm-256color', 'GNOME_DESKTOP_SESSION_ID': 'this-is-deprecated', 'PATH': '/opt/ros/jazzy/bin:/usr/local/sbin:/usr/local/bin:/usr/sbin:/usr/bin:/sbin:/bin:/usr/games:/usr/local/games:/snap/bin:/snap/bin', 'SESSION_MANAGER': 'local/csanimatronics-desktop:@/tmp/.ICE-unix/1612,unix/csanimatronics-desktop:/tmp/.ICE-unix/1612', 'XDG_MENU_PREFIX': 'gnome-', 'GNOME_TERMINAL_SCREEN': '/org/gnome/Terminal/screen/2db2f0e4_c9a9_49e6_96a7_b97ace714f34', 'GNOME_SETUP_DISPLAY': ':1', 'XDG_RUNTIME_DIR': '/run/user/1002', 'DISPLAY': ':0', 'LANG': 'C.UTF-8', 'XDG_CURRENT_DESKTOP': 'ubuntu:GNOME', 'XMODIFIERS': '@im=ibus', 'XDG_SESSION_DESKTOP': 'ubuntu', 'XAUTHORITY': '/run/user/1002/.mutter-Xwaylandauth.N7O212', 'LS_COLORS': 'rs=0:di=01;34:ln=01;36:mh=00:pi=40;33:so=01;35:do=01;35:bd=40;33;01:cd=40;33;01:or=40;31;01:mi=00:su=37;41:sg=30;43:ca=00:tw=30;42:ow=34;42:st=37;44:ex=01;32:*.tar=01;31:*.tgz=01;31:*.arc=01;31:*.arj=01;31:*.taz=01;31:*.lha=01;31:*.lz4=01;31:*.lzh=01;31:*.lzma=01;31:*.tlz=01;31:*.txz=01;31:*.tzo=01;31:*.t7z=01;31:*.zip=01;31:*.z=01;31:*.dz=01;31:*.gz=01;31:*.lrz=01;31:*.lz=01;31:*.lzo=01;31:*.xz=01;31:*.zst=01;31:*.tzst=01;31:*.bz2=01;31:*.bz=01;31:*.tbz=01;31:*.tbz2=01;31:*.tz=01;31:*.deb=01;31:*.rpm=01;31:*.jar=01;31:*.war=01;31:*.ear=01;31:*.sar=01;31:*.rar=01;31:*.alz=01;31:*.ace=01;31:*.zoo=01;31:*.cpio=01;31:*.7z=01;31:*.rz=01;31:*.cab=01;31:*.wim=01;31:*.swm=01;31:*.dwm=01;31:*.esd=01;31:*.avif=01;35:*.jpg=01;35:*.jpeg=01;35:*.mjpg=01;35:*.mjpeg=01;35:*.gif=01;35:*.bmp=01;35:*.pbm=01;35:*.pgm=01;35:*.ppm=01;35:*.tga=01;35:*.xbm=01;35:*.xpm=01;35:*.tif=01;35:*.tiff=01;35:*.png=01;35:*.svg=01;35:*.svgz=01;35:*.mng=01;35:*.pcx=01;35:*.mov=01;35:*.mpg=01;35:*.mpeg=01;35:*.m2v=01;35:*.mkv=01;35:*.webm=01;35:*.webp=01;35:*.ogm=01;35:*.mp4=01;35:*.m4v=01;35:*.mp4v=01;35:*.vob=01;35:*.qt=01;35:*.nuv=01;35:*.wmv=01;35:*.asf=01;35:*.rm=01;35:*.rmvb=01;35:*.flc=01;35:*.avi=01;35:*.fli=01;35:*.flv=01;35:*.gl=01;35:*.dl=01;35:*.xcf=01;35:*.xwd=01;35:*.yuv=01;35:*.cgm=01;35:*.emf=01;35:*.ogv=01;35:*.ogx=01;35:*.aac=00;36:*.au=00;36:*.flac=00;36:*.m4a=00;36:*.mid=00;36:*.midi=00;36:*.mka=00;36:*.mp3=00;36:*.mpc=00;36:*.ogg=00;36:*.ra=00;36:*.wav=00;36:*.oga=00;36:*.opus=00;36:*.spx=00;36:*.xspf=00;36:*~=00;90:*#=00;90:*.bak=00;90:*.crdownload=00;90:*.dpkg-dist=00;90:*.dpkg-new=00;90:*.dpkg-old=00;90:*.dpkg-tmp=00;90:*.old=00;90:*.orig=00;90:*.part=00;90:*.rej=00;90:*.rpmnew=00;90:*.rpmorig=00;90:*.rpmsave=00;90:*.swp=00;90:*.tmp=00;90:*.ucf-dist=00;90:*.ucf-new=00;90:*.ucf-old=00;90:', 'GNOME_TERMINAL_SERVICE': ':1.103', 'SSH_AUTH_SOCK': '/run/user/1002/keyring/ssh', 'AMENT_PREFIX_PATH': '/opt/ros/jazzy', 'SHELL': '/bin/bash', 'QT_ACCESSIBILITY': '1', 'GDMSESSION': 'ubuntu', 'LESSCLOSE': '/usr/bin/lesspipe %s %s', 'ROS_AUTOMATIC_DISCOVERY_RANGE': 'SUBNET', 'QT_IM_MODULE': 'ibus', 'PWD': '/home/csanimatronics/CS_Animatronics/build/motor_commands', 'XDG_CONFIG_DIRS': '/etc/xdg/xdg-ubuntu:/etc/xdg', 'XDG_DATA_DIRS': '/usr/share/ubuntu:/usr/share/gnome:/usr/local/share/:/usr/share/:/var/lib/snapd/desktop', 'PYTHONPATH': '/opt/ros/jazzy/lib/python3.12/site-packages', 'COLCON': '1', 'MEMORY_PRESSURE_WRITE': 'c29tZSAyMDAwMDAgMjAwMDAwMAA=', 'VTE_VERSION': '7600', 'CMAKE_PREFIX_PATH': '/opt/ros/jazzy/opt/gz_math_vendor:/opt/ros/jazzy/opt/gz_utils_vendor:/opt/ros/jazzy/opt/gz_cmake_vendor:/opt/ros/jazzy'}), 'shell': False}
[20.039182] (motor_commands) StdoutLine: {'line': b'-- Install configuration: ""\n'}
[20.041978] (motor_commands) StdoutLine: {'line': b'-- Installing: /home/csanimatronics/CS_Animatronics/install/motor_commands/share/ament_index/resource_index/rosidl_interfaces/motor_commands\n'}
[20.042391] (motor_commands) StdoutLine: {'line': b'-- Installing: /home/csanimatronics/CS_Animatronics/install/motor_commands/share/motor_commands/msg/IdAngle.json\n'}
[20.043325] (motor_commands) StdoutLine: {'line': b'-- Installing: /home/csanimatronics/CS_Animatronics/install/motor_commands/share/motor_commands/srv/GetMotorStates.json\n'}
[20.043493] (motor_commands) StdoutLine: {'line': b'-- Installing: /home/csanimatronics/CS_Animatronics/install/motor_commands/include/motor_commands/motor_commands\n'}
[20.043681] (motor_commands) StdoutLine: {'line': b'-- Installing: /home/csanimatronics/CS_Animatronics/install/motor_commands/include/motor_commands/motor_commands/srv\n'}
[20.046317] (motor_commands) StdoutLine: {'line': b'-- Installing: /home/csanimatronics/CS_Animatronics/install/motor_commands/include/motor_commands/motor_commands/srv/detail\n'}
[20.046506] (motor_commands) StdoutLine: {'line': b'-- Installing: /home/csanimatronics/CS_Animatronics/install/motor_commands/include/motor_commands/motor_commands/srv/detail/get_motor_states__functions.h\n'}
[20.046608] (motor_commands) StdoutLine: {'line': b'-- Installing: /home/csanimatronics/CS_Animatronics/install/motor_commands/include/motor_commands/motor_commands/srv/detail/get_motor_states__type_support.h\n'}
[20.046705] (motor_commands) StdoutLine: {'line': b'-- Installing: /home/csanimatronics/CS_Animatronics/install/motor_commands/include/motor_commands/motor_commands/srv/detail/get_motor_states__functions.c\n'}
[20.046799] (motor_commands) StdoutLine: {'line': b'-- Installing: /home/csanimatronics/CS_Animatronics/install/motor_commands/include/motor_commands/motor_commands/srv/detail/get_motor_states__type_support.c\n'}
[20.046894] (motor_commands) StdoutLine: {'line': b'-- Installing: /home/csanimatronics/CS_Animatronics/install/motor_commands/include/motor_commands/motor_commands/srv/detail/get_motor_states__description.c\n'}
[20.046993] (motor_commands) StdoutLine: {'line': b'-- Installing: /home/csanimatronics/CS_Animatronics/install/motor_commands/include/motor_commands/motor_commands/srv/detail/get_motor_states__struct.h\n'}
[20.047361] (motor_commands) StdoutLine: {'line': b'-- Installing: /home/csanimatronics/CS_Animatronics/install/motor_commands/include/motor_commands/motor_commands/srv/get_motor_states.h\n'}
[20.047467] (motor_commands) StdoutLine: {'line': b'-- Installing: /home/csanimatronics/CS_Animatronics/install/motor_commands/include/motor_commands/motor_commands/msg\n'}
[20.047580] (motor_commands) StdoutLine: {'line': b'-- Installing: /home/csanimatronics/CS_Animatronics/install/motor_commands/include/motor_commands/motor_commands/msg/rosidl_generator_c__visibility_control.h\n'}
[20.047829] (motor_commands) StdoutLine: {'line': b'-- Installing: /home/csanimatronics/CS_Animatronics/install/motor_commands/include/motor_commands/motor_commands/msg/detail\n'}
[20.047986] (motor_commands) StdoutLine: {'line': b'-- Installing: /home/csanimatronics/CS_Animatronics/install/motor_commands/include/motor_commands/motor_commands/msg/detail/id_angle__type_support.h\n'}
[20.048193] (motor_commands) StdoutLine: {'line': b'-- Installing: /home/csanimatronics/CS_Animatronics/install/motor_commands/include/motor_commands/motor_commands/msg/detail/id_angle__functions.h\n'}
[20.048356] (motor_commands) StdoutLine: {'line': b'-- Installing: /home/csanimatronics/CS_Animatronics/install/motor_commands/include/motor_commands/motor_commands/msg/detail/id_angle__functions.c\n'}
[20.048501] (motor_commands) StdoutLine: {'line': b'-- Installing: /home/csanimatronics/CS_Animatronics/install/motor_commands/include/motor_commands/motor_commands/msg/detail/id_angle__description.c\n'}
[20.048639] (motor_commands) StdoutLine: {'line': b'-- Installing: /home/csanimatronics/CS_Animatronics/install/motor_commands/include/motor_commands/motor_commands/msg/detail/id_angle__type_support.c\n'}
[20.051359] (motor_commands) StdoutLine: {'line': b'-- Installing: /home/csanimatronics/CS_Animatronics/install/motor_commands/include/motor_commands/motor_commands/msg/detail/id_angle__struct.h\n'}
[20.051624] (motor_commands) StdoutLine: {'line': b'-- Installing: /home/csanimatronics/CS_Animatronics/install/motor_commands/include/motor_commands/motor_commands/msg/id_angle.h\n'}
[20.051735] (motor_commands) StdoutLine: {'line': b'-- Installing: /home/csanimatronics/CS_Animatronics/install/motor_commands/share/motor_commands/environment/library_path.sh\n'}
[20.051820] (motor_commands) StdoutLine: {'line': b'-- Installing: /home/csanimatronics/CS_Animatronics/install/motor_commands/share/motor_commands/environment/library_path.dsv\n'}
[20.051902] (motor_commands) StdoutLine: {'line': b'-- Installing: /home/csanimatronics/CS_Animatronics/install/motor_commands/lib/libmotor_commands__rosidl_generator_c.so\n'}
[20.051994] (motor_commands) StdoutLine: {'line': b'-- Set non-toolchain portion of runtime path of "/home/csanimatronics/CS_Animatronics/install/motor_commands/lib/libmotor_commands__rosidl_generator_c.so" to ""\n'}
[20.052450] (motor_commands) StdoutLine: {'line': b'-- Up-to-date: /home/csanimatronics/CS_Animatronics/install/motor_commands/include/motor_commands/motor_commands\n'}
[20.052618] (motor_commands) StdoutLine: {'line': b'-- Up-to-date: /home/csanimatronics/CS_Animatronics/install/motor_commands/include/motor_commands/motor_commands/srv\n'}
[20.052754] (motor_commands) StdoutLine: {'line': b'-- Up-to-date: /home/csanimatronics/CS_Animatronics/install/motor_commands/include/motor_commands/motor_commands/srv/detail\n'}
[20.052870] (motor_commands) StdoutLine: {'line': b'-- Installing: /home/csanimatronics/CS_Animatronics/install/motor_commands/include/motor_commands/motor_commands/srv/detail/get_motor_states__rosidl_typesupport_fastrtps_c.h\n'}
[20.052997] (motor_commands) StdoutLine: {'line': b'-- Up-to-date: /home/csanimatronics/CS_Animatronics/install/motor_commands/include/motor_commands/motor_commands/msg\n'}
[20.053271] (motor_commands) StdoutLine: {'line': b'-- Installing: /home/csanimatronics/CS_Animatronics/install/motor_commands/include/motor_commands/motor_commands/msg/rosidl_typesupport_fastrtps_c__visibility_control.h\n'}
[20.053401] (motor_commands) StdoutLine: {'line': b'-- Up-to-date: /home/csanimatronics/CS_Animatronics/install/motor_commands/include/motor_commands/motor_commands/msg/detail\n'}
[20.053578] (motor_commands) StdoutLine: {'line': b'-- Installing: /home/csanimatronics/CS_Animatronics/install/motor_commands/include/motor_commands/motor_commands/msg/detail/id_angle__rosidl_typesupport_fastrtps_c.h\n'}
[20.053710] (motor_commands) StdoutLine: {'line': b'-- Installing: /home/csanimatronics/CS_Animatronics/install/motor_commands/lib/libmotor_commands__rosidl_typesupport_fastrtps_c.so\n'}
[20.053848] (motor_commands) StdoutLine: {'line': b'-- Set non-toolchain portion of runtime path of "/home/csanimatronics/CS_Animatronics/install/motor_commands/lib/libmotor_commands__rosidl_typesupport_fastrtps_c.so" to ""\n'}
[20.053983] (motor_commands) StdoutLine: {'line': b'-- Up-to-date: /home/csanimatronics/CS_Animatronics/install/motor_commands/include/motor_commands/motor_commands\n'}
[20.055405] (motor_commands) StdoutLine: {'line': b'-- Up-to-date: /home/csanimatronics/CS_Animatronics/install/motor_commands/include/motor_commands/motor_commands/srv\n'}
[20.055632] (motor_commands) StdoutLine: {'line': b'-- Up-to-date: /home/csanimatronics/CS_Animatronics/install/motor_commands/include/motor_commands/motor_commands/srv/detail\n'}
[20.055771] (motor_commands) StdoutLine: {'line': b'-- Installing: /home/csanimatronics/CS_Animatronics/install/motor_commands/include/motor_commands/motor_commands/srv/detail/get_motor_states__builder.hpp\n'}
[20.055892] (motor_commands) StdoutLine: {'line': b'-- Installing: /home/csanimatronics/CS_Animatronics/install/motor_commands/include/motor_commands/motor_commands/srv/detail/get_motor_states__type_support.hpp\n'}
[20.056011] (motor_commands) StdoutLine: {'line': b'-- Installing: /home/csanimatronics/CS_Animatronics/install/motor_commands/include/motor_commands/motor_commands/srv/detail/get_motor_states__traits.hpp\n'}
[20.057239] (motor_commands) StdoutLine: {'line': b'-- Installing: /home/csanimatronics/CS_Animatronics/install/motor_commands/include/motor_commands/motor_commands/srv/detail/get_motor_states__struct.hpp\n'}
[20.057501] (motor_commands) StdoutLine: {'line': b'-- Installing: /home/csanimatronics/CS_Animatronics/install/motor_commands/include/motor_commands/motor_commands/srv/get_motor_states.hpp\n'}
[20.057667] (motor_commands) StdoutLine: {'line': b'-- Up-to-date: /home/csanimatronics/CS_Animatronics/install/motor_commands/include/motor_commands/motor_commands/msg\n'}
[20.057815] (motor_commands) StdoutLine: {'line': b'-- Installing: /home/csanimatronics/CS_Animatronics/install/motor_commands/include/motor_commands/motor_commands/msg/id_angle.hpp\n'}
[20.057957] (motor_commands) StdoutLine: {'line': b'-- Up-to-date: /home/csanimatronics/CS_Animatronics/install/motor_commands/include/motor_commands/motor_commands/msg/detail\n'}
[20.061836] (motor_commands) StdoutLine: {'line': b'-- Installing: /home/csanimatronics/CS_Animatronics/install/motor_commands/include/motor_commands/motor_commands/msg/detail/id_angle__type_support.hpp\n'}
[20.062291] (motor_commands) StdoutLine: {'line': b'-- Installing: /home/csanimatronics/CS_Animatronics/install/motor_commands/include/motor_commands/motor_commands/msg/detail/id_angle__struct.hpp\n'}
[20.062500] (motor_commands) StdoutLine: {'line': b'-- Installing: /home/csanimatronics/CS_Animatronics/install/motor_commands/include/motor_commands/motor_commands/msg/detail/id_angle__builder.hpp\n'}
[20.062674] (motor_commands) StdoutLine: {'line': b'-- Installing: /home/csanimatronics/CS_Animatronics/install/motor_commands/include/motor_commands/motor_commands/msg/detail/id_angle__traits.hpp\n'}
[20.062999] (motor_commands) StdoutLine: {'line': b'-- Installing: /home/csanimatronics/CS_Animatronics/install/motor_commands/include/motor_commands/motor_commands/msg/rosidl_generator_cpp__visibility_control.hpp\n'}
[20.063249] (motor_commands) StdoutLine: {'line': b'-- Up-to-date: /home/csanimatronics/CS_Animatronics/install/motor_commands/include/motor_commands/motor_commands\n'}
[20.063398] (motor_commands) StdoutLine: {'line': b'-- Up-to-date: /home/csanimatronics/CS_Animatronics/install/motor_commands/include/motor_commands/motor_commands/srv\n'}
[20.063632] (motor_commands) StdoutLine: {'line': b'-- Up-to-date: /home/csanimatronics/CS_Animatronics/install/motor_commands/include/motor_commands/motor_commands/srv/detail\n'}
[20.063745] (motor_commands) StdoutLine: {'line': b'-- Installing: /home/csanimatronics/CS_Animatronics/install/motor_commands/include/motor_commands/motor_commands/srv/detail/get_motor_states__rosidl_typesupport_fastrtps_cpp.hpp\n'}
[20.063841] (motor_commands) StdoutLine: {'line': b'-- Installing: /home/csanimatronics/CS_Animatronics/install/motor_commands/include/motor_commands/motor_commands/srv/detail/dds_fastrtps\n'}
[20.063929] (motor_commands) StdoutLine: {'line': b'-- Up-to-date: /home/csanimatronics/CS_Animatronics/install/motor_commands/include/motor_commands/motor_commands/msg\n'}
[20.064056] (motor_commands) StdoutLine: {'line': b'-- Up-to-date: /home/csanimatronics/CS_Animatronics/install/motor_commands/include/motor_commands/motor_commands/msg/detail\n'}
[20.064168] (motor_commands) StdoutLine: {'line': b'-- Installing: /home/csanimatronics/CS_Animatronics/install/motor_commands/include/motor_commands/motor_commands/msg/detail/dds_fastrtps\n'}
[20.064248] (motor_commands) StdoutLine: {'line': b'-- Installing: /home/csanimatronics/CS_Animatronics/install/motor_commands/include/motor_commands/motor_commands/msg/detail/id_angle__rosidl_typesupport_fastrtps_cpp.hpp\n'}
[20.064336] (motor_commands) StdoutLine: {'line': b'-- Installing: /home/csanimatronics/CS_Animatronics/install/motor_commands/include/motor_commands/motor_commands/msg/rosidl_typesupport_fastrtps_cpp__visibility_control.h\n'}
[20.064413] (motor_commands) StdoutLine: {'line': b'-- Installing: /home/csanimatronics/CS_Animatronics/install/motor_commands/lib/libmotor_commands__rosidl_typesupport_fastrtps_cpp.so\n'}
[20.064494] (motor_commands) StdoutLine: {'line': b'-- Set non-toolchain portion of runtime path of "/home/csanimatronics/CS_Animatronics/install/motor_commands/lib/libmotor_commands__rosidl_typesupport_fastrtps_cpp.so" to ""\n'}
[20.064573] (motor_commands) StdoutLine: {'line': b'-- Up-to-date: /home/csanimatronics/CS_Animatronics/install/motor_commands/include/motor_commands/motor_commands\n'}
[20.064657] (motor_commands) StdoutLine: {'line': b'-- Up-to-date: /home/csanimatronics/CS_Animatronics/install/motor_commands/include/motor_commands/motor_commands/srv\n'}
[20.064733] (motor_commands) StdoutLine: {'line': b'-- Up-to-date: /home/csanimatronics/CS_Animatronics/install/motor_commands/include/motor_commands/motor_commands/srv/detail\n'}
[20.064805] (motor_commands) StdoutLine: {'line': b'-- Installing: /home/csanimatronics/CS_Animatronics/install/motor_commands/include/motor_commands/motor_commands/srv/detail/get_motor_states__rosidl_typesupport_introspection_c.h\n'}
[20.064893] (motor_commands) StdoutLine: {'line': b'-- Installing: /home/csanimatronics/CS_Animatronics/install/motor_commands/include/motor_commands/motor_commands/srv/detail/get_motor_states__type_support.c\n'}
[20.065005] (motor_commands) StdoutLine: {'line': b'-- Up-to-date: /home/csanimatronics/CS_Animatronics/install/motor_commands/include/motor_commands/motor_commands/msg\n'}
[20.065130] (motor_commands) StdoutLine: {'line': b'-- Up-to-date: /home/csanimatronics/CS_Animatronics/install/motor_commands/include/motor_commands/motor_commands/msg/detail\n'}
[20.065230] (motor_commands) StdoutLine: {'line': b'-- Installing: /home/csanimatronics/CS_Animatronics/install/motor_commands/include/motor_commands/motor_commands/msg/detail/id_angle__rosidl_typesupport_introspection_c.h\n'}
[20.065324] (motor_commands) StdoutLine: {'line': b'-- Installing: /home/csanimatronics/CS_Animatronics/install/motor_commands/include/motor_commands/motor_commands/msg/detail/id_angle__type_support.c\n'}
[20.065435] (motor_commands) StdoutLine: {'line': b'-- Installing: /home/csanimatronics/CS_Animatronics/install/motor_commands/include/motor_commands/motor_commands/msg/rosidl_typesupport_introspection_c__visibility_control.h\n'}
[20.065554] (motor_commands) StdoutLine: {'line': b'-- Installing: /home/csanimatronics/CS_Animatronics/install/motor_commands/lib/libmotor_commands__rosidl_typesupport_introspection_c.so\n'}
[20.065635] (motor_commands) StdoutLine: {'line': b'-- Set non-toolchain portion of runtime path of "/home/csanimatronics/CS_Animatronics/install/motor_commands/lib/libmotor_commands__rosidl_typesupport_introspection_c.so" to ""\n'}
[20.065719] (motor_commands) StdoutLine: {'line': b'-- Installing: /home/csanimatronics/CS_Animatronics/install/motor_commands/lib/libmotor_commands__rosidl_typesupport_c.so\n'}
[20.065808] (motor_commands) StdoutLine: {'line': b'-- Set non-toolchain portion of runtime path of "/home/csanimatronics/CS_Animatronics/install/motor_commands/lib/libmotor_commands__rosidl_typesupport_c.so" to ""\n'}
[20.065910] (motor_commands) StdoutLine: {'line': b'-- Up-to-date: /home/csanimatronics/CS_Animatronics/install/motor_commands/include/motor_commands/motor_commands\n'}
[20.066014] (motor_commands) StdoutLine: {'line': b'-- Up-to-date: /home/csanimatronics/CS_Animatronics/install/motor_commands/include/motor_commands/motor_commands/srv\n'}
[20.071475] (motor_commands) StdoutLine: {'line': b'-- Up-to-date: /home/csanimatronics/CS_Animatronics/install/motor_commands/include/motor_commands/motor_commands/srv/detail\n'}
[20.071655] (motor_commands) StdoutLine: {'line': b'-- Installing: /home/csanimatronics/CS_Animatronics/install/motor_commands/include/motor_commands/motor_commands/srv/detail/get_motor_states__rosidl_typesupport_introspection_cpp.hpp\n'}
[20.071759] (motor_commands) StdoutLine: {'line': b'-- Installing: /home/csanimatronics/CS_Animatronics/install/motor_commands/include/motor_commands/motor_commands/srv/detail/get_motor_states__type_support.cpp\n'}
[20.071860] (motor_commands) StdoutLine: {'line': b'-- Up-to-date: /home/csanimatronics/CS_Animatronics/install/motor_commands/include/motor_commands/motor_commands/msg\n'}
[20.071958] (motor_commands) StdoutLine: {'line': b'-- Up-to-date: /home/csanimatronics/CS_Animatronics/install/motor_commands/include/motor_commands/motor_commands/msg/detail\n'}
[20.072111] (motor_commands) StdoutLine: {'line': b'-- Installing: /home/csanimatronics/CS_Animatronics/install/motor_commands/include/motor_commands/motor_commands/msg/detail/id_angle__type_support.cpp\n'}
[20.072240] (motor_commands) StdoutLine: {'line': b'-- Installing: /home/csanimatronics/CS_Animatronics/install/motor_commands/include/motor_commands/motor_commands/msg/detail/id_angle__rosidl_typesupport_introspection_cpp.hpp\n'}
[20.072424] (motor_commands) StdoutLine: {'line': b'-- Installing: /home/csanimatronics/CS_Animatronics/install/motor_commands/lib/libmotor_commands__rosidl_typesupport_introspection_cpp.so\n'}
[20.072552] (motor_commands) StdoutLine: {'line': b'-- Set non-toolchain portion of runtime path of "/home/csanimatronics/CS_Animatronics/install/motor_commands/lib/libmotor_commands__rosidl_typesupport_introspection_cpp.so" to ""\n'}
[20.072641] (motor_commands) StdoutLine: {'line': b'-- Installing: /home/csanimatronics/CS_Animatronics/install/motor_commands/lib/libmotor_commands__rosidl_typesupport_cpp.so\n'}
[20.072726] (motor_commands) StdoutLine: {'line': b'-- Set non-toolchain portion of runtime path of "/home/csanimatronics/CS_Animatronics/install/motor_commands/lib/libmotor_commands__rosidl_typesupport_cpp.so" to ""\n'}
[20.072814] (motor_commands) StdoutLine: {'line': b'-- Installing: /home/csanimatronics/CS_Animatronics/install/motor_commands/share/motor_commands/environment/pythonpath.sh\n'}
[20.072904] (motor_commands) StdoutLine: {'line': b'-- Installing: /home/csanimatronics/CS_Animatronics/install/motor_commands/share/motor_commands/environment/pythonpath.dsv\n'}
[20.072988] (motor_commands) StdoutLine: {'line': b'-- Installing: /home/csanimatronics/CS_Animatronics/install/motor_commands/lib/python3.12/site-packages/motor_commands-0.0.0-py3.12.egg-info\n'}
[20.073159] (motor_commands) StdoutLine: {'line': b'-- Installing: /home/csanimatronics/CS_Animatronics/install/motor_commands/lib/python3.12/site-packages/motor_commands-0.0.0-py3.12.egg-info/dependency_links.txt\n'}
[20.073280] (motor_commands) StdoutLine: {'line': b'-- Installing: /home/csanimatronics/CS_Animatronics/install/motor_commands/lib/python3.12/site-packages/motor_commands-0.0.0-py3.12.egg-info/PKG-INFO\n'}
[20.073372] (motor_commands) StdoutLine: {'line': b'-- Installing: /home/csanimatronics/CS_Animatronics/install/motor_commands/lib/python3.12/site-packages/motor_commands-0.0.0-py3.12.egg-info/top_level.txt\n'}
[20.073461] (motor_commands) StdoutLine: {'line': b'-- Installing: /home/csanimatronics/CS_Animatronics/install/motor_commands/lib/python3.12/site-packages/motor_commands-0.0.0-py3.12.egg-info/SOURCES.txt\n'}
[20.073539] (motor_commands) StdoutLine: {'line': b'-- Installing: /home/csanimatronics/CS_Animatronics/install/motor_commands/lib/python3.12/site-packages/motor_commands\n'}
[20.073623] (motor_commands) StdoutLine: {'line': b'-- Installing: /home/csanimatronics/CS_Animatronics/install/motor_commands/lib/python3.12/site-packages/motor_commands/_motor_commands_s.ep.rosidl_typesupport_fastrtps_c.c\n'}
[20.073708] (motor_commands) StdoutLine: {'line': b'-- Installing: /home/csanimatronics/CS_Animatronics/install/motor_commands/lib/python3.12/site-packages/motor_commands/_motor_commands_s.ep.rosidl_typesupport_introspection_c.c\n'}
[20.073799] (motor_commands) StdoutLine: {'line': b'-- Installing: /home/csanimatronics/CS_Animatronics/install/motor_commands/lib/python3.12/site-packages/motor_commands/motor_commands_s__rosidl_typesupport_introspection_c.so\n'}
[20.073900] (motor_commands) StdoutLine: {'line': b'-- Installing: /home/csanimatronics/CS_Animatronics/install/motor_commands/lib/python3.12/site-packages/motor_commands/srv\n'}
[20.073996] (motor_commands) StdoutLine: {'line': b'-- Installing: /home/csanimatronics/CS_Animatronics/install/motor_commands/lib/python3.12/site-packages/motor_commands/srv/_get_motor_states_s.c\n'}
[20.077401] (motor_commands) StdoutLine: {'line': b'-- Installing: /home/csanimatronics/CS_Animatronics/install/motor_commands/lib/python3.12/site-packages/motor_commands/srv/__init__.py\n'}
[20.077590] (motor_commands) StdoutLine: {'line': b'-- Installing: /home/csanimatronics/CS_Animatronics/install/motor_commands/lib/python3.12/site-packages/motor_commands/srv/_get_motor_states.py\n'}
[20.077706] (motor_commands) StdoutLine: {'line': b'-- Installing: /home/csanimatronics/CS_Animatronics/install/motor_commands/lib/python3.12/site-packages/motor_commands/_motor_commands_s.ep.rosidl_typesupport_c.c\n'}
[20.077863] (motor_commands) StdoutLine: {'line': b'-- Installing: /home/csanimatronics/CS_Animatronics/install/motor_commands/lib/python3.12/site-packages/motor_commands/motor_commands_s__rosidl_typesupport_fastrtps_c.so\n'}
[20.077977] (motor_commands) StdoutLine: {'line': b'-- Installing: /home/csanimatronics/CS_Animatronics/install/motor_commands/lib/python3.12/site-packages/motor_commands/__init__.py\n'}
[20.078177] (motor_commands) StdoutLine: {'line': b'-- Installing: /home/csanimatronics/CS_Animatronics/install/motor_commands/lib/python3.12/site-packages/motor_commands/msg\n'}
[20.078367] (motor_commands) StdoutLine: {'line': b'-- Installing: /home/csanimatronics/CS_Animatronics/install/motor_commands/lib/python3.12/site-packages/motor_commands/msg/_id_angle.py\n'}
[20.078518] (motor_commands) StdoutLine: {'line': b'-- Installing: /home/csanimatronics/CS_Animatronics/install/motor_commands/lib/python3.12/site-packages/motor_commands/msg/_id_angle_s.c\n'}
[20.078637] (motor_commands) StdoutLine: {'line': b'-- Installing: /home/csanimatronics/CS_Animatronics/install/motor_commands/lib/python3.12/site-packages/motor_commands/msg/__init__.py\n'}
[20.078744] (motor_commands) StdoutLine: {'line': b'-- Installing: /home/csanimatronics/CS_Animatronics/install/motor_commands/lib/python3.12/site-packages/motor_commands/motor_commands_s__rosidl_typesupport_c.so\n'}
[20.111520] (-) TimerEvent: {}
[20.212018] (-) TimerEvent: {}
[20.212592] (motor_commands) StdoutLine: {'line': b"Listing '/home/csanimatronics/CS_Animatronics/install/motor_commands/lib/python3.12/site-packages/motor_commands'...\n"}
[20.212925] (motor_commands) StdoutLine: {'line': b"Compiling '/home/csanimatronics/CS_Animatronics/install/motor_commands/lib/python3.12/site-packages/motor_commands/__init__.py'...\n"}
[20.213511] (motor_commands) StdoutLine: {'line': b"Listing '/home/csanimatronics/CS_Animatronics/install/motor_commands/lib/python3.12/site-packages/motor_commands/msg'...\n"}
[20.214100] (motor_commands) StdoutLine: {'line': b"Compiling '/home/csanimatronics/CS_Animatronics/install/motor_commands/lib/python3.12/site-packages/motor_commands/msg/__init__.py'...\n"}
[20.214596] (motor_commands) StdoutLine: {'line': b"Compiling '/home/csanimatronics/CS_Animatronics/install/motor_commands/lib/python3.12/site-packages/motor_commands/msg/_id_angle.py'...\n"}
[20.220533] (motor_commands) StdoutLine: {'line': b"Listing '/home/csanimatronics/CS_Animatronics/install/motor_commands/lib/python3.12/site-packages/motor_commands/srv'...\n"}
[20.221832] (motor_commands) StdoutLine: {'line': b"Compiling '/home/csanimatronics/CS_Animatronics/install/motor_commands/lib/python3.12/site-packages/motor_commands/srv/__init__.py'...\n"}
[20.222107] (motor_commands) StdoutLine: {'line': b"Compiling '/home/csanimatronics/CS_Animatronics/install/motor_commands/lib/python3.12/site-packages/motor_commands/srv/_get_motor_states.py'...\n"}
[20.231277] (dynamixel_sdk_custom_interfaces) StdoutLine: {'line': b'[ 95%] \x1b[32m\x1b[1mLinking C shared module rosidl_generator_py/dynamixel_sdk_custom_interfaces/dynamixel_sdk_custom_interfaces_s__rosidl_typesupport_c.so\x1b[0m\n'}
[20.255160] (motor_commands) StdoutLine: {'line': b'-- Installing: /home/csanimatronics/CS_Animatronics/install/motor_commands/lib/python3.12/site-packages/motor_commands/motor_commands_s__rosidl_typesupport_fastrtps_c.so\n'}
[20.255646] (motor_commands) StdoutLine: {'line': b'-- Set non-toolchain portion of runtime path of "/home/csanimatronics/CS_Animatronics/install/motor_commands/lib/python3.12/site-packages/motor_commands/motor_commands_s__rosidl_typesupport_fastrtps_c.so" to ""\n'}
[20.255803] (motor_commands) StdoutLine: {'line': b'-- Installing: /home/csanimatronics/CS_Animatronics/install/motor_commands/lib/python3.12/site-packages/motor_commands/motor_commands_s__rosidl_typesupport_introspection_c.so\n'}
[20.255927] (motor_commands) StdoutLine: {'line': b'-- Set non-toolchain portion of runtime path of "/home/csanimatronics/CS_Animatronics/install/motor_commands/lib/python3.12/site-packages/motor_commands/motor_commands_s__rosidl_typesupport_introspection_c.so" to ""\n'}
[20.256184] (motor_commands) StdoutLine: {'line': b'-- Installing: /home/csanimatronics/CS_Animatronics/install/motor_commands/lib/python3.12/site-packages/motor_commands/motor_commands_s__rosidl_typesupport_c.so\n'}
[20.256971] (motor_commands) StdoutLine: {'line': b'-- Set non-toolchain portion of runtime path of "/home/csanimatronics/CS_Animatronics/install/motor_commands/lib/python3.12/site-packages/motor_commands/motor_commands_s__rosidl_typesupport_c.so" to ""\n'}
[20.257414] (motor_commands) StdoutLine: {'line': b'-- Installing: /home/csanimatronics/CS_Animatronics/install/motor_commands/lib/libmotor_commands__rosidl_generator_py.so\n'}
[20.258113] (motor_commands) StdoutLine: {'line': b'-- Set non-toolchain portion of runtime path of "/home/csanimatronics/CS_Animatronics/install/motor_commands/lib/libmotor_commands__rosidl_generator_py.so" to ""\n'}
[20.258446] (motor_commands) StdoutLine: {'line': b'-- Installing: /home/csanimatronics/CS_Animatronics/install/motor_commands/share/motor_commands/msg/IdAngle.idl\n'}
[20.258693] (motor_commands) StdoutLine: {'line': b'-- Installing: /home/csanimatronics/CS_Animatronics/install/motor_commands/share/motor_commands/srv/GetMotorStates.idl\n'}
[20.261489] (motor_commands) StdoutLine: {'line': b'-- Installing: /home/csanimatronics/CS_Animatronics/install/motor_commands/share/motor_commands/msg/IdAngle.msg\n'}
[20.261835] (motor_commands) StdoutLine: {'line': b'-- Installing: /home/csanimatronics/CS_Animatronics/install/motor_commands/share/motor_commands/srv/GetMotorStates.srv\n'}
[20.261987] (motor_commands) StdoutLine: {'line': b'-- Installing: /home/csanimatronics/CS_Animatronics/install/motor_commands/share/ament_index/resource_index/package_run_dependencies/motor_commands\n'}
[20.262388] (motor_commands) StdoutLine: {'line': b'-- Installing: /home/csanimatronics/CS_Animatronics/install/motor_commands/share/ament_index/resource_index/parent_prefix_path/motor_commands\n'}
[20.262548] (motor_commands) StdoutLine: {'line': b'-- Installing: /home/csanimatronics/CS_Animatronics/install/motor_commands/share/motor_commands/environment/ament_prefix_path.sh\n'}
[20.262672] (motor_commands) StdoutLine: {'line': b'-- Installing: /home/csanimatronics/CS_Animatronics/install/motor_commands/share/motor_commands/environment/ament_prefix_path.dsv\n'}
[20.262788] (motor_commands) StdoutLine: {'line': b'-- Installing: /home/csanimatronics/CS_Animatronics/install/motor_commands/share/motor_commands/environment/path.sh\n'}
[20.262910] (motor_commands) StdoutLine: {'line': b'-- Installing: /home/csanimatronics/CS_Animatronics/install/motor_commands/share/motor_commands/environment/path.dsv\n'}
[20.263016] (motor_commands) StdoutLine: {'line': b'-- Installing: /home/csanimatronics/CS_Animatronics/install/motor_commands/share/motor_commands/local_setup.bash\n'}
[20.263202] (motor_commands) StdoutLine: {'line': b'-- Installing: /home/csanimatronics/CS_Animatronics/install/motor_commands/share/motor_commands/local_setup.sh\n'}
[20.263301] (dynamixel_sdk_custom_interfaces) StdoutLine: {'line': b'[ 97%] \x1b[32m\x1b[1mLinking C shared module rosidl_generator_py/dynamixel_sdk_custom_interfaces/dynamixel_sdk_custom_interfaces_s__rosidl_typesupport_introspection_c.so\x1b[0m\n'}
[20.263506] (motor_commands) StdoutLine: {'line': b'-- Installing: /home/csanimatronics/CS_Animatronics/install/motor_commands/share/motor_commands/local_setup.zsh\n'}
[20.263716] (motor_commands) StdoutLine: {'line': b'-- Installing: /home/csanimatronics/CS_Animatronics/install/motor_commands/share/motor_commands/local_setup.dsv\n'}
[20.265485] (motor_commands) StdoutLine: {'line': b'-- Installing: /home/csanimatronics/CS_Animatronics/install/motor_commands/share/motor_commands/package.dsv\n'}
[20.265820] (motor_commands) StdoutLine: {'line': b'-- Installing: /home/csanimatronics/CS_Animatronics/install/motor_commands/share/ament_index/resource_index/packages/motor_commands\n'}
[20.265962] (motor_commands) StdoutLine: {'line': b'-- Installing: /home/csanimatronics/CS_Animatronics/install/motor_commands/share/motor_commands/cmake/export_motor_commands__rosidl_generator_cExport.cmake\n'}
[20.267153] (motor_commands) StdoutLine: {'line': b'-- Installing: /home/csanimatronics/CS_Animatronics/install/motor_commands/share/motor_commands/cmake/export_motor_commands__rosidl_generator_cExport-noconfig.cmake\n'}
[20.267403] (motor_commands) StdoutLine: {'line': b'-- Installing: /home/csanimatronics/CS_Animatronics/install/motor_commands/share/motor_commands/cmake/export_motor_commands__rosidl_typesupport_fastrtps_cExport.cmake\n'}
[20.268394] (motor_commands) StdoutLine: {'line': b'-- Installing: /home/csanimatronics/CS_Animatronics/install/motor_commands/share/motor_commands/cmake/export_motor_commands__rosidl_typesupport_fastrtps_cExport-noconfig.cmake\n'}
[20.268631] (motor_commands) StdoutLine: {'line': b'-- Installing: /home/csanimatronics/CS_Animatronics/install/motor_commands/share/motor_commands/cmake/export_motor_commands__rosidl_generator_cppExport.cmake\n'}
[20.268737] (motor_commands) StdoutLine: {'line': b'-- Installing: /home/csanimatronics/CS_Animatronics/install/motor_commands/share/motor_commands/cmake/export_motor_commands__rosidl_typesupport_fastrtps_cppExport.cmake\n'}
[20.269784] (motor_commands) StdoutLine: {'line': b'-- Installing: /home/csanimatronics/CS_Animatronics/install/motor_commands/share/motor_commands/cmake/export_motor_commands__rosidl_typesupport_fastrtps_cppExport-noconfig.cmake\n'}
[20.270015] (motor_commands) StdoutLine: {'line': b'-- Installing: /home/csanimatronics/CS_Animatronics/install/motor_commands/share/motor_commands/cmake/motor_commands__rosidl_typesupport_introspection_cExport.cmake\n'}
[20.270669] (motor_commands) StdoutLine: {'line': b'-- Installing: /home/csanimatronics/CS_Animatronics/install/motor_commands/share/motor_commands/cmake/motor_commands__rosidl_typesupport_introspection_cExport-noconfig.cmake\n'}
[20.272122] (motor_commands) StdoutLine: {'line': b'-- Installing: /home/csanimatronics/CS_Animatronics/install/motor_commands/share/motor_commands/cmake/motor_commands__rosidl_typesupport_cExport.cmake\n'}
[20.272431] (motor_commands) StdoutLine: {'line': b'-- Installing: /home/csanimatronics/CS_Animatronics/install/motor_commands/share/motor_commands/cmake/motor_commands__rosidl_typesupport_cExport-noconfig.cmake\n'}
[20.272589] (motor_commands) StdoutLine: {'line': b'-- Installing: /home/csanimatronics/CS_Animatronics/install/motor_commands/share/motor_commands/cmake/motor_commands__rosidl_typesupport_introspection_cppExport.cmake\n'}
[20.275429] (motor_commands) StdoutLine: {'line': b'-- Installing: /home/csanimatronics/CS_Animatronics/install/motor_commands/share/motor_commands/cmake/motor_commands__rosidl_typesupport_introspection_cppExport-noconfig.cmake\n'}
[20.275834] (motor_commands) StdoutLine: {'line': b'-- Installing: /home/csanimatronics/CS_Animatronics/install/motor_commands/share/motor_commands/cmake/motor_commands__rosidl_typesupport_cppExport.cmake\n'}
[20.275993] (motor_commands) StdoutLine: {'line': b'-- Installing: /home/csanimatronics/CS_Animatronics/install/motor_commands/share/motor_commands/cmake/motor_commands__rosidl_typesupport_cppExport-noconfig.cmake\n'}
[20.276165] (motor_commands) StdoutLine: {'line': b'-- Installing: /home/csanimatronics/CS_Animatronics/install/motor_commands/share/motor_commands/cmake/export_motor_commands__rosidl_generator_pyExport.cmake\n'}
[20.276279] (motor_commands) StdoutLine: {'line': b'-- Installing: /home/csanimatronics/CS_Animatronics/install/motor_commands/share/motor_commands/cmake/export_motor_commands__rosidl_generator_pyExport-noconfig.cmake\n'}
[20.277351] (motor_commands) StdoutLine: {'line': b'-- Installing: /home/csanimatronics/CS_Animatronics/install/motor_commands/share/motor_commands/cmake/rosidl_cmake-extras.cmake\n'}
[20.277819] (motor_commands) StdoutLine: {'line': b'-- Installing: /home/csanimatronics/CS_Animatronics/install/motor_commands/share/motor_commands/cmake/ament_cmake_export_dependencies-extras.cmake\n'}
[20.277950] (motor_commands) StdoutLine: {'line': b'-- Installing: /home/csanimatronics/CS_Animatronics/install/motor_commands/share/motor_commands/cmake/ament_cmake_export_include_directories-extras.cmake\n'}
[20.279011] (motor_commands) StdoutLine: {'line': b'-- Installing: /home/csanimatronics/CS_Animatronics/install/motor_commands/share/motor_commands/cmake/ament_cmake_export_libraries-extras.cmake\n'}
[20.279323] (motor_commands) StdoutLine: {'line': b'-- Installing: /home/csanimatronics/CS_Animatronics/install/motor_commands/share/motor_commands/cmake/ament_cmake_export_targets-extras.cmake\n'}
[20.279424] (motor_commands) StdoutLine: {'line': b'-- Installing: /home/csanimatronics/CS_Animatronics/install/motor_commands/share/motor_commands/cmake/rosidl_cmake_export_typesupport_targets-extras.cmake\n'}
[20.281003] (motor_commands) StdoutLine: {'line': b'-- Installing: /home/csanimatronics/CS_Animatronics/install/motor_commands/share/motor_commands/cmake/rosidl_cmake_export_typesupport_libraries-extras.cmake\n'}
[20.281369] (motor_commands) StdoutLine: {'line': b'-- Installing: /home/csanimatronics/CS_Animatronics/install/motor_commands/share/motor_commands/cmake/motor_commandsConfig.cmake\n'}
[20.281496] (motor_commands) StdoutLine: {'line': b'-- Installing: /home/csanimatronics/CS_Animatronics/install/motor_commands/share/motor_commands/cmake/motor_commandsConfig-version.cmake\n'}
[20.281611] (motor_commands) StdoutLine: {'line': b'-- Installing: /home/csanimatronics/CS_Animatronics/install/motor_commands/share/motor_commands/package.xml\n'}
[20.289098] (motor_commands) CommandEnded: {'returncode': 0}
[20.291507] (dynamixel_sdk_custom_interfaces) StdoutLine: {'line': b'[100%] \x1b[32m\x1b[1mLinking C shared module rosidl_generator_py/dynamixel_sdk_custom_interfaces/dynamixel_sdk_custom_interfaces_s__rosidl_typesupport_fastrtps_c.so\x1b[0m\n'}
[20.309257] (dynamixel_sdk_custom_interfaces) StdoutLine: {'line': b'[100%] Built target dynamixel_sdk_custom_interfaces_s__rosidl_typesupport_c\n'}
[20.312143] (-) TimerEvent: {}
[20.347562] (dynamixel_sdk_custom_interfaces) StdoutLine: {'line': b'[100%] Built target dynamixel_sdk_custom_interfaces_s__rosidl_typesupport_introspection_c\n'}
[20.351355] (motor_commands) JobEnded: {'identifier': 'motor_commands', 'rc': 0}
[20.352558] (motion_editor) JobStarted: {'identifier': 'motion_editor'}
[20.364806] (system_controller) JobStarted: {'identifier': 'system_controller'}
[20.385298] (dynamixel_sdk_custom_interfaces) StdoutLine: {'line': b'[100%] Built target dynamixel_sdk_custom_interfaces_s__rosidl_typesupport_fastrtps_c\n'}
[20.412263] (-) TimerEvent: {}
[20.512579] (-) TimerEvent: {}
[20.612953] (-) TimerEvent: {}
[20.713420] (-) TimerEvent: {}
[20.813780] (-) TimerEvent: {}
[20.914113] (-) TimerEvent: {}
[21.014432] (-) TimerEvent: {}
[21.108235] (dynamixel_sdk_custom_interfaces) CommandEnded: {'returncode': 0}
[21.109126] (dynamixel_sdk_custom_interfaces) JobProgress: {'identifier': 'dynamixel_sdk_custom_interfaces', 'progress': 'install'}
[21.110630] (dynamixel_sdk_custom_interfaces) Command: {'cmd': ['/usr/bin/cmake', '--install', '/home/csanimatronics/CS_Animatronics/build/dynamixel_sdk_custom_interfaces'], 'cwd': '/home/csanimatronics/CS_Animatronics/build/dynamixel_sdk_custom_interfaces', 'env': OrderedDict({'LESSOPEN': '| /usr/bin/lesspipe %s', 'USER': 'csanimatronics', 'XDG_SESSION_TYPE': 'wayland', 'SHLVL': '1', 'LD_LIBRARY_PATH': '/opt/ros/jazzy/opt/rviz_ogre_vendor/lib:/opt/ros/jazzy/lib/aarch64-linux-gnu:/opt/ros/jazzy/opt/gz_math_vendor/lib:/opt/ros/jazzy/opt/gz_utils_vendor/lib:/opt/ros/jazzy/opt/gz_cmake_vendor/lib:/opt/ros/jazzy/lib', 'HOME': '/home/csanimatronics', 'OLDPWD': '/home/csanimatronics', 'DESKTOP_SESSION': 'ubuntu', 'ROS_PYTHON_VERSION': '3', 'GNOME_SHELL_SESSION_MODE': 'ubuntu', 'GTK_MODULES': 'gail:atk-bridge', 'SYSTEMD_EXEC_PID': '1641', 'GSM_SKIP_SSH_AGENT_WORKAROUND': 'true', 'DBUS_SESSION_BUS_ADDRESS': 'unix:path=/run/user/1002/bus', 'COLORTERM': 'truecolor', 'DEBUGINFOD_URLS': 'https://debuginfod.ubuntu.com', 'IM_CONFIG_PHASE': '1', 'WAYLAND_DISPLAY': 'wayland-0', 'ROS_DISTRO': 'jazzy', 'LOGNAME': 'csanimatronics', '_': '/usr/bin/colcon', 'ROS_VERSION': '2', 'MEMORY_PRESSURE_WATCH': '/sys/fs/cgroup/user.slice/user-1002.slice/user@1002.service/session.slice/org.gnome.Shell@wayland.service/memory.pressure', 'XDG_SESSION_CLASS': 'user', 'USERNAME': 'csanimatronics', 'TERM': 'xterm-256color', 'GNOME_DESKTOP_SESSION_ID': 'this-is-deprecated', 'PATH': '/opt/ros/jazzy/bin:/usr/local/sbin:/usr/local/bin:/usr/sbin:/usr/bin:/sbin:/bin:/usr/games:/usr/local/games:/snap/bin:/snap/bin', 'SESSION_MANAGER': 'local/csanimatronics-desktop:@/tmp/.ICE-unix/1612,unix/csanimatronics-desktop:/tmp/.ICE-unix/1612', 'XDG_MENU_PREFIX': 'gnome-', 'GNOME_TERMINAL_SCREEN': '/org/gnome/Terminal/screen/2db2f0e4_c9a9_49e6_96a7_b97ace714f34', 'GNOME_SETUP_DISPLAY': ':1', 'XDG_RUNTIME_DIR': '/run/user/1002', 'DISPLAY': ':0', 'LANG': 'C.UTF-8', 'XDG_CURRENT_DESKTOP': 'ubuntu:GNOME', 'XMODIFIERS': '@im=ibus', 'XDG_SESSION_DESKTOP': 'ubuntu', 'XAUTHORITY': '/run/user/1002/.mutter-Xwaylandauth.N7O212', 'LS_COLORS': 'rs=0:di=01;34:ln=01;36:mh=00:pi=40;33:so=01;35:do=01;35:bd=40;33;01:cd=40;33;01:or=40;31;01:mi=00:su=37;41:sg=30;43:ca=00:tw=30;42:ow=34;42:st=37;44:ex=01;32:*.tar=01;31:*.tgz=01;31:*.arc=01;31:*.arj=01;31:*.taz=01;31:*.lha=01;31:*.lz4=01;31:*.lzh=01;31:*.lzma=01;31:*.tlz=01;31:*.txz=01;31:*.tzo=01;31:*.t7z=01;31:*.zip=01;31:*.z=01;31:*.dz=01;31:*.gz=01;31:*.lrz=01;31:*.lz=01;31:*.lzo=01;31:*.xz=01;31:*.zst=01;31:*.tzst=01;31:*.bz2=01;31:*.bz=01;31:*.tbz=01;31:*.tbz2=01;31:*.tz=01;31:*.deb=01;31:*.rpm=01;31:*.jar=01;31:*.war=01;31:*.ear=01;31:*.sar=01;31:*.rar=01;31:*.alz=01;31:*.ace=01;31:*.zoo=01;31:*.cpio=01;31:*.7z=01;31:*.rz=01;31:*.cab=01;31:*.wim=01;31:*.swm=01;31:*.dwm=01;31:*.esd=01;31:*.avif=01;35:*.jpg=01;35:*.jpeg=01;35:*.mjpg=01;35:*.mjpeg=01;35:*.gif=01;35:*.bmp=01;35:*.pbm=01;35:*.pgm=01;35:*.ppm=01;35:*.tga=01;35:*.xbm=01;35:*.xpm=01;35:*.tif=01;35:*.tiff=01;35:*.png=01;35:*.svg=01;35:*.svgz=01;35:*.mng=01;35:*.pcx=01;35:*.mov=01;35:*.mpg=01;35:*.mpeg=01;35:*.m2v=01;35:*.mkv=01;35:*.webm=01;35:*.webp=01;35:*.ogm=01;35:*.mp4=01;35:*.m4v=01;35:*.mp4v=01;35:*.vob=01;35:*.qt=01;35:*.nuv=01;35:*.wmv=01;35:*.asf=01;35:*.rm=01;35:*.rmvb=01;35:*.flc=01;35:*.avi=01;35:*.fli=01;35:*.flv=01;35:*.gl=01;35:*.dl=01;35:*.xcf=01;35:*.xwd=01;35:*.yuv=01;35:*.cgm=01;35:*.emf=01;35:*.ogv=01;35:*.ogx=01;35:*.aac=00;36:*.au=00;36:*.flac=00;36:*.m4a=00;36:*.mid=00;36:*.midi=00;36:*.mka=00;36:*.mp3=00;36:*.mpc=00;36:*.ogg=00;36:*.ra=00;36:*.wav=00;36:*.oga=00;36:*.opus=00;36:*.spx=00;36:*.xspf=00;36:*~=00;90:*#=00;90:*.bak=00;90:*.crdownload=00;90:*.dpkg-dist=00;90:*.dpkg-new=00;90:*.dpkg-old=00;90:*.dpkg-tmp=00;90:*.old=00;90:*.orig=00;90:*.part=00;90:*.rej=00;90:*.rpmnew=00;90:*.rpmorig=00;90:*.rpmsave=00;90:*.swp=00;90:*.tmp=00;90:*.ucf-dist=00;90:*.ucf-new=00;90:*.ucf-old=00;90:', 'GNOME_TERMINAL_SERVICE': ':1.103', 'SSH_AUTH_SOCK': '/run/user/1002/keyring/ssh', 'AMENT_PREFIX_PATH': '/opt/ros/jazzy', 'SHELL': '/bin/bash', 'QT_ACCESSIBILITY': '1', 'GDMSESSION': 'ubuntu', 'LESSCLOSE': '/usr/bin/lesspipe %s %s', 'ROS_AUTOMATIC_DISCOVERY_RANGE': 'SUBNET', 'QT_IM_MODULE': 'ibus', 'PWD': '/home/csanimatronics/CS_Animatronics/build/dynamixel_sdk_custom_interfaces', 'XDG_CONFIG_DIRS': '/etc/xdg/xdg-ubuntu:/etc/xdg', 'XDG_DATA_DIRS': '/usr/share/ubuntu:/usr/share/gnome:/usr/local/share/:/usr/share/:/var/lib/snapd/desktop', 'PYTHONPATH': '/opt/ros/jazzy/lib/python3.12/site-packages', 'COLCON': '1', 'MEMORY_PRESSURE_WRITE': 'c29tZSAyMDAwMDAgMjAwMDAwMAA=', 'VTE_VERSION': '7600', 'CMAKE_PREFIX_PATH': '/opt/ros/jazzy/opt/gz_math_vendor:/opt/ros/jazzy/opt/gz_utils_vendor:/opt/ros/jazzy/opt/gz_cmake_vendor:/opt/ros/jazzy'}), 'shell': False}
[21.114664] (-) TimerEvent: {}
[21.133762] (dynamixel_sdk_custom_interfaces) StdoutLine: {'line': b'-- Install configuration: ""\n'}
[21.134165] (dynamixel_sdk_custom_interfaces) StdoutLine: {'line': b'-- Installing: /home/csanimatronics/CS_Animatronics/install/dynamixel_sdk_custom_interfaces/share/ament_index/resource_index/rosidl_interfaces/dynamixel_sdk_custom_interfaces\n'}
[21.134555] (dynamixel_sdk_custom_interfaces) StdoutLine: {'line': b'-- Installing: /home/csanimatronics/CS_Animatronics/install/dynamixel_sdk_custom_interfaces/share/dynamixel_sdk_custom_interfaces/msg/SetPosition.json\n'}
[21.134877] (dynamixel_sdk_custom_interfaces) StdoutLine: {'line': b'-- Installing: /home/csanimatronics/CS_Animatronics/install/dynamixel_sdk_custom_interfaces/share/dynamixel_sdk_custom_interfaces/srv/GetPosition.json\n'}
[21.135187] (dynamixel_sdk_custom_interfaces) StdoutLine: {'line': b'-- Installing: /home/csanimatronics/CS_Animatronics/install/dynamixel_sdk_custom_interfaces/include/dynamixel_sdk_custom_interfaces/dynamixel_sdk_custom_interfaces\n'}
[21.135442] (dynamixel_sdk_custom_interfaces) StdoutLine: {'line': b'-- Installing: /home/csanimatronics/CS_Animatronics/install/dynamixel_sdk_custom_interfaces/include/dynamixel_sdk_custom_interfaces/dynamixel_sdk_custom_interfaces/srv\n'}
[21.135655] (dynamixel_sdk_custom_interfaces) StdoutLine: {'line': b'-- Installing: /home/csanimatronics/CS_Animatronics/install/dynamixel_sdk_custom_interfaces/include/dynamixel_sdk_custom_interfaces/dynamixel_sdk_custom_interfaces/srv/detail\n'}
[21.135798] (dynamixel_sdk_custom_interfaces) StdoutLine: {'line': b'-- Installing: /home/csanimatronics/CS_Animatronics/install/dynamixel_sdk_custom_interfaces/include/dynamixel_sdk_custom_interfaces/dynamixel_sdk_custom_interfaces/srv/detail/get_position__description.c\n'}
[21.135971] (dynamixel_sdk_custom_interfaces) StdoutLine: {'line': b'-- Installing: /home/csanimatronics/CS_Animatronics/install/dynamixel_sdk_custom_interfaces/include/dynamixel_sdk_custom_interfaces/dynamixel_sdk_custom_interfaces/srv/detail/get_position__functions.c\n'}
[21.136215] (dynamixel_sdk_custom_interfaces) StdoutLine: {'line': b'-- Installing: /home/csanimatronics/CS_Animatronics/install/dynamixel_sdk_custom_interfaces/include/dynamixel_sdk_custom_interfaces/dynamixel_sdk_custom_interfaces/srv/detail/get_position__struct.h\n'}
[21.136435] (dynamixel_sdk_custom_interfaces) StdoutLine: {'line': b'-- Installing: /home/csanimatronics/CS_Animatronics/install/dynamixel_sdk_custom_interfaces/include/dynamixel_sdk_custom_interfaces/dynamixel_sdk_custom_interfaces/srv/detail/get_position__type_support.c\n'}
[21.136584] (dynamixel_sdk_custom_interfaces) StdoutLine: {'line': b'-- Installing: /home/csanimatronics/CS_Animatronics/install/dynamixel_sdk_custom_interfaces/include/dynamixel_sdk_custom_interfaces/dynamixel_sdk_custom_interfaces/srv/detail/get_position__functions.h\n'}
[21.136751] (dynamixel_sdk_custom_interfaces) StdoutLine: {'line': b'-- Installing: /home/csanimatronics/CS_Animatronics/install/dynamixel_sdk_custom_interfaces/include/dynamixel_sdk_custom_interfaces/dynamixel_sdk_custom_interfaces/srv/detail/get_position__type_support.h\n'}
[21.136920] (dynamixel_sdk_custom_interfaces) StdoutLine: {'line': b'-- Installing: /home/csanimatronics/CS_Animatronics/install/dynamixel_sdk_custom_interfaces/include/dynamixel_sdk_custom_interfaces/dynamixel_sdk_custom_interfaces/srv/get_position.h\n'}
[21.137126] (dynamixel_sdk_custom_interfaces) StdoutLine: {'line': b'-- Installing: /home/csanimatronics/CS_Animatronics/install/dynamixel_sdk_custom_interfaces/include/dynamixel_sdk_custom_interfaces/dynamixel_sdk_custom_interfaces/msg\n'}
[21.137287] (dynamixel_sdk_custom_interfaces) StdoutLine: {'line': b'-- Installing: /home/csanimatronics/CS_Animatronics/install/dynamixel_sdk_custom_interfaces/include/dynamixel_sdk_custom_interfaces/dynamixel_sdk_custom_interfaces/msg/rosidl_generator_c__visibility_control.h\n'}
[21.137509] (dynamixel_sdk_custom_interfaces) StdoutLine: {'line': b'-- Installing: /home/csanimatronics/CS_Animatronics/install/dynamixel_sdk_custom_interfaces/include/dynamixel_sdk_custom_interfaces/dynamixel_sdk_custom_interfaces/msg/detail\n'}
[21.137617] (dynamixel_sdk_custom_interfaces) StdoutLine: {'line': b'-- Installing: /home/csanimatronics/CS_Animatronics/install/dynamixel_sdk_custom_interfaces/include/dynamixel_sdk_custom_interfaces/dynamixel_sdk_custom_interfaces/msg/detail/set_position__description.c\n'}
[21.137795] (dynamixel_sdk_custom_interfaces) StdoutLine: {'line': b'-- Installing: /home/csanimatronics/CS_Animatronics/install/dynamixel_sdk_custom_interfaces/include/dynamixel_sdk_custom_interfaces/dynamixel_sdk_custom_interfaces/msg/detail/set_position__type_support.h\n'}
[21.137982] (dynamixel_sdk_custom_interfaces) StdoutLine: {'line': b'-- Installing: /home/csanimatronics/CS_Animatronics/install/dynamixel_sdk_custom_interfaces/include/dynamixel_sdk_custom_interfaces/dynamixel_sdk_custom_interfaces/msg/detail/set_position__functions.c\n'}
[21.138200] (dynamixel_sdk_custom_interfaces) StdoutLine: {'line': b'-- Installing: /home/csanimatronics/CS_Animatronics/install/dynamixel_sdk_custom_interfaces/include/dynamixel_sdk_custom_interfaces/dynamixel_sdk_custom_interfaces/msg/detail/set_position__functions.h\n'}
[21.138398] (dynamixel_sdk_custom_interfaces) StdoutLine: {'line': b'-- Installing: /home/csanimatronics/CS_Animatronics/install/dynamixel_sdk_custom_interfaces/include/dynamixel_sdk_custom_interfaces/dynamixel_sdk_custom_interfaces/msg/detail/set_position__type_support.c\n'}
[21.138558] (dynamixel_sdk_custom_interfaces) StdoutLine: {'line': b'-- Installing: /home/csanimatronics/CS_Animatronics/install/dynamixel_sdk_custom_interfaces/include/dynamixel_sdk_custom_interfaces/dynamixel_sdk_custom_interfaces/msg/detail/set_position__struct.h\n'}
[21.138729] (dynamixel_sdk_custom_interfaces) StdoutLine: {'line': b'-- Installing: /home/csanimatronics/CS_Animatronics/install/dynamixel_sdk_custom_interfaces/include/dynamixel_sdk_custom_interfaces/dynamixel_sdk_custom_interfaces/msg/set_position.h\n'}
[21.139060] (dynamixel_sdk_custom_interfaces) StdoutLine: {'line': b'-- Installing: /home/csanimatronics/CS_Animatronics/install/dynamixel_sdk_custom_interfaces/share/dynamixel_sdk_custom_interfaces/environment/library_path.sh\n'}
[21.139291] (dynamixel_sdk_custom_interfaces) StdoutLine: {'line': b'-- Installing: /home/csanimatronics/CS_Animatronics/install/dynamixel_sdk_custom_interfaces/share/dynamixel_sdk_custom_interfaces/environment/library_path.dsv\n'}
[21.139643] (dynamixel_sdk_custom_interfaces) StdoutLine: {'line': b'-- Installing: /home/csanimatronics/CS_Animatronics/install/dynamixel_sdk_custom_interfaces/lib/libdynamixel_sdk_custom_interfaces__rosidl_generator_c.so\n'}
[21.140463] (dynamixel_sdk_custom_interfaces) StdoutLine: {'line': b'-- Set non-toolchain portion of runtime path of "/home/csanimatronics/CS_Animatronics/install/dynamixel_sdk_custom_interfaces/lib/libdynamixel_sdk_custom_interfaces__rosidl_generator_c.so" to ""\n'}
[21.140719] (dynamixel_sdk_custom_interfaces) StdoutLine: {'line': b'-- Up-to-date: /home/csanimatronics/CS_Animatronics/install/dynamixel_sdk_custom_interfaces/include/dynamixel_sdk_custom_interfaces/dynamixel_sdk_custom_interfaces\n'}
[21.140844] (dynamixel_sdk_custom_interfaces) StdoutLine: {'line': b'-- Up-to-date: /home/csanimatronics/CS_Animatronics/install/dynamixel_sdk_custom_interfaces/include/dynamixel_sdk_custom_interfaces/dynamixel_sdk_custom_interfaces/srv\n'}
[21.141058] (dynamixel_sdk_custom_interfaces) StdoutLine: {'line': b'-- Up-to-date: /home/csanimatronics/CS_Animatronics/install/dynamixel_sdk_custom_interfaces/include/dynamixel_sdk_custom_interfaces/dynamixel_sdk_custom_interfaces/srv/detail\n'}
[21.141281] (dynamixel_sdk_custom_interfaces) StdoutLine: {'line': b'-- Installing: /home/csanimatronics/CS_Animatronics/install/dynamixel_sdk_custom_interfaces/include/dynamixel_sdk_custom_interfaces/dynamixel_sdk_custom_interfaces/srv/detail/get_position__rosidl_typesupport_fastrtps_c.h\n'}
[21.141485] (dynamixel_sdk_custom_interfaces) StdoutLine: {'line': b'-- Up-to-date: /home/csanimatronics/CS_Animatronics/install/dynamixel_sdk_custom_interfaces/include/dynamixel_sdk_custom_interfaces/dynamixel_sdk_custom_interfaces/msg\n'}
[21.141601] (dynamixel_sdk_custom_interfaces) StdoutLine: {'line': b'-- Installing: /home/csanimatronics/CS_Animatronics/install/dynamixel_sdk_custom_interfaces/include/dynamixel_sdk_custom_interfaces/dynamixel_sdk_custom_interfaces/msg/rosidl_typesupport_fastrtps_c__visibility_control.h\n'}
[21.141810] (dynamixel_sdk_custom_interfaces) StdoutLine: {'line': b'-- Up-to-date: /home/csanimatronics/CS_Animatronics/install/dynamixel_sdk_custom_interfaces/include/dynamixel_sdk_custom_interfaces/dynamixel_sdk_custom_interfaces/msg/detail\n'}
[21.141941] (dynamixel_sdk_custom_interfaces) StdoutLine: {'line': b'-- Installing: /home/csanimatronics/CS_Animatronics/install/dynamixel_sdk_custom_interfaces/include/dynamixel_sdk_custom_interfaces/dynamixel_sdk_custom_interfaces/msg/detail/set_position__rosidl_typesupport_fastrtps_c.h\n'}
[21.142088] (dynamixel_sdk_custom_interfaces) StdoutLine: {'line': b'-- Installing: /home/csanimatronics/CS_Animatronics/install/dynamixel_sdk_custom_interfaces/lib/libdynamixel_sdk_custom_interfaces__rosidl_typesupport_fastrtps_c.so\n'}
[21.142471] (dynamixel_sdk_custom_interfaces) StdoutLine: {'line': b'-- Set non-toolchain portion of runtime path of "/home/csanimatronics/CS_Animatronics/install/dynamixel_sdk_custom_interfaces/lib/libdynamixel_sdk_custom_interfaces__rosidl_typesupport_fastrtps_c.so" to ""\n'}
[21.142708] (dynamixel_sdk_custom_interfaces) StdoutLine: {'line': b'-- Up-to-date: /home/csanimatronics/CS_Animatronics/install/dynamixel_sdk_custom_interfaces/include/dynamixel_sdk_custom_interfaces/dynamixel_sdk_custom_interfaces\n'}
[21.142838] (dynamixel_sdk_custom_interfaces) StdoutLine: {'line': b'-- Up-to-date: /home/csanimatronics/CS_Animatronics/install/dynamixel_sdk_custom_interfaces/include/dynamixel_sdk_custom_interfaces/dynamixel_sdk_custom_interfaces/srv\n'}
[21.143114] (dynamixel_sdk_custom_interfaces) StdoutLine: {'line': b'-- Installing: /home/csanimatronics/CS_Animatronics/install/dynamixel_sdk_custom_interfaces/include/dynamixel_sdk_custom_interfaces/dynamixel_sdk_custom_interfaces/srv/get_position.hpp\n'}
[21.143622] (dynamixel_sdk_custom_interfaces) StdoutLine: {'line': b'-- Up-to-date: /home/csanimatronics/CS_Animatronics/install/dynamixel_sdk_custom_interfaces/include/dynamixel_sdk_custom_interfaces/dynamixel_sdk_custom_interfaces/srv/detail\n'}
[21.144149] (dynamixel_sdk_custom_interfaces) StdoutLine: {'line': b'-- Installing: /home/csanimatronics/CS_Animatronics/install/dynamixel_sdk_custom_interfaces/include/dynamixel_sdk_custom_interfaces/dynamixel_sdk_custom_interfaces/srv/detail/get_position__traits.hpp\n'}
[21.144368] (dynamixel_sdk_custom_interfaces) StdoutLine: {'line': b'-- Installing: /home/csanimatronics/CS_Animatronics/install/dynamixel_sdk_custom_interfaces/include/dynamixel_sdk_custom_interfaces/dynamixel_sdk_custom_interfaces/srv/detail/get_position__struct.hpp\n'}
[21.144478] (dynamixel_sdk_custom_interfaces) StdoutLine: {'line': b'-- Installing: /home/csanimatronics/CS_Animatronics/install/dynamixel_sdk_custom_interfaces/include/dynamixel_sdk_custom_interfaces/dynamixel_sdk_custom_interfaces/srv/detail/get_position__builder.hpp\n'}
[21.144654] (dynamixel_sdk_custom_interfaces) StdoutLine: {'line': b'-- Installing: /home/csanimatronics/CS_Animatronics/install/dynamixel_sdk_custom_interfaces/include/dynamixel_sdk_custom_interfaces/dynamixel_sdk_custom_interfaces/srv/detail/get_position__type_support.hpp\n'}
[21.144829] (dynamixel_sdk_custom_interfaces) StdoutLine: {'line': b'-- Up-to-date: /home/csanimatronics/CS_Animatronics/install/dynamixel_sdk_custom_interfaces/include/dynamixel_sdk_custom_interfaces/dynamixel_sdk_custom_interfaces/msg\n'}
[21.144993] (dynamixel_sdk_custom_interfaces) StdoutLine: {'line': b'-- Up-to-date: /home/csanimatronics/CS_Animatronics/install/dynamixel_sdk_custom_interfaces/include/dynamixel_sdk_custom_interfaces/dynamixel_sdk_custom_interfaces/msg/detail\n'}
[21.145129] (dynamixel_sdk_custom_interfaces) StdoutLine: {'line': b'-- Installing: /home/csanimatronics/CS_Animatronics/install/dynamixel_sdk_custom_interfaces/include/dynamixel_sdk_custom_interfaces/dynamixel_sdk_custom_interfaces/msg/detail/set_position__type_support.hpp\n'}
[21.145370] (dynamixel_sdk_custom_interfaces) StdoutLine: {'line': b'-- Installing: /home/csanimatronics/CS_Animatronics/install/dynamixel_sdk_custom_interfaces/include/dynamixel_sdk_custom_interfaces/dynamixel_sdk_custom_interfaces/msg/detail/set_position__builder.hpp\n'}
[21.145558] (dynamixel_sdk_custom_interfaces) StdoutLine: {'line': b'-- Installing: /home/csanimatronics/CS_Animatronics/install/dynamixel_sdk_custom_interfaces/include/dynamixel_sdk_custom_interfaces/dynamixel_sdk_custom_interfaces/msg/detail/set_position__struct.hpp\n'}
[21.145668] (dynamixel_sdk_custom_interfaces) StdoutLine: {'line': b'-- Installing: /home/csanimatronics/CS_Animatronics/install/dynamixel_sdk_custom_interfaces/include/dynamixel_sdk_custom_interfaces/dynamixel_sdk_custom_interfaces/msg/detail/set_position__traits.hpp\n'}
[21.145864] (dynamixel_sdk_custom_interfaces) StdoutLine: {'line': b'-- Installing: /home/csanimatronics/CS_Animatronics/install/dynamixel_sdk_custom_interfaces/include/dynamixel_sdk_custom_interfaces/dynamixel_sdk_custom_interfaces/msg/rosidl_generator_cpp__visibility_control.hpp\n'}
[21.146142] (dynamixel_sdk_custom_interfaces) StdoutLine: {'line': b'-- Installing: /home/csanimatronics/CS_Animatronics/install/dynamixel_sdk_custom_interfaces/include/dynamixel_sdk_custom_interfaces/dynamixel_sdk_custom_interfaces/msg/set_position.hpp\n'}
[21.146286] (dynamixel_sdk_custom_interfaces) StdoutLine: {'line': b'-- Up-to-date: /home/csanimatronics/CS_Animatronics/install/dynamixel_sdk_custom_interfaces/include/dynamixel_sdk_custom_interfaces/dynamixel_sdk_custom_interfaces\n'}
[21.146471] (dynamixel_sdk_custom_interfaces) StdoutLine: {'line': b'-- Up-to-date: /home/csanimatronics/CS_Animatronics/install/dynamixel_sdk_custom_interfaces/include/dynamixel_sdk_custom_interfaces/dynamixel_sdk_custom_interfaces/srv\n'}
[21.146646] (dynamixel_sdk_custom_interfaces) StdoutLine: {'line': b'-- Up-to-date: /home/csanimatronics/CS_Animatronics/install/dynamixel_sdk_custom_interfaces/include/dynamixel_sdk_custom_interfaces/dynamixel_sdk_custom_interfaces/srv/detail\n'}
[21.146770] (dynamixel_sdk_custom_interfaces) StdoutLine: {'line': b'-- Installing: /home/csanimatronics/CS_Animatronics/install/dynamixel_sdk_custom_interfaces/include/dynamixel_sdk_custom_interfaces/dynamixel_sdk_custom_interfaces/srv/detail/dds_fastrtps\n'}
[21.146887] (dynamixel_sdk_custom_interfaces) StdoutLine: {'line': b'-- Installing: /home/csanimatronics/CS_Animatronics/install/dynamixel_sdk_custom_interfaces/include/dynamixel_sdk_custom_interfaces/dynamixel_sdk_custom_interfaces/srv/detail/get_position__rosidl_typesupport_fastrtps_cpp.hpp\n'}
[21.147005] (dynamixel_sdk_custom_interfaces) StdoutLine: {'line': b'-- Up-to-date: /home/csanimatronics/CS_Animatronics/install/dynamixel_sdk_custom_interfaces/include/dynamixel_sdk_custom_interfaces/dynamixel_sdk_custom_interfaces/msg\n'}
[21.147153] (dynamixel_sdk_custom_interfaces) StdoutLine: {'line': b'-- Up-to-date: /home/csanimatronics/CS_Animatronics/install/dynamixel_sdk_custom_interfaces/include/dynamixel_sdk_custom_interfaces/dynamixel_sdk_custom_interfaces/msg/detail\n'}
[21.147277] (dynamixel_sdk_custom_interfaces) StdoutLine: {'line': b'-- Installing: /home/csanimatronics/CS_Animatronics/install/dynamixel_sdk_custom_interfaces/include/dynamixel_sdk_custom_interfaces/dynamixel_sdk_custom_interfaces/msg/detail/dds_fastrtps\n'}
[21.147384] (dynamixel_sdk_custom_interfaces) StdoutLine: {'line': b'-- Installing: /home/csanimatronics/CS_Animatronics/install/dynamixel_sdk_custom_interfaces/include/dynamixel_sdk_custom_interfaces/dynamixel_sdk_custom_interfaces/msg/detail/set_position__rosidl_typesupport_fastrtps_cpp.hpp\n'}
[21.147488] (dynamixel_sdk_custom_interfaces) StdoutLine: {'line': b'-- Installing: /home/csanimatronics/CS_Animatronics/install/dynamixel_sdk_custom_interfaces/include/dynamixel_sdk_custom_interfaces/dynamixel_sdk_custom_interfaces/msg/rosidl_typesupport_fastrtps_cpp__visibility_control.h\n'}
[21.147695] (dynamixel_sdk_custom_interfaces) StdoutLine: {'line': b'-- Installing: /home/csanimatronics/CS_Animatronics/install/dynamixel_sdk_custom_interfaces/lib/libdynamixel_sdk_custom_interfaces__rosidl_typesupport_fastrtps_cpp.so\n'}
[21.147891] (dynamixel_sdk_custom_interfaces) StdoutLine: {'line': b'-- Set non-toolchain portion of runtime path of "/home/csanimatronics/CS_Animatronics/install/dynamixel_sdk_custom_interfaces/lib/libdynamixel_sdk_custom_interfaces__rosidl_typesupport_fastrtps_cpp.so" to ""\n'}
[21.148002] (dynamixel_sdk_custom_interfaces) StdoutLine: {'line': b'-- Up-to-date: /home/csanimatronics/CS_Animatronics/install/dynamixel_sdk_custom_interfaces/include/dynamixel_sdk_custom_interfaces/dynamixel_sdk_custom_interfaces\n'}
[21.148218] (dynamixel_sdk_custom_interfaces) StdoutLine: {'line': b'-- Up-to-date: /home/csanimatronics/CS_Animatronics/install/dynamixel_sdk_custom_interfaces/include/dynamixel_sdk_custom_interfaces/dynamixel_sdk_custom_interfaces/srv\n'}
[21.148350] (dynamixel_sdk_custom_interfaces) StdoutLine: {'line': b'-- Up-to-date: /home/csanimatronics/CS_Animatronics/install/dynamixel_sdk_custom_interfaces/include/dynamixel_sdk_custom_interfaces/dynamixel_sdk_custom_interfaces/srv/detail\n'}
[21.148605] (dynamixel_sdk_custom_interfaces) StdoutLine: {'line': b'-- Installing: /home/csanimatronics/CS_Animatronics/install/dynamixel_sdk_custom_interfaces/include/dynamixel_sdk_custom_interfaces/dynamixel_sdk_custom_interfaces/srv/detail/get_position__rosidl_typesupport_introspection_c.h\n'}
[21.148738] (dynamixel_sdk_custom_interfaces) StdoutLine: {'line': b'-- Installing: /home/csanimatronics/CS_Animatronics/install/dynamixel_sdk_custom_interfaces/include/dynamixel_sdk_custom_interfaces/dynamixel_sdk_custom_interfaces/srv/detail/get_position__type_support.c\n'}
[21.148915] (dynamixel_sdk_custom_interfaces) StdoutLine: {'line': b'-- Up-to-date: /home/csanimatronics/CS_Animatronics/install/dynamixel_sdk_custom_interfaces/include/dynamixel_sdk_custom_interfaces/dynamixel_sdk_custom_interfaces/msg\n'}
[21.149142] (dynamixel_sdk_custom_interfaces) StdoutLine: {'line': b'-- Up-to-date: /home/csanimatronics/CS_Animatronics/install/dynamixel_sdk_custom_interfaces/include/dynamixel_sdk_custom_interfaces/dynamixel_sdk_custom_interfaces/msg/detail\n'}
[21.149253] (dynamixel_sdk_custom_interfaces) StdoutLine: {'line': b'-- Installing: /home/csanimatronics/CS_Animatronics/install/dynamixel_sdk_custom_interfaces/include/dynamixel_sdk_custom_interfaces/dynamixel_sdk_custom_interfaces/msg/detail/set_position__rosidl_typesupport_introspection_c.h\n'}
[21.149379] (dynamixel_sdk_custom_interfaces) StdoutLine: {'line': b'-- Installing: /home/csanimatronics/CS_Animatronics/install/dynamixel_sdk_custom_interfaces/include/dynamixel_sdk_custom_interfaces/dynamixel_sdk_custom_interfaces/msg/detail/set_position__type_support.c\n'}
[21.149504] (dynamixel_sdk_custom_interfaces) StdoutLine: {'line': b'-- Installing: /home/csanimatronics/CS_Animatronics/install/dynamixel_sdk_custom_interfaces/include/dynamixel_sdk_custom_interfaces/dynamixel_sdk_custom_interfaces/msg/rosidl_typesupport_introspection_c__visibility_control.h\n'}
[21.149666] (dynamixel_sdk_custom_interfaces) StdoutLine: {'line': b'-- Installing: /home/csanimatronics/CS_Animatronics/install/dynamixel_sdk_custom_interfaces/lib/libdynamixel_sdk_custom_interfaces__rosidl_typesupport_introspection_c.so\n'}
[21.150075] (dynamixel_sdk_custom_interfaces) StdoutLine: {'line': b'-- Set non-toolchain portion of runtime path of "/home/csanimatronics/CS_Animatronics/install/dynamixel_sdk_custom_interfaces/lib/libdynamixel_sdk_custom_interfaces__rosidl_typesupport_introspection_c.so" to ""\n'}
[21.150319] (dynamixel_sdk_custom_interfaces) StdoutLine: {'line': b'-- Installing: /home/csanimatronics/CS_Animatronics/install/dynamixel_sdk_custom_interfaces/lib/libdynamixel_sdk_custom_interfaces__rosidl_typesupport_c.so\n'}
[21.150888] (dynamixel_sdk_custom_interfaces) StdoutLine: {'line': b'-- Set non-toolchain portion of runtime path of "/home/csanimatronics/CS_Animatronics/install/dynamixel_sdk_custom_interfaces/lib/libdynamixel_sdk_custom_interfaces__rosidl_typesupport_c.so" to ""\n'}
[21.151134] (dynamixel_sdk_custom_interfaces) StdoutLine: {'line': b'-- Up-to-date: /home/csanimatronics/CS_Animatronics/install/dynamixel_sdk_custom_interfaces/include/dynamixel_sdk_custom_interfaces/dynamixel_sdk_custom_interfaces\n'}
[21.151292] (dynamixel_sdk_custom_interfaces) StdoutLine: {'line': b'-- Up-to-date: /home/csanimatronics/CS_Animatronics/install/dynamixel_sdk_custom_interfaces/include/dynamixel_sdk_custom_interfaces/dynamixel_sdk_custom_interfaces/srv\n'}
[21.151451] (dynamixel_sdk_custom_interfaces) StdoutLine: {'line': b'-- Up-to-date: /home/csanimatronics/CS_Animatronics/install/dynamixel_sdk_custom_interfaces/include/dynamixel_sdk_custom_interfaces/dynamixel_sdk_custom_interfaces/srv/detail\n'}
[21.151558] (dynamixel_sdk_custom_interfaces) StdoutLine: {'line': b'-- Installing: /home/csanimatronics/CS_Animatronics/install/dynamixel_sdk_custom_interfaces/include/dynamixel_sdk_custom_interfaces/dynamixel_sdk_custom_interfaces/srv/detail/get_position__rosidl_typesupport_introspection_cpp.hpp\n'}
[21.151795] (dynamixel_sdk_custom_interfaces) StdoutLine: {'line': b'-- Installing: /home/csanimatronics/CS_Animatronics/install/dynamixel_sdk_custom_interfaces/include/dynamixel_sdk_custom_interfaces/dynamixel_sdk_custom_interfaces/srv/detail/get_position__type_support.cpp\n'}
[21.151968] (dynamixel_sdk_custom_interfaces) StdoutLine: {'line': b'-- Up-to-date: /home/csanimatronics/CS_Animatronics/install/dynamixel_sdk_custom_interfaces/include/dynamixel_sdk_custom_interfaces/dynamixel_sdk_custom_interfaces/msg\n'}
[21.152103] (dynamixel_sdk_custom_interfaces) StdoutLine: {'line': b'-- Up-to-date: /home/csanimatronics/CS_Animatronics/install/dynamixel_sdk_custom_interfaces/include/dynamixel_sdk_custom_interfaces/dynamixel_sdk_custom_interfaces/msg/detail\n'}
[21.152301] (dynamixel_sdk_custom_interfaces) StdoutLine: {'line': b'-- Installing: /home/csanimatronics/CS_Animatronics/install/dynamixel_sdk_custom_interfaces/include/dynamixel_sdk_custom_interfaces/dynamixel_sdk_custom_interfaces/msg/detail/set_position__rosidl_typesupport_introspection_cpp.hpp\n'}
[21.152440] (dynamixel_sdk_custom_interfaces) StdoutLine: {'line': b'-- Installing: /home/csanimatronics/CS_Animatronics/install/dynamixel_sdk_custom_interfaces/include/dynamixel_sdk_custom_interfaces/dynamixel_sdk_custom_interfaces/msg/detail/set_position__type_support.cpp\n'}
[21.152575] (dynamixel_sdk_custom_interfaces) StdoutLine: {'line': b'-- Installing: /home/csanimatronics/CS_Animatronics/install/dynamixel_sdk_custom_interfaces/lib/libdynamixel_sdk_custom_interfaces__rosidl_typesupport_introspection_cpp.so\n'}
[21.153076] (dynamixel_sdk_custom_interfaces) StdoutLine: {'line': b'-- Set non-toolchain portion of runtime path of "/home/csanimatronics/CS_Animatronics/install/dynamixel_sdk_custom_interfaces/lib/libdynamixel_sdk_custom_interfaces__rosidl_typesupport_introspection_cpp.so" to ""\n'}
[21.153288] (dynamixel_sdk_custom_interfaces) StdoutLine: {'line': b'-- Installing: /home/csanimatronics/CS_Animatronics/install/dynamixel_sdk_custom_interfaces/lib/libdynamixel_sdk_custom_interfaces__rosidl_typesupport_cpp.so\n'}
[21.153975] (dynamixel_sdk_custom_interfaces) StdoutLine: {'line': b'-- Set non-toolchain portion of runtime path of "/home/csanimatronics/CS_Animatronics/install/dynamixel_sdk_custom_interfaces/lib/libdynamixel_sdk_custom_interfaces__rosidl_typesupport_cpp.so" to ""\n'}
[21.154260] (dynamixel_sdk_custom_interfaces) StdoutLine: {'line': b'-- Installing: /home/csanimatronics/CS_Animatronics/install/dynamixel_sdk_custom_interfaces/share/dynamixel_sdk_custom_interfaces/environment/pythonpath.sh\n'}
[21.154555] (dynamixel_sdk_custom_interfaces) StdoutLine: {'line': b'-- Installing: /home/csanimatronics/CS_Animatronics/install/dynamixel_sdk_custom_interfaces/share/dynamixel_sdk_custom_interfaces/environment/pythonpath.dsv\n'}
[21.154800] (dynamixel_sdk_custom_interfaces) StdoutLine: {'line': b'-- Installing: /home/csanimatronics/CS_Animatronics/install/dynamixel_sdk_custom_interfaces/lib/python3.12/site-packages/dynamixel_sdk_custom_interfaces-3.7.60-py3.12.egg-info\n'}
[21.155027] (dynamixel_sdk_custom_interfaces) StdoutLine: {'line': b'-- Installing: /home/csanimatronics/CS_Animatronics/install/dynamixel_sdk_custom_interfaces/lib/python3.12/site-packages/dynamixel_sdk_custom_interfaces-3.7.60-py3.12.egg-info/dependency_links.txt\n'}
[21.155269] (dynamixel_sdk_custom_interfaces) StdoutLine: {'line': b'-- Installing: /home/csanimatronics/CS_Animatronics/install/dynamixel_sdk_custom_interfaces/lib/python3.12/site-packages/dynamixel_sdk_custom_interfaces-3.7.60-py3.12.egg-info/PKG-INFO\n'}
[21.155431] (dynamixel_sdk_custom_interfaces) StdoutLine: {'line': b'-- Installing: /home/csanimatronics/CS_Animatronics/install/dynamixel_sdk_custom_interfaces/lib/python3.12/site-packages/dynamixel_sdk_custom_interfaces-3.7.60-py3.12.egg-info/top_level.txt\n'}
[21.155612] (dynamixel_sdk_custom_interfaces) StdoutLine: {'line': b'-- Installing: /home/csanimatronics/CS_Animatronics/install/dynamixel_sdk_custom_interfaces/lib/python3.12/site-packages/dynamixel_sdk_custom_interfaces-3.7.60-py3.12.egg-info/SOURCES.txt\n'}
[21.155860] (dynamixel_sdk_custom_interfaces) StdoutLine: {'line': b'-- Installing: /home/csanimatronics/CS_Animatronics/install/dynamixel_sdk_custom_interfaces/lib/python3.12/site-packages/dynamixel_sdk_custom_interfaces\n'}
[21.156055] (dynamixel_sdk_custom_interfaces) StdoutLine: {'line': b'-- Installing: /home/csanimatronics/CS_Animatronics/install/dynamixel_sdk_custom_interfaces/lib/python3.12/site-packages/dynamixel_sdk_custom_interfaces/dynamixel_sdk_custom_interfaces_s__rosidl_typesupport_fastrtps_c.so\n'}
[21.156412] (dynamixel_sdk_custom_interfaces) StdoutLine: {'line': b'-- Installing: /home/csanimatronics/CS_Animatronics/install/dynamixel_sdk_custom_interfaces/lib/python3.12/site-packages/dynamixel_sdk_custom_interfaces/_dynamixel_sdk_custom_interfaces_s.ep.rosidl_typesupport_introspection_c.c\n'}
[21.156619] (dynamixel_sdk_custom_interfaces) StdoutLine: {'line': b'-- Installing: /home/csanimatronics/CS_Animatronics/install/dynamixel_sdk_custom_interfaces/lib/python3.12/site-packages/dynamixel_sdk_custom_interfaces/_dynamixel_sdk_custom_interfaces_s.ep.rosidl_typesupport_fastrtps_c.c\n'}
[21.156820] (dynamixel_sdk_custom_interfaces) StdoutLine: {'line': b'-- Installing: /home/csanimatronics/CS_Animatronics/install/dynamixel_sdk_custom_interfaces/lib/python3.12/site-packages/dynamixel_sdk_custom_interfaces/srv\n'}
[21.156982] (dynamixel_sdk_custom_interfaces) StdoutLine: {'line': b'-- Installing: /home/csanimatronics/CS_Animatronics/install/dynamixel_sdk_custom_interfaces/lib/python3.12/site-packages/dynamixel_sdk_custom_interfaces/srv/_get_position.py\n'}
[21.157202] (dynamixel_sdk_custom_interfaces) StdoutLine: {'line': b'-- Installing: /home/csanimatronics/CS_Animatronics/install/dynamixel_sdk_custom_interfaces/lib/python3.12/site-packages/dynamixel_sdk_custom_interfaces/srv/_get_position_s.c\n'}
[21.157380] (dynamixel_sdk_custom_interfaces) StdoutLine: {'line': b'-- Installing: /home/csanimatronics/CS_Animatronics/install/dynamixel_sdk_custom_interfaces/lib/python3.12/site-packages/dynamixel_sdk_custom_interfaces/srv/__init__.py\n'}
[21.157540] (dynamixel_sdk_custom_interfaces) StdoutLine: {'line': b'-- Installing: /home/csanimatronics/CS_Animatronics/install/dynamixel_sdk_custom_interfaces/lib/python3.12/site-packages/dynamixel_sdk_custom_interfaces/_dynamixel_sdk_custom_interfaces_s.ep.rosidl_typesupport_c.c\n'}
[21.157741] (dynamixel_sdk_custom_interfaces) StdoutLine: {'line': b'-- Installing: /home/csanimatronics/CS_Animatronics/install/dynamixel_sdk_custom_interfaces/lib/python3.12/site-packages/dynamixel_sdk_custom_interfaces/dynamixel_sdk_custom_interfaces_s__rosidl_typesupport_c.so\n'}
[21.158097] (dynamixel_sdk_custom_interfaces) StdoutLine: {'line': b'-- Installing: /home/csanimatronics/CS_Animatronics/install/dynamixel_sdk_custom_interfaces/lib/python3.12/site-packages/dynamixel_sdk_custom_interfaces/__init__.py\n'}
[21.158276] (dynamixel_sdk_custom_interfaces) StdoutLine: {'line': b'-- Installing: /home/csanimatronics/CS_Animatronics/install/dynamixel_sdk_custom_interfaces/lib/python3.12/site-packages/dynamixel_sdk_custom_interfaces/msg\n'}
[21.158432] (dynamixel_sdk_custom_interfaces) StdoutLine: {'line': b'-- Installing: /home/csanimatronics/CS_Animatronics/install/dynamixel_sdk_custom_interfaces/lib/python3.12/site-packages/dynamixel_sdk_custom_interfaces/msg/_set_position_s.c\n'}
[21.158588] (dynamixel_sdk_custom_interfaces) StdoutLine: {'line': b'-- Installing: /home/csanimatronics/CS_Animatronics/install/dynamixel_sdk_custom_interfaces/lib/python3.12/site-packages/dynamixel_sdk_custom_interfaces/msg/_set_position.py\n'}
[21.158751] (dynamixel_sdk_custom_interfaces) StdoutLine: {'line': b'-- Installing: /home/csanimatronics/CS_Animatronics/install/dynamixel_sdk_custom_interfaces/lib/python3.12/site-packages/dynamixel_sdk_custom_interfaces/msg/__init__.py\n'}
[21.158967] (dynamixel_sdk_custom_interfaces) StdoutLine: {'line': b'-- Installing: /home/csanimatronics/CS_Animatronics/install/dynamixel_sdk_custom_interfaces/lib/python3.12/site-packages/dynamixel_sdk_custom_interfaces/dynamixel_sdk_custom_interfaces_s__rosidl_typesupport_introspection_c.so\n'}
[21.215185] (-) TimerEvent: {}
[21.239890] (dynamixel_sdk_custom_interfaces) StdoutLine: {'line': b"Listing '/home/csanimatronics/CS_Animatronics/install/dynamixel_sdk_custom_interfaces/lib/python3.12/site-packages/dynamixel_sdk_custom_interfaces'...\n"}
[21.240333] (dynamixel_sdk_custom_interfaces) StdoutLine: {'line': b"Compiling '/home/csanimatronics/CS_Animatronics/install/dynamixel_sdk_custom_interfaces/lib/python3.12/site-packages/dynamixel_sdk_custom_interfaces/__init__.py'...\n"}
[21.240511] (dynamixel_sdk_custom_interfaces) StdoutLine: {'line': b"Listing '/home/csanimatronics/CS_Animatronics/install/dynamixel_sdk_custom_interfaces/lib/python3.12/site-packages/dynamixel_sdk_custom_interfaces/msg'...\n"}
[21.240722] (dynamixel_sdk_custom_interfaces) StdoutLine: {'line': b"Compiling '/home/csanimatronics/CS_Animatronics/install/dynamixel_sdk_custom_interfaces/lib/python3.12/site-packages/dynamixel_sdk_custom_interfaces/msg/__init__.py'...\n"}
[21.240882] (dynamixel_sdk_custom_interfaces) StdoutLine: {'line': b"Compiling '/home/csanimatronics/CS_Animatronics/install/dynamixel_sdk_custom_interfaces/lib/python3.12/site-packages/dynamixel_sdk_custom_interfaces/msg/_set_position.py'...\n"}
[21.241006] (dynamixel_sdk_custom_interfaces) StdoutLine: {'line': b"Listing '/home/csanimatronics/CS_Animatronics/install/dynamixel_sdk_custom_interfaces/lib/python3.12/site-packages/dynamixel_sdk_custom_interfaces/srv'...\n"}
[21.241180] (dynamixel_sdk_custom_interfaces) StdoutLine: {'line': b"Compiling '/home/csanimatronics/CS_Animatronics/install/dynamixel_sdk_custom_interfaces/lib/python3.12/site-packages/dynamixel_sdk_custom_interfaces/srv/__init__.py'...\n"}
[21.241308] (dynamixel_sdk_custom_interfaces) StdoutLine: {'line': b"Compiling '/home/csanimatronics/CS_Animatronics/install/dynamixel_sdk_custom_interfaces/lib/python3.12/site-packages/dynamixel_sdk_custom_interfaces/srv/_get_position.py'...\n"}
[21.258997] (dynamixel_sdk_custom_interfaces) StdoutLine: {'line': b'-- Installing: /home/csanimatronics/CS_Animatronics/install/dynamixel_sdk_custom_interfaces/lib/python3.12/site-packages/dynamixel_sdk_custom_interfaces/dynamixel_sdk_custom_interfaces_s__rosidl_typesupport_fastrtps_c.so\n'}
[21.259739] (dynamixel_sdk_custom_interfaces) StdoutLine: {'line': b'-- Set non-toolchain portion of runtime path of "/home/csanimatronics/CS_Animatronics/install/dynamixel_sdk_custom_interfaces/lib/python3.12/site-packages/dynamixel_sdk_custom_interfaces/dynamixel_sdk_custom_interfaces_s__rosidl_typesupport_fastrtps_c.so" to ""\n'}
[21.260279] (dynamixel_sdk_custom_interfaces) StdoutLine: {'line': b'-- Installing: /home/csanimatronics/CS_Animatronics/install/dynamixel_sdk_custom_interfaces/lib/python3.12/site-packages/dynamixel_sdk_custom_interfaces/dynamixel_sdk_custom_interfaces_s__rosidl_typesupport_introspection_c.so\n'}
[21.261104] (dynamixel_sdk_custom_interfaces) StdoutLine: {'line': b'-- Set non-toolchain portion of runtime path of "/home/csanimatronics/CS_Animatronics/install/dynamixel_sdk_custom_interfaces/lib/python3.12/site-packages/dynamixel_sdk_custom_interfaces/dynamixel_sdk_custom_interfaces_s__rosidl_typesupport_introspection_c.so" to ""\n'}
[21.261626] (dynamixel_sdk_custom_interfaces) StdoutLine: {'line': b'-- Installing: /home/csanimatronics/CS_Animatronics/install/dynamixel_sdk_custom_interfaces/lib/python3.12/site-packages/dynamixel_sdk_custom_interfaces/dynamixel_sdk_custom_interfaces_s__rosidl_typesupport_c.so\n'}
[21.262330] (dynamixel_sdk_custom_interfaces) StdoutLine: {'line': b'-- Set non-toolchain portion of runtime path of "/home/csanimatronics/CS_Animatronics/install/dynamixel_sdk_custom_interfaces/lib/python3.12/site-packages/dynamixel_sdk_custom_interfaces/dynamixel_sdk_custom_interfaces_s__rosidl_typesupport_c.so" to ""\n'}
[21.262558] (dynamixel_sdk_custom_interfaces) StdoutLine: {'line': b'-- Installing: /home/csanimatronics/CS_Animatronics/install/dynamixel_sdk_custom_interfaces/lib/libdynamixel_sdk_custom_interfaces__rosidl_generator_py.so\n'}
[21.263215] (dynamixel_sdk_custom_interfaces) StdoutLine: {'line': b'-- Set non-toolchain portion of runtime path of "/home/csanimatronics/CS_Animatronics/install/dynamixel_sdk_custom_interfaces/lib/libdynamixel_sdk_custom_interfaces__rosidl_generator_py.so" to ""\n'}
[21.266234] (dynamixel_sdk_custom_interfaces) StdoutLine: {'line': b'-- Installing: /home/csanimatronics/CS_Animatronics/install/dynamixel_sdk_custom_interfaces/share/dynamixel_sdk_custom_interfaces/msg/SetPosition.idl\n'}
[21.266552] (dynamixel_sdk_custom_interfaces) StdoutLine: {'line': b'-- Installing: /home/csanimatronics/CS_Animatronics/install/dynamixel_sdk_custom_interfaces/share/dynamixel_sdk_custom_interfaces/srv/GetPosition.idl\n'}
[21.266713] (dynamixel_sdk_custom_interfaces) StdoutLine: {'line': b'-- Installing: /home/csanimatronics/CS_Animatronics/install/dynamixel_sdk_custom_interfaces/share/dynamixel_sdk_custom_interfaces/msg/SetPosition.msg\n'}
[21.266836] (dynamixel_sdk_custom_interfaces) StdoutLine: {'line': b'-- Installing: /home/csanimatronics/CS_Animatronics/install/dynamixel_sdk_custom_interfaces/share/dynamixel_sdk_custom_interfaces/srv/GetPosition.srv\n'}
[21.266973] (dynamixel_sdk_custom_interfaces) StdoutLine: {'line': b'-- Installing: /home/csanimatronics/CS_Animatronics/install/dynamixel_sdk_custom_interfaces/share/ament_index/resource_index/package_run_dependencies/dynamixel_sdk_custom_interfaces\n'}
[21.267164] (dynamixel_sdk_custom_interfaces) StdoutLine: {'line': b'-- Installing: /home/csanimatronics/CS_Animatronics/install/dynamixel_sdk_custom_interfaces/share/ament_index/resource_index/parent_prefix_path/dynamixel_sdk_custom_interfaces\n'}
[21.267290] (dynamixel_sdk_custom_interfaces) StdoutLine: {'line': b'-- Installing: /home/csanimatronics/CS_Animatronics/install/dynamixel_sdk_custom_interfaces/share/dynamixel_sdk_custom_interfaces/environment/ament_prefix_path.sh\n'}
[21.267394] (dynamixel_sdk_custom_interfaces) StdoutLine: {'line': b'-- Installing: /home/csanimatronics/CS_Animatronics/install/dynamixel_sdk_custom_interfaces/share/dynamixel_sdk_custom_interfaces/environment/ament_prefix_path.dsv\n'}
[21.267490] (dynamixel_sdk_custom_interfaces) StdoutLine: {'line': b'-- Installing: /home/csanimatronics/CS_Animatronics/install/dynamixel_sdk_custom_interfaces/share/dynamixel_sdk_custom_interfaces/environment/path.sh\n'}
[21.267633] (dynamixel_sdk_custom_interfaces) StdoutLine: {'line': b'-- Installing: /home/csanimatronics/CS_Animatronics/install/dynamixel_sdk_custom_interfaces/share/dynamixel_sdk_custom_interfaces/environment/path.dsv\n'}
[21.267732] (dynamixel_sdk_custom_interfaces) StdoutLine: {'line': b'-- Installing: /home/csanimatronics/CS_Animatronics/install/dynamixel_sdk_custom_interfaces/share/dynamixel_sdk_custom_interfaces/local_setup.bash\n'}
[21.267832] (dynamixel_sdk_custom_interfaces) StdoutLine: {'line': b'-- Installing: /home/csanimatronics/CS_Animatronics/install/dynamixel_sdk_custom_interfaces/share/dynamixel_sdk_custom_interfaces/local_setup.sh\n'}
[21.267929] (dynamixel_sdk_custom_interfaces) StdoutLine: {'line': b'-- Installing: /home/csanimatronics/CS_Animatronics/install/dynamixel_sdk_custom_interfaces/share/dynamixel_sdk_custom_interfaces/local_setup.zsh\n'}
[21.268137] (dynamixel_sdk_custom_interfaces) StdoutLine: {'line': b'-- Installing: /home/csanimatronics/CS_Animatronics/install/dynamixel_sdk_custom_interfaces/share/dynamixel_sdk_custom_interfaces/local_setup.dsv\n'}
[21.268281] (dynamixel_sdk_custom_interfaces) StdoutLine: {'line': b'-- Installing: /home/csanimatronics/CS_Animatronics/install/dynamixel_sdk_custom_interfaces/share/dynamixel_sdk_custom_interfaces/package.dsv\n'}
[21.268443] (dynamixel_sdk_custom_interfaces) StdoutLine: {'line': b'-- Installing: /home/csanimatronics/CS_Animatronics/install/dynamixel_sdk_custom_interfaces/share/ament_index/resource_index/packages/dynamixel_sdk_custom_interfaces\n'}
[21.268536] (dynamixel_sdk_custom_interfaces) StdoutLine: {'line': b'-- Installing: /home/csanimatronics/CS_Animatronics/install/dynamixel_sdk_custom_interfaces/share/dynamixel_sdk_custom_interfaces/cmake/export_dynamixel_sdk_custom_interfaces__rosidl_generator_cExport.cmake\n'}
[21.268689] (dynamixel_sdk_custom_interfaces) StdoutLine: {'line': b'-- Installing: /home/csanimatronics/CS_Animatronics/install/dynamixel_sdk_custom_interfaces/share/dynamixel_sdk_custom_interfaces/cmake/export_dynamixel_sdk_custom_interfaces__rosidl_generator_cExport-noconfig.cmake\n'}
[21.268799] (dynamixel_sdk_custom_interfaces) StdoutLine: {'line': b'-- Installing: /home/csanimatronics/CS_Animatronics/install/dynamixel_sdk_custom_interfaces/share/dynamixel_sdk_custom_interfaces/cmake/export_dynamixel_sdk_custom_interfaces__rosidl_typesupport_fastrtps_cExport.cmake\n'}
[21.268965] (dynamixel_sdk_custom_interfaces) StdoutLine: {'line': b'-- Installing: /home/csanimatronics/CS_Animatronics/install/dynamixel_sdk_custom_interfaces/share/dynamixel_sdk_custom_interfaces/cmake/export_dynamixel_sdk_custom_interfaces__rosidl_typesupport_fastrtps_cExport-noconfig.cmake\n'}
[21.269115] (dynamixel_sdk_custom_interfaces) StdoutLine: {'line': b'-- Installing: /home/csanimatronics/CS_Animatronics/install/dynamixel_sdk_custom_interfaces/share/dynamixel_sdk_custom_interfaces/cmake/export_dynamixel_sdk_custom_interfaces__rosidl_generator_cppExport.cmake\n'}
[21.269256] (dynamixel_sdk_custom_interfaces) StdoutLine: {'line': b'-- Installing: /home/csanimatronics/CS_Animatronics/install/dynamixel_sdk_custom_interfaces/share/dynamixel_sdk_custom_interfaces/cmake/export_dynamixel_sdk_custom_interfaces__rosidl_typesupport_fastrtps_cppExport.cmake\n'}
[21.269363] (dynamixel_sdk_custom_interfaces) StdoutLine: {'line': b'-- Installing: /home/csanimatronics/CS_Animatronics/install/dynamixel_sdk_custom_interfaces/share/dynamixel_sdk_custom_interfaces/cmake/export_dynamixel_sdk_custom_interfaces__rosidl_typesupport_fastrtps_cppExport-noconfig.cmake\n'}
[21.269523] (dynamixel_sdk_custom_interfaces) StdoutLine: {'line': b'-- Installing: /home/csanimatronics/CS_Animatronics/install/dynamixel_sdk_custom_interfaces/share/dynamixel_sdk_custom_interfaces/cmake/dynamixel_sdk_custom_interfaces__rosidl_typesupport_introspection_cExport.cmake\n'}
[21.269765] (dynamixel_sdk_custom_interfaces) StdoutLine: {'line': b'-- Installing: /home/csanimatronics/CS_Animatronics/install/dynamixel_sdk_custom_interfaces/share/dynamixel_sdk_custom_interfaces/cmake/dynamixel_sdk_custom_interfaces__rosidl_typesupport_introspection_cExport-noconfig.cmake\n'}
[21.270057] (dynamixel_sdk_custom_interfaces) StdoutLine: {'line': b'-- Installing: /home/csanimatronics/CS_Animatronics/install/dynamixel_sdk_custom_interfaces/share/dynamixel_sdk_custom_interfaces/cmake/dynamixel_sdk_custom_interfaces__rosidl_typesupport_cExport.cmake\n'}
[21.270344] (dynamixel_sdk_custom_interfaces) StdoutLine: {'line': b'-- Installing: /home/csanimatronics/CS_Animatronics/install/dynamixel_sdk_custom_interfaces/share/dynamixel_sdk_custom_interfaces/cmake/dynamixel_sdk_custom_interfaces__rosidl_typesupport_cExport-noconfig.cmake\n'}
[21.270599] (dynamixel_sdk_custom_interfaces) StdoutLine: {'line': b'-- Installing: /home/csanimatronics/CS_Animatronics/install/dynamixel_sdk_custom_interfaces/share/dynamixel_sdk_custom_interfaces/cmake/dynamixel_sdk_custom_interfaces__rosidl_typesupport_introspection_cppExport.cmake\n'}
[21.270865] (dynamixel_sdk_custom_interfaces) StdoutLine: {'line': b'-- Installing: /home/csanimatronics/CS_Animatronics/install/dynamixel_sdk_custom_interfaces/share/dynamixel_sdk_custom_interfaces/cmake/dynamixel_sdk_custom_interfaces__rosidl_typesupport_introspection_cppExport-noconfig.cmake\n'}
[21.271178] (dynamixel_sdk_custom_interfaces) StdoutLine: {'line': b'-- Installing: /home/csanimatronics/CS_Animatronics/install/dynamixel_sdk_custom_interfaces/share/dynamixel_sdk_custom_interfaces/cmake/dynamixel_sdk_custom_interfaces__rosidl_typesupport_cppExport.cmake\n'}
[21.271439] (dynamixel_sdk_custom_interfaces) StdoutLine: {'line': b'-- Installing: /home/csanimatronics/CS_Animatronics/install/dynamixel_sdk_custom_interfaces/share/dynamixel_sdk_custom_interfaces/cmake/dynamixel_sdk_custom_interfaces__rosidl_typesupport_cppExport-noconfig.cmake\n'}
[21.271722] (dynamixel_sdk_custom_interfaces) StdoutLine: {'line': b'-- Installing: /home/csanimatronics/CS_Animatronics/install/dynamixel_sdk_custom_interfaces/share/dynamixel_sdk_custom_interfaces/cmake/export_dynamixel_sdk_custom_interfaces__rosidl_generator_pyExport.cmake\n'}
[21.271974] (dynamixel_sdk_custom_interfaces) StdoutLine: {'line': b'-- Installing: /home/csanimatronics/CS_Animatronics/install/dynamixel_sdk_custom_interfaces/share/dynamixel_sdk_custom_interfaces/cmake/export_dynamixel_sdk_custom_interfaces__rosidl_generator_pyExport-noconfig.cmake\n'}
[21.272614] (dynamixel_sdk_custom_interfaces) StdoutLine: {'line': b'-- Installing: /home/csanimatronics/CS_Animatronics/install/dynamixel_sdk_custom_interfaces/share/dynamixel_sdk_custom_interfaces/cmake/rosidl_cmake-extras.cmake\n'}
[21.272867] (dynamixel_sdk_custom_interfaces) StdoutLine: {'line': b'-- Installing: /home/csanimatronics/CS_Animatronics/install/dynamixel_sdk_custom_interfaces/share/dynamixel_sdk_custom_interfaces/cmake/ament_cmake_export_dependencies-extras.cmake\n'}
[21.273149] (dynamixel_sdk_custom_interfaces) StdoutLine: {'line': b'-- Installing: /home/csanimatronics/CS_Animatronics/install/dynamixel_sdk_custom_interfaces/share/dynamixel_sdk_custom_interfaces/cmake/ament_cmake_export_include_directories-extras.cmake\n'}
[21.273420] (dynamixel_sdk_custom_interfaces) StdoutLine: {'line': b'-- Installing: /home/csanimatronics/CS_Animatronics/install/dynamixel_sdk_custom_interfaces/share/dynamixel_sdk_custom_interfaces/cmake/ament_cmake_export_libraries-extras.cmake\n'}
[21.273691] (dynamixel_sdk_custom_interfaces) StdoutLine: {'line': b'-- Installing: /home/csanimatronics/CS_Animatronics/install/dynamixel_sdk_custom_interfaces/share/dynamixel_sdk_custom_interfaces/cmake/ament_cmake_export_targets-extras.cmake\n'}
[21.273943] (dynamixel_sdk_custom_interfaces) StdoutLine: {'line': b'-- Installing: /home/csanimatronics/CS_Animatronics/install/dynamixel_sdk_custom_interfaces/share/dynamixel_sdk_custom_interfaces/cmake/rosidl_cmake_export_typesupport_targets-extras.cmake\n'}
[21.274191] (dynamixel_sdk_custom_interfaces) StdoutLine: {'line': b'-- Installing: /home/csanimatronics/CS_Animatronics/install/dynamixel_sdk_custom_interfaces/share/dynamixel_sdk_custom_interfaces/cmake/rosidl_cmake_export_typesupport_libraries-extras.cmake\n'}
[21.274430] (dynamixel_sdk_custom_interfaces) StdoutLine: {'line': b'-- Installing: /home/csanimatronics/CS_Animatronics/install/dynamixel_sdk_custom_interfaces/share/dynamixel_sdk_custom_interfaces/cmake/dynamixel_sdk_custom_interfacesConfig.cmake\n'}
[21.274615] (dynamixel_sdk_custom_interfaces) StdoutLine: {'line': b'-- Installing: /home/csanimatronics/CS_Animatronics/install/dynamixel_sdk_custom_interfaces/share/dynamixel_sdk_custom_interfaces/cmake/dynamixel_sdk_custom_interfacesConfig-version.cmake\n'}
[21.274850] (dynamixel_sdk_custom_interfaces) StdoutLine: {'line': b'-- Installing: /home/csanimatronics/CS_Animatronics/install/dynamixel_sdk_custom_interfaces/share/dynamixel_sdk_custom_interfaces/package.xml\n'}
[21.281086] (dynamixel_sdk_custom_interfaces) CommandEnded: {'returncode': 0}
[21.306971] (dynamixel_sdk_custom_interfaces) JobEnded: {'identifier': 'dynamixel_sdk_custom_interfaces', 'rc': 0}
[21.308628] (motor_controller) JobStarted: {'identifier': 'motor_controller'}
[21.316646] (-) TimerEvent: {}
[21.417025] (-) TimerEvent: {}
[21.520413] (-) TimerEvent: {}
[21.620776] (-) TimerEvent: {}
[21.721119] (-) TimerEvent: {}
[21.821525] (-) TimerEvent: {}
[21.921869] (-) TimerEvent: {}
[22.022230] (-) TimerEvent: {}
[22.123305] (-) TimerEvent: {}
[22.209929] (motion_editor) Command: {'cmd': ['/usr/bin/python3', '-W', 'ignore:setup.py install is deprecated', '-W', 'ignore:easy_install command is deprecated', 'setup.py', 'egg_info', '--egg-base', '../../build/motion_editor', 'build', '--build-base', '/home/csanimatronics/CS_Animatronics/build/motion_editor/build', 'install', '--record', '/home/csanimatronics/CS_Animatronics/build/motion_editor/install.log', '--single-version-externally-managed', 'install_data'], 'cwd': '/home/csanimatronics/CS_Animatronics/src/motion_editor', 'env': {'LESSOPEN': '| /usr/bin/lesspipe %s', 'USER': 'csanimatronics', 'XDG_SESSION_TYPE': 'wayland', 'SHLVL': '1', 'LD_LIBRARY_PATH': '/home/csanimatronics/CS_Animatronics/install/motor_commands/lib:/opt/ros/jazzy/opt/rviz_ogre_vendor/lib:/opt/ros/jazzy/lib/aarch64-linux-gnu:/opt/ros/jazzy/opt/gz_math_vendor/lib:/opt/ros/jazzy/opt/gz_utils_vendor/lib:/opt/ros/jazzy/opt/gz_cmake_vendor/lib:/opt/ros/jazzy/lib', 'HOME': '/home/csanimatronics', 'OLDPWD': '/home/csanimatronics', 'DESKTOP_SESSION': 'ubuntu', 'ROS_PYTHON_VERSION': '3', 'GNOME_SHELL_SESSION_MODE': 'ubuntu', 'GTK_MODULES': 'gail:atk-bridge', 'SYSTEMD_EXEC_PID': '1641', 'GSM_SKIP_SSH_AGENT_WORKAROUND': 'true', 'DBUS_SESSION_BUS_ADDRESS': 'unix:path=/run/user/1002/bus', 'COLORTERM': 'truecolor', 'DEBUGINFOD_URLS': 'https://debuginfod.ubuntu.com', 'IM_CONFIG_PHASE': '1', 'WAYLAND_DISPLAY': 'wayland-0', 'ROS_DISTRO': 'jazzy', 'LOGNAME': 'csanimatronics', '_': '/usr/bin/colcon', 'ROS_VERSION': '2', 'MEMORY_PRESSURE_WATCH': '/sys/fs/cgroup/user.slice/user-1002.slice/user@1002.service/session.slice/org.gnome.Shell@wayland.service/memory.pressure', 'XDG_SESSION_CLASS': 'user', 'USERNAME': 'csanimatronics', 'TERM': 'xterm-256color', 'GNOME_DESKTOP_SESSION_ID': 'this-is-deprecated', 'PATH': '/opt/ros/jazzy/bin:/usr/local/sbin:/usr/local/bin:/usr/sbin:/usr/bin:/sbin:/bin:/usr/games:/usr/local/games:/snap/bin:/snap/bin', 'SESSION_MANAGER': 'local/csanimatronics-desktop:@/tmp/.ICE-unix/1612,unix/csanimatronics-desktop:/tmp/.ICE-unix/1612', 'XDG_MENU_PREFIX': 'gnome-', 'GNOME_TERMINAL_SCREEN': '/org/gnome/Terminal/screen/2db2f0e4_c9a9_49e6_96a7_b97ace714f34', 'GNOME_SETUP_DISPLAY': ':1', 'XDG_RUNTIME_DIR': '/run/user/1002', 'DISPLAY': ':0', 'LANG': 'C.UTF-8', 'XDG_CURRENT_DESKTOP': 'ubuntu:GNOME', 'XMODIFIERS': '@im=ibus', 'XDG_SESSION_DESKTOP': 'ubuntu', 'XAUTHORITY': '/run/user/1002/.mutter-Xwaylandauth.N7O212', 'LS_COLORS': 'rs=0:di=01;34:ln=01;36:mh=00:pi=40;33:so=01;35:do=01;35:bd=40;33;01:cd=40;33;01:or=40;31;01:mi=00:su=37;41:sg=30;43:ca=00:tw=30;42:ow=34;42:st=37;44:ex=01;32:*.tar=01;31:*.tgz=01;31:*.arc=01;31:*.arj=01;31:*.taz=01;31:*.lha=01;31:*.lz4=01;31:*.lzh=01;31:*.lzma=01;31:*.tlz=01;31:*.txz=01;31:*.tzo=01;31:*.t7z=01;31:*.zip=01;31:*.z=01;31:*.dz=01;31:*.gz=01;31:*.lrz=01;31:*.lz=01;31:*.lzo=01;31:*.xz=01;31:*.zst=01;31:*.tzst=01;31:*.bz2=01;31:*.bz=01;31:*.tbz=01;31:*.tbz2=01;31:*.tz=01;31:*.deb=01;31:*.rpm=01;31:*.jar=01;31:*.war=01;31:*.ear=01;31:*.sar=01;31:*.rar=01;31:*.alz=01;31:*.ace=01;31:*.zoo=01;31:*.cpio=01;31:*.7z=01;31:*.rz=01;31:*.cab=01;31:*.wim=01;31:*.swm=01;31:*.dwm=01;31:*.esd=01;31:*.avif=01;35:*.jpg=01;35:*.jpeg=01;35:*.mjpg=01;35:*.mjpeg=01;35:*.gif=01;35:*.bmp=01;35:*.pbm=01;35:*.pgm=01;35:*.ppm=01;35:*.tga=01;35:*.xbm=01;35:*.xpm=01;35:*.tif=01;35:*.tiff=01;35:*.png=01;35:*.svg=01;35:*.svgz=01;35:*.mng=01;35:*.pcx=01;35:*.mov=01;35:*.mpg=01;35:*.mpeg=01;35:*.m2v=01;35:*.mkv=01;35:*.webm=01;35:*.webp=01;35:*.ogm=01;35:*.mp4=01;35:*.m4v=01;35:*.mp4v=01;35:*.vob=01;35:*.qt=01;35:*.nuv=01;35:*.wmv=01;35:*.asf=01;35:*.rm=01;35:*.rmvb=01;35:*.flc=01;35:*.avi=01;35:*.fli=01;35:*.flv=01;35:*.gl=01;35:*.dl=01;35:*.xcf=01;35:*.xwd=01;35:*.yuv=01;35:*.cgm=01;35:*.emf=01;35:*.ogv=01;35:*.ogx=01;35:*.aac=00;36:*.au=00;36:*.flac=00;36:*.m4a=00;36:*.mid=00;36:*.midi=00;36:*.mka=00;36:*.mp3=00;36:*.mpc=00;36:*.ogg=00;36:*.ra=00;36:*.wav=00;36:*.oga=00;36:*.opus=00;36:*.spx=00;36:*.xspf=00;36:*~=00;90:*#=00;90:*.bak=00;90:*.crdownload=00;90:*.dpkg-dist=00;90:*.dpkg-new=00;90:*.dpkg-old=00;90:*.dpkg-tmp=00;90:*.old=00;90:*.orig=00;90:*.part=00;90:*.rej=00;90:*.rpmnew=00;90:*.rpmorig=00;90:*.rpmsave=00;90:*.swp=00;90:*.tmp=00;90:*.ucf-dist=00;90:*.ucf-new=00;90:*.ucf-old=00;90:', 'GNOME_TERMINAL_SERVICE': ':1.103', 'SSH_AUTH_SOCK': '/run/user/1002/keyring/ssh', 'AMENT_PREFIX_PATH': '/home/csanimatronics/CS_Animatronics/install/motor_commands:/opt/ros/jazzy', 'SHELL': '/bin/bash', 'QT_ACCESSIBILITY': '1', 'GDMSESSION': 'ubuntu', 'LESSCLOSE': '/usr/bin/lesspipe %s %s', 'ROS_AUTOMATIC_DISCOVERY_RANGE': 'SUBNET', 'QT_IM_MODULE': 'ibus', 'PWD': '/home/csanimatronics/CS_Animatronics/build/motion_editor', 'XDG_CONFIG_DIRS': '/etc/xdg/xdg-ubuntu:/etc/xdg', 'XDG_DATA_DIRS': '/usr/share/ubuntu:/usr/share/gnome:/usr/local/share/:/usr/share/:/var/lib/snapd/desktop', 'PYTHONPATH': '/home/csanimatronics/CS_Animatronics/build/motion_editor/prefix_override:/usr/lib/python3/dist-packages/colcon_core/task/python/colcon_distutils_commands:/home/csanimatronics/CS_Animatronics/install/motion_editor/lib/python3.12/site-packages:/home/csanimatronics/CS_Animatronics/install/motor_commands/lib/python3.12/site-packages:/opt/ros/jazzy/lib/python3.12/site-packages', 'COLCON': '1', 'MEMORY_PRESSURE_WRITE': 'c29tZSAyMDAwMDAgMjAwMDAwMAA=', 'VTE_VERSION': '7600', 'CMAKE_PREFIX_PATH': '/home/csanimatronics/CS_Animatronics/install/motor_commands:/opt/ros/jazzy/opt/gz_math_vendor:/opt/ros/jazzy/opt/gz_utils_vendor:/opt/ros/jazzy/opt/gz_cmake_vendor'}, 'shell': False}
[22.223472] (-) TimerEvent: {}
[22.234835] (system_controller) Command: {'cmd': ['/usr/bin/python3', '-W', 'ignore:setup.py install is deprecated', '-W', 'ignore:easy_install command is deprecated', 'setup.py', 'egg_info', '--egg-base', '../../build/system_controller', 'build', '--build-base', '/home/csanimatronics/CS_Animatronics/build/system_controller/build', 'install', '--record', '/home/csanimatronics/CS_Animatronics/build/system_controller/install.log', '--single-version-externally-managed', 'install_data'], 'cwd': '/home/csanimatronics/CS_Animatronics/src/system_controller', 'env': {'LESSOPEN': '| /usr/bin/lesspipe %s', 'USER': 'csanimatronics', 'XDG_SESSION_TYPE': 'wayland', 'SHLVL': '1', 'LD_LIBRARY_PATH': '/home/csanimatronics/CS_Animatronics/install/motor_commands/lib:/opt/ros/jazzy/opt/rviz_ogre_vendor/lib:/opt/ros/jazzy/lib/aarch64-linux-gnu:/opt/ros/jazzy/opt/gz_math_vendor/lib:/opt/ros/jazzy/opt/gz_utils_vendor/lib:/opt/ros/jazzy/opt/gz_cmake_vendor/lib:/opt/ros/jazzy/lib', 'HOME': '/home/csanimatronics', 'OLDPWD': '/home/csanimatronics', 'DESKTOP_SESSION': 'ubuntu', 'ROS_PYTHON_VERSION': '3', 'GNOME_SHELL_SESSION_MODE': 'ubuntu', 'GTK_MODULES': 'gail:atk-bridge', 'SYSTEMD_EXEC_PID': '1641', 'GSM_SKIP_SSH_AGENT_WORKAROUND': 'true', 'DBUS_SESSION_BUS_ADDRESS': 'unix:path=/run/user/1002/bus', 'COLORTERM': 'truecolor', 'DEBUGINFOD_URLS': 'https://debuginfod.ubuntu.com', 'IM_CONFIG_PHASE': '1', 'WAYLAND_DISPLAY': 'wayland-0', 'ROS_DISTRO': 'jazzy', 'LOGNAME': 'csanimatronics', '_': '/usr/bin/colcon', 'ROS_VERSION': '2', 'MEMORY_PRESSURE_WATCH': '/sys/fs/cgroup/user.slice/user-1002.slice/user@1002.service/session.slice/org.gnome.Shell@wayland.service/memory.pressure', 'XDG_SESSION_CLASS': 'user', 'USERNAME': 'csanimatronics', 'TERM': 'xterm-256color', 'GNOME_DESKTOP_SESSION_ID': 'this-is-deprecated', 'PATH': '/opt/ros/jazzy/bin:/usr/local/sbin:/usr/local/bin:/usr/sbin:/usr/bin:/sbin:/bin:/usr/games:/usr/local/games:/snap/bin:/snap/bin', 'SESSION_MANAGER': 'local/csanimatronics-desktop:@/tmp/.ICE-unix/1612,unix/csanimatronics-desktop:/tmp/.ICE-unix/1612', 'XDG_MENU_PREFIX': 'gnome-', 'GNOME_TERMINAL_SCREEN': '/org/gnome/Terminal/screen/2db2f0e4_c9a9_49e6_96a7_b97ace714f34', 'GNOME_SETUP_DISPLAY': ':1', 'XDG_RUNTIME_DIR': '/run/user/1002', 'DISPLAY': ':0', 'LANG': 'C.UTF-8', 'XDG_CURRENT_DESKTOP': 'ubuntu:GNOME', 'XMODIFIERS': '@im=ibus', 'XDG_SESSION_DESKTOP': 'ubuntu', 'XAUTHORITY': '/run/user/1002/.mutter-Xwaylandauth.N7O212', 'LS_COLORS': 'rs=0:di=01;34:ln=01;36:mh=00:pi=40;33:so=01;35:do=01;35:bd=40;33;01:cd=40;33;01:or=40;31;01:mi=00:su=37;41:sg=30;43:ca=00:tw=30;42:ow=34;42:st=37;44:ex=01;32:*.tar=01;31:*.tgz=01;31:*.arc=01;31:*.arj=01;31:*.taz=01;31:*.lha=01;31:*.lz4=01;31:*.lzh=01;31:*.lzma=01;31:*.tlz=01;31:*.txz=01;31:*.tzo=01;31:*.t7z=01;31:*.zip=01;31:*.z=01;31:*.dz=01;31:*.gz=01;31:*.lrz=01;31:*.lz=01;31:*.lzo=01;31:*.xz=01;31:*.zst=01;31:*.tzst=01;31:*.bz2=01;31:*.bz=01;31:*.tbz=01;31:*.tbz2=01;31:*.tz=01;31:*.deb=01;31:*.rpm=01;31:*.jar=01;31:*.war=01;31:*.ear=01;31:*.sar=01;31:*.rar=01;31:*.alz=01;31:*.ace=01;31:*.zoo=01;31:*.cpio=01;31:*.7z=01;31:*.rz=01;31:*.cab=01;31:*.wim=01;31:*.swm=01;31:*.dwm=01;31:*.esd=01;31:*.avif=01;35:*.jpg=01;35:*.jpeg=01;35:*.mjpg=01;35:*.mjpeg=01;35:*.gif=01;35:*.bmp=01;35:*.pbm=01;35:*.pgm=01;35:*.ppm=01;35:*.tga=01;35:*.xbm=01;35:*.xpm=01;35:*.tif=01;35:*.tiff=01;35:*.png=01;35:*.svg=01;35:*.svgz=01;35:*.mng=01;35:*.pcx=01;35:*.mov=01;35:*.mpg=01;35:*.mpeg=01;35:*.m2v=01;35:*.mkv=01;35:*.webm=01;35:*.webp=01;35:*.ogm=01;35:*.mp4=01;35:*.m4v=01;35:*.mp4v=01;35:*.vob=01;35:*.qt=01;35:*.nuv=01;35:*.wmv=01;35:*.asf=01;35:*.rm=01;35:*.rmvb=01;35:*.flc=01;35:*.avi=01;35:*.fli=01;35:*.flv=01;35:*.gl=01;35:*.dl=01;35:*.xcf=01;35:*.xwd=01;35:*.yuv=01;35:*.cgm=01;35:*.emf=01;35:*.ogv=01;35:*.ogx=01;35:*.aac=00;36:*.au=00;36:*.flac=00;36:*.m4a=00;36:*.mid=00;36:*.midi=00;36:*.mka=00;36:*.mp3=00;36:*.mpc=00;36:*.ogg=00;36:*.ra=00;36:*.wav=00;36:*.oga=00;36:*.opus=00;36:*.spx=00;36:*.xspf=00;36:*~=00;90:*#=00;90:*.bak=00;90:*.crdownload=00;90:*.dpkg-dist=00;90:*.dpkg-new=00;90:*.dpkg-old=00;90:*.dpkg-tmp=00;90:*.old=00;90:*.orig=00;90:*.part=00;90:*.rej=00;90:*.rpmnew=00;90:*.rpmorig=00;90:*.rpmsave=00;90:*.swp=00;90:*.tmp=00;90:*.ucf-dist=00;90:*.ucf-new=00;90:*.ucf-old=00;90:', 'GNOME_TERMINAL_SERVICE': ':1.103', 'SSH_AUTH_SOCK': '/run/user/1002/keyring/ssh', 'AMENT_PREFIX_PATH': '/home/csanimatronics/CS_Animatronics/install/motor_commands:/opt/ros/jazzy', 'SHELL': '/bin/bash', 'QT_ACCESSIBILITY': '1', 'GDMSESSION': 'ubuntu', 'LESSCLOSE': '/usr/bin/lesspipe %s %s', 'ROS_AUTOMATIC_DISCOVERY_RANGE': 'SUBNET', 'QT_IM_MODULE': 'ibus', 'PWD': '/home/csanimatronics/CS_Animatronics/build/system_controller', 'XDG_CONFIG_DIRS': '/etc/xdg/xdg-ubuntu:/etc/xdg', 'XDG_DATA_DIRS': '/usr/share/ubuntu:/usr/share/gnome:/usr/local/share/:/usr/share/:/var/lib/snapd/desktop', 'PYTHONPATH': '/home/csanimatronics/CS_Animatronics/build/system_controller/prefix_override:/usr/lib/python3/dist-packages/colcon_core/task/python/colcon_distutils_commands:/home/csanimatronics/CS_Animatronics/install/system_controller/lib/python3.12/site-packages:/home/csanimatronics/CS_Animatronics/install/motor_commands/lib/python3.12/site-packages:/opt/ros/jazzy/lib/python3.12/site-packages', 'COLCON': '1', 'MEMORY_PRESSURE_WRITE': 'c29tZSAyMDAwMDAgMjAwMDAwMAA=', 'VTE_VERSION': '7600', 'CMAKE_PREFIX_PATH': '/home/csanimatronics/CS_Animatronics/install/motor_commands:/opt/ros/jazzy/opt/gz_math_vendor:/opt/ros/jazzy/opt/gz_utils_vendor:/opt/ros/jazzy/opt/gz_cmake_vendor'}, 'shell': False}
[22.323558] (-) TimerEvent: {}
[22.427345] (-) TimerEvent: {}
[22.527731] (-) TimerEvent: {}
[22.631260] (-) TimerEvent: {}
[22.656644] (motion_editor) StdoutLine: {'line': b'running egg_info\n'}
[22.657197] (motion_editor) StdoutLine: {'line': b'creating ../../build/motion_editor/motion_editor.egg-info\n'}
[22.672810] (system_controller) StdoutLine: {'line': b'running egg_info\n'}
[22.673351] (system_controller) StdoutLine: {'line': b'creating ../../build/system_controller/system_controller.egg-info\n'}
[22.682644] (motion_editor) StdoutLine: {'line': b'writing ../../build/motion_editor/motion_editor.egg-info/PKG-INFO\n'}
[22.683058] (motion_editor) StdoutLine: {'line': b'writing dependency_links to ../../build/motion_editor/motion_editor.egg-info/dependency_links.txt\n'}
[22.683309] (motion_editor) StdoutLine: {'line': b'writing entry points to ../../build/motion_editor/motion_editor.egg-info/entry_points.txt\n'}
[22.683476] (motion_editor) StdoutLine: {'line': b'writing requirements to ../../build/motion_editor/motion_editor.egg-info/requires.txt\n'}
[22.683623] (motion_editor) StdoutLine: {'line': b'writing top-level names to ../../build/motion_editor/motion_editor.egg-info/top_level.txt\n'}
[22.683796] (motion_editor) StdoutLine: {'line': b"writing manifest file '../../build/motion_editor/motion_editor.egg-info/SOURCES.txt'\n"}
[22.700001] (system_controller) StdoutLine: {'line': b'writing ../../build/system_controller/system_controller.egg-info/PKG-INFO\n'}
[22.700677] (system_controller) StdoutLine: {'line': b'writing dependency_links to ../../build/system_controller/system_controller.egg-info/dependency_links.txt\n'}
[22.701041] (system_controller) StdoutLine: {'line': b'writing entry points to ../../build/system_controller/system_controller.egg-info/entry_points.txt\n'}
[22.701343] (system_controller) StdoutLine: {'line': b'writing requirements to ../../build/system_controller/system_controller.egg-info/requires.txt\n'}
[22.701590] (system_controller) StdoutLine: {'line': b'writing top-level names to ../../build/system_controller/system_controller.egg-info/top_level.txt\n'}
[22.701851] (system_controller) StdoutLine: {'line': b"writing manifest file '../../build/system_controller/system_controller.egg-info/SOURCES.txt'\n"}
[22.731381] (-) TimerEvent: {}
[22.754442] (motion_editor) StdoutLine: {'line': b"reading manifest file '../../build/motion_editor/motion_editor.egg-info/SOURCES.txt'\n"}
[22.758167] (motion_editor) StdoutLine: {'line': b"writing manifest file '../../build/motion_editor/motion_editor.egg-info/SOURCES.txt'\n"}
[22.758617] (motion_editor) StdoutLine: {'line': b'running build\n'}
[22.761259] (motion_editor) StdoutLine: {'line': b'running build_py\n'}
[22.761500] (motion_editor) StdoutLine: {'line': b'creating /home/csanimatronics/CS_Animatronics/build/motion_editor/build\n'}
[22.761840] (motion_editor) StdoutLine: {'line': b'creating /home/csanimatronics/CS_Animatronics/build/motion_editor/build/lib\n'}
[22.762025] (motion_editor) StdoutLine: {'line': b'creating /home/csanimatronics/CS_Animatronics/build/motion_editor/build/lib/motion_editor\n'}
[22.762189] (motion_editor) StdoutLine: {'line': b'copying motion_editor/motion_editor.py -> /home/csanimatronics/CS_Animatronics/build/motion_editor/build/lib/motion_editor\n'}
[22.762280] (motion_editor) StdoutLine: {'line': b'copying motion_editor/__init__.py -> /home/csanimatronics/CS_Animatronics/build/motion_editor/build/lib/motion_editor\n'}
[22.762371] (motion_editor) StdoutLine: {'line': b'running install\n'}
[22.775216] (motion_editor) StdoutLine: {'line': b'running install_lib\n'}
[22.786751] (system_controller) StdoutLine: {'line': b"reading manifest file '../../build/system_controller/system_controller.egg-info/SOURCES.txt'\n"}
[22.788324] (system_controller) StdoutLine: {'line': b"writing manifest file '../../build/system_controller/system_controller.egg-info/SOURCES.txt'\n"}
[22.788843] (system_controller) StdoutLine: {'line': b'running build\n'}
[22.789163] (system_controller) StdoutLine: {'line': b'running build_py\n'}
[22.789633] (system_controller) StdoutLine: {'line': b'creating /home/csanimatronics/CS_Animatronics/build/system_controller/build\n'}
[22.789894] (system_controller) StdoutLine: {'line': b'creating /home/csanimatronics/CS_Animatronics/build/system_controller/build/lib\n'}
[22.790152] (system_controller) StdoutLine: {'line': b'creating /home/csanimatronics/CS_Animatronics/build/system_controller/build/lib/system_controller\n'}
[22.790309] (system_controller) StdoutLine: {'line': b'copying system_controller/system_controller.py -> /home/csanimatronics/CS_Animatronics/build/system_controller/build/lib/system_controller\n'}
[22.790510] (system_controller) StdoutLine: {'line': b'copying system_controller/__init__.py -> /home/csanimatronics/CS_Animatronics/build/system_controller/build/lib/system_controller\n'}
[22.790920] (system_controller) StdoutLine: {'line': b'running install\n'}
[22.802060] (system_controller) StdoutLine: {'line': b'running install_lib\n'}
[22.809660] (motion_editor) StdoutLine: {'line': b'creating /home/csanimatronics/CS_Animatronics/install/motion_editor/lib/python3.12/site-packages/motion_editor\n'}
[22.810056] (motion_editor) StdoutLine: {'line': b'copying /home/csanimatronics/CS_Animatronics/build/motion_editor/build/lib/motion_editor/motion_editor.py -> /home/csanimatronics/CS_Animatronics/install/motion_editor/lib/python3.12/site-packages/motion_editor\n'}
[22.810305] (motion_editor) StdoutLine: {'line': b'copying /home/csanimatronics/CS_Animatronics/build/motion_editor/build/lib/motion_editor/__init__.py -> /home/csanimatronics/CS_Animatronics/install/motion_editor/lib/python3.12/site-packages/motion_editor\n'}
[22.811198] (motion_editor) StdoutLine: {'line': b'byte-compiling /home/csanimatronics/CS_Animatronics/install/motion_editor/lib/python3.12/site-packages/motion_editor/motion_editor.py to motion_editor.cpython-312.pyc\n'}
[22.817843] (motion_editor) StdoutLine: {'line': b'byte-compiling /home/csanimatronics/CS_Animatronics/install/motion_editor/lib/python3.12/site-packages/motion_editor/__init__.py to __init__.cpython-312.pyc\n'}
[22.818254] (motion_editor) StdoutLine: {'line': b'running install_data\n'}
[22.818445] (motion_editor) StdoutLine: {'line': b'creating /home/csanimatronics/CS_Animatronics/install/motion_editor/share/ament_index\n'}
[22.818645] (motion_editor) StdoutLine: {'line': b'creating /home/csanimatronics/CS_Animatronics/install/motion_editor/share/ament_index/resource_index\n'}
[22.818818] (motion_editor) StdoutLine: {'line': b'creating /home/csanimatronics/CS_Animatronics/install/motion_editor/share/ament_index/resource_index/packages\n'}
[22.818958] (motion_editor) StdoutLine: {'line': b'copying resource/motion_editor -> /home/csanimatronics/CS_Animatronics/install/motion_editor/share/ament_index/resource_index/packages\n'}
[22.819153] (motion_editor) StdoutLine: {'line': b'copying package.xml -> /home/csanimatronics/CS_Animatronics/install/motion_editor/share/motion_editor\n'}
[22.819351] (motion_editor) StdoutLine: {'line': b'running install_egg_info\n'}
[22.831490] (-) TimerEvent: {}
[22.833738] (system_controller) StdoutLine: {'line': b'creating /home/csanimatronics/CS_Animatronics/install/system_controller/lib/python3.12/site-packages/system_controller\n'}
[22.834247] (system_controller) StdoutLine: {'line': b'copying /home/csanimatronics/CS_Animatronics/build/system_controller/build/lib/system_controller/system_controller.py -> /home/csanimatronics/CS_Animatronics/install/system_controller/lib/python3.12/site-packages/system_controller\n'}
[22.834526] (system_controller) StdoutLine: {'line': b'copying /home/csanimatronics/CS_Animatronics/build/system_controller/build/lib/system_controller/__init__.py -> /home/csanimatronics/CS_Animatronics/install/system_controller/lib/python3.12/site-packages/system_controller\n'}
[22.840189] (system_controller) StdoutLine: {'line': b'byte-compiling /home/csanimatronics/CS_Animatronics/install/system_controller/lib/python3.12/site-packages/system_controller/system_controller.py to system_controller.cpython-312.pyc\n'}
[22.846159] (system_controller) StdoutLine: {'line': b'byte-compiling /home/csanimatronics/CS_Animatronics/install/system_controller/lib/python3.12/site-packages/system_controller/__init__.py to __init__.cpython-312.pyc\n'}
[22.846718] (system_controller) StdoutLine: {'line': b'running install_data\n'}
[22.846995] (system_controller) StdoutLine: {'line': b'creating /home/csanimatronics/CS_Animatronics/install/system_controller/share/ament_index\n'}
[22.847540] (system_controller) StdoutLine: {'line': b'creating /home/csanimatronics/CS_Animatronics/install/system_controller/share/ament_index/resource_index\n'}
[22.848752] (system_controller) StdoutLine: {'line': b'creating /home/csanimatronics/CS_Animatronics/install/system_controller/share/ament_index/resource_index/packages\n'}
[22.850226] (system_controller) StdoutLine: {'line': b'copying resource/system_controller -> /home/csanimatronics/CS_Animatronics/install/system_controller/share/ament_index/resource_index/packages\n'}
[22.850353] (system_controller) StdoutLine: {'line': b'copying package.xml -> /home/csanimatronics/CS_Animatronics/install/system_controller/share/system_controller\n'}
[22.850450] (system_controller) StdoutLine: {'line': b'creating /home/csanimatronics/CS_Animatronics/install/system_controller/share/system_controller/msg\n'}
[22.850549] (system_controller) StdoutLine: {'line': b'running install_egg_info\n'}
[22.850640] (motor_controller) Command: {'cmd': ['/usr/bin/python3', '-W', 'ignore:setup.py install is deprecated', '-W', 'ignore:easy_install command is deprecated', 'setup.py', 'egg_info', '--egg-base', '../../build/motor_controller', 'build', '--build-base', '/home/csanimatronics/CS_Animatronics/build/motor_controller/build', 'install', '--record', '/home/csanimatronics/CS_Animatronics/build/motor_controller/install.log', '--single-version-externally-managed', 'install_data'], 'cwd': '/home/csanimatronics/CS_Animatronics/src/motor_controller', 'env': {'LESSOPEN': '| /usr/bin/lesspipe %s', 'USER': 'csanimatronics', 'XDG_SESSION_TYPE': 'wayland', 'SHLVL': '1', 'LD_LIBRARY_PATH': '/home/csanimatronics/CS_Animatronics/install/motor_commands/lib:/home/csanimatronics/CS_Animatronics/install/dynamixel_sdk_custom_interfaces/lib:/home/csanimatronics/CS_Animatronics/install/dynamixel_sdk/lib:/opt/ros/jazzy/opt/rviz_ogre_vendor/lib:/opt/ros/jazzy/lib/aarch64-linux-gnu:/opt/ros/jazzy/opt/gz_math_vendor/lib:/opt/ros/jazzy/opt/gz_utils_vendor/lib:/opt/ros/jazzy/opt/gz_cmake_vendor/lib:/opt/ros/jazzy/lib', 'HOME': '/home/csanimatronics', 'OLDPWD': '/home/csanimatronics', 'DESKTOP_SESSION': 'ubuntu', 'ROS_PYTHON_VERSION': '3', 'GNOME_SHELL_SESSION_MODE': 'ubuntu', 'GTK_MODULES': 'gail:atk-bridge', 'SYSTEMD_EXEC_PID': '1641', 'GSM_SKIP_SSH_AGENT_WORKAROUND': 'true', 'DBUS_SESSION_BUS_ADDRESS': 'unix:path=/run/user/1002/bus', 'COLORTERM': 'truecolor', 'DEBUGINFOD_URLS': 'https://debuginfod.ubuntu.com', 'IM_CONFIG_PHASE': '1', 'WAYLAND_DISPLAY': 'wayland-0', 'ROS_DISTRO': 'jazzy', 'LOGNAME': 'csanimatronics', '_': '/usr/bin/colcon', 'ROS_VERSION': '2', 'MEMORY_PRESSURE_WATCH': '/sys/fs/cgroup/user.slice/user-1002.slice/user@1002.service/session.slice/org.gnome.Shell@wayland.service/memory.pressure', 'XDG_SESSION_CLASS': 'user', 'USERNAME': 'csanimatronics', 'TERM': 'xterm-256color', 'GNOME_DESKTOP_SESSION_ID': 'this-is-deprecated', 'PATH': '/opt/ros/jazzy/bin:/usr/local/sbin:/usr/local/bin:/usr/sbin:/usr/bin:/sbin:/bin:/usr/games:/usr/local/games:/snap/bin:/snap/bin', 'SESSION_MANAGER': 'local/csanimatronics-desktop:@/tmp/.ICE-unix/1612,unix/csanimatronics-desktop:/tmp/.ICE-unix/1612', 'XDG_MENU_PREFIX': 'gnome-', 'GNOME_TERMINAL_SCREEN': '/org/gnome/Terminal/screen/2db2f0e4_c9a9_49e6_96a7_b97ace714f34', 'GNOME_SETUP_DISPLAY': ':1', 'XDG_RUNTIME_DIR': '/run/user/1002', 'DISPLAY': ':0', 'LANG': 'C.UTF-8', 'XDG_CURRENT_DESKTOP': 'ubuntu:GNOME', 'XMODIFIERS': '@im=ibus', 'XDG_SESSION_DESKTOP': 'ubuntu', 'XAUTHORITY': '/run/user/1002/.mutter-Xwaylandauth.N7O212', 'LS_COLORS': 'rs=0:di=01;34:ln=01;36:mh=00:pi=40;33:so=01;35:do=01;35:bd=40;33;01:cd=40;33;01:or=40;31;01:mi=00:su=37;41:sg=30;43:ca=00:tw=30;42:ow=34;42:st=37;44:ex=01;32:*.tar=01;31:*.tgz=01;31:*.arc=01;31:*.arj=01;31:*.taz=01;31:*.lha=01;31:*.lz4=01;31:*.lzh=01;31:*.lzma=01;31:*.tlz=01;31:*.txz=01;31:*.tzo=01;31:*.t7z=01;31:*.zip=01;31:*.z=01;31:*.dz=01;31:*.gz=01;31:*.lrz=01;31:*.lz=01;31:*.lzo=01;31:*.xz=01;31:*.zst=01;31:*.tzst=01;31:*.bz2=01;31:*.bz=01;31:*.tbz=01;31:*.tbz2=01;31:*.tz=01;31:*.deb=01;31:*.rpm=01;31:*.jar=01;31:*.war=01;31:*.ear=01;31:*.sar=01;31:*.rar=01;31:*.alz=01;31:*.ace=01;31:*.zoo=01;31:*.cpio=01;31:*.7z=01;31:*.rz=01;31:*.cab=01;31:*.wim=01;31:*.swm=01;31:*.dwm=01;31:*.esd=01;31:*.avif=01;35:*.jpg=01;35:*.jpeg=01;35:*.mjpg=01;35:*.mjpeg=01;35:*.gif=01;35:*.bmp=01;35:*.pbm=01;35:*.pgm=01;35:*.ppm=01;35:*.tga=01;35:*.xbm=01;35:*.xpm=01;35:*.tif=01;35:*.tiff=01;35:*.png=01;35:*.svg=01;35:*.svgz=01;35:*.mng=01;35:*.pcx=01;35:*.mov=01;35:*.mpg=01;35:*.mpeg=01;35:*.m2v=01;35:*.mkv=01;35:*.webm=01;35:*.webp=01;35:*.ogm=01;35:*.mp4=01;35:*.m4v=01;35:*.mp4v=01;35:*.vob=01;35:*.qt=01;35:*.nuv=01;35:*.wmv=01;35:*.asf=01;35:*.rm=01;35:*.rmvb=01;35:*.flc=01;35:*.avi=01;35:*.fli=01;35:*.flv=01;35:*.gl=01;35:*.dl=01;35:*.xcf=01;35:*.xwd=01;35:*.yuv=01;35:*.cgm=01;35:*.emf=01;35:*.ogv=01;35:*.ogx=01;35:*.aac=00;36:*.au=00;36:*.flac=00;36:*.m4a=00;36:*.mid=00;36:*.midi=00;36:*.mka=00;36:*.mp3=00;36:*.mpc=00;36:*.ogg=00;36:*.ra=00;36:*.wav=00;36:*.oga=00;36:*.opus=00;36:*.spx=00;36:*.xspf=00;36:*~=00;90:*#=00;90:*.bak=00;90:*.crdownload=00;90:*.dpkg-dist=00;90:*.dpkg-new=00;90:*.dpkg-old=00;90:*.dpkg-tmp=00;90:*.old=00;90:*.orig=00;90:*.part=00;90:*.rej=00;90:*.rpmnew=00;90:*.rpmorig=00;90:*.rpmsave=00;90:*.swp=00;90:*.tmp=00;90:*.ucf-dist=00;90:*.ucf-new=00;90:*.ucf-old=00;90:', 'GNOME_TERMINAL_SERVICE': ':1.103', 'SSH_AUTH_SOCK': '/run/user/1002/keyring/ssh', 'AMENT_PREFIX_PATH': '/home/csanimatronics/CS_Animatronics/install/motor_commands:/home/csanimatronics/CS_Animatronics/install/dynamixel_sdk_custom_interfaces:/home/csanimatronics/CS_Animatronics/install/dynamixel_sdk:/opt/ros/jazzy', 'SHELL': '/bin/bash', 'QT_ACCESSIBILITY': '1', 'GDMSESSION': 'ubuntu', 'LESSCLOSE': '/usr/bin/lesspipe %s %s', 'ROS_AUTOMATIC_DISCOVERY_RANGE': 'SUBNET', 'QT_IM_MODULE': 'ibus', 'PWD': '/home/csanimatronics/CS_Animatronics/build/motor_controller', 'XDG_CONFIG_DIRS': '/etc/xdg/xdg-ubuntu:/etc/xdg', 'XDG_DATA_DIRS': '/usr/share/ubuntu:/usr/share/gnome:/usr/local/share/:/usr/share/:/var/lib/snapd/desktop', 'PYTHONPATH': '/home/csanimatronics/CS_Animatronics/build/motor_controller/prefix_override:/usr/lib/python3/dist-packages/colcon_core/task/python/colcon_distutils_commands:/home/csanimatronics/CS_Animatronics/install/motor_controller/lib/python3.12/site-packages:/home/csanimatronics/CS_Animatronics/install/motor_commands/lib/python3.12/site-packages:/home/csanimatronics/CS_Animatronics/install/dynamixel_sdk_custom_interfaces/lib/python3.12/site-packages:/opt/ros/jazzy/lib/python3.12/site-packages', 'COLCON': '1', 'MEMORY_PRESSURE_WRITE': 'c29tZSAyMDAwMDAgMjAwMDAwMAA=', 'VTE_VERSION': '7600', 'CMAKE_PREFIX_PATH': '/home/csanimatronics/CS_Animatronics/install/motor_commands:/home/csanimatronics/CS_Animatronics/install/dynamixel_sdk_custom_interfaces:/home/csanimatronics/CS_Animatronics/install/dynamixel_sdk:/opt/ros/jazzy/opt/gz_math_vendor:/opt/ros/jazzy/opt/gz_utils_vendor:/opt/ros/jazzy/opt/gz_cmake_vendor'}, 'shell': False}
[22.859568] (motion_editor) StdoutLine: {'line': b'Copying ../../build/motion_editor/motion_editor.egg-info to /home/csanimatronics/CS_Animatronics/install/motion_editor/lib/python3.12/site-packages/motion_editor-0.0.0-py3.12.egg-info\n'}
[22.861144] (motion_editor) StdoutLine: {'line': b'running install_scripts\n'}
[22.879169] (system_controller) StdoutLine: {'line': b'Copying ../../build/system_controller/system_controller.egg-info to /home/csanimatronics/CS_Animatronics/install/system_controller/lib/python3.12/site-packages/system_controller-0.0.0-py3.12.egg-info\n'}
[22.880638] (system_controller) StdoutLine: {'line': b'running install_scripts\n'}
[22.931589] (-) TimerEvent: {}
[23.035378] (-) TimerEvent: {}
[23.071376] (motion_editor) StdoutLine: {'line': b'Installing motion_editor script to /home/csanimatronics/CS_Animatronics/install/motion_editor/lib/motion_editor\n'}
[23.071726] (motion_editor) StdoutLine: {'line': b'Installing system_controller script to /home/csanimatronics/CS_Animatronics/install/motion_editor/lib/motion_editor\n'}
[23.072122] (motion_editor) StdoutLine: {'line': b"writing list of installed files to '/home/csanimatronics/CS_Animatronics/build/motion_editor/install.log'\n"}
[23.095939] (system_controller) StdoutLine: {'line': b'Installing controller_publisher script to /home/csanimatronics/CS_Animatronics/install/system_controller/lib/system_controller\n'}
[23.096362] (system_controller) StdoutLine: {'line': b'Installing system_controller script to /home/csanimatronics/CS_Animatronics/install/system_controller/lib/system_controller\n'}
[23.096982] (system_controller) StdoutLine: {'line': b"writing list of installed files to '/home/csanimatronics/CS_Animatronics/build/system_controller/install.log'\n"}
[23.135623] (-) TimerEvent: {}
[23.223917] (motion_editor) CommandEnded: {'returncode': 0}
[23.233401] (motion_editor) JobEnded: {'identifier': 'motion_editor', 'rc': 0}
[23.235804] (-) TimerEvent: {}
[23.265569] (system_controller) CommandEnded: {'returncode': 0}
[23.272631] (system_controller) JobEnded: {'identifier': 'system_controller', 'rc': 0}
[23.335896] (-) TimerEvent: {}
[23.363135] (motor_controller) StdoutLine: {'line': b'running egg_info\n'}
[23.363622] (motor_controller) StdoutLine: {'line': b'creating ../../build/motor_controller/motor_controller.egg-info\n'}
[23.388095] (motor_controller) StdoutLine: {'line': b'writing ../../build/motor_controller/motor_controller.egg-info/PKG-INFO\n'}
[23.388467] (motor_controller) StdoutLine: {'line': b'writing dependency_links to ../../build/motor_controller/motor_controller.egg-info/dependency_links.txt\n'}
[23.388691] (motor_controller) StdoutLine: {'line': b'writing entry points to ../../build/motor_controller/motor_controller.egg-info/entry_points.txt\n'}
[23.388842] (motor_controller) StdoutLine: {'line': b'writing requirements to ../../build/motor_controller/motor_controller.egg-info/requires.txt\n'}
[23.388958] (motor_controller) StdoutLine: {'line': b'writing top-level names to ../../build/motor_controller/motor_controller.egg-info/top_level.txt\n'}
[23.389105] (motor_controller) StdoutLine: {'line': b"writing manifest file '../../build/motor_controller/motor_controller.egg-info/SOURCES.txt'\n"}
[23.435958] (-) TimerEvent: {}
[23.442552] (motor_controller) StdoutLine: {'line': b"reading manifest file '../../build/motor_controller/motor_controller.egg-info/SOURCES.txt'\n"}
[23.444063] (motor_controller) StdoutLine: {'line': b"writing manifest file '../../build/motor_controller/motor_controller.egg-info/SOURCES.txt'\n"}
[23.444371] (motor_controller) StdoutLine: {'line': b'running build\n'}
[23.444488] (motor_controller) StdoutLine: {'line': b'running build_py\n'}
[23.444806] (motor_controller) StdoutLine: {'line': b'creating /home/csanimatronics/CS_Animatronics/build/motor_controller/build\n'}
[23.444953] (motor_controller) StdoutLine: {'line': b'creating /home/csanimatronics/CS_Animatronics/build/motor_controller/build/lib\n'}
[23.445073] (motor_controller) StdoutLine: {'line': b'creating /home/csanimatronics/CS_Animatronics/build/motor_controller/build/lib/motor_controller\n'}
[23.445247] (motor_controller) StdoutLine: {'line': b'copying motor_controller/motor_controller.py -> /home/csanimatronics/CS_Animatronics/build/motor_controller/build/lib/motor_controller\n'}
[23.445523] (motor_controller) StdoutLine: {'line': b'copying motor_controller/__init__.py -> /home/csanimatronics/CS_Animatronics/build/motor_controller/build/lib/motor_controller\n'}
[23.445861] (motor_controller) StdoutLine: {'line': b'running install\n'}
[23.456159] (motor_controller) StdoutLine: {'line': b'running install_lib\n'}
[23.481501] (motor_controller) StdoutLine: {'line': b'creating /home/csanimatronics/CS_Animatronics/install/motor_controller/lib/python3.12/site-packages/motor_controller\n'}
[23.481734] (motor_controller) StdoutLine: {'line': b'copying /home/csanimatronics/CS_Animatronics/build/motor_controller/build/lib/motor_controller/motor_controller.py -> /home/csanimatronics/CS_Animatronics/install/motor_controller/lib/python3.12/site-packages/motor_controller\n'}
[23.481851] (motor_controller) StdoutLine: {'line': b'copying /home/csanimatronics/CS_Animatronics/build/motor_controller/build/lib/motor_controller/__init__.py -> /home/csanimatronics/CS_Animatronics/install/motor_controller/lib/python3.12/site-packages/motor_controller\n'}
[23.482610] (motor_controller) StdoutLine: {'line': b'byte-compiling /home/csanimatronics/CS_Animatronics/install/motor_controller/lib/python3.12/site-packages/motor_controller/motor_controller.py to motor_controller.cpython-312.pyc\n'}
[23.487072] (motor_controller) StdoutLine: {'line': b'byte-compiling /home/csanimatronics/CS_Animatronics/install/motor_controller/lib/python3.12/site-packages/motor_controller/__init__.py to __init__.cpython-312.pyc\n'}
[23.487368] (motor_controller) StdoutLine: {'line': b'running install_data\n'}
[23.487513] (motor_controller) StdoutLine: {'line': b'creating /home/csanimatronics/CS_Animatronics/install/motor_controller/share/ament_index\n'}
[23.487614] (motor_controller) StdoutLine: {'line': b'creating /home/csanimatronics/CS_Animatronics/install/motor_controller/share/ament_index/resource_index\n'}
[23.487718] (motor_controller) StdoutLine: {'line': b'creating /home/csanimatronics/CS_Animatronics/install/motor_controller/share/ament_index/resource_index/packages\n'}
[23.487819] (motor_controller) StdoutLine: {'line': b'copying resource/motor_controller -> /home/csanimatronics/CS_Animatronics/install/motor_controller/share/ament_index/resource_index/packages\n'}
[23.487929] (motor_controller) StdoutLine: {'line': b'copying package.xml -> /home/csanimatronics/CS_Animatronics/install/motor_controller/share/motor_controller\n'}
[23.488093] (motor_controller) StdoutLine: {'line': b'creating /home/csanimatronics/CS_Animatronics/install/motor_controller/share/motor_controller/msg\n'}
[23.488215] (motor_controller) StdoutLine: {'line': b'creating /home/csanimatronics/CS_Animatronics/install/motor_controller/share/motor_controller/srv\n'}
[23.488321] (motor_controller) StdoutLine: {'line': b'running install_egg_info\n'}
[23.515163] (motor_controller) StdoutLine: {'line': b'Copying ../../build/motor_controller/motor_controller.egg-info to /home/csanimatronics/CS_Animatronics/install/motor_controller/lib/python3.12/site-packages/motor_controller-0.0.0-py3.12.egg-info\n'}
[23.516329] (motor_controller) StdoutLine: {'line': b'running install_scripts\n'}
[23.536049] (-) TimerEvent: {}
[23.636316] (-) TimerEvent: {}
[23.700668] (motor_controller) StdoutLine: {'line': b'Installing motion_editor script to /home/csanimatronics/CS_Animatronics/install/motor_controller/lib/motor_controller\n'}
[23.700958] (motor_controller) StdoutLine: {'line': b'Installing motor_controller script to /home/csanimatronics/CS_Animatronics/install/motor_controller/lib/motor_controller\n'}
[23.701091] (motor_controller) StdoutLine: {'line': b'Installing system_controller script to /home/csanimatronics/CS_Animatronics/install/motor_controller/lib/motor_controller\n'}
[23.701440] (motor_controller) StdoutLine: {'line': b"writing list of installed files to '/home/csanimatronics/CS_Animatronics/build/motor_controller/install.log'\n"}
[23.736904] (-) TimerEvent: {}
[23.808431] (motor_controller) CommandEnded: {'returncode': 0}
[23.815414] (motor_controller) JobEnded: {'identifier': 'motor_controller', 'rc': 0}
[23.816326] (-) EventReactorShutdown: {}
