[0.207s] DEBUG:colcon:Command line arguments: ['/usr/bin/colcon', 'build']
[0.207s] DEBUG:colcon:Parsed command line arguments: Namespace(log_base=None, log_level=None, verb_name='build', build_base='build', install_base='install', merge_install=False, symlink_install=False, test_result_base=None, continue_on_error=False, executor='parallel', parallel_workers=20, event_handlers=None, ignore_user_meta=False, metas=['./colcon.meta'], base_paths=['.'], packages_ignore=None, packages_ignore_regex=None, paths=None, packages_up_to=None, packages_up_to_regex=None, packages_above=None, packages_above_and_dependencies=None, packages_above_depth=None, packages_select_by_dep=None, packages_skip_by_dep=None, packages_skip_up_to=None, packages_select_build_failed=False, packages_skip_build_finished=False, packages_select_test_failures=False, packages_skip_test_passed=False, packages_select=None, packages_skip=None, packages_select_regex=None, packages_skip_regex=None, packages_start=None, packages_end=None, allow_overriding=[], cmake_args=None, cmake_target=None, cmake_target_skip_unavailable=False, cmake_clean_cache=False, cmake_clean_first=False, cmake_force_configure=False, ament_cmake_args=None, catkin_cmake_args=None, catkin_skip_building_tests=False, mixin_files=None, mixin=None, verb_parser=<colcon_mixin.mixin.mixin_argument.MixinArgumentDecorator object at 0x754c8b887c80>, verb_extension=<colcon_core.verb.build.BuildVerb object at 0x754c8c040800>, main=<bound method BuildVerb.main of <colcon_core.verb.build.BuildVerb object at 0x754c8c040800>>, mixin_verb=('build',))
[0.250s] Level 1:colcon.colcon_core.package_discovery:discover_packages(colcon_meta) check parameters
[0.250s] Level 1:colcon.colcon_core.package_discovery:discover_packages(recursive) check parameters
[0.250s] Level 1:colcon.colcon_core.package_discovery:discover_packages(ignore) check parameters
[0.250s] Level 1:colcon.colcon_core.package_discovery:discover_packages(path) check parameters
[0.250s] Level 1:colcon.colcon_core.package_discovery:discover_packages(colcon_meta) discover
[0.250s] Level 1:colcon.colcon_core.package_discovery:discover_packages(recursive) discover
[0.250s] INFO:colcon.colcon_core.package_discovery:Crawling recursively for packages in '/home/cvl/CS_Animatronics/src'
[0.250s] Level 1:colcon.colcon_core.package_identification:_identify(.) by extensions ['ignore', 'ignore_ament_install']
[0.250s] Level 1:colcon.colcon_core.package_identification:_identify(.) by extension 'ignore'
[0.250s] Level 1:colcon.colcon_core.package_identification:_identify(.) by extension 'ignore_ament_install'
[0.250s] Level 1:colcon.colcon_core.package_identification:_identify(.) by extensions ['colcon_pkg']
[0.250s] Level 1:colcon.colcon_core.package_identification:_identify(.) by extension 'colcon_pkg'
[0.250s] Level 1:colcon.colcon_core.package_identification:_identify(.) by extensions ['colcon_meta']
[0.250s] Level 1:colcon.colcon_core.package_identification:_identify(.) by extension 'colcon_meta'
[0.250s] Level 1:colcon.colcon_core.package_identification:_identify(.) by extensions ['ros']
[0.250s] Level 1:colcon.colcon_core.package_identification:_identify(.) by extension 'ros'
[0.271s] Level 1:colcon.colcon_core.package_identification:_identify(.) by extensions ['cmake', 'python']
[0.271s] Level 1:colcon.colcon_core.package_identification:_identify(.) by extension 'cmake'
[0.271s] Level 1:colcon.colcon_core.package_identification:_identify(.) by extension 'python'
[0.271s] Level 1:colcon.colcon_core.package_identification:_identify(.) by extensions ['python_setup_py']
[0.271s] Level 1:colcon.colcon_core.package_identification:_identify(.) by extension 'python_setup_py'
[0.271s] Level 1:colcon.colcon_core.package_identification:_identify(DeepLabCut) by extensions ['ignore', 'ignore_ament_install']
[0.271s] Level 1:colcon.colcon_core.package_identification:_identify(DeepLabCut) by extension 'ignore'
[0.271s] Level 1:colcon.colcon_core.package_identification:_identify(DeepLabCut) by extension 'ignore_ament_install'
[0.271s] Level 1:colcon.colcon_core.package_identification:_identify(DeepLabCut) by extensions ['colcon_pkg']
[0.271s] Level 1:colcon.colcon_core.package_identification:_identify(DeepLabCut) by extension 'colcon_pkg'
[0.271s] Level 1:colcon.colcon_core.package_identification:_identify(DeepLabCut) by extensions ['colcon_meta']
[0.271s] Level 1:colcon.colcon_core.package_identification:_identify(DeepLabCut) by extension 'colcon_meta'
[0.271s] Level 1:colcon.colcon_core.package_identification:_identify(DeepLabCut) by extensions ['ros']
[0.271s] Level 1:colcon.colcon_core.package_identification:_identify(DeepLabCut) by extension 'ros'
[0.271s] Level 1:colcon.colcon_core.package_identification:_identify(DeepLabCut) by extensions ['cmake', 'python']
[0.271s] Level 1:colcon.colcon_core.package_identification:_identify(DeepLabCut) by extension 'cmake'
[0.271s] Level 1:colcon.colcon_core.package_identification:_identify(DeepLabCut) by extension 'python'
[0.271s] Level 1:colcon.colcon_core.package_identification:_identify(DeepLabCut) by extensions ['python_setup_py']
[0.271s] Level 1:colcon.colcon_core.package_identification:_identify(DeepLabCut) by extension 'python_setup_py'
[0.272s] Level 1:colcon.colcon_core.package_identification:_identify(DeepLabCut/Animatronics-Ryo-2024-12-17) by extensions ['ignore', 'ignore_ament_install']
[0.272s] Level 1:colcon.colcon_core.package_identification:_identify(DeepLabCut/Animatronics-Ryo-2024-12-17) by extension 'ignore'
[0.272s] Level 1:colcon.colcon_core.package_identification:_identify(DeepLabCut/Animatronics-Ryo-2024-12-17) by extension 'ignore_ament_install'
[0.272s] Level 1:colcon.colcon_core.package_identification:_identify(DeepLabCut/Animatronics-Ryo-2024-12-17) by extensions ['colcon_pkg']
[0.272s] Level 1:colcon.colcon_core.package_identification:_identify(DeepLabCut/Animatronics-Ryo-2024-12-17) by extension 'colcon_pkg'
[0.272s] Level 1:colcon.colcon_core.package_identification:_identify(DeepLabCut/Animatronics-Ryo-2024-12-17) by extensions ['colcon_meta']
[0.272s] Level 1:colcon.colcon_core.package_identification:_identify(DeepLabCut/Animatronics-Ryo-2024-12-17) by extension 'colcon_meta'
[0.272s] Level 1:colcon.colcon_core.package_identification:_identify(DeepLabCut/Animatronics-Ryo-2024-12-17) by extensions ['ros']
[0.272s] Level 1:colcon.colcon_core.package_identification:_identify(DeepLabCut/Animatronics-Ryo-2024-12-17) by extension 'ros'
[0.272s] Level 1:colcon.colcon_core.package_identification:_identify(DeepLabCut/Animatronics-Ryo-2024-12-17) by extensions ['cmake', 'python']
[0.272s] Level 1:colcon.colcon_core.package_identification:_identify(DeepLabCut/Animatronics-Ryo-2024-12-17) by extension 'cmake'
[0.272s] Level 1:colcon.colcon_core.package_identification:_identify(DeepLabCut/Animatronics-Ryo-2024-12-17) by extension 'python'
[0.272s] Level 1:colcon.colcon_core.package_identification:_identify(DeepLabCut/Animatronics-Ryo-2024-12-17) by extensions ['python_setup_py']
[0.272s] Level 1:colcon.colcon_core.package_identification:_identify(DeepLabCut/Animatronics-Ryo-2024-12-17) by extension 'python_setup_py'
[0.272s] Level 1:colcon.colcon_core.package_identification:_identify(DeepLabCut/Animatronics-Ryo-2024-12-17/dlc-models-pytorch) by extensions ['ignore', 'ignore_ament_install']
[0.272s] Level 1:colcon.colcon_core.package_identification:_identify(DeepLabCut/Animatronics-Ryo-2024-12-17/dlc-models-pytorch) by extension 'ignore'
[0.272s] Level 1:colcon.colcon_core.package_identification:_identify(DeepLabCut/Animatronics-Ryo-2024-12-17/dlc-models-pytorch) by extension 'ignore_ament_install'
[0.272s] Level 1:colcon.colcon_core.package_identification:_identify(DeepLabCut/Animatronics-Ryo-2024-12-17/dlc-models-pytorch) by extensions ['colcon_pkg']
[0.272s] Level 1:colcon.colcon_core.package_identification:_identify(DeepLabCut/Animatronics-Ryo-2024-12-17/dlc-models-pytorch) by extension 'colcon_pkg'
[0.272s] Level 1:colcon.colcon_core.package_identification:_identify(DeepLabCut/Animatronics-Ryo-2024-12-17/dlc-models-pytorch) by extensions ['colcon_meta']
[0.272s] Level 1:colcon.colcon_core.package_identification:_identify(DeepLabCut/Animatronics-Ryo-2024-12-17/dlc-models-pytorch) by extension 'colcon_meta'
[0.273s] Level 1:colcon.colcon_core.package_identification:_identify(DeepLabCut/Animatronics-Ryo-2024-12-17/dlc-models-pytorch) by extensions ['ros']
[0.273s] Level 1:colcon.colcon_core.package_identification:_identify(DeepLabCut/Animatronics-Ryo-2024-12-17/dlc-models-pytorch) by extension 'ros'
[0.273s] Level 1:colcon.colcon_core.package_identification:_identify(DeepLabCut/Animatronics-Ryo-2024-12-17/dlc-models-pytorch) by extensions ['cmake', 'python']
[0.273s] Level 1:colcon.colcon_core.package_identification:_identify(DeepLabCut/Animatronics-Ryo-2024-12-17/dlc-models-pytorch) by extension 'cmake'
[0.273s] Level 1:colcon.colcon_core.package_identification:_identify(DeepLabCut/Animatronics-Ryo-2024-12-17/dlc-models-pytorch) by extension 'python'
[0.273s] Level 1:colcon.colcon_core.package_identification:_identify(DeepLabCut/Animatronics-Ryo-2024-12-17/dlc-models-pytorch) by extensions ['python_setup_py']
[0.273s] Level 1:colcon.colcon_core.package_identification:_identify(DeepLabCut/Animatronics-Ryo-2024-12-17/dlc-models-pytorch) by extension 'python_setup_py'
[0.273s] Level 1:colcon.colcon_core.package_identification:_identify(DeepLabCut/Animatronics-Ryo-2024-12-17/dlc-models-pytorch/iteration-0) by extensions ['ignore', 'ignore_ament_install']
[0.273s] Level 1:colcon.colcon_core.package_identification:_identify(DeepLabCut/Animatronics-Ryo-2024-12-17/dlc-models-pytorch/iteration-0) by extension 'ignore'
[0.273s] Level 1:colcon.colcon_core.package_identification:_identify(DeepLabCut/Animatronics-Ryo-2024-12-17/dlc-models-pytorch/iteration-0) by extension 'ignore_ament_install'
[0.273s] Level 1:colcon.colcon_core.package_identification:_identify(DeepLabCut/Animatronics-Ryo-2024-12-17/dlc-models-pytorch/iteration-0) by extensions ['colcon_pkg']
[0.273s] Level 1:colcon.colcon_core.package_identification:_identify(DeepLabCut/Animatronics-Ryo-2024-12-17/dlc-models-pytorch/iteration-0) by extension 'colcon_pkg'
[0.273s] Level 1:colcon.colcon_core.package_identification:_identify(DeepLabCut/Animatronics-Ryo-2024-12-17/dlc-models-pytorch/iteration-0) by extensions ['colcon_meta']
[0.273s] Level 1:colcon.colcon_core.package_identification:_identify(DeepLabCut/Animatronics-Ryo-2024-12-17/dlc-models-pytorch/iteration-0) by extension 'colcon_meta'
[0.273s] Level 1:colcon.colcon_core.package_identification:_identify(DeepLabCut/Animatronics-Ryo-2024-12-17/dlc-models-pytorch/iteration-0) by extensions ['ros']
[0.273s] Level 1:colcon.colcon_core.package_identification:_identify(DeepLabCut/Animatronics-Ryo-2024-12-17/dlc-models-pytorch/iteration-0) by extension 'ros'
[0.273s] Level 1:colcon.colcon_core.package_identification:_identify(DeepLabCut/Animatronics-Ryo-2024-12-17/dlc-models-pytorch/iteration-0) by extensions ['cmake', 'python']
[0.273s] Level 1:colcon.colcon_core.package_identification:_identify(DeepLabCut/Animatronics-Ryo-2024-12-17/dlc-models-pytorch/iteration-0) by extension 'cmake'
[0.273s] Level 1:colcon.colcon_core.package_identification:_identify(DeepLabCut/Animatronics-Ryo-2024-12-17/dlc-models-pytorch/iteration-0) by extension 'python'
[0.273s] Level 1:colcon.colcon_core.package_identification:_identify(DeepLabCut/Animatronics-Ryo-2024-12-17/dlc-models-pytorch/iteration-0) by extensions ['python_setup_py']
[0.273s] Level 1:colcon.colcon_core.package_identification:_identify(DeepLabCut/Animatronics-Ryo-2024-12-17/dlc-models-pytorch/iteration-0) by extension 'python_setup_py'
[0.274s] Level 1:colcon.colcon_core.package_identification:_identify(DeepLabCut/Animatronics-Ryo-2024-12-17/dlc-models-pytorch/iteration-0/AnimatronicsDec17-trainset95shuffle1) by extensions ['ignore', 'ignore_ament_install']
[0.274s] Level 1:colcon.colcon_core.package_identification:_identify(DeepLabCut/Animatronics-Ryo-2024-12-17/dlc-models-pytorch/iteration-0/AnimatronicsDec17-trainset95shuffle1) by extension 'ignore'
[0.274s] Level 1:colcon.colcon_core.package_identification:_identify(DeepLabCut/Animatronics-Ryo-2024-12-17/dlc-models-pytorch/iteration-0/AnimatronicsDec17-trainset95shuffle1) by extension 'ignore_ament_install'
[0.274s] Level 1:colcon.colcon_core.package_identification:_identify(DeepLabCut/Animatronics-Ryo-2024-12-17/dlc-models-pytorch/iteration-0/AnimatronicsDec17-trainset95shuffle1) by extensions ['colcon_pkg']
[0.274s] Level 1:colcon.colcon_core.package_identification:_identify(DeepLabCut/Animatronics-Ryo-2024-12-17/dlc-models-pytorch/iteration-0/AnimatronicsDec17-trainset95shuffle1) by extension 'colcon_pkg'
[0.274s] Level 1:colcon.colcon_core.package_identification:_identify(DeepLabCut/Animatronics-Ryo-2024-12-17/dlc-models-pytorch/iteration-0/AnimatronicsDec17-trainset95shuffle1) by extensions ['colcon_meta']
[0.274s] Level 1:colcon.colcon_core.package_identification:_identify(DeepLabCut/Animatronics-Ryo-2024-12-17/dlc-models-pytorch/iteration-0/AnimatronicsDec17-trainset95shuffle1) by extension 'colcon_meta'
[0.274s] Level 1:colcon.colcon_core.package_identification:_identify(DeepLabCut/Animatronics-Ryo-2024-12-17/dlc-models-pytorch/iteration-0/AnimatronicsDec17-trainset95shuffle1) by extensions ['ros']
[0.274s] Level 1:colcon.colcon_core.package_identification:_identify(DeepLabCut/Animatronics-Ryo-2024-12-17/dlc-models-pytorch/iteration-0/AnimatronicsDec17-trainset95shuffle1) by extension 'ros'
[0.274s] Level 1:colcon.colcon_core.package_identification:_identify(DeepLabCut/Animatronics-Ryo-2024-12-17/dlc-models-pytorch/iteration-0/AnimatronicsDec17-trainset95shuffle1) by extensions ['cmake', 'python']
[0.274s] Level 1:colcon.colcon_core.package_identification:_identify(DeepLabCut/Animatronics-Ryo-2024-12-17/dlc-models-pytorch/iteration-0/AnimatronicsDec17-trainset95shuffle1) by extension 'cmake'
[0.274s] Level 1:colcon.colcon_core.package_identification:_identify(DeepLabCut/Animatronics-Ryo-2024-12-17/dlc-models-pytorch/iteration-0/AnimatronicsDec17-trainset95shuffle1) by extension 'python'
[0.274s] Level 1:colcon.colcon_core.package_identification:_identify(DeepLabCut/Animatronics-Ryo-2024-12-17/dlc-models-pytorch/iteration-0/AnimatronicsDec17-trainset95shuffle1) by extensions ['python_setup_py']
[0.274s] Level 1:colcon.colcon_core.package_identification:_identify(DeepLabCut/Animatronics-Ryo-2024-12-17/dlc-models-pytorch/iteration-0/AnimatronicsDec17-trainset95shuffle1) by extension 'python_setup_py'
[0.274s] Level 1:colcon.colcon_core.package_identification:_identify(DeepLabCut/Animatronics-Ryo-2024-12-17/dlc-models-pytorch/iteration-0/AnimatronicsDec17-trainset95shuffle1/test) by extensions ['ignore', 'ignore_ament_install']
[0.274s] Level 1:colcon.colcon_core.package_identification:_identify(DeepLabCut/Animatronics-Ryo-2024-12-17/dlc-models-pytorch/iteration-0/AnimatronicsDec17-trainset95shuffle1/test) by extension 'ignore'
[0.274s] Level 1:colcon.colcon_core.package_identification:_identify(DeepLabCut/Animatronics-Ryo-2024-12-17/dlc-models-pytorch/iteration-0/AnimatronicsDec17-trainset95shuffle1/test) by extension 'ignore_ament_install'
[0.275s] Level 1:colcon.colcon_core.package_identification:_identify(DeepLabCut/Animatronics-Ryo-2024-12-17/dlc-models-pytorch/iteration-0/AnimatronicsDec17-trainset95shuffle1/test) by extensions ['colcon_pkg']
[0.275s] Level 1:colcon.colcon_core.package_identification:_identify(DeepLabCut/Animatronics-Ryo-2024-12-17/dlc-models-pytorch/iteration-0/AnimatronicsDec17-trainset95shuffle1/test) by extension 'colcon_pkg'
[0.275s] Level 1:colcon.colcon_core.package_identification:_identify(DeepLabCut/Animatronics-Ryo-2024-12-17/dlc-models-pytorch/iteration-0/AnimatronicsDec17-trainset95shuffle1/test) by extensions ['colcon_meta']
[0.275s] Level 1:colcon.colcon_core.package_identification:_identify(DeepLabCut/Animatronics-Ryo-2024-12-17/dlc-models-pytorch/iteration-0/AnimatronicsDec17-trainset95shuffle1/test) by extension 'colcon_meta'
[0.275s] Level 1:colcon.colcon_core.package_identification:_identify(DeepLabCut/Animatronics-Ryo-2024-12-17/dlc-models-pytorch/iteration-0/AnimatronicsDec17-trainset95shuffle1/test) by extensions ['ros']
[0.275s] Level 1:colcon.colcon_core.package_identification:_identify(DeepLabCut/Animatronics-Ryo-2024-12-17/dlc-models-pytorch/iteration-0/AnimatronicsDec17-trainset95shuffle1/test) by extension 'ros'
[0.275s] Level 1:colcon.colcon_core.package_identification:_identify(DeepLabCut/Animatronics-Ryo-2024-12-17/dlc-models-pytorch/iteration-0/AnimatronicsDec17-trainset95shuffle1/test) by extensions ['cmake', 'python']
[0.275s] Level 1:colcon.colcon_core.package_identification:_identify(DeepLabCut/Animatronics-Ryo-2024-12-17/dlc-models-pytorch/iteration-0/AnimatronicsDec17-trainset95shuffle1/test) by extension 'cmake'
[0.275s] Level 1:colcon.colcon_core.package_identification:_identify(DeepLabCut/Animatronics-Ryo-2024-12-17/dlc-models-pytorch/iteration-0/AnimatronicsDec17-trainset95shuffle1/test) by extension 'python'
[0.275s] Level 1:colcon.colcon_core.package_identification:_identify(DeepLabCut/Animatronics-Ryo-2024-12-17/dlc-models-pytorch/iteration-0/AnimatronicsDec17-trainset95shuffle1/test) by extensions ['python_setup_py']
[0.275s] Level 1:colcon.colcon_core.package_identification:_identify(DeepLabCut/Animatronics-Ryo-2024-12-17/dlc-models-pytorch/iteration-0/AnimatronicsDec17-trainset95shuffle1/test) by extension 'python_setup_py'
[0.275s] Level 1:colcon.colcon_core.package_identification:_identify(DeepLabCut/Animatronics-Ryo-2024-12-17/dlc-models-pytorch/iteration-0/AnimatronicsDec17-trainset95shuffle1/train) by extensions ['ignore', 'ignore_ament_install']
[0.275s] Level 1:colcon.colcon_core.package_identification:_identify(DeepLabCut/Animatronics-Ryo-2024-12-17/dlc-models-pytorch/iteration-0/AnimatronicsDec17-trainset95shuffle1/train) by extension 'ignore'
[0.275s] Level 1:colcon.colcon_core.package_identification:_identify(DeepLabCut/Animatronics-Ryo-2024-12-17/dlc-models-pytorch/iteration-0/AnimatronicsDec17-trainset95shuffle1/train) by extension 'ignore_ament_install'
[0.275s] Level 1:colcon.colcon_core.package_identification:_identify(DeepLabCut/Animatronics-Ryo-2024-12-17/dlc-models-pytorch/iteration-0/AnimatronicsDec17-trainset95shuffle1/train) by extensions ['colcon_pkg']
[0.275s] Level 1:colcon.colcon_core.package_identification:_identify(DeepLabCut/Animatronics-Ryo-2024-12-17/dlc-models-pytorch/iteration-0/AnimatronicsDec17-trainset95shuffle1/train) by extension 'colcon_pkg'
[0.275s] Level 1:colcon.colcon_core.package_identification:_identify(DeepLabCut/Animatronics-Ryo-2024-12-17/dlc-models-pytorch/iteration-0/AnimatronicsDec17-trainset95shuffle1/train) by extensions ['colcon_meta']
[0.275s] Level 1:colcon.colcon_core.package_identification:_identify(DeepLabCut/Animatronics-Ryo-2024-12-17/dlc-models-pytorch/iteration-0/AnimatronicsDec17-trainset95shuffle1/train) by extension 'colcon_meta'
[0.275s] Level 1:colcon.colcon_core.package_identification:_identify(DeepLabCut/Animatronics-Ryo-2024-12-17/dlc-models-pytorch/iteration-0/AnimatronicsDec17-trainset95shuffle1/train) by extensions ['ros']
[0.275s] Level 1:colcon.colcon_core.package_identification:_identify(DeepLabCut/Animatronics-Ryo-2024-12-17/dlc-models-pytorch/iteration-0/AnimatronicsDec17-trainset95shuffle1/train) by extension 'ros'
[0.275s] Level 1:colcon.colcon_core.package_identification:_identify(DeepLabCut/Animatronics-Ryo-2024-12-17/dlc-models-pytorch/iteration-0/AnimatronicsDec17-trainset95shuffle1/train) by extensions ['cmake', 'python']
[0.275s] Level 1:colcon.colcon_core.package_identification:_identify(DeepLabCut/Animatronics-Ryo-2024-12-17/dlc-models-pytorch/iteration-0/AnimatronicsDec17-trainset95shuffle1/train) by extension 'cmake'
[0.276s] Level 1:colcon.colcon_core.package_identification:_identify(DeepLabCut/Animatronics-Ryo-2024-12-17/dlc-models-pytorch/iteration-0/AnimatronicsDec17-trainset95shuffle1/train) by extension 'python'
[0.276s] Level 1:colcon.colcon_core.package_identification:_identify(DeepLabCut/Animatronics-Ryo-2024-12-17/dlc-models-pytorch/iteration-0/AnimatronicsDec17-trainset95shuffle1/train) by extensions ['python_setup_py']
[0.276s] Level 1:colcon.colcon_core.package_identification:_identify(DeepLabCut/Animatronics-Ryo-2024-12-17/dlc-models-pytorch/iteration-0/AnimatronicsDec17-trainset95shuffle1/train) by extension 'python_setup_py'
[0.276s] Level 1:colcon.colcon_core.package_identification:_identify(DeepLabCut/Animatronics-Ryo-2024-12-17/evaluation-results-pytorch) by extensions ['ignore', 'ignore_ament_install']
[0.276s] Level 1:colcon.colcon_core.package_identification:_identify(DeepLabCut/Animatronics-Ryo-2024-12-17/evaluation-results-pytorch) by extension 'ignore'
[0.276s] Level 1:colcon.colcon_core.package_identification:_identify(DeepLabCut/Animatronics-Ryo-2024-12-17/evaluation-results-pytorch) by extension 'ignore_ament_install'
[0.276s] Level 1:colcon.colcon_core.package_identification:_identify(DeepLabCut/Animatronics-Ryo-2024-12-17/evaluation-results-pytorch) by extensions ['colcon_pkg']
[0.276s] Level 1:colcon.colcon_core.package_identification:_identify(DeepLabCut/Animatronics-Ryo-2024-12-17/evaluation-results-pytorch) by extension 'colcon_pkg'
[0.276s] Level 1:colcon.colcon_core.package_identification:_identify(DeepLabCut/Animatronics-Ryo-2024-12-17/evaluation-results-pytorch) by extensions ['colcon_meta']
[0.276s] Level 1:colcon.colcon_core.package_identification:_identify(DeepLabCut/Animatronics-Ryo-2024-12-17/evaluation-results-pytorch) by extension 'colcon_meta'
[0.276s] Level 1:colcon.colcon_core.package_identification:_identify(DeepLabCut/Animatronics-Ryo-2024-12-17/evaluation-results-pytorch) by extensions ['ros']
[0.276s] Level 1:colcon.colcon_core.package_identification:_identify(DeepLabCut/Animatronics-Ryo-2024-12-17/evaluation-results-pytorch) by extension 'ros'
[0.276s] Level 1:colcon.colcon_core.package_identification:_identify(DeepLabCut/Animatronics-Ryo-2024-12-17/evaluation-results-pytorch) by extensions ['cmake', 'python']
[0.276s] Level 1:colcon.colcon_core.package_identification:_identify(DeepLabCut/Animatronics-Ryo-2024-12-17/evaluation-results-pytorch) by extension 'cmake'
[0.276s] Level 1:colcon.colcon_core.package_identification:_identify(DeepLabCut/Animatronics-Ryo-2024-12-17/evaluation-results-pytorch) by extension 'python'
[0.276s] Level 1:colcon.colcon_core.package_identification:_identify(DeepLabCut/Animatronics-Ryo-2024-12-17/evaluation-results-pytorch) by extensions ['python_setup_py']
[0.276s] Level 1:colcon.colcon_core.package_identification:_identify(DeepLabCut/Animatronics-Ryo-2024-12-17/evaluation-results-pytorch) by extension 'python_setup_py'
[0.276s] Level 1:colcon.colcon_core.package_identification:_identify(DeepLabCut/Animatronics-Ryo-2024-12-17/evaluation-results-pytorch/iteration-0) by extensions ['ignore', 'ignore_ament_install']
[0.276s] Level 1:colcon.colcon_core.package_identification:_identify(DeepLabCut/Animatronics-Ryo-2024-12-17/evaluation-results-pytorch/iteration-0) by extension 'ignore'
[0.277s] Level 1:colcon.colcon_core.package_identification:_identify(DeepLabCut/Animatronics-Ryo-2024-12-17/evaluation-results-pytorch/iteration-0) by extension 'ignore_ament_install'
[0.277s] Level 1:colcon.colcon_core.package_identification:_identify(DeepLabCut/Animatronics-Ryo-2024-12-17/evaluation-results-pytorch/iteration-0) by extensions ['colcon_pkg']
[0.277s] Level 1:colcon.colcon_core.package_identification:_identify(DeepLabCut/Animatronics-Ryo-2024-12-17/evaluation-results-pytorch/iteration-0) by extension 'colcon_pkg'
[0.277s] Level 1:colcon.colcon_core.package_identification:_identify(DeepLabCut/Animatronics-Ryo-2024-12-17/evaluation-results-pytorch/iteration-0) by extensions ['colcon_meta']
[0.277s] Level 1:colcon.colcon_core.package_identification:_identify(DeepLabCut/Animatronics-Ryo-2024-12-17/evaluation-results-pytorch/iteration-0) by extension 'colcon_meta'
[0.277s] Level 1:colcon.colcon_core.package_identification:_identify(DeepLabCut/Animatronics-Ryo-2024-12-17/evaluation-results-pytorch/iteration-0) by extensions ['ros']
[0.277s] Level 1:colcon.colcon_core.package_identification:_identify(DeepLabCut/Animatronics-Ryo-2024-12-17/evaluation-results-pytorch/iteration-0) by extension 'ros'
[0.277s] Level 1:colcon.colcon_core.package_identification:_identify(DeepLabCut/Animatronics-Ryo-2024-12-17/evaluation-results-pytorch/iteration-0) by extensions ['cmake', 'python']
[0.277s] Level 1:colcon.colcon_core.package_identification:_identify(DeepLabCut/Animatronics-Ryo-2024-12-17/evaluation-results-pytorch/iteration-0) by extension 'cmake'
[0.277s] Level 1:colcon.colcon_core.package_identification:_identify(DeepLabCut/Animatronics-Ryo-2024-12-17/evaluation-results-pytorch/iteration-0) by extension 'python'
[0.277s] Level 1:colcon.colcon_core.package_identification:_identify(DeepLabCut/Animatronics-Ryo-2024-12-17/evaluation-results-pytorch/iteration-0) by extensions ['python_setup_py']
[0.277s] Level 1:colcon.colcon_core.package_identification:_identify(DeepLabCut/Animatronics-Ryo-2024-12-17/evaluation-results-pytorch/iteration-0) by extension 'python_setup_py'
[0.277s] Level 1:colcon.colcon_core.package_identification:_identify(DeepLabCut/Animatronics-Ryo-2024-12-17/evaluation-results-pytorch/iteration-0/AnimatronicsDec17-trainset95shuffle1) by extensions ['ignore', 'ignore_ament_install']
[0.277s] Level 1:colcon.colcon_core.package_identification:_identify(DeepLabCut/Animatronics-Ryo-2024-12-17/evaluation-results-pytorch/iteration-0/AnimatronicsDec17-trainset95shuffle1) by extension 'ignore'
[0.277s] Level 1:colcon.colcon_core.package_identification:_identify(DeepLabCut/Animatronics-Ryo-2024-12-17/evaluation-results-pytorch/iteration-0/AnimatronicsDec17-trainset95shuffle1) by extension 'ignore_ament_install'
[0.277s] Level 1:colcon.colcon_core.package_identification:_identify(DeepLabCut/Animatronics-Ryo-2024-12-17/evaluation-results-pytorch/iteration-0/AnimatronicsDec17-trainset95shuffle1) by extensions ['colcon_pkg']
[0.277s] Level 1:colcon.colcon_core.package_identification:_identify(DeepLabCut/Animatronics-Ryo-2024-12-17/evaluation-results-pytorch/iteration-0/AnimatronicsDec17-trainset95shuffle1) by extension 'colcon_pkg'
[0.277s] Level 1:colcon.colcon_core.package_identification:_identify(DeepLabCut/Animatronics-Ryo-2024-12-17/evaluation-results-pytorch/iteration-0/AnimatronicsDec17-trainset95shuffle1) by extensions ['colcon_meta']
[0.277s] Level 1:colcon.colcon_core.package_identification:_identify(DeepLabCut/Animatronics-Ryo-2024-12-17/evaluation-results-pytorch/iteration-0/AnimatronicsDec17-trainset95shuffle1) by extension 'colcon_meta'
[0.277s] Level 1:colcon.colcon_core.package_identification:_identify(DeepLabCut/Animatronics-Ryo-2024-12-17/evaluation-results-pytorch/iteration-0/AnimatronicsDec17-trainset95shuffle1) by extensions ['ros']
[0.277s] Level 1:colcon.colcon_core.package_identification:_identify(DeepLabCut/Animatronics-Ryo-2024-12-17/evaluation-results-pytorch/iteration-0/AnimatronicsDec17-trainset95shuffle1) by extension 'ros'
[0.277s] Level 1:colcon.colcon_core.package_identification:_identify(DeepLabCut/Animatronics-Ryo-2024-12-17/evaluation-results-pytorch/iteration-0/AnimatronicsDec17-trainset95shuffle1) by extensions ['cmake', 'python']
[0.278s] Level 1:colcon.colcon_core.package_identification:_identify(DeepLabCut/Animatronics-Ryo-2024-12-17/evaluation-results-pytorch/iteration-0/AnimatronicsDec17-trainset95shuffle1) by extension 'cmake'
[0.278s] Level 1:colcon.colcon_core.package_identification:_identify(DeepLabCut/Animatronics-Ryo-2024-12-17/evaluation-results-pytorch/iteration-0/AnimatronicsDec17-trainset95shuffle1) by extension 'python'
[0.278s] Level 1:colcon.colcon_core.package_identification:_identify(DeepLabCut/Animatronics-Ryo-2024-12-17/evaluation-results-pytorch/iteration-0/AnimatronicsDec17-trainset95shuffle1) by extensions ['python_setup_py']
[0.278s] Level 1:colcon.colcon_core.package_identification:_identify(DeepLabCut/Animatronics-Ryo-2024-12-17/evaluation-results-pytorch/iteration-0/AnimatronicsDec17-trainset95shuffle1) by extension 'python_setup_py'
[0.278s] Level 1:colcon.colcon_core.package_identification:_identify(DeepLabCut/Animatronics-Ryo-2024-12-17/labeled-data) by extensions ['ignore', 'ignore_ament_install']
[0.278s] Level 1:colcon.colcon_core.package_identification:_identify(DeepLabCut/Animatronics-Ryo-2024-12-17/labeled-data) by extension 'ignore'
[0.278s] Level 1:colcon.colcon_core.package_identification:_identify(DeepLabCut/Animatronics-Ryo-2024-12-17/labeled-data) by extension 'ignore_ament_install'
[0.278s] Level 1:colcon.colcon_core.package_identification:_identify(DeepLabCut/Animatronics-Ryo-2024-12-17/labeled-data) by extensions ['colcon_pkg']
[0.278s] Level 1:colcon.colcon_core.package_identification:_identify(DeepLabCut/Animatronics-Ryo-2024-12-17/labeled-data) by extension 'colcon_pkg'
[0.278s] Level 1:colcon.colcon_core.package_identification:_identify(DeepLabCut/Animatronics-Ryo-2024-12-17/labeled-data) by extensions ['colcon_meta']
[0.278s] Level 1:colcon.colcon_core.package_identification:_identify(DeepLabCut/Animatronics-Ryo-2024-12-17/labeled-data) by extension 'colcon_meta'
[0.278s] Level 1:colcon.colcon_core.package_identification:_identify(DeepLabCut/Animatronics-Ryo-2024-12-17/labeled-data) by extensions ['ros']
[0.278s] Level 1:colcon.colcon_core.package_identification:_identify(DeepLabCut/Animatronics-Ryo-2024-12-17/labeled-data) by extension 'ros'
[0.278s] Level 1:colcon.colcon_core.package_identification:_identify(DeepLabCut/Animatronics-Ryo-2024-12-17/labeled-data) by extensions ['cmake', 'python']
[0.278s] Level 1:colcon.colcon_core.package_identification:_identify(DeepLabCut/Animatronics-Ryo-2024-12-17/labeled-data) by extension 'cmake'
[0.278s] Level 1:colcon.colcon_core.package_identification:_identify(DeepLabCut/Animatronics-Ryo-2024-12-17/labeled-data) by extension 'python'
[0.278s] Level 1:colcon.colcon_core.package_identification:_identify(DeepLabCut/Animatronics-Ryo-2024-12-17/labeled-data) by extensions ['python_setup_py']
[0.278s] Level 1:colcon.colcon_core.package_identification:_identify(DeepLabCut/Animatronics-Ryo-2024-12-17/labeled-data) by extension 'python_setup_py'
[0.279s] Level 1:colcon.colcon_core.package_identification:_identify(DeepLabCut/Animatronics-Ryo-2024-12-17/labeled-data/Raptor1) by extensions ['ignore', 'ignore_ament_install']
[0.279s] Level 1:colcon.colcon_core.package_identification:_identify(DeepLabCut/Animatronics-Ryo-2024-12-17/labeled-data/Raptor1) by extension 'ignore'
[0.279s] Level 1:colcon.colcon_core.package_identification:_identify(DeepLabCut/Animatronics-Ryo-2024-12-17/labeled-data/Raptor1) by extension 'ignore_ament_install'
[0.279s] Level 1:colcon.colcon_core.package_identification:_identify(DeepLabCut/Animatronics-Ryo-2024-12-17/labeled-data/Raptor1) by extensions ['colcon_pkg']
[0.279s] Level 1:colcon.colcon_core.package_identification:_identify(DeepLabCut/Animatronics-Ryo-2024-12-17/labeled-data/Raptor1) by extension 'colcon_pkg'
[0.279s] Level 1:colcon.colcon_core.package_identification:_identify(DeepLabCut/Animatronics-Ryo-2024-12-17/labeled-data/Raptor1) by extensions ['colcon_meta']
[0.279s] Level 1:colcon.colcon_core.package_identification:_identify(DeepLabCut/Animatronics-Ryo-2024-12-17/labeled-data/Raptor1) by extension 'colcon_meta'
[0.279s] Level 1:colcon.colcon_core.package_identification:_identify(DeepLabCut/Animatronics-Ryo-2024-12-17/labeled-data/Raptor1) by extensions ['ros']
[0.279s] Level 1:colcon.colcon_core.package_identification:_identify(DeepLabCut/Animatronics-Ryo-2024-12-17/labeled-data/Raptor1) by extension 'ros'
[0.279s] Level 1:colcon.colcon_core.package_identification:_identify(DeepLabCut/Animatronics-Ryo-2024-12-17/labeled-data/Raptor1) by extensions ['cmake', 'python']
[0.279s] Level 1:colcon.colcon_core.package_identification:_identify(DeepLabCut/Animatronics-Ryo-2024-12-17/labeled-data/Raptor1) by extension 'cmake'
[0.279s] Level 1:colcon.colcon_core.package_identification:_identify(DeepLabCut/Animatronics-Ryo-2024-12-17/labeled-data/Raptor1) by extension 'python'
[0.279s] Level 1:colcon.colcon_core.package_identification:_identify(DeepLabCut/Animatronics-Ryo-2024-12-17/labeled-data/Raptor1) by extensions ['python_setup_py']
[0.279s] Level 1:colcon.colcon_core.package_identification:_identify(DeepLabCut/Animatronics-Ryo-2024-12-17/labeled-data/Raptor1) by extension 'python_setup_py'
[0.279s] Level 1:colcon.colcon_core.package_identification:_identify(DeepLabCut/Animatronics-Ryo-2024-12-17/labeled-data/Raptor1_labeled) by extensions ['ignore', 'ignore_ament_install']
[0.279s] Level 1:colcon.colcon_core.package_identification:_identify(DeepLabCut/Animatronics-Ryo-2024-12-17/labeled-data/Raptor1_labeled) by extension 'ignore'
[0.279s] Level 1:colcon.colcon_core.package_identification:_identify(DeepLabCut/Animatronics-Ryo-2024-12-17/labeled-data/Raptor1_labeled) by extension 'ignore_ament_install'
[0.279s] Level 1:colcon.colcon_core.package_identification:_identify(DeepLabCut/Animatronics-Ryo-2024-12-17/labeled-data/Raptor1_labeled) by extensions ['colcon_pkg']
[0.280s] Level 1:colcon.colcon_core.package_identification:_identify(DeepLabCut/Animatronics-Ryo-2024-12-17/labeled-data/Raptor1_labeled) by extension 'colcon_pkg'
[0.280s] Level 1:colcon.colcon_core.package_identification:_identify(DeepLabCut/Animatronics-Ryo-2024-12-17/labeled-data/Raptor1_labeled) by extensions ['colcon_meta']
[0.280s] Level 1:colcon.colcon_core.package_identification:_identify(DeepLabCut/Animatronics-Ryo-2024-12-17/labeled-data/Raptor1_labeled) by extension 'colcon_meta'
[0.280s] Level 1:colcon.colcon_core.package_identification:_identify(DeepLabCut/Animatronics-Ryo-2024-12-17/labeled-data/Raptor1_labeled) by extensions ['ros']
[0.280s] Level 1:colcon.colcon_core.package_identification:_identify(DeepLabCut/Animatronics-Ryo-2024-12-17/labeled-data/Raptor1_labeled) by extension 'ros'
[0.280s] Level 1:colcon.colcon_core.package_identification:_identify(DeepLabCut/Animatronics-Ryo-2024-12-17/labeled-data/Raptor1_labeled) by extensions ['cmake', 'python']
[0.280s] Level 1:colcon.colcon_core.package_identification:_identify(DeepLabCut/Animatronics-Ryo-2024-12-17/labeled-data/Raptor1_labeled) by extension 'cmake'
[0.280s] Level 1:colcon.colcon_core.package_identification:_identify(DeepLabCut/Animatronics-Ryo-2024-12-17/labeled-data/Raptor1_labeled) by extension 'python'
[0.280s] Level 1:colcon.colcon_core.package_identification:_identify(DeepLabCut/Animatronics-Ryo-2024-12-17/labeled-data/Raptor1_labeled) by extensions ['python_setup_py']
[0.280s] Level 1:colcon.colcon_core.package_identification:_identify(DeepLabCut/Animatronics-Ryo-2024-12-17/labeled-data/Raptor1_labeled) by extension 'python_setup_py'
[0.280s] Level 1:colcon.colcon_core.package_identification:_identify(DeepLabCut/Animatronics-Ryo-2024-12-17/training-datasets) by extensions ['ignore', 'ignore_ament_install']
[0.280s] Level 1:colcon.colcon_core.package_identification:_identify(DeepLabCut/Animatronics-Ryo-2024-12-17/training-datasets) by extension 'ignore'
[0.280s] Level 1:colcon.colcon_core.package_identification:_identify(DeepLabCut/Animatronics-Ryo-2024-12-17/training-datasets) by extension 'ignore_ament_install'
[0.280s] Level 1:colcon.colcon_core.package_identification:_identify(DeepLabCut/Animatronics-Ryo-2024-12-17/training-datasets) by extensions ['colcon_pkg']
[0.280s] Level 1:colcon.colcon_core.package_identification:_identify(DeepLabCut/Animatronics-Ryo-2024-12-17/training-datasets) by extension 'colcon_pkg'
[0.280s] Level 1:colcon.colcon_core.package_identification:_identify(DeepLabCut/Animatronics-Ryo-2024-12-17/training-datasets) by extensions ['colcon_meta']
[0.280s] Level 1:colcon.colcon_core.package_identification:_identify(DeepLabCut/Animatronics-Ryo-2024-12-17/training-datasets) by extension 'colcon_meta'
[0.280s] Level 1:colcon.colcon_core.package_identification:_identify(DeepLabCut/Animatronics-Ryo-2024-12-17/training-datasets) by extensions ['ros']
[0.280s] Level 1:colcon.colcon_core.package_identification:_identify(DeepLabCut/Animatronics-Ryo-2024-12-17/training-datasets) by extension 'ros'
[0.280s] Level 1:colcon.colcon_core.package_identification:_identify(DeepLabCut/Animatronics-Ryo-2024-12-17/training-datasets) by extensions ['cmake', 'python']
[0.280s] Level 1:colcon.colcon_core.package_identification:_identify(DeepLabCut/Animatronics-Ryo-2024-12-17/training-datasets) by extension 'cmake'
[0.280s] Level 1:colcon.colcon_core.package_identification:_identify(DeepLabCut/Animatronics-Ryo-2024-12-17/training-datasets) by extension 'python'
[0.280s] Level 1:colcon.colcon_core.package_identification:_identify(DeepLabCut/Animatronics-Ryo-2024-12-17/training-datasets) by extensions ['python_setup_py']
[0.280s] Level 1:colcon.colcon_core.package_identification:_identify(DeepLabCut/Animatronics-Ryo-2024-12-17/training-datasets) by extension 'python_setup_py'
[0.281s] Level 1:colcon.colcon_core.package_identification:_identify(DeepLabCut/Animatronics-Ryo-2024-12-17/training-datasets/iteration-0) by extensions ['ignore', 'ignore_ament_install']
[0.281s] Level 1:colcon.colcon_core.package_identification:_identify(DeepLabCut/Animatronics-Ryo-2024-12-17/training-datasets/iteration-0) by extension 'ignore'
[0.281s] Level 1:colcon.colcon_core.package_identification:_identify(DeepLabCut/Animatronics-Ryo-2024-12-17/training-datasets/iteration-0) by extension 'ignore_ament_install'
[0.281s] Level 1:colcon.colcon_core.package_identification:_identify(DeepLabCut/Animatronics-Ryo-2024-12-17/training-datasets/iteration-0) by extensions ['colcon_pkg']
[0.281s] Level 1:colcon.colcon_core.package_identification:_identify(DeepLabCut/Animatronics-Ryo-2024-12-17/training-datasets/iteration-0) by extension 'colcon_pkg'
[0.281s] Level 1:colcon.colcon_core.package_identification:_identify(DeepLabCut/Animatronics-Ryo-2024-12-17/training-datasets/iteration-0) by extensions ['colcon_meta']
[0.281s] Level 1:colcon.colcon_core.package_identification:_identify(DeepLabCut/Animatronics-Ryo-2024-12-17/training-datasets/iteration-0) by extension 'colcon_meta'
[0.281s] Level 1:colcon.colcon_core.package_identification:_identify(DeepLabCut/Animatronics-Ryo-2024-12-17/training-datasets/iteration-0) by extensions ['ros']
[0.281s] Level 1:colcon.colcon_core.package_identification:_identify(DeepLabCut/Animatronics-Ryo-2024-12-17/training-datasets/iteration-0) by extension 'ros'
[0.281s] Level 1:colcon.colcon_core.package_identification:_identify(DeepLabCut/Animatronics-Ryo-2024-12-17/training-datasets/iteration-0) by extensions ['cmake', 'python']
[0.281s] Level 1:colcon.colcon_core.package_identification:_identify(DeepLabCut/Animatronics-Ryo-2024-12-17/training-datasets/iteration-0) by extension 'cmake'
[0.281s] Level 1:colcon.colcon_core.package_identification:_identify(DeepLabCut/Animatronics-Ryo-2024-12-17/training-datasets/iteration-0) by extension 'python'
[0.281s] Level 1:colcon.colcon_core.package_identification:_identify(DeepLabCut/Animatronics-Ryo-2024-12-17/training-datasets/iteration-0) by extensions ['python_setup_py']
[0.281s] Level 1:colcon.colcon_core.package_identification:_identify(DeepLabCut/Animatronics-Ryo-2024-12-17/training-datasets/iteration-0) by extension 'python_setup_py'
[0.281s] Level 1:colcon.colcon_core.package_identification:_identify(DeepLabCut/Animatronics-Ryo-2024-12-17/training-datasets/iteration-0/UnaugmentedDataSet_AnimatronicsDec17) by extensions ['ignore', 'ignore_ament_install']
[0.281s] Level 1:colcon.colcon_core.package_identification:_identify(DeepLabCut/Animatronics-Ryo-2024-12-17/training-datasets/iteration-0/UnaugmentedDataSet_AnimatronicsDec17) by extension 'ignore'
[0.282s] Level 1:colcon.colcon_core.package_identification:_identify(DeepLabCut/Animatronics-Ryo-2024-12-17/training-datasets/iteration-0/UnaugmentedDataSet_AnimatronicsDec17) by extension 'ignore_ament_install'
[0.282s] Level 1:colcon.colcon_core.package_identification:_identify(DeepLabCut/Animatronics-Ryo-2024-12-17/training-datasets/iteration-0/UnaugmentedDataSet_AnimatronicsDec17) by extensions ['colcon_pkg']
[0.282s] Level 1:colcon.colcon_core.package_identification:_identify(DeepLabCut/Animatronics-Ryo-2024-12-17/training-datasets/iteration-0/UnaugmentedDataSet_AnimatronicsDec17) by extension 'colcon_pkg'
[0.282s] Level 1:colcon.colcon_core.package_identification:_identify(DeepLabCut/Animatronics-Ryo-2024-12-17/training-datasets/iteration-0/UnaugmentedDataSet_AnimatronicsDec17) by extensions ['colcon_meta']
[0.282s] Level 1:colcon.colcon_core.package_identification:_identify(DeepLabCut/Animatronics-Ryo-2024-12-17/training-datasets/iteration-0/UnaugmentedDataSet_AnimatronicsDec17) by extension 'colcon_meta'
[0.282s] Level 1:colcon.colcon_core.package_identification:_identify(DeepLabCut/Animatronics-Ryo-2024-12-17/training-datasets/iteration-0/UnaugmentedDataSet_AnimatronicsDec17) by extensions ['ros']
[0.282s] Level 1:colcon.colcon_core.package_identification:_identify(DeepLabCut/Animatronics-Ryo-2024-12-17/training-datasets/iteration-0/UnaugmentedDataSet_AnimatronicsDec17) by extension 'ros'
[0.282s] Level 1:colcon.colcon_core.package_identification:_identify(DeepLabCut/Animatronics-Ryo-2024-12-17/training-datasets/iteration-0/UnaugmentedDataSet_AnimatronicsDec17) by extensions ['cmake', 'python']
[0.282s] Level 1:colcon.colcon_core.package_identification:_identify(DeepLabCut/Animatronics-Ryo-2024-12-17/training-datasets/iteration-0/UnaugmentedDataSet_AnimatronicsDec17) by extension 'cmake'
[0.282s] Level 1:colcon.colcon_core.package_identification:_identify(DeepLabCut/Animatronics-Ryo-2024-12-17/training-datasets/iteration-0/UnaugmentedDataSet_AnimatronicsDec17) by extension 'python'
[0.282s] Level 1:colcon.colcon_core.package_identification:_identify(DeepLabCut/Animatronics-Ryo-2024-12-17/training-datasets/iteration-0/UnaugmentedDataSet_AnimatronicsDec17) by extensions ['python_setup_py']
[0.282s] Level 1:colcon.colcon_core.package_identification:_identify(DeepLabCut/Animatronics-Ryo-2024-12-17/training-datasets/iteration-0/UnaugmentedDataSet_AnimatronicsDec17) by extension 'python_setup_py'
[0.282s] Level 1:colcon.colcon_core.package_identification:_identify(DeepLabCut/Animatronics-Ryo-2024-12-17/videos) by extensions ['ignore', 'ignore_ament_install']
[0.282s] Level 1:colcon.colcon_core.package_identification:_identify(DeepLabCut/Animatronics-Ryo-2024-12-17/videos) by extension 'ignore'
[0.282s] Level 1:colcon.colcon_core.package_identification:_identify(DeepLabCut/Animatronics-Ryo-2024-12-17/videos) by extension 'ignore_ament_install'
[0.282s] Level 1:colcon.colcon_core.package_identification:_identify(DeepLabCut/Animatronics-Ryo-2024-12-17/videos) by extensions ['colcon_pkg']
[0.282s] Level 1:colcon.colcon_core.package_identification:_identify(DeepLabCut/Animatronics-Ryo-2024-12-17/videos) by extension 'colcon_pkg'
[0.282s] Level 1:colcon.colcon_core.package_identification:_identify(DeepLabCut/Animatronics-Ryo-2024-12-17/videos) by extensions ['colcon_meta']
[0.282s] Level 1:colcon.colcon_core.package_identification:_identify(DeepLabCut/Animatronics-Ryo-2024-12-17/videos) by extension 'colcon_meta'
[0.282s] Level 1:colcon.colcon_core.package_identification:_identify(DeepLabCut/Animatronics-Ryo-2024-12-17/videos) by extensions ['ros']
[0.282s] Level 1:colcon.colcon_core.package_identification:_identify(DeepLabCut/Animatronics-Ryo-2024-12-17/videos) by extension 'ros'
[0.282s] Level 1:colcon.colcon_core.package_identification:_identify(DeepLabCut/Animatronics-Ryo-2024-12-17/videos) by extensions ['cmake', 'python']
[0.282s] Level 1:colcon.colcon_core.package_identification:_identify(DeepLabCut/Animatronics-Ryo-2024-12-17/videos) by extension 'cmake'
[0.283s] Level 1:colcon.colcon_core.package_identification:_identify(DeepLabCut/Animatronics-Ryo-2024-12-17/videos) by extension 'python'
[0.283s] Level 1:colcon.colcon_core.package_identification:_identify(DeepLabCut/Animatronics-Ryo-2024-12-17/videos) by extensions ['python_setup_py']
[0.283s] Level 1:colcon.colcon_core.package_identification:_identify(DeepLabCut/Animatronics-Ryo-2024-12-17/videos) by extension 'python_setup_py'
[0.283s] Level 1:colcon.colcon_core.package_identification:_identify(DeepLabCut/Videos) by extensions ['ignore', 'ignore_ament_install']
[0.283s] Level 1:colcon.colcon_core.package_identification:_identify(DeepLabCut/Videos) by extension 'ignore'
[0.283s] Level 1:colcon.colcon_core.package_identification:_identify(DeepLabCut/Videos) by extension 'ignore_ament_install'
[0.283s] Level 1:colcon.colcon_core.package_identification:_identify(DeepLabCut/Videos) by extensions ['colcon_pkg']
[0.283s] Level 1:colcon.colcon_core.package_identification:_identify(DeepLabCut/Videos) by extension 'colcon_pkg'
[0.283s] Level 1:colcon.colcon_core.package_identification:_identify(DeepLabCut/Videos) by extensions ['colcon_meta']
[0.283s] Level 1:colcon.colcon_core.package_identification:_identify(DeepLabCut/Videos) by extension 'colcon_meta'
[0.283s] Level 1:colcon.colcon_core.package_identification:_identify(DeepLabCut/Videos) by extensions ['ros']
[0.283s] Level 1:colcon.colcon_core.package_identification:_identify(DeepLabCut/Videos) by extension 'ros'
[0.283s] Level 1:colcon.colcon_core.package_identification:_identify(DeepLabCut/Videos) by extensions ['cmake', 'python']
[0.283s] Level 1:colcon.colcon_core.package_identification:_identify(DeepLabCut/Videos) by extension 'cmake'
[0.283s] Level 1:colcon.colcon_core.package_identification:_identify(DeepLabCut/Videos) by extension 'python'
[0.283s] Level 1:colcon.colcon_core.package_identification:_identify(DeepLabCut/Videos) by extensions ['python_setup_py']
[0.283s] Level 1:colcon.colcon_core.package_identification:_identify(DeepLabCut/Videos) by extension 'python_setup_py'
[0.283s] Level 1:colcon.colcon_core.package_identification:_identify(DeepLabCut/__pycache__) by extensions ['ignore', 'ignore_ament_install']
[0.283s] Level 1:colcon.colcon_core.package_identification:_identify(DeepLabCut/__pycache__) by extension 'ignore'
[0.284s] Level 1:colcon.colcon_core.package_identification:_identify(DeepLabCut/__pycache__) by extension 'ignore_ament_install'
[0.284s] Level 1:colcon.colcon_core.package_identification:_identify(DeepLabCut/__pycache__) by extensions ['colcon_pkg']
[0.284s] Level 1:colcon.colcon_core.package_identification:_identify(DeepLabCut/__pycache__) by extension 'colcon_pkg'
[0.284s] Level 1:colcon.colcon_core.package_identification:_identify(DeepLabCut/__pycache__) by extensions ['colcon_meta']
[0.284s] Level 1:colcon.colcon_core.package_identification:_identify(DeepLabCut/__pycache__) by extension 'colcon_meta'
[0.284s] Level 1:colcon.colcon_core.package_identification:_identify(DeepLabCut/__pycache__) by extensions ['ros']
[0.284s] Level 1:colcon.colcon_core.package_identification:_identify(DeepLabCut/__pycache__) by extension 'ros'
[0.284s] Level 1:colcon.colcon_core.package_identification:_identify(DeepLabCut/__pycache__) by extensions ['cmake', 'python']
[0.284s] Level 1:colcon.colcon_core.package_identification:_identify(DeepLabCut/__pycache__) by extension 'cmake'
[0.284s] Level 1:colcon.colcon_core.package_identification:_identify(DeepLabCut/__pycache__) by extension 'python'
[0.284s] Level 1:colcon.colcon_core.package_identification:_identify(DeepLabCut/__pycache__) by extensions ['python_setup_py']
[0.284s] Level 1:colcon.colcon_core.package_identification:_identify(DeepLabCut/__pycache__) by extension 'python_setup_py'
[0.284s] Level 1:colcon.colcon_core.package_identification:_identify(DeepLabCut/animatronics-ryo-2024-12-18) by extensions ['ignore', 'ignore_ament_install']
[0.284s] Level 1:colcon.colcon_core.package_identification:_identify(DeepLabCut/animatronics-ryo-2024-12-18) by extension 'ignore'
[0.284s] Level 1:colcon.colcon_core.package_identification:_identify(DeepLabCut/animatronics-ryo-2024-12-18) by extension 'ignore_ament_install'
[0.284s] Level 1:colcon.colcon_core.package_identification:_identify(DeepLabCut/animatronics-ryo-2024-12-18) by extensions ['colcon_pkg']
[0.284s] Level 1:colcon.colcon_core.package_identification:_identify(DeepLabCut/animatronics-ryo-2024-12-18) by extension 'colcon_pkg'
[0.284s] Level 1:colcon.colcon_core.package_identification:_identify(DeepLabCut/animatronics-ryo-2024-12-18) by extensions ['colcon_meta']
[0.284s] Level 1:colcon.colcon_core.package_identification:_identify(DeepLabCut/animatronics-ryo-2024-12-18) by extension 'colcon_meta'
[0.284s] Level 1:colcon.colcon_core.package_identification:_identify(DeepLabCut/animatronics-ryo-2024-12-18) by extensions ['ros']
[0.284s] Level 1:colcon.colcon_core.package_identification:_identify(DeepLabCut/animatronics-ryo-2024-12-18) by extension 'ros'
[0.284s] Level 1:colcon.colcon_core.package_identification:_identify(DeepLabCut/animatronics-ryo-2024-12-18) by extensions ['cmake', 'python']
[0.284s] Level 1:colcon.colcon_core.package_identification:_identify(DeepLabCut/animatronics-ryo-2024-12-18) by extension 'cmake'
[0.284s] Level 1:colcon.colcon_core.package_identification:_identify(DeepLabCut/animatronics-ryo-2024-12-18) by extension 'python'
[0.284s] Level 1:colcon.colcon_core.package_identification:_identify(DeepLabCut/animatronics-ryo-2024-12-18) by extensions ['python_setup_py']
[0.285s] Level 1:colcon.colcon_core.package_identification:_identify(DeepLabCut/animatronics-ryo-2024-12-18) by extension 'python_setup_py'
[0.285s] Level 1:colcon.colcon_core.package_identification:_identify(DeepLabCut/animatronics-ryo-2024-12-18/dlc-models-pytorch) by extensions ['ignore', 'ignore_ament_install']
[0.285s] Level 1:colcon.colcon_core.package_identification:_identify(DeepLabCut/animatronics-ryo-2024-12-18/dlc-models-pytorch) by extension 'ignore'
[0.285s] Level 1:colcon.colcon_core.package_identification:_identify(DeepLabCut/animatronics-ryo-2024-12-18/dlc-models-pytorch) by extension 'ignore_ament_install'
[0.285s] Level 1:colcon.colcon_core.package_identification:_identify(DeepLabCut/animatronics-ryo-2024-12-18/dlc-models-pytorch) by extensions ['colcon_pkg']
[0.285s] Level 1:colcon.colcon_core.package_identification:_identify(DeepLabCut/animatronics-ryo-2024-12-18/dlc-models-pytorch) by extension 'colcon_pkg'
[0.285s] Level 1:colcon.colcon_core.package_identification:_identify(DeepLabCut/animatronics-ryo-2024-12-18/dlc-models-pytorch) by extensions ['colcon_meta']
[0.285s] Level 1:colcon.colcon_core.package_identification:_identify(DeepLabCut/animatronics-ryo-2024-12-18/dlc-models-pytorch) by extension 'colcon_meta'
[0.285s] Level 1:colcon.colcon_core.package_identification:_identify(DeepLabCut/animatronics-ryo-2024-12-18/dlc-models-pytorch) by extensions ['ros']
[0.285s] Level 1:colcon.colcon_core.package_identification:_identify(DeepLabCut/animatronics-ryo-2024-12-18/dlc-models-pytorch) by extension 'ros'
[0.285s] Level 1:colcon.colcon_core.package_identification:_identify(DeepLabCut/animatronics-ryo-2024-12-18/dlc-models-pytorch) by extensions ['cmake', 'python']
[0.285s] Level 1:colcon.colcon_core.package_identification:_identify(DeepLabCut/animatronics-ryo-2024-12-18/dlc-models-pytorch) by extension 'cmake'
[0.285s] Level 1:colcon.colcon_core.package_identification:_identify(DeepLabCut/animatronics-ryo-2024-12-18/dlc-models-pytorch) by extension 'python'
[0.285s] Level 1:colcon.colcon_core.package_identification:_identify(DeepLabCut/animatronics-ryo-2024-12-18/dlc-models-pytorch) by extensions ['python_setup_py']
[0.285s] Level 1:colcon.colcon_core.package_identification:_identify(DeepLabCut/animatronics-ryo-2024-12-18/dlc-models-pytorch) by extension 'python_setup_py'
[0.285s] Level 1:colcon.colcon_core.package_identification:_identify(DeepLabCut/animatronics-ryo-2024-12-18/dlc-models-pytorch/iteration-0) by extensions ['ignore', 'ignore_ament_install']
[0.285s] Level 1:colcon.colcon_core.package_identification:_identify(DeepLabCut/animatronics-ryo-2024-12-18/dlc-models-pytorch/iteration-0) by extension 'ignore'
[0.285s] Level 1:colcon.colcon_core.package_identification:_identify(DeepLabCut/animatronics-ryo-2024-12-18/dlc-models-pytorch/iteration-0) by extension 'ignore_ament_install'
[0.286s] Level 1:colcon.colcon_core.package_identification:_identify(DeepLabCut/animatronics-ryo-2024-12-18/dlc-models-pytorch/iteration-0) by extensions ['colcon_pkg']
[0.286s] Level 1:colcon.colcon_core.package_identification:_identify(DeepLabCut/animatronics-ryo-2024-12-18/dlc-models-pytorch/iteration-0) by extension 'colcon_pkg'
[0.286s] Level 1:colcon.colcon_core.package_identification:_identify(DeepLabCut/animatronics-ryo-2024-12-18/dlc-models-pytorch/iteration-0) by extensions ['colcon_meta']
[0.286s] Level 1:colcon.colcon_core.package_identification:_identify(DeepLabCut/animatronics-ryo-2024-12-18/dlc-models-pytorch/iteration-0) by extension 'colcon_meta'
[0.286s] Level 1:colcon.colcon_core.package_identification:_identify(DeepLabCut/animatronics-ryo-2024-12-18/dlc-models-pytorch/iteration-0) by extensions ['ros']
[0.286s] Level 1:colcon.colcon_core.package_identification:_identify(DeepLabCut/animatronics-ryo-2024-12-18/dlc-models-pytorch/iteration-0) by extension 'ros'
[0.286s] Level 1:colcon.colcon_core.package_identification:_identify(DeepLabCut/animatronics-ryo-2024-12-18/dlc-models-pytorch/iteration-0) by extensions ['cmake', 'python']
[0.286s] Level 1:colcon.colcon_core.package_identification:_identify(DeepLabCut/animatronics-ryo-2024-12-18/dlc-models-pytorch/iteration-0) by extension 'cmake'
[0.286s] Level 1:colcon.colcon_core.package_identification:_identify(DeepLabCut/animatronics-ryo-2024-12-18/dlc-models-pytorch/iteration-0) by extension 'python'
[0.286s] Level 1:colcon.colcon_core.package_identification:_identify(DeepLabCut/animatronics-ryo-2024-12-18/dlc-models-pytorch/iteration-0) by extensions ['python_setup_py']
[0.286s] Level 1:colcon.colcon_core.package_identification:_identify(DeepLabCut/animatronics-ryo-2024-12-18/dlc-models-pytorch/iteration-0) by extension 'python_setup_py'
[0.286s] Level 1:colcon.colcon_core.package_identification:_identify(DeepLabCut/animatronics-ryo-2024-12-18/dlc-models-pytorch/iteration-0/animatronicsDec18-trainset95shuffle1) by extensions ['ignore', 'ignore_ament_install']
[0.286s] Level 1:colcon.colcon_core.package_identification:_identify(DeepLabCut/animatronics-ryo-2024-12-18/dlc-models-pytorch/iteration-0/animatronicsDec18-trainset95shuffle1) by extension 'ignore'
[0.286s] Level 1:colcon.colcon_core.package_identification:_identify(DeepLabCut/animatronics-ryo-2024-12-18/dlc-models-pytorch/iteration-0/animatronicsDec18-trainset95shuffle1) by extension 'ignore_ament_install'
[0.286s] Level 1:colcon.colcon_core.package_identification:_identify(DeepLabCut/animatronics-ryo-2024-12-18/dlc-models-pytorch/iteration-0/animatronicsDec18-trainset95shuffle1) by extensions ['colcon_pkg']
[0.286s] Level 1:colcon.colcon_core.package_identification:_identify(DeepLabCut/animatronics-ryo-2024-12-18/dlc-models-pytorch/iteration-0/animatronicsDec18-trainset95shuffle1) by extension 'colcon_pkg'
[0.286s] Level 1:colcon.colcon_core.package_identification:_identify(DeepLabCut/animatronics-ryo-2024-12-18/dlc-models-pytorch/iteration-0/animatronicsDec18-trainset95shuffle1) by extensions ['colcon_meta']
[0.286s] Level 1:colcon.colcon_core.package_identification:_identify(DeepLabCut/animatronics-ryo-2024-12-18/dlc-models-pytorch/iteration-0/animatronicsDec18-trainset95shuffle1) by extension 'colcon_meta'
[0.286s] Level 1:colcon.colcon_core.package_identification:_identify(DeepLabCut/animatronics-ryo-2024-12-18/dlc-models-pytorch/iteration-0/animatronicsDec18-trainset95shuffle1) by extensions ['ros']
[0.286s] Level 1:colcon.colcon_core.package_identification:_identify(DeepLabCut/animatronics-ryo-2024-12-18/dlc-models-pytorch/iteration-0/animatronicsDec18-trainset95shuffle1) by extension 'ros'
[0.286s] Level 1:colcon.colcon_core.package_identification:_identify(DeepLabCut/animatronics-ryo-2024-12-18/dlc-models-pytorch/iteration-0/animatronicsDec18-trainset95shuffle1) by extensions ['cmake', 'python']
[0.286s] Level 1:colcon.colcon_core.package_identification:_identify(DeepLabCut/animatronics-ryo-2024-12-18/dlc-models-pytorch/iteration-0/animatronicsDec18-trainset95shuffle1) by extension 'cmake'
[0.286s] Level 1:colcon.colcon_core.package_identification:_identify(DeepLabCut/animatronics-ryo-2024-12-18/dlc-models-pytorch/iteration-0/animatronicsDec18-trainset95shuffle1) by extension 'python'
[0.287s] Level 1:colcon.colcon_core.package_identification:_identify(DeepLabCut/animatronics-ryo-2024-12-18/dlc-models-pytorch/iteration-0/animatronicsDec18-trainset95shuffle1) by extensions ['python_setup_py']
[0.287s] Level 1:colcon.colcon_core.package_identification:_identify(DeepLabCut/animatronics-ryo-2024-12-18/dlc-models-pytorch/iteration-0/animatronicsDec18-trainset95shuffle1) by extension 'python_setup_py'
[0.287s] Level 1:colcon.colcon_core.package_identification:_identify(DeepLabCut/animatronics-ryo-2024-12-18/dlc-models-pytorch/iteration-0/animatronicsDec18-trainset95shuffle1/test) by extensions ['ignore', 'ignore_ament_install']
[0.287s] Level 1:colcon.colcon_core.package_identification:_identify(DeepLabCut/animatronics-ryo-2024-12-18/dlc-models-pytorch/iteration-0/animatronicsDec18-trainset95shuffle1/test) by extension 'ignore'
[0.287s] Level 1:colcon.colcon_core.package_identification:_identify(DeepLabCut/animatronics-ryo-2024-12-18/dlc-models-pytorch/iteration-0/animatronicsDec18-trainset95shuffle1/test) by extension 'ignore_ament_install'
[0.287s] Level 1:colcon.colcon_core.package_identification:_identify(DeepLabCut/animatronics-ryo-2024-12-18/dlc-models-pytorch/iteration-0/animatronicsDec18-trainset95shuffle1/test) by extensions ['colcon_pkg']
[0.287s] Level 1:colcon.colcon_core.package_identification:_identify(DeepLabCut/animatronics-ryo-2024-12-18/dlc-models-pytorch/iteration-0/animatronicsDec18-trainset95shuffle1/test) by extension 'colcon_pkg'
[0.287s] Level 1:colcon.colcon_core.package_identification:_identify(DeepLabCut/animatronics-ryo-2024-12-18/dlc-models-pytorch/iteration-0/animatronicsDec18-trainset95shuffle1/test) by extensions ['colcon_meta']
[0.287s] Level 1:colcon.colcon_core.package_identification:_identify(DeepLabCut/animatronics-ryo-2024-12-18/dlc-models-pytorch/iteration-0/animatronicsDec18-trainset95shuffle1/test) by extension 'colcon_meta'
[0.287s] Level 1:colcon.colcon_core.package_identification:_identify(DeepLabCut/animatronics-ryo-2024-12-18/dlc-models-pytorch/iteration-0/animatronicsDec18-trainset95shuffle1/test) by extensions ['ros']
[0.287s] Level 1:colcon.colcon_core.package_identification:_identify(DeepLabCut/animatronics-ryo-2024-12-18/dlc-models-pytorch/iteration-0/animatronicsDec18-trainset95shuffle1/test) by extension 'ros'
[0.287s] Level 1:colcon.colcon_core.package_identification:_identify(DeepLabCut/animatronics-ryo-2024-12-18/dlc-models-pytorch/iteration-0/animatronicsDec18-trainset95shuffle1/test) by extensions ['cmake', 'python']
[0.287s] Level 1:colcon.colcon_core.package_identification:_identify(DeepLabCut/animatronics-ryo-2024-12-18/dlc-models-pytorch/iteration-0/animatronicsDec18-trainset95shuffle1/test) by extension 'cmake'
[0.287s] Level 1:colcon.colcon_core.package_identification:_identify(DeepLabCut/animatronics-ryo-2024-12-18/dlc-models-pytorch/iteration-0/animatronicsDec18-trainset95shuffle1/test) by extension 'python'
[0.287s] Level 1:colcon.colcon_core.package_identification:_identify(DeepLabCut/animatronics-ryo-2024-12-18/dlc-models-pytorch/iteration-0/animatronicsDec18-trainset95shuffle1/test) by extensions ['python_setup_py']
[0.287s] Level 1:colcon.colcon_core.package_identification:_identify(DeepLabCut/animatronics-ryo-2024-12-18/dlc-models-pytorch/iteration-0/animatronicsDec18-trainset95shuffle1/test) by extension 'python_setup_py'
[0.287s] Level 1:colcon.colcon_core.package_identification:_identify(DeepLabCut/animatronics-ryo-2024-12-18/dlc-models-pytorch/iteration-0/animatronicsDec18-trainset95shuffle1/train) by extensions ['ignore', 'ignore_ament_install']
[0.288s] Level 1:colcon.colcon_core.package_identification:_identify(DeepLabCut/animatronics-ryo-2024-12-18/dlc-models-pytorch/iteration-0/animatronicsDec18-trainset95shuffle1/train) by extension 'ignore'
[0.288s] Level 1:colcon.colcon_core.package_identification:_identify(DeepLabCut/animatronics-ryo-2024-12-18/dlc-models-pytorch/iteration-0/animatronicsDec18-trainset95shuffle1/train) by extension 'ignore_ament_install'
[0.288s] Level 1:colcon.colcon_core.package_identification:_identify(DeepLabCut/animatronics-ryo-2024-12-18/dlc-models-pytorch/iteration-0/animatronicsDec18-trainset95shuffle1/train) by extensions ['colcon_pkg']
[0.288s] Level 1:colcon.colcon_core.package_identification:_identify(DeepLabCut/animatronics-ryo-2024-12-18/dlc-models-pytorch/iteration-0/animatronicsDec18-trainset95shuffle1/train) by extension 'colcon_pkg'
[0.288s] Level 1:colcon.colcon_core.package_identification:_identify(DeepLabCut/animatronics-ryo-2024-12-18/dlc-models-pytorch/iteration-0/animatronicsDec18-trainset95shuffle1/train) by extensions ['colcon_meta']
[0.288s] Level 1:colcon.colcon_core.package_identification:_identify(DeepLabCut/animatronics-ryo-2024-12-18/dlc-models-pytorch/iteration-0/animatronicsDec18-trainset95shuffle1/train) by extension 'colcon_meta'
[0.288s] Level 1:colcon.colcon_core.package_identification:_identify(DeepLabCut/animatronics-ryo-2024-12-18/dlc-models-pytorch/iteration-0/animatronicsDec18-trainset95shuffle1/train) by extensions ['ros']
[0.288s] Level 1:colcon.colcon_core.package_identification:_identify(DeepLabCut/animatronics-ryo-2024-12-18/dlc-models-pytorch/iteration-0/animatronicsDec18-trainset95shuffle1/train) by extension 'ros'
[0.288s] Level 1:colcon.colcon_core.package_identification:_identify(DeepLabCut/animatronics-ryo-2024-12-18/dlc-models-pytorch/iteration-0/animatronicsDec18-trainset95shuffle1/train) by extensions ['cmake', 'python']
[0.288s] Level 1:colcon.colcon_core.package_identification:_identify(DeepLabCut/animatronics-ryo-2024-12-18/dlc-models-pytorch/iteration-0/animatronicsDec18-trainset95shuffle1/train) by extension 'cmake'
[0.288s] Level 1:colcon.colcon_core.package_identification:_identify(DeepLabCut/animatronics-ryo-2024-12-18/dlc-models-pytorch/iteration-0/animatronicsDec18-trainset95shuffle1/train) by extension 'python'
[0.288s] Level 1:colcon.colcon_core.package_identification:_identify(DeepLabCut/animatronics-ryo-2024-12-18/dlc-models-pytorch/iteration-0/animatronicsDec18-trainset95shuffle1/train) by extensions ['python_setup_py']
[0.288s] Level 1:colcon.colcon_core.package_identification:_identify(DeepLabCut/animatronics-ryo-2024-12-18/dlc-models-pytorch/iteration-0/animatronicsDec18-trainset95shuffle1/train) by extension 'python_setup_py'
[0.288s] Level 1:colcon.colcon_core.package_identification:_identify(DeepLabCut/animatronics-ryo-2024-12-18/evaluation-results-pytorch) by extensions ['ignore', 'ignore_ament_install']
[0.288s] Level 1:colcon.colcon_core.package_identification:_identify(DeepLabCut/animatronics-ryo-2024-12-18/evaluation-results-pytorch) by extension 'ignore'
[0.288s] Level 1:colcon.colcon_core.package_identification:_identify(DeepLabCut/animatronics-ryo-2024-12-18/evaluation-results-pytorch) by extension 'ignore_ament_install'
[0.288s] Level 1:colcon.colcon_core.package_identification:_identify(DeepLabCut/animatronics-ryo-2024-12-18/evaluation-results-pytorch) by extensions ['colcon_pkg']
[0.288s] Level 1:colcon.colcon_core.package_identification:_identify(DeepLabCut/animatronics-ryo-2024-12-18/evaluation-results-pytorch) by extension 'colcon_pkg'
[0.288s] Level 1:colcon.colcon_core.package_identification:_identify(DeepLabCut/animatronics-ryo-2024-12-18/evaluation-results-pytorch) by extensions ['colcon_meta']
[0.288s] Level 1:colcon.colcon_core.package_identification:_identify(DeepLabCut/animatronics-ryo-2024-12-18/evaluation-results-pytorch) by extension 'colcon_meta'
[0.288s] Level 1:colcon.colcon_core.package_identification:_identify(DeepLabCut/animatronics-ryo-2024-12-18/evaluation-results-pytorch) by extensions ['ros']
[0.288s] Level 1:colcon.colcon_core.package_identification:_identify(DeepLabCut/animatronics-ryo-2024-12-18/evaluation-results-pytorch) by extension 'ros'
[0.288s] Level 1:colcon.colcon_core.package_identification:_identify(DeepLabCut/animatronics-ryo-2024-12-18/evaluation-results-pytorch) by extensions ['cmake', 'python']
[0.289s] Level 1:colcon.colcon_core.package_identification:_identify(DeepLabCut/animatronics-ryo-2024-12-18/evaluation-results-pytorch) by extension 'cmake'
[0.289s] Level 1:colcon.colcon_core.package_identification:_identify(DeepLabCut/animatronics-ryo-2024-12-18/evaluation-results-pytorch) by extension 'python'
[0.289s] Level 1:colcon.colcon_core.package_identification:_identify(DeepLabCut/animatronics-ryo-2024-12-18/evaluation-results-pytorch) by extensions ['python_setup_py']
[0.289s] Level 1:colcon.colcon_core.package_identification:_identify(DeepLabCut/animatronics-ryo-2024-12-18/evaluation-results-pytorch) by extension 'python_setup_py'
[0.289s] Level 1:colcon.colcon_core.package_identification:_identify(DeepLabCut/animatronics-ryo-2024-12-18/evaluation-results-pytorch/iteration-0) by extensions ['ignore', 'ignore_ament_install']
[0.289s] Level 1:colcon.colcon_core.package_identification:_identify(DeepLabCut/animatronics-ryo-2024-12-18/evaluation-results-pytorch/iteration-0) by extension 'ignore'
[0.289s] Level 1:colcon.colcon_core.package_identification:_identify(DeepLabCut/animatronics-ryo-2024-12-18/evaluation-results-pytorch/iteration-0) by extension 'ignore_ament_install'
[0.289s] Level 1:colcon.colcon_core.package_identification:_identify(DeepLabCut/animatronics-ryo-2024-12-18/evaluation-results-pytorch/iteration-0) by extensions ['colcon_pkg']
[0.289s] Level 1:colcon.colcon_core.package_identification:_identify(DeepLabCut/animatronics-ryo-2024-12-18/evaluation-results-pytorch/iteration-0) by extension 'colcon_pkg'
[0.289s] Level 1:colcon.colcon_core.package_identification:_identify(DeepLabCut/animatronics-ryo-2024-12-18/evaluation-results-pytorch/iteration-0) by extensions ['colcon_meta']
[0.289s] Level 1:colcon.colcon_core.package_identification:_identify(DeepLabCut/animatronics-ryo-2024-12-18/evaluation-results-pytorch/iteration-0) by extension 'colcon_meta'
[0.289s] Level 1:colcon.colcon_core.package_identification:_identify(DeepLabCut/animatronics-ryo-2024-12-18/evaluation-results-pytorch/iteration-0) by extensions ['ros']
[0.289s] Level 1:colcon.colcon_core.package_identification:_identify(DeepLabCut/animatronics-ryo-2024-12-18/evaluation-results-pytorch/iteration-0) by extension 'ros'
[0.289s] Level 1:colcon.colcon_core.package_identification:_identify(DeepLabCut/animatronics-ryo-2024-12-18/evaluation-results-pytorch/iteration-0) by extensions ['cmake', 'python']
[0.289s] Level 1:colcon.colcon_core.package_identification:_identify(DeepLabCut/animatronics-ryo-2024-12-18/evaluation-results-pytorch/iteration-0) by extension 'cmake'
[0.289s] Level 1:colcon.colcon_core.package_identification:_identify(DeepLabCut/animatronics-ryo-2024-12-18/evaluation-results-pytorch/iteration-0) by extension 'python'
[0.289s] Level 1:colcon.colcon_core.package_identification:_identify(DeepLabCut/animatronics-ryo-2024-12-18/evaluation-results-pytorch/iteration-0) by extensions ['python_setup_py']
[0.289s] Level 1:colcon.colcon_core.package_identification:_identify(DeepLabCut/animatronics-ryo-2024-12-18/evaluation-results-pytorch/iteration-0) by extension 'python_setup_py'
[0.289s] Level 1:colcon.colcon_core.package_identification:_identify(DeepLabCut/animatronics-ryo-2024-12-18/evaluation-results-pytorch/iteration-0/animatronicsDec18-trainset95shuffle1) by extensions ['ignore', 'ignore_ament_install']
[0.290s] Level 1:colcon.colcon_core.package_identification:_identify(DeepLabCut/animatronics-ryo-2024-12-18/evaluation-results-pytorch/iteration-0/animatronicsDec18-trainset95shuffle1) by extension 'ignore'
[0.290s] Level 1:colcon.colcon_core.package_identification:_identify(DeepLabCut/animatronics-ryo-2024-12-18/evaluation-results-pytorch/iteration-0/animatronicsDec18-trainset95shuffle1) by extension 'ignore_ament_install'
[0.290s] Level 1:colcon.colcon_core.package_identification:_identify(DeepLabCut/animatronics-ryo-2024-12-18/evaluation-results-pytorch/iteration-0/animatronicsDec18-trainset95shuffle1) by extensions ['colcon_pkg']
[0.290s] Level 1:colcon.colcon_core.package_identification:_identify(DeepLabCut/animatronics-ryo-2024-12-18/evaluation-results-pytorch/iteration-0/animatronicsDec18-trainset95shuffle1) by extension 'colcon_pkg'
[0.290s] Level 1:colcon.colcon_core.package_identification:_identify(DeepLabCut/animatronics-ryo-2024-12-18/evaluation-results-pytorch/iteration-0/animatronicsDec18-trainset95shuffle1) by extensions ['colcon_meta']
[0.290s] Level 1:colcon.colcon_core.package_identification:_identify(DeepLabCut/animatronics-ryo-2024-12-18/evaluation-results-pytorch/iteration-0/animatronicsDec18-trainset95shuffle1) by extension 'colcon_meta'
[0.290s] Level 1:colcon.colcon_core.package_identification:_identify(DeepLabCut/animatronics-ryo-2024-12-18/evaluation-results-pytorch/iteration-0/animatronicsDec18-trainset95shuffle1) by extensions ['ros']
[0.290s] Level 1:colcon.colcon_core.package_identification:_identify(DeepLabCut/animatronics-ryo-2024-12-18/evaluation-results-pytorch/iteration-0/animatronicsDec18-trainset95shuffle1) by extension 'ros'
[0.290s] Level 1:colcon.colcon_core.package_identification:_identify(DeepLabCut/animatronics-ryo-2024-12-18/evaluation-results-pytorch/iteration-0/animatronicsDec18-trainset95shuffle1) by extensions ['cmake', 'python']
[0.290s] Level 1:colcon.colcon_core.package_identification:_identify(DeepLabCut/animatronics-ryo-2024-12-18/evaluation-results-pytorch/iteration-0/animatronicsDec18-trainset95shuffle1) by extension 'cmake'
[0.290s] Level 1:colcon.colcon_core.package_identification:_identify(DeepLabCut/animatronics-ryo-2024-12-18/evaluation-results-pytorch/iteration-0/animatronicsDec18-trainset95shuffle1) by extension 'python'
[0.290s] Level 1:colcon.colcon_core.package_identification:_identify(DeepLabCut/animatronics-ryo-2024-12-18/evaluation-results-pytorch/iteration-0/animatronicsDec18-trainset95shuffle1) by extensions ['python_setup_py']
[0.290s] Level 1:colcon.colcon_core.package_identification:_identify(DeepLabCut/animatronics-ryo-2024-12-18/evaluation-results-pytorch/iteration-0/animatronicsDec18-trainset95shuffle1) by extension 'python_setup_py'
[0.290s] Level 1:colcon.colcon_core.package_identification:_identify(DeepLabCut/animatronics-ryo-2024-12-18/labeled-data) by extensions ['ignore', 'ignore_ament_install']
[0.290s] Level 1:colcon.colcon_core.package_identification:_identify(DeepLabCut/animatronics-ryo-2024-12-18/labeled-data) by extension 'ignore'
[0.290s] Level 1:colcon.colcon_core.package_identification:_identify(DeepLabCut/animatronics-ryo-2024-12-18/labeled-data) by extension 'ignore_ament_install'
[0.290s] Level 1:colcon.colcon_core.package_identification:_identify(DeepLabCut/animatronics-ryo-2024-12-18/labeled-data) by extensions ['colcon_pkg']
[0.290s] Level 1:colcon.colcon_core.package_identification:_identify(DeepLabCut/animatronics-ryo-2024-12-18/labeled-data) by extension 'colcon_pkg'
[0.290s] Level 1:colcon.colcon_core.package_identification:_identify(DeepLabCut/animatronics-ryo-2024-12-18/labeled-data) by extensions ['colcon_meta']
[0.290s] Level 1:colcon.colcon_core.package_identification:_identify(DeepLabCut/animatronics-ryo-2024-12-18/labeled-data) by extension 'colcon_meta'
[0.290s] Level 1:colcon.colcon_core.package_identification:_identify(DeepLabCut/animatronics-ryo-2024-12-18/labeled-data) by extensions ['ros']
[0.290s] Level 1:colcon.colcon_core.package_identification:_identify(DeepLabCut/animatronics-ryo-2024-12-18/labeled-data) by extension 'ros'
[0.291s] Level 1:colcon.colcon_core.package_identification:_identify(DeepLabCut/animatronics-ryo-2024-12-18/labeled-data) by extensions ['cmake', 'python']
[0.291s] Level 1:colcon.colcon_core.package_identification:_identify(DeepLabCut/animatronics-ryo-2024-12-18/labeled-data) by extension 'cmake'
[0.291s] Level 1:colcon.colcon_core.package_identification:_identify(DeepLabCut/animatronics-ryo-2024-12-18/labeled-data) by extension 'python'
[0.291s] Level 1:colcon.colcon_core.package_identification:_identify(DeepLabCut/animatronics-ryo-2024-12-18/labeled-data) by extensions ['python_setup_py']
[0.291s] Level 1:colcon.colcon_core.package_identification:_identify(DeepLabCut/animatronics-ryo-2024-12-18/labeled-data) by extension 'python_setup_py'
[0.291s] Level 1:colcon.colcon_core.package_identification:_identify(DeepLabCut/animatronics-ryo-2024-12-18/labeled-data/4B0CCEC3-B219-4C7F-A07C-F0ACDF82976E Copy) by extensions ['ignore', 'ignore_ament_install']
[0.291s] Level 1:colcon.colcon_core.package_identification:_identify(DeepLabCut/animatronics-ryo-2024-12-18/labeled-data/4B0CCEC3-B219-4C7F-A07C-F0ACDF82976E Copy) by extension 'ignore'
[0.291s] Level 1:colcon.colcon_core.package_identification:_identify(DeepLabCut/animatronics-ryo-2024-12-18/labeled-data/4B0CCEC3-B219-4C7F-A07C-F0ACDF82976E Copy) by extension 'ignore_ament_install'
[0.291s] Level 1:colcon.colcon_core.package_identification:_identify(DeepLabCut/animatronics-ryo-2024-12-18/labeled-data/4B0CCEC3-B219-4C7F-A07C-F0ACDF82976E Copy) by extensions ['colcon_pkg']
[0.291s] Level 1:colcon.colcon_core.package_identification:_identify(DeepLabCut/animatronics-ryo-2024-12-18/labeled-data/4B0CCEC3-B219-4C7F-A07C-F0ACDF82976E Copy) by extension 'colcon_pkg'
[0.291s] Level 1:colcon.colcon_core.package_identification:_identify(DeepLabCut/animatronics-ryo-2024-12-18/labeled-data/4B0CCEC3-B219-4C7F-A07C-F0ACDF82976E Copy) by extensions ['colcon_meta']
[0.291s] Level 1:colcon.colcon_core.package_identification:_identify(DeepLabCut/animatronics-ryo-2024-12-18/labeled-data/4B0CCEC3-B219-4C7F-A07C-F0ACDF82976E Copy) by extension 'colcon_meta'
[0.291s] Level 1:colcon.colcon_core.package_identification:_identify(DeepLabCut/animatronics-ryo-2024-12-18/labeled-data/4B0CCEC3-B219-4C7F-A07C-F0ACDF82976E Copy) by extensions ['ros']
[0.291s] Level 1:colcon.colcon_core.package_identification:_identify(DeepLabCut/animatronics-ryo-2024-12-18/labeled-data/4B0CCEC3-B219-4C7F-A07C-F0ACDF82976E Copy) by extension 'ros'
[0.291s] Level 1:colcon.colcon_core.package_identification:_identify(DeepLabCut/animatronics-ryo-2024-12-18/labeled-data/4B0CCEC3-B219-4C7F-A07C-F0ACDF82976E Copy) by extensions ['cmake', 'python']
[0.291s] Level 1:colcon.colcon_core.package_identification:_identify(DeepLabCut/animatronics-ryo-2024-12-18/labeled-data/4B0CCEC3-B219-4C7F-A07C-F0ACDF82976E Copy) by extension 'cmake'
[0.291s] Level 1:colcon.colcon_core.package_identification:_identify(DeepLabCut/animatronics-ryo-2024-12-18/labeled-data/4B0CCEC3-B219-4C7F-A07C-F0ACDF82976E Copy) by extension 'python'
[0.291s] Level 1:colcon.colcon_core.package_identification:_identify(DeepLabCut/animatronics-ryo-2024-12-18/labeled-data/4B0CCEC3-B219-4C7F-A07C-F0ACDF82976E Copy) by extensions ['python_setup_py']
[0.291s] Level 1:colcon.colcon_core.package_identification:_identify(DeepLabCut/animatronics-ryo-2024-12-18/labeled-data/4B0CCEC3-B219-4C7F-A07C-F0ACDF82976E Copy) by extension 'python_setup_py'
[0.292s] Level 1:colcon.colcon_core.package_identification:_identify(DeepLabCut/animatronics-ryo-2024-12-18/labeled-data/4B0CCEC3-B219-4C7F-A07C-F0ACDF82976E Copy_labeled) by extensions ['ignore', 'ignore_ament_install']
[0.292s] Level 1:colcon.colcon_core.package_identification:_identify(DeepLabCut/animatronics-ryo-2024-12-18/labeled-data/4B0CCEC3-B219-4C7F-A07C-F0ACDF82976E Copy_labeled) by extension 'ignore'
[0.292s] Level 1:colcon.colcon_core.package_identification:_identify(DeepLabCut/animatronics-ryo-2024-12-18/labeled-data/4B0CCEC3-B219-4C7F-A07C-F0ACDF82976E Copy_labeled) by extension 'ignore_ament_install'
[0.292s] Level 1:colcon.colcon_core.package_identification:_identify(DeepLabCut/animatronics-ryo-2024-12-18/labeled-data/4B0CCEC3-B219-4C7F-A07C-F0ACDF82976E Copy_labeled) by extensions ['colcon_pkg']
[0.292s] Level 1:colcon.colcon_core.package_identification:_identify(DeepLabCut/animatronics-ryo-2024-12-18/labeled-data/4B0CCEC3-B219-4C7F-A07C-F0ACDF82976E Copy_labeled) by extension 'colcon_pkg'
[0.292s] Level 1:colcon.colcon_core.package_identification:_identify(DeepLabCut/animatronics-ryo-2024-12-18/labeled-data/4B0CCEC3-B219-4C7F-A07C-F0ACDF82976E Copy_labeled) by extensions ['colcon_meta']
[0.292s] Level 1:colcon.colcon_core.package_identification:_identify(DeepLabCut/animatronics-ryo-2024-12-18/labeled-data/4B0CCEC3-B219-4C7F-A07C-F0ACDF82976E Copy_labeled) by extension 'colcon_meta'
[0.292s] Level 1:colcon.colcon_core.package_identification:_identify(DeepLabCut/animatronics-ryo-2024-12-18/labeled-data/4B0CCEC3-B219-4C7F-A07C-F0ACDF82976E Copy_labeled) by extensions ['ros']
[0.292s] Level 1:colcon.colcon_core.package_identification:_identify(DeepLabCut/animatronics-ryo-2024-12-18/labeled-data/4B0CCEC3-B219-4C7F-A07C-F0ACDF82976E Copy_labeled) by extension 'ros'
[0.292s] Level 1:colcon.colcon_core.package_identification:_identify(DeepLabCut/animatronics-ryo-2024-12-18/labeled-data/4B0CCEC3-B219-4C7F-A07C-F0ACDF82976E Copy_labeled) by extensions ['cmake', 'python']
[0.292s] Level 1:colcon.colcon_core.package_identification:_identify(DeepLabCut/animatronics-ryo-2024-12-18/labeled-data/4B0CCEC3-B219-4C7F-A07C-F0ACDF82976E Copy_labeled) by extension 'cmake'
[0.292s] Level 1:colcon.colcon_core.package_identification:_identify(DeepLabCut/animatronics-ryo-2024-12-18/labeled-data/4B0CCEC3-B219-4C7F-A07C-F0ACDF82976E Copy_labeled) by extension 'python'
[0.292s] Level 1:colcon.colcon_core.package_identification:_identify(DeepLabCut/animatronics-ryo-2024-12-18/labeled-data/4B0CCEC3-B219-4C7F-A07C-F0ACDF82976E Copy_labeled) by extensions ['python_setup_py']
[0.292s] Level 1:colcon.colcon_core.package_identification:_identify(DeepLabCut/animatronics-ryo-2024-12-18/labeled-data/4B0CCEC3-B219-4C7F-A07C-F0ACDF82976E Copy_labeled) by extension 'python_setup_py'
[0.292s] Level 1:colcon.colcon_core.package_identification:_identify(DeepLabCut/animatronics-ryo-2024-12-18/labeled-data/Raptor1) by extensions ['ignore', 'ignore_ament_install']
[0.292s] Level 1:colcon.colcon_core.package_identification:_identify(DeepLabCut/animatronics-ryo-2024-12-18/labeled-data/Raptor1) by extension 'ignore'
[0.292s] Level 1:colcon.colcon_core.package_identification:_identify(DeepLabCut/animatronics-ryo-2024-12-18/labeled-data/Raptor1) by extension 'ignore_ament_install'
[0.292s] Level 1:colcon.colcon_core.package_identification:_identify(DeepLabCut/animatronics-ryo-2024-12-18/labeled-data/Raptor1) by extensions ['colcon_pkg']
[0.292s] Level 1:colcon.colcon_core.package_identification:_identify(DeepLabCut/animatronics-ryo-2024-12-18/labeled-data/Raptor1) by extension 'colcon_pkg'
[0.292s] Level 1:colcon.colcon_core.package_identification:_identify(DeepLabCut/animatronics-ryo-2024-12-18/labeled-data/Raptor1) by extensions ['colcon_meta']
[0.292s] Level 1:colcon.colcon_core.package_identification:_identify(DeepLabCut/animatronics-ryo-2024-12-18/labeled-data/Raptor1) by extension 'colcon_meta'
[0.292s] Level 1:colcon.colcon_core.package_identification:_identify(DeepLabCut/animatronics-ryo-2024-12-18/labeled-data/Raptor1) by extensions ['ros']
[0.292s] Level 1:colcon.colcon_core.package_identification:_identify(DeepLabCut/animatronics-ryo-2024-12-18/labeled-data/Raptor1) by extension 'ros'
[0.293s] Level 1:colcon.colcon_core.package_identification:_identify(DeepLabCut/animatronics-ryo-2024-12-18/labeled-data/Raptor1) by extensions ['cmake', 'python']
[0.293s] Level 1:colcon.colcon_core.package_identification:_identify(DeepLabCut/animatronics-ryo-2024-12-18/labeled-data/Raptor1) by extension 'cmake'
[0.293s] Level 1:colcon.colcon_core.package_identification:_identify(DeepLabCut/animatronics-ryo-2024-12-18/labeled-data/Raptor1) by extension 'python'
[0.293s] Level 1:colcon.colcon_core.package_identification:_identify(DeepLabCut/animatronics-ryo-2024-12-18/labeled-data/Raptor1) by extensions ['python_setup_py']
[0.293s] Level 1:colcon.colcon_core.package_identification:_identify(DeepLabCut/animatronics-ryo-2024-12-18/labeled-data/Raptor1) by extension 'python_setup_py'
[0.293s] Level 1:colcon.colcon_core.package_identification:_identify(DeepLabCut/animatronics-ryo-2024-12-18/training-datasets) by extensions ['ignore', 'ignore_ament_install']
[0.293s] Level 1:colcon.colcon_core.package_identification:_identify(DeepLabCut/animatronics-ryo-2024-12-18/training-datasets) by extension 'ignore'
[0.293s] Level 1:colcon.colcon_core.package_identification:_identify(DeepLabCut/animatronics-ryo-2024-12-18/training-datasets) by extension 'ignore_ament_install'
[0.293s] Level 1:colcon.colcon_core.package_identification:_identify(DeepLabCut/animatronics-ryo-2024-12-18/training-datasets) by extensions ['colcon_pkg']
[0.293s] Level 1:colcon.colcon_core.package_identification:_identify(DeepLabCut/animatronics-ryo-2024-12-18/training-datasets) by extension 'colcon_pkg'
[0.293s] Level 1:colcon.colcon_core.package_identification:_identify(DeepLabCut/animatronics-ryo-2024-12-18/training-datasets) by extensions ['colcon_meta']
[0.293s] Level 1:colcon.colcon_core.package_identification:_identify(DeepLabCut/animatronics-ryo-2024-12-18/training-datasets) by extension 'colcon_meta'
[0.293s] Level 1:colcon.colcon_core.package_identification:_identify(DeepLabCut/animatronics-ryo-2024-12-18/training-datasets) by extensions ['ros']
[0.293s] Level 1:colcon.colcon_core.package_identification:_identify(DeepLabCut/animatronics-ryo-2024-12-18/training-datasets) by extension 'ros'
[0.293s] Level 1:colcon.colcon_core.package_identification:_identify(DeepLabCut/animatronics-ryo-2024-12-18/training-datasets) by extensions ['cmake', 'python']
[0.293s] Level 1:colcon.colcon_core.package_identification:_identify(DeepLabCut/animatronics-ryo-2024-12-18/training-datasets) by extension 'cmake'
[0.293s] Level 1:colcon.colcon_core.package_identification:_identify(DeepLabCut/animatronics-ryo-2024-12-18/training-datasets) by extension 'python'
[0.293s] Level 1:colcon.colcon_core.package_identification:_identify(DeepLabCut/animatronics-ryo-2024-12-18/training-datasets) by extensions ['python_setup_py']
[0.293s] Level 1:colcon.colcon_core.package_identification:_identify(DeepLabCut/animatronics-ryo-2024-12-18/training-datasets) by extension 'python_setup_py'
[0.293s] Level 1:colcon.colcon_core.package_identification:_identify(DeepLabCut/animatronics-ryo-2024-12-18/training-datasets/iteration-0) by extensions ['ignore', 'ignore_ament_install']
[0.294s] Level 1:colcon.colcon_core.package_identification:_identify(DeepLabCut/animatronics-ryo-2024-12-18/training-datasets/iteration-0) by extension 'ignore'
[0.294s] Level 1:colcon.colcon_core.package_identification:_identify(DeepLabCut/animatronics-ryo-2024-12-18/training-datasets/iteration-0) by extension 'ignore_ament_install'
[0.294s] Level 1:colcon.colcon_core.package_identification:_identify(DeepLabCut/animatronics-ryo-2024-12-18/training-datasets/iteration-0) by extensions ['colcon_pkg']
[0.294s] Level 1:colcon.colcon_core.package_identification:_identify(DeepLabCut/animatronics-ryo-2024-12-18/training-datasets/iteration-0) by extension 'colcon_pkg'
[0.294s] Level 1:colcon.colcon_core.package_identification:_identify(DeepLabCut/animatronics-ryo-2024-12-18/training-datasets/iteration-0) by extensions ['colcon_meta']
[0.294s] Level 1:colcon.colcon_core.package_identification:_identify(DeepLabCut/animatronics-ryo-2024-12-18/training-datasets/iteration-0) by extension 'colcon_meta'
[0.294s] Level 1:colcon.colcon_core.package_identification:_identify(DeepLabCut/animatronics-ryo-2024-12-18/training-datasets/iteration-0) by extensions ['ros']
[0.294s] Level 1:colcon.colcon_core.package_identification:_identify(DeepLabCut/animatronics-ryo-2024-12-18/training-datasets/iteration-0) by extension 'ros'
[0.294s] Level 1:colcon.colcon_core.package_identification:_identify(DeepLabCut/animatronics-ryo-2024-12-18/training-datasets/iteration-0) by extensions ['cmake', 'python']
[0.294s] Level 1:colcon.colcon_core.package_identification:_identify(DeepLabCut/animatronics-ryo-2024-12-18/training-datasets/iteration-0) by extension 'cmake'
[0.294s] Level 1:colcon.colcon_core.package_identification:_identify(DeepLabCut/animatronics-ryo-2024-12-18/training-datasets/iteration-0) by extension 'python'
[0.294s] Level 1:colcon.colcon_core.package_identification:_identify(DeepLabCut/animatronics-ryo-2024-12-18/training-datasets/iteration-0) by extensions ['python_setup_py']
[0.294s] Level 1:colcon.colcon_core.package_identification:_identify(DeepLabCut/animatronics-ryo-2024-12-18/training-datasets/iteration-0) by extension 'python_setup_py'
[0.294s] Level 1:colcon.colcon_core.package_identification:_identify(DeepLabCut/animatronics-ryo-2024-12-18/training-datasets/iteration-0/UnaugmentedDataSet_animatronicsDec18) by extensions ['ignore', 'ignore_ament_install']
[0.294s] Level 1:colcon.colcon_core.package_identification:_identify(DeepLabCut/animatronics-ryo-2024-12-18/training-datasets/iteration-0/UnaugmentedDataSet_animatronicsDec18) by extension 'ignore'
[0.294s] Level 1:colcon.colcon_core.package_identification:_identify(DeepLabCut/animatronics-ryo-2024-12-18/training-datasets/iteration-0/UnaugmentedDataSet_animatronicsDec18) by extension 'ignore_ament_install'
[0.294s] Level 1:colcon.colcon_core.package_identification:_identify(DeepLabCut/animatronics-ryo-2024-12-18/training-datasets/iteration-0/UnaugmentedDataSet_animatronicsDec18) by extensions ['colcon_pkg']
[0.294s] Level 1:colcon.colcon_core.package_identification:_identify(DeepLabCut/animatronics-ryo-2024-12-18/training-datasets/iteration-0/UnaugmentedDataSet_animatronicsDec18) by extension 'colcon_pkg'
[0.294s] Level 1:colcon.colcon_core.package_identification:_identify(DeepLabCut/animatronics-ryo-2024-12-18/training-datasets/iteration-0/UnaugmentedDataSet_animatronicsDec18) by extensions ['colcon_meta']
[0.294s] Level 1:colcon.colcon_core.package_identification:_identify(DeepLabCut/animatronics-ryo-2024-12-18/training-datasets/iteration-0/UnaugmentedDataSet_animatronicsDec18) by extension 'colcon_meta'
[0.294s] Level 1:colcon.colcon_core.package_identification:_identify(DeepLabCut/animatronics-ryo-2024-12-18/training-datasets/iteration-0/UnaugmentedDataSet_animatronicsDec18) by extensions ['ros']
[0.294s] Level 1:colcon.colcon_core.package_identification:_identify(DeepLabCut/animatronics-ryo-2024-12-18/training-datasets/iteration-0/UnaugmentedDataSet_animatronicsDec18) by extension 'ros'
[0.294s] Level 1:colcon.colcon_core.package_identification:_identify(DeepLabCut/animatronics-ryo-2024-12-18/training-datasets/iteration-0/UnaugmentedDataSet_animatronicsDec18) by extensions ['cmake', 'python']
[0.295s] Level 1:colcon.colcon_core.package_identification:_identify(DeepLabCut/animatronics-ryo-2024-12-18/training-datasets/iteration-0/UnaugmentedDataSet_animatronicsDec18) by extension 'cmake'
[0.295s] Level 1:colcon.colcon_core.package_identification:_identify(DeepLabCut/animatronics-ryo-2024-12-18/training-datasets/iteration-0/UnaugmentedDataSet_animatronicsDec18) by extension 'python'
[0.295s] Level 1:colcon.colcon_core.package_identification:_identify(DeepLabCut/animatronics-ryo-2024-12-18/training-datasets/iteration-0/UnaugmentedDataSet_animatronicsDec18) by extensions ['python_setup_py']
[0.295s] Level 1:colcon.colcon_core.package_identification:_identify(DeepLabCut/animatronics-ryo-2024-12-18/training-datasets/iteration-0/UnaugmentedDataSet_animatronicsDec18) by extension 'python_setup_py'
[0.295s] Level 1:colcon.colcon_core.package_identification:_identify(DeepLabCut/animatronics-ryo-2024-12-18/videos) by extensions ['ignore', 'ignore_ament_install']
[0.295s] Level 1:colcon.colcon_core.package_identification:_identify(DeepLabCut/animatronics-ryo-2024-12-18/videos) by extension 'ignore'
[0.295s] Level 1:colcon.colcon_core.package_identification:_identify(DeepLabCut/animatronics-ryo-2024-12-18/videos) by extension 'ignore_ament_install'
[0.295s] Level 1:colcon.colcon_core.package_identification:_identify(DeepLabCut/animatronics-ryo-2024-12-18/videos) by extensions ['colcon_pkg']
[0.295s] Level 1:colcon.colcon_core.package_identification:_identify(DeepLabCut/animatronics-ryo-2024-12-18/videos) by extension 'colcon_pkg'
[0.295s] Level 1:colcon.colcon_core.package_identification:_identify(DeepLabCut/animatronics-ryo-2024-12-18/videos) by extensions ['colcon_meta']
[0.295s] Level 1:colcon.colcon_core.package_identification:_identify(DeepLabCut/animatronics-ryo-2024-12-18/videos) by extension 'colcon_meta'
[0.295s] Level 1:colcon.colcon_core.package_identification:_identify(DeepLabCut/animatronics-ryo-2024-12-18/videos) by extensions ['ros']
[0.295s] Level 1:colcon.colcon_core.package_identification:_identify(DeepLabCut/animatronics-ryo-2024-12-18/videos) by extension 'ros'
[0.295s] Level 1:colcon.colcon_core.package_identification:_identify(DeepLabCut/animatronics-ryo-2024-12-18/videos) by extensions ['cmake', 'python']
[0.295s] Level 1:colcon.colcon_core.package_identification:_identify(DeepLabCut/animatronics-ryo-2024-12-18/videos) by extension 'cmake'
[0.295s] Level 1:colcon.colcon_core.package_identification:_identify(DeepLabCut/animatronics-ryo-2024-12-18/videos) by extension 'python'
[0.295s] Level 1:colcon.colcon_core.package_identification:_identify(DeepLabCut/animatronics-ryo-2024-12-18/videos) by extensions ['python_setup_py']
[0.295s] Level 1:colcon.colcon_core.package_identification:_identify(DeepLabCut/animatronics-ryo-2024-12-18/videos) by extension 'python_setup_py'
[0.295s] Level 1:colcon.colcon_core.package_identification:_identify(build) by extensions ['ignore', 'ignore_ament_install']
[0.295s] Level 1:colcon.colcon_core.package_identification:_identify(build) by extension 'ignore'
[0.296s] Level 1:colcon.colcon_core.package_identification:_identify(build) ignored
[0.296s] Level 1:colcon.colcon_core.package_identification:_identify(controller_publisher) by extensions ['ignore', 'ignore_ament_install']
[0.296s] Level 1:colcon.colcon_core.package_identification:_identify(controller_publisher) by extension 'ignore'
[0.296s] Level 1:colcon.colcon_core.package_identification:_identify(controller_publisher) by extension 'ignore_ament_install'
[0.296s] Level 1:colcon.colcon_core.package_identification:_identify(controller_publisher) by extensions ['colcon_pkg']
[0.296s] Level 1:colcon.colcon_core.package_identification:_identify(controller_publisher) by extension 'colcon_pkg'
[0.296s] Level 1:colcon.colcon_core.package_identification:_identify(controller_publisher) by extensions ['colcon_meta']
[0.296s] Level 1:colcon.colcon_core.package_identification:_identify(controller_publisher) by extension 'colcon_meta'
[0.296s] Level 1:colcon.colcon_core.package_identification:_identify(controller_publisher) by extensions ['ros']
[0.296s] Level 1:colcon.colcon_core.package_identification:_identify(controller_publisher) by extension 'ros'
[0.298s] DEBUG:colcon.colcon_core.package_identification:Package 'controller_publisher' with type 'ros.ament_python' and name 'controller_publisher'
[0.298s] Level 1:colcon.colcon_core.package_identification:_identify(dynamixel_sdk) by extensions ['ignore', 'ignore_ament_install']
[0.298s] Level 1:colcon.colcon_core.package_identification:_identify(dynamixel_sdk) by extension 'ignore'
[0.298s] Level 1:colcon.colcon_core.package_identification:_identify(dynamixel_sdk) by extension 'ignore_ament_install'
[0.298s] Level 1:colcon.colcon_core.package_identification:_identify(dynamixel_sdk) by extensions ['colcon_pkg']
[0.298s] Level 1:colcon.colcon_core.package_identification:_identify(dynamixel_sdk) by extension 'colcon_pkg'
[0.298s] Level 1:colcon.colcon_core.package_identification:_identify(dynamixel_sdk) by extensions ['colcon_meta']
[0.298s] Level 1:colcon.colcon_core.package_identification:_identify(dynamixel_sdk) by extension 'colcon_meta'
[0.298s] Level 1:colcon.colcon_core.package_identification:_identify(dynamixel_sdk) by extensions ['ros']
[0.298s] Level 1:colcon.colcon_core.package_identification:_identify(dynamixel_sdk) by extension 'ros'
[0.299s] DEBUG:colcon.colcon_core.package_identification:Package 'dynamixel_sdk' with type 'ros.ament_cmake' and name 'dynamixel_sdk'
[0.299s] Level 1:colcon.colcon_core.package_identification:_identify(dynamixel_sdk_custom_interfaces) by extensions ['ignore', 'ignore_ament_install']
[0.299s] Level 1:colcon.colcon_core.package_identification:_identify(dynamixel_sdk_custom_interfaces) by extension 'ignore'
[0.299s] Level 1:colcon.colcon_core.package_identification:_identify(dynamixel_sdk_custom_interfaces) by extension 'ignore_ament_install'
[0.299s] Level 1:colcon.colcon_core.package_identification:_identify(dynamixel_sdk_custom_interfaces) by extensions ['colcon_pkg']
[0.299s] Level 1:colcon.colcon_core.package_identification:_identify(dynamixel_sdk_custom_interfaces) by extension 'colcon_pkg'
[0.299s] Level 1:colcon.colcon_core.package_identification:_identify(dynamixel_sdk_custom_interfaces) by extensions ['colcon_meta']
[0.299s] Level 1:colcon.colcon_core.package_identification:_identify(dynamixel_sdk_custom_interfaces) by extension 'colcon_meta'
[0.299s] Level 1:colcon.colcon_core.package_identification:_identify(dynamixel_sdk_custom_interfaces) by extensions ['ros']
[0.299s] Level 1:colcon.colcon_core.package_identification:_identify(dynamixel_sdk_custom_interfaces) by extension 'ros'
[0.300s] DEBUG:colcon.colcon_core.package_identification:Package 'dynamixel_sdk_custom_interfaces' with type 'ros.ament_cmake' and name 'dynamixel_sdk_custom_interfaces'
[0.300s] Level 1:colcon.colcon_core.package_identification:_identify(imu_receiver) by extensions ['ignore', 'ignore_ament_install']
[0.300s] Level 1:colcon.colcon_core.package_identification:_identify(imu_receiver) by extension 'ignore'
[0.300s] Level 1:colcon.colcon_core.package_identification:_identify(imu_receiver) by extension 'ignore_ament_install'
[0.300s] Level 1:colcon.colcon_core.package_identification:_identify(imu_receiver) by extensions ['colcon_pkg']
[0.300s] Level 1:colcon.colcon_core.package_identification:_identify(imu_receiver) by extension 'colcon_pkg'
[0.300s] Level 1:colcon.colcon_core.package_identification:_identify(imu_receiver) by extensions ['colcon_meta']
[0.300s] Level 1:colcon.colcon_core.package_identification:_identify(imu_receiver) by extension 'colcon_meta'
[0.300s] Level 1:colcon.colcon_core.package_identification:_identify(imu_receiver) by extensions ['ros']
[0.300s] Level 1:colcon.colcon_core.package_identification:_identify(imu_receiver) by extension 'ros'
[0.301s] DEBUG:colcon.colcon_core.package_identification:Package 'imu_receiver' with type 'ros.ament_python' and name 'imu_receiver'
[0.301s] Level 1:colcon.colcon_core.package_identification:_identify(install) by extensions ['ignore', 'ignore_ament_install']
[0.301s] Level 1:colcon.colcon_core.package_identification:_identify(install) by extension 'ignore'
[0.301s] Level 1:colcon.colcon_core.package_identification:_identify(install) ignored
[0.301s] Level 1:colcon.colcon_core.package_identification:_identify(log) by extensions ['ignore', 'ignore_ament_install']
[0.301s] Level 1:colcon.colcon_core.package_identification:_identify(log) by extension 'ignore'
[0.301s] Level 1:colcon.colcon_core.package_identification:_identify(log) ignored
[0.301s] Level 1:colcon.colcon_core.package_identification:_identify(motor_command_msg) by extensions ['ignore', 'ignore_ament_install']
[0.301s] Level 1:colcon.colcon_core.package_identification:_identify(motor_command_msg) by extension 'ignore'
[0.301s] Level 1:colcon.colcon_core.package_identification:_identify(motor_command_msg) by extension 'ignore_ament_install'
[0.301s] Level 1:colcon.colcon_core.package_identification:_identify(motor_command_msg) by extensions ['colcon_pkg']
[0.301s] Level 1:colcon.colcon_core.package_identification:_identify(motor_command_msg) by extension 'colcon_pkg'
[0.301s] Level 1:colcon.colcon_core.package_identification:_identify(motor_command_msg) by extensions ['colcon_meta']
[0.301s] Level 1:colcon.colcon_core.package_identification:_identify(motor_command_msg) by extension 'colcon_meta'
[0.301s] Level 1:colcon.colcon_core.package_identification:_identify(motor_command_msg) by extensions ['ros']
[0.301s] Level 1:colcon.colcon_core.package_identification:_identify(motor_command_msg) by extension 'ros'
[0.302s] DEBUG:colcon.colcon_core.package_identification:Package 'motor_command_msg' with type 'ros.ament_cmake' and name 'motor_command_msg'
[0.302s] Level 1:colcon.colcon_core.package_identification:_identify(motor_controller) by extensions ['ignore', 'ignore_ament_install']
[0.302s] Level 1:colcon.colcon_core.package_identification:_identify(motor_controller) by extension 'ignore'
[0.302s] Level 1:colcon.colcon_core.package_identification:_identify(motor_controller) by extension 'ignore_ament_install'
[0.302s] Level 1:colcon.colcon_core.package_identification:_identify(motor_controller) by extensions ['colcon_pkg']
[0.302s] Level 1:colcon.colcon_core.package_identification:_identify(motor_controller) by extension 'colcon_pkg'
[0.302s] Level 1:colcon.colcon_core.package_identification:_identify(motor_controller) by extensions ['colcon_meta']
[0.302s] Level 1:colcon.colcon_core.package_identification:_identify(motor_controller) by extension 'colcon_meta'
[0.302s] Level 1:colcon.colcon_core.package_identification:_identify(motor_controller) by extensions ['ros']
[0.302s] Level 1:colcon.colcon_core.package_identification:_identify(motor_controller) by extension 'ros'
[0.303s] DEBUG:colcon.colcon_core.package_identification:Package 'motor_controller' with type 'ros.ament_python' and name 'motor_controller'
[0.303s] Level 1:colcon.colcon_core.package_identification:_identify(system_controller) by extensions ['ignore', 'ignore_ament_install']
[0.303s] Level 1:colcon.colcon_core.package_identification:_identify(system_controller) by extension 'ignore'
[0.303s] Level 1:colcon.colcon_core.package_identification:_identify(system_controller) by extension 'ignore_ament_install'
[0.303s] Level 1:colcon.colcon_core.package_identification:_identify(system_controller) by extensions ['colcon_pkg']
[0.303s] Level 1:colcon.colcon_core.package_identification:_identify(system_controller) by extension 'colcon_pkg'
[0.303s] Level 1:colcon.colcon_core.package_identification:_identify(system_controller) by extensions ['colcon_meta']
[0.303s] Level 1:colcon.colcon_core.package_identification:_identify(system_controller) by extension 'colcon_meta'
[0.303s] Level 1:colcon.colcon_core.package_identification:_identify(system_controller) by extensions ['ros']
[0.303s] Level 1:colcon.colcon_core.package_identification:_identify(system_controller) by extension 'ros'
[0.304s] DEBUG:colcon.colcon_core.package_identification:Package 'system_controller' with type 'ros.ament_python' and name 'system_controller'
[0.304s] Level 1:colcon.colcon_core.package_discovery:discover_packages(recursive) using defaults
[0.304s] Level 1:colcon.colcon_core.package_discovery:discover_packages(ignore) discover
[0.304s] Level 1:colcon.colcon_core.package_discovery:discover_packages(ignore) using defaults
[0.304s] Level 1:colcon.colcon_core.package_discovery:discover_packages(path) discover
[0.304s] Level 1:colcon.colcon_core.package_discovery:discover_packages(path) using defaults
[0.323s] Level 1:colcon.colcon_core.package_discovery:discover_packages(prefix_path) check parameters
[0.323s] Level 1:colcon.colcon_core.package_discovery:discover_packages(prefix_path) discover
[0.326s] DEBUG:colcon.colcon_installed_package_information.package_discovery:Found 285 installed packages in /opt/ros/jazzy
[0.327s] Level 1:colcon.colcon_core.package_discovery:discover_packages(prefix_path) using defaults
[0.357s] Level 5:colcon.colcon_core.verb:set package 'controller_publisher' build argument 'cmake_args' from command line to 'None'
[0.358s] Level 5:colcon.colcon_core.verb:set package 'controller_publisher' build argument 'cmake_target' from command line to 'None'
[0.358s] Level 5:colcon.colcon_core.verb:set package 'controller_publisher' build argument 'cmake_target_skip_unavailable' from command line to 'False'
[0.358s] Level 5:colcon.colcon_core.verb:set package 'controller_publisher' build argument 'cmake_clean_cache' from command line to 'False'
[0.358s] Level 5:colcon.colcon_core.verb:set package 'controller_publisher' build argument 'cmake_clean_first' from command line to 'False'
[0.358s] Level 5:colcon.colcon_core.verb:set package 'controller_publisher' build argument 'cmake_force_configure' from command line to 'False'
[0.358s] Level 5:colcon.colcon_core.verb:set package 'controller_publisher' build argument 'ament_cmake_args' from command line to 'None'
[0.358s] Level 5:colcon.colcon_core.verb:set package 'controller_publisher' build argument 'catkin_cmake_args' from command line to 'None'
[0.358s] Level 5:colcon.colcon_core.verb:set package 'controller_publisher' build argument 'catkin_skip_building_tests' from command line to 'False'
[0.358s] DEBUG:colcon.colcon_core.verb:Building package 'controller_publisher' with the following arguments: {'ament_cmake_args': None, 'build_base': '/home/cvl/CS_Animatronics/src/build/controller_publisher', 'catkin_cmake_args': None, 'catkin_skip_building_tests': False, 'cmake_args': None, 'cmake_clean_cache': False, 'cmake_clean_first': False, 'cmake_force_configure': False, 'cmake_target': None, 'cmake_target_skip_unavailable': False, 'install_base': '/home/cvl/CS_Animatronics/src/install/controller_publisher', 'merge_install': False, 'path': '/home/cvl/CS_Animatronics/src/controller_publisher', 'symlink_install': False, 'test_result_base': None}
[0.358s] Level 5:colcon.colcon_core.verb:set package 'dynamixel_sdk' build argument 'cmake_args' from command line to 'None'
[0.358s] Level 5:colcon.colcon_core.verb:set package 'dynamixel_sdk' build argument 'cmake_target' from command line to 'None'
[0.358s] Level 5:colcon.colcon_core.verb:set package 'dynamixel_sdk' build argument 'cmake_target_skip_unavailable' from command line to 'False'
[0.358s] Level 5:colcon.colcon_core.verb:set package 'dynamixel_sdk' build argument 'cmake_clean_cache' from command line to 'False'
[0.358s] Level 5:colcon.colcon_core.verb:set package 'dynamixel_sdk' build argument 'cmake_clean_first' from command line to 'False'
[0.358s] Level 5:colcon.colcon_core.verb:set package 'dynamixel_sdk' build argument 'cmake_force_configure' from command line to 'False'
[0.358s] Level 5:colcon.colcon_core.verb:set package 'dynamixel_sdk' build argument 'ament_cmake_args' from command line to 'None'
[0.358s] Level 5:colcon.colcon_core.verb:set package 'dynamixel_sdk' build argument 'catkin_cmake_args' from command line to 'None'
[0.358s] Level 5:colcon.colcon_core.verb:set package 'dynamixel_sdk' build argument 'catkin_skip_building_tests' from command line to 'False'
[0.358s] DEBUG:colcon.colcon_core.verb:Building package 'dynamixel_sdk' with the following arguments: {'ament_cmake_args': None, 'build_base': '/home/cvl/CS_Animatronics/src/build/dynamixel_sdk', 'catkin_cmake_args': None, 'catkin_skip_building_tests': False, 'cmake_args': None, 'cmake_clean_cache': False, 'cmake_clean_first': False, 'cmake_force_configure': False, 'cmake_target': None, 'cmake_target_skip_unavailable': False, 'install_base': '/home/cvl/CS_Animatronics/src/install/dynamixel_sdk', 'merge_install': False, 'path': '/home/cvl/CS_Animatronics/src/dynamixel_sdk', 'symlink_install': False, 'test_result_base': None}
[0.358s] Level 5:colcon.colcon_core.verb:set package 'dynamixel_sdk_custom_interfaces' build argument 'cmake_args' from command line to 'None'
[0.358s] Level 5:colcon.colcon_core.verb:set package 'dynamixel_sdk_custom_interfaces' build argument 'cmake_target' from command line to 'None'
[0.358s] Level 5:colcon.colcon_core.verb:set package 'dynamixel_sdk_custom_interfaces' build argument 'cmake_target_skip_unavailable' from command line to 'False'
[0.358s] Level 5:colcon.colcon_core.verb:set package 'dynamixel_sdk_custom_interfaces' build argument 'cmake_clean_cache' from command line to 'False'
[0.358s] Level 5:colcon.colcon_core.verb:set package 'dynamixel_sdk_custom_interfaces' build argument 'cmake_clean_first' from command line to 'False'
[0.358s] Level 5:colcon.colcon_core.verb:set package 'dynamixel_sdk_custom_interfaces' build argument 'cmake_force_configure' from command line to 'False'
[0.358s] Level 5:colcon.colcon_core.verb:set package 'dynamixel_sdk_custom_interfaces' build argument 'ament_cmake_args' from command line to 'None'
[0.358s] Level 5:colcon.colcon_core.verb:set package 'dynamixel_sdk_custom_interfaces' build argument 'catkin_cmake_args' from command line to 'None'
[0.358s] Level 5:colcon.colcon_core.verb:set package 'dynamixel_sdk_custom_interfaces' build argument 'catkin_skip_building_tests' from command line to 'False'
[0.358s] DEBUG:colcon.colcon_core.verb:Building package 'dynamixel_sdk_custom_interfaces' with the following arguments: {'ament_cmake_args': None, 'build_base': '/home/cvl/CS_Animatronics/src/build/dynamixel_sdk_custom_interfaces', 'catkin_cmake_args': None, 'catkin_skip_building_tests': False, 'cmake_args': None, 'cmake_clean_cache': False, 'cmake_clean_first': False, 'cmake_force_configure': False, 'cmake_target': None, 'cmake_target_skip_unavailable': False, 'install_base': '/home/cvl/CS_Animatronics/src/install/dynamixel_sdk_custom_interfaces', 'merge_install': False, 'path': '/home/cvl/CS_Animatronics/src/dynamixel_sdk_custom_interfaces', 'symlink_install': False, 'test_result_base': None}
[0.358s] Level 5:colcon.colcon_core.verb:set package 'imu_receiver' build argument 'cmake_args' from command line to 'None'
[0.359s] Level 5:colcon.colcon_core.verb:set package 'imu_receiver' build argument 'cmake_target' from command line to 'None'
[0.359s] Level 5:colcon.colcon_core.verb:set package 'imu_receiver' build argument 'cmake_target_skip_unavailable' from command line to 'False'
[0.359s] Level 5:colcon.colcon_core.verb:set package 'imu_receiver' build argument 'cmake_clean_cache' from command line to 'False'
[0.359s] Level 5:colcon.colcon_core.verb:set package 'imu_receiver' build argument 'cmake_clean_first' from command line to 'False'
[0.359s] Level 5:colcon.colcon_core.verb:set package 'imu_receiver' build argument 'cmake_force_configure' from command line to 'False'
[0.359s] Level 5:colcon.colcon_core.verb:set package 'imu_receiver' build argument 'ament_cmake_args' from command line to 'None'
[0.359s] Level 5:colcon.colcon_core.verb:set package 'imu_receiver' build argument 'catkin_cmake_args' from command line to 'None'
[0.359s] Level 5:colcon.colcon_core.verb:set package 'imu_receiver' build argument 'catkin_skip_building_tests' from command line to 'False'
[0.359s] DEBUG:colcon.colcon_core.verb:Building package 'imu_receiver' with the following arguments: {'ament_cmake_args': None, 'build_base': '/home/cvl/CS_Animatronics/src/build/imu_receiver', 'catkin_cmake_args': None, 'catkin_skip_building_tests': False, 'cmake_args': None, 'cmake_clean_cache': False, 'cmake_clean_first': False, 'cmake_force_configure': False, 'cmake_target': None, 'cmake_target_skip_unavailable': False, 'install_base': '/home/cvl/CS_Animatronics/src/install/imu_receiver', 'merge_install': False, 'path': '/home/cvl/CS_Animatronics/src/imu_receiver', 'symlink_install': False, 'test_result_base': None}
[0.359s] Level 5:colcon.colcon_core.verb:set package 'motor_command_msg' build argument 'cmake_args' from command line to 'None'
[0.359s] Level 5:colcon.colcon_core.verb:set package 'motor_command_msg' build argument 'cmake_target' from command line to 'None'
[0.359s] Level 5:colcon.colcon_core.verb:set package 'motor_command_msg' build argument 'cmake_target_skip_unavailable' from command line to 'False'
[0.359s] Level 5:colcon.colcon_core.verb:set package 'motor_command_msg' build argument 'cmake_clean_cache' from command line to 'False'
[0.359s] Level 5:colcon.colcon_core.verb:set package 'motor_command_msg' build argument 'cmake_clean_first' from command line to 'False'
[0.359s] Level 5:colcon.colcon_core.verb:set package 'motor_command_msg' build argument 'cmake_force_configure' from command line to 'False'
[0.359s] Level 5:colcon.colcon_core.verb:set package 'motor_command_msg' build argument 'ament_cmake_args' from command line to 'None'
[0.359s] Level 5:colcon.colcon_core.verb:set package 'motor_command_msg' build argument 'catkin_cmake_args' from command line to 'None'
[0.359s] Level 5:colcon.colcon_core.verb:set package 'motor_command_msg' build argument 'catkin_skip_building_tests' from command line to 'False'
[0.359s] DEBUG:colcon.colcon_core.verb:Building package 'motor_command_msg' with the following arguments: {'ament_cmake_args': None, 'build_base': '/home/cvl/CS_Animatronics/src/build/motor_command_msg', 'catkin_cmake_args': None, 'catkin_skip_building_tests': False, 'cmake_args': None, 'cmake_clean_cache': False, 'cmake_clean_first': False, 'cmake_force_configure': False, 'cmake_target': None, 'cmake_target_skip_unavailable': False, 'install_base': '/home/cvl/CS_Animatronics/src/install/motor_command_msg', 'merge_install': False, 'path': '/home/cvl/CS_Animatronics/src/motor_command_msg', 'symlink_install': False, 'test_result_base': None}
[0.359s] Level 5:colcon.colcon_core.verb:set package 'motor_controller' build argument 'cmake_args' from command line to 'None'
[0.359s] Level 5:colcon.colcon_core.verb:set package 'motor_controller' build argument 'cmake_target' from command line to 'None'
[0.359s] Level 5:colcon.colcon_core.verb:set package 'motor_controller' build argument 'cmake_target_skip_unavailable' from command line to 'False'
[0.359s] Level 5:colcon.colcon_core.verb:set package 'motor_controller' build argument 'cmake_clean_cache' from command line to 'False'
[0.359s] Level 5:colcon.colcon_core.verb:set package 'motor_controller' build argument 'cmake_clean_first' from command line to 'False'
[0.359s] Level 5:colcon.colcon_core.verb:set package 'motor_controller' build argument 'cmake_force_configure' from command line to 'False'
[0.359s] Level 5:colcon.colcon_core.verb:set package 'motor_controller' build argument 'ament_cmake_args' from command line to 'None'
[0.359s] Level 5:colcon.colcon_core.verb:set package 'motor_controller' build argument 'catkin_cmake_args' from command line to 'None'
[0.359s] Level 5:colcon.colcon_core.verb:set package 'motor_controller' build argument 'catkin_skip_building_tests' from command line to 'False'
[0.359s] DEBUG:colcon.colcon_core.verb:Building package 'motor_controller' with the following arguments: {'ament_cmake_args': None, 'build_base': '/home/cvl/CS_Animatronics/src/build/motor_controller', 'catkin_cmake_args': None, 'catkin_skip_building_tests': False, 'cmake_args': None, 'cmake_clean_cache': False, 'cmake_clean_first': False, 'cmake_force_configure': False, 'cmake_target': None, 'cmake_target_skip_unavailable': False, 'install_base': '/home/cvl/CS_Animatronics/src/install/motor_controller', 'merge_install': False, 'path': '/home/cvl/CS_Animatronics/src/motor_controller', 'symlink_install': False, 'test_result_base': None}
[0.359s] Level 5:colcon.colcon_core.verb:set package 'system_controller' build argument 'cmake_args' from command line to 'None'
[0.359s] Level 5:colcon.colcon_core.verb:set package 'system_controller' build argument 'cmake_target' from command line to 'None'
[0.359s] Level 5:colcon.colcon_core.verb:set package 'system_controller' build argument 'cmake_target_skip_unavailable' from command line to 'False'
[0.360s] Level 5:colcon.colcon_core.verb:set package 'system_controller' build argument 'cmake_clean_cache' from command line to 'False'
[0.360s] Level 5:colcon.colcon_core.verb:set package 'system_controller' build argument 'cmake_clean_first' from command line to 'False'
[0.360s] Level 5:colcon.colcon_core.verb:set package 'system_controller' build argument 'cmake_force_configure' from command line to 'False'
[0.360s] Level 5:colcon.colcon_core.verb:set package 'system_controller' build argument 'ament_cmake_args' from command line to 'None'
[0.360s] Level 5:colcon.colcon_core.verb:set package 'system_controller' build argument 'catkin_cmake_args' from command line to 'None'
[0.360s] Level 5:colcon.colcon_core.verb:set package 'system_controller' build argument 'catkin_skip_building_tests' from command line to 'False'
[0.360s] DEBUG:colcon.colcon_core.verb:Building package 'system_controller' with the following arguments: {'ament_cmake_args': None, 'build_base': '/home/cvl/CS_Animatronics/src/build/system_controller', 'catkin_cmake_args': None, 'catkin_skip_building_tests': False, 'cmake_args': None, 'cmake_clean_cache': False, 'cmake_clean_first': False, 'cmake_force_configure': False, 'cmake_target': None, 'cmake_target_skip_unavailable': False, 'install_base': '/home/cvl/CS_Animatronics/src/install/system_controller', 'merge_install': False, 'path': '/home/cvl/CS_Animatronics/src/system_controller', 'symlink_install': False, 'test_result_base': None}
[0.360s] INFO:colcon.colcon_core.executor:Executing jobs using 'parallel' executor
[0.360s] DEBUG:colcon.colcon_parallel_executor.executor.parallel:run_until_complete
[0.360s] INFO:colcon.colcon_ros.task.ament_cmake.build:Building ROS package in '/home/cvl/CS_Animatronics/src/motor_command_msg' with build type 'ament_cmake'
[0.360s] INFO:colcon.colcon_cmake.task.cmake.build:Building CMake package in '/home/cvl/CS_Animatronics/src/motor_command_msg'
[0.364s] INFO:colcon.colcon_core.plugin_system:Skipping extension 'colcon_core.shell.bat': Not used on non-Windows systems
[0.364s] INFO:colcon.colcon_core.shell:Skip shell extension 'powershell' for command environment: Not usable outside of PowerShell
[0.364s] DEBUG:colcon.colcon_core.shell:Skip shell extension 'dsv' for command environment
[0.366s] INFO:colcon.colcon_ros.task.ament_cmake.build:Building ROS package in '/home/cvl/CS_Animatronics/src/dynamixel_sdk' with build type 'ament_cmake'
[0.366s] INFO:colcon.colcon_cmake.task.cmake.build:Building CMake package in '/home/cvl/CS_Animatronics/src/dynamixel_sdk'
[0.366s] INFO:colcon.colcon_core.shell:Skip shell extension 'powershell' for command environment: Not usable outside of PowerShell
[0.366s] DEBUG:colcon.colcon_core.shell:Skip shell extension 'dsv' for command environment
[0.368s] INFO:colcon.colcon_ros.task.ament_cmake.build:Building ROS package in '/home/cvl/CS_Animatronics/src/dynamixel_sdk_custom_interfaces' with build type 'ament_cmake'
[0.369s] INFO:colcon.colcon_cmake.task.cmake.build:Building CMake package in '/home/cvl/CS_Animatronics/src/dynamixel_sdk_custom_interfaces'
[0.369s] INFO:colcon.colcon_core.shell:Skip shell extension 'powershell' for command environment: Not usable outside of PowerShell
[0.369s] DEBUG:colcon.colcon_core.shell:Skip shell extension 'dsv' for command environment
[0.370s] INFO:colcon.colcon_ros.task.ament_python.build:Building ROS package in '/home/cvl/CS_Animatronics/src/controller_publisher' with build type 'ament_python'
[0.371s] Level 1:colcon.colcon_core.shell:create_environment_hook('controller_publisher', 'ament_prefix_path')
[0.371s] INFO:colcon.colcon_core.shell:Creating environment hook '/home/cvl/CS_Animatronics/src/install/controller_publisher/share/controller_publisher/hook/ament_prefix_path.ps1'
[0.372s] INFO:colcon.colcon_core.shell:Creating environment descriptor '/home/cvl/CS_Animatronics/src/install/controller_publisher/share/controller_publisher/hook/ament_prefix_path.dsv'
[0.372s] INFO:colcon.colcon_core.shell:Creating environment hook '/home/cvl/CS_Animatronics/src/install/controller_publisher/share/controller_publisher/hook/ament_prefix_path.sh'
[0.373s] INFO:colcon.colcon_core.shell:Skip shell extension 'powershell' for command environment: Not usable outside of PowerShell
[0.373s] DEBUG:colcon.colcon_core.shell:Skip shell extension 'dsv' for command environment
[0.374s] INFO:colcon.colcon_ros.task.ament_python.build:Building ROS package in '/home/cvl/CS_Animatronics/src/imu_receiver' with build type 'ament_python'
[0.375s] Level 1:colcon.colcon_core.shell:create_environment_hook('imu_receiver', 'ament_prefix_path')
[0.375s] INFO:colcon.colcon_core.shell:Creating environment hook '/home/cvl/CS_Animatronics/src/install/imu_receiver/share/imu_receiver/hook/ament_prefix_path.ps1'
[0.375s] INFO:colcon.colcon_core.shell:Creating environment descriptor '/home/cvl/CS_Animatronics/src/install/imu_receiver/share/imu_receiver/hook/ament_prefix_path.dsv'
[0.376s] INFO:colcon.colcon_core.shell:Creating environment hook '/home/cvl/CS_Animatronics/src/install/imu_receiver/share/imu_receiver/hook/ament_prefix_path.sh'
[0.376s] INFO:colcon.colcon_core.shell:Skip shell extension 'powershell' for command environment: Not usable outside of PowerShell
[0.376s] DEBUG:colcon.colcon_core.shell:Skip shell extension 'dsv' for command environment
[0.381s] DEBUG:colcon.colcon_core.event_handler.log_command:Invoking command in '/home/cvl/CS_Animatronics/src/build/motor_command_msg': CMAKE_PREFIX_PATH=${CMAKE_PREFIX_PATH}:/opt/ros/jazzy DEBUGINFOD_URLS=https://debuginfod.ubuntu.com /usr/bin/cmake --build /home/cvl/CS_Animatronics/src/build/motor_command_msg -- -j20 -l20
[0.383s] DEBUG:colcon.colcon_core.event_handler.log_command:Invoking command in '/home/cvl/CS_Animatronics/src/build/dynamixel_sdk': CMAKE_PREFIX_PATH=${CMAKE_PREFIX_PATH}:/opt/ros/jazzy DEBUGINFOD_URLS=https://debuginfod.ubuntu.com /usr/bin/cmake --build /home/cvl/CS_Animatronics/src/build/dynamixel_sdk -- -j20 -l20
[0.385s] DEBUG:colcon.colcon_core.event_handler.log_command:Invoking command in '/home/cvl/CS_Animatronics/src/build/dynamixel_sdk_custom_interfaces': CMAKE_PREFIX_PATH=${CMAKE_PREFIX_PATH}:/opt/ros/jazzy DEBUGINFOD_URLS=https://debuginfod.ubuntu.com /usr/bin/cmake --build /home/cvl/CS_Animatronics/src/build/dynamixel_sdk_custom_interfaces -- -j20 -l20
[0.569s] INFO:colcon.colcon_core.task.python.build:Building Python package in '/home/cvl/CS_Animatronics/src/controller_publisher'
[0.569s] INFO:colcon.colcon_core.shell:Skip shell extension 'powershell' for command environment: Not usable outside of PowerShell
[0.569s] DEBUG:colcon.colcon_core.shell:Skip shell extension 'dsv' for command environment
[0.738s] INFO:colcon.colcon_core.task.python.build:Building Python package in '/home/cvl/CS_Animatronics/src/imu_receiver'
[0.738s] INFO:colcon.colcon_core.shell:Skip shell extension 'powershell' for command environment: Not usable outside of PowerShell
[0.738s] DEBUG:colcon.colcon_core.shell:Skip shell extension 'dsv' for command environment
[0.741s] DEBUG:colcon.colcon_core.event_handler.log_command:Invoked command in '/home/cvl/CS_Animatronics/src/build/dynamixel_sdk' returned '0': CMAKE_PREFIX_PATH=${CMAKE_PREFIX_PATH}:/opt/ros/jazzy DEBUGINFOD_URLS=https://debuginfod.ubuntu.com /usr/bin/cmake --build /home/cvl/CS_Animatronics/src/build/dynamixel_sdk -- -j20 -l20
[0.749s] DEBUG:colcon.colcon_core.event_handler.log_command:Invoking command in '/home/cvl/CS_Animatronics/src/build/dynamixel_sdk': CMAKE_PREFIX_PATH=${CMAKE_PREFIX_PATH}:/opt/ros/jazzy DEBUGINFOD_URLS=https://debuginfod.ubuntu.com /usr/bin/cmake --install /home/cvl/CS_Animatronics/src/build/dynamixel_sdk
[0.751s] DEBUG:colcon.colcon_core.event_handler.log_command:Invoked command in '/home/cvl/CS_Animatronics/src/build/dynamixel_sdk_custom_interfaces' returned '0': CMAKE_PREFIX_PATH=${CMAKE_PREFIX_PATH}:/opt/ros/jazzy DEBUGINFOD_URLS=https://debuginfod.ubuntu.com /usr/bin/cmake --build /home/cvl/CS_Animatronics/src/build/dynamixel_sdk_custom_interfaces -- -j20 -l20
[0.752s] DEBUG:colcon.colcon_core.event_handler.log_command:Invoking command in '/home/cvl/CS_Animatronics/src/build/dynamixel_sdk_custom_interfaces': CMAKE_PREFIX_PATH=${CMAKE_PREFIX_PATH}:/opt/ros/jazzy DEBUGINFOD_URLS=https://debuginfod.ubuntu.com /usr/bin/cmake --install /home/cvl/CS_Animatronics/src/build/dynamixel_sdk_custom_interfaces
[0.752s] DEBUG:colcon.colcon_core.event_handler.log_command:Invoked command in '/home/cvl/CS_Animatronics/src/build/motor_command_msg' returned '0': CMAKE_PREFIX_PATH=${CMAKE_PREFIX_PATH}:/opt/ros/jazzy DEBUGINFOD_URLS=https://debuginfod.ubuntu.com /usr/bin/cmake --build /home/cvl/CS_Animatronics/src/build/motor_command_msg -- -j20 -l20
[0.753s] DEBUG:colcon.colcon_core.event_handler.log_command:Invoking command in '/home/cvl/CS_Animatronics/src/build/motor_command_msg': CMAKE_PREFIX_PATH=${CMAKE_PREFIX_PATH}:/opt/ros/jazzy DEBUGINFOD_URLS=https://debuginfod.ubuntu.com /usr/bin/cmake --install /home/cvl/CS_Animatronics/src/build/motor_command_msg
[0.758s] Level 1:colcon.colcon_core.environment:create_environment_scripts_only(dynamixel_sdk)
[0.758s] DEBUG:colcon.colcon_core.event_handler.log_command:Invoked command in '/home/cvl/CS_Animatronics/src/build/dynamixel_sdk' returned '0': CMAKE_PREFIX_PATH=${CMAKE_PREFIX_PATH}:/opt/ros/jazzy DEBUGINFOD_URLS=https://debuginfod.ubuntu.com /usr/bin/cmake --install /home/cvl/CS_Animatronics/src/build/dynamixel_sdk
[0.772s] Level 1:colcon.colcon_core.environment:checking '/home/cvl/CS_Animatronics/src/install/dynamixel_sdk' for CMake module files
[0.773s] Level 1:colcon.colcon_core.environment:checking '/home/cvl/CS_Animatronics/src/install/dynamixel_sdk' for CMake config files
[0.773s] Level 1:colcon.colcon_core.shell:create_environment_hook('dynamixel_sdk', 'cmake_prefix_path')
[0.773s] INFO:colcon.colcon_core.shell:Creating environment hook '/home/cvl/CS_Animatronics/src/install/dynamixel_sdk/share/dynamixel_sdk/hook/cmake_prefix_path.ps1'
[0.774s] INFO:colcon.colcon_core.shell:Creating environment descriptor '/home/cvl/CS_Animatronics/src/install/dynamixel_sdk/share/dynamixel_sdk/hook/cmake_prefix_path.dsv'
[0.774s] INFO:colcon.colcon_core.shell:Creating environment hook '/home/cvl/CS_Animatronics/src/install/dynamixel_sdk/share/dynamixel_sdk/hook/cmake_prefix_path.sh'
[0.774s] Level 1:colcon.colcon_core.environment:checking '/home/cvl/CS_Animatronics/src/install/dynamixel_sdk/lib'
[0.774s] Level 1:colcon.colcon_core.shell:create_environment_hook('dynamixel_sdk', 'ld_library_path_lib')
[0.775s] INFO:colcon.colcon_core.shell:Creating environment hook '/home/cvl/CS_Animatronics/src/install/dynamixel_sdk/share/dynamixel_sdk/hook/ld_library_path_lib.ps1'
[0.775s] INFO:colcon.colcon_core.shell:Creating environment descriptor '/home/cvl/CS_Animatronics/src/install/dynamixel_sdk/share/dynamixel_sdk/hook/ld_library_path_lib.dsv'
[0.775s] INFO:colcon.colcon_core.shell:Creating environment hook '/home/cvl/CS_Animatronics/src/install/dynamixel_sdk/share/dynamixel_sdk/hook/ld_library_path_lib.sh'
[0.775s] Level 1:colcon.colcon_core.environment:checking '/home/cvl/CS_Animatronics/src/install/dynamixel_sdk/bin'
[0.775s] Level 1:colcon.colcon_core.environment:checking '/home/cvl/CS_Animatronics/src/install/dynamixel_sdk/lib/pkgconfig/dynamixel_sdk.pc'
[0.775s] Level 1:colcon.colcon_core.environment:checking '/home/cvl/CS_Animatronics/src/install/dynamixel_sdk/lib/python3.12/site-packages'
[0.776s] Level 1:colcon.colcon_core.environment:checking '/home/cvl/CS_Animatronics/src/install/dynamixel_sdk/bin'
[0.776s] INFO:colcon.colcon_core.shell:Creating package script '/home/cvl/CS_Animatronics/src/install/dynamixel_sdk/share/dynamixel_sdk/package.ps1'
[0.776s] INFO:colcon.colcon_core.shell:Creating package descriptor '/home/cvl/CS_Animatronics/src/install/dynamixel_sdk/share/dynamixel_sdk/package.dsv'
[0.777s] INFO:colcon.colcon_core.shell:Creating package script '/home/cvl/CS_Animatronics/src/install/dynamixel_sdk/share/dynamixel_sdk/package.sh'
[0.777s] INFO:colcon.colcon_core.shell:Creating package script '/home/cvl/CS_Animatronics/src/install/dynamixel_sdk/share/dynamixel_sdk/package.bash'
[0.778s] INFO:colcon.colcon_core.shell:Creating package script '/home/cvl/CS_Animatronics/src/install/dynamixel_sdk/share/dynamixel_sdk/package.zsh'
[0.779s] Level 1:colcon.colcon_core.environment:create_file_with_runtime_dependencies(/home/cvl/CS_Animatronics/src/install/dynamixel_sdk/share/colcon-core/packages/dynamixel_sdk)
[0.779s] Level 1:colcon.colcon_core.environment:create_environment_scripts_only(dynamixel_sdk)
[0.779s] Level 1:colcon.colcon_core.environment:checking '/home/cvl/CS_Animatronics/src/install/dynamixel_sdk' for CMake module files
[0.780s] Level 1:colcon.colcon_core.environment:checking '/home/cvl/CS_Animatronics/src/install/dynamixel_sdk' for CMake config files
[0.780s] Level 1:colcon.colcon_core.shell:create_environment_hook('dynamixel_sdk', 'cmake_prefix_path')
[0.780s] INFO:colcon.colcon_core.shell:Creating environment hook '/home/cvl/CS_Animatronics/src/install/dynamixel_sdk/share/dynamixel_sdk/hook/cmake_prefix_path.ps1'
[0.780s] INFO:colcon.colcon_core.shell:Creating environment descriptor '/home/cvl/CS_Animatronics/src/install/dynamixel_sdk/share/dynamixel_sdk/hook/cmake_prefix_path.dsv'
[0.780s] INFO:colcon.colcon_core.shell:Creating environment hook '/home/cvl/CS_Animatronics/src/install/dynamixel_sdk/share/dynamixel_sdk/hook/cmake_prefix_path.sh'
[0.781s] Level 1:colcon.colcon_core.environment:checking '/home/cvl/CS_Animatronics/src/install/dynamixel_sdk/lib'
[0.781s] Level 1:colcon.colcon_core.shell:create_environment_hook('dynamixel_sdk', 'ld_library_path_lib')
[0.781s] INFO:colcon.colcon_core.shell:Creating environment hook '/home/cvl/CS_Animatronics/src/install/dynamixel_sdk/share/dynamixel_sdk/hook/ld_library_path_lib.ps1'
[0.781s] INFO:colcon.colcon_core.shell:Creating environment descriptor '/home/cvl/CS_Animatronics/src/install/dynamixel_sdk/share/dynamixel_sdk/hook/ld_library_path_lib.dsv'
[0.781s] INFO:colcon.colcon_core.shell:Creating environment hook '/home/cvl/CS_Animatronics/src/install/dynamixel_sdk/share/dynamixel_sdk/hook/ld_library_path_lib.sh'
[0.782s] Level 1:colcon.colcon_core.environment:checking '/home/cvl/CS_Animatronics/src/install/dynamixel_sdk/bin'
[0.782s] Level 1:colcon.colcon_core.environment:checking '/home/cvl/CS_Animatronics/src/install/dynamixel_sdk/lib/pkgconfig/dynamixel_sdk.pc'
[0.782s] Level 1:colcon.colcon_core.environment:checking '/home/cvl/CS_Animatronics/src/install/dynamixel_sdk/lib/python3.12/site-packages'
[0.782s] Level 1:colcon.colcon_core.environment:checking '/home/cvl/CS_Animatronics/src/install/dynamixel_sdk/bin'
[0.782s] INFO:colcon.colcon_core.shell:Creating package script '/home/cvl/CS_Animatronics/src/install/dynamixel_sdk/share/dynamixel_sdk/package.ps1'
[0.782s] INFO:colcon.colcon_core.shell:Creating package descriptor '/home/cvl/CS_Animatronics/src/install/dynamixel_sdk/share/dynamixel_sdk/package.dsv'
[0.783s] INFO:colcon.colcon_core.shell:Creating package script '/home/cvl/CS_Animatronics/src/install/dynamixel_sdk/share/dynamixel_sdk/package.sh'
[0.783s] INFO:colcon.colcon_core.shell:Creating package script '/home/cvl/CS_Animatronics/src/install/dynamixel_sdk/share/dynamixel_sdk/package.bash'
[0.783s] INFO:colcon.colcon_core.shell:Creating package script '/home/cvl/CS_Animatronics/src/install/dynamixel_sdk/share/dynamixel_sdk/package.zsh'
[0.784s] Level 1:colcon.colcon_core.environment:create_file_with_runtime_dependencies(/home/cvl/CS_Animatronics/src/install/dynamixel_sdk/share/colcon-core/packages/dynamixel_sdk)
[0.798s] Level 1:colcon.colcon_core.environment:create_environment_scripts_only(motor_command_msg)
[0.798s] Level 1:colcon.colcon_core.environment:checking '/home/cvl/CS_Animatronics/src/install/motor_command_msg' for CMake module files
[0.799s] DEBUG:colcon.colcon_core.event_handler.log_command:Invoked command in '/home/cvl/CS_Animatronics/src/build/motor_command_msg' returned '0': CMAKE_PREFIX_PATH=${CMAKE_PREFIX_PATH}:/opt/ros/jazzy DEBUGINFOD_URLS=https://debuginfod.ubuntu.com /usr/bin/cmake --install /home/cvl/CS_Animatronics/src/build/motor_command_msg
[0.800s] Level 1:colcon.colcon_core.environment:checking '/home/cvl/CS_Animatronics/src/install/motor_command_msg' for CMake config files
[0.800s] Level 1:colcon.colcon_core.shell:create_environment_hook('motor_command_msg', 'cmake_prefix_path')
[0.800s] INFO:colcon.colcon_core.shell:Creating environment hook '/home/cvl/CS_Animatronics/src/install/motor_command_msg/share/motor_command_msg/hook/cmake_prefix_path.ps1'
[0.800s] INFO:colcon.colcon_core.shell:Creating environment descriptor '/home/cvl/CS_Animatronics/src/install/motor_command_msg/share/motor_command_msg/hook/cmake_prefix_path.dsv'
[0.801s] INFO:colcon.colcon_core.shell:Creating environment hook '/home/cvl/CS_Animatronics/src/install/motor_command_msg/share/motor_command_msg/hook/cmake_prefix_path.sh'
[0.801s] Level 1:colcon.colcon_core.environment:checking '/home/cvl/CS_Animatronics/src/install/motor_command_msg/lib'
[0.801s] Level 1:colcon.colcon_core.shell:create_environment_hook('motor_command_msg', 'ld_library_path_lib')
[0.801s] INFO:colcon.colcon_core.shell:Creating environment hook '/home/cvl/CS_Animatronics/src/install/motor_command_msg/share/motor_command_msg/hook/ld_library_path_lib.ps1'
[0.801s] INFO:colcon.colcon_core.shell:Creating environment descriptor '/home/cvl/CS_Animatronics/src/install/motor_command_msg/share/motor_command_msg/hook/ld_library_path_lib.dsv'
[0.802s] INFO:colcon.colcon_core.shell:Creating environment hook '/home/cvl/CS_Animatronics/src/install/motor_command_msg/share/motor_command_msg/hook/ld_library_path_lib.sh'
[0.802s] Level 1:colcon.colcon_core.environment:checking '/home/cvl/CS_Animatronics/src/install/motor_command_msg/bin'
[0.802s] Level 1:colcon.colcon_core.environment:checking '/home/cvl/CS_Animatronics/src/install/motor_command_msg/lib/pkgconfig/motor_command_msg.pc'
[0.802s] Level 1:colcon.colcon_core.environment:checking '/home/cvl/CS_Animatronics/src/install/motor_command_msg/lib/python3.12/site-packages'
[0.802s] Level 1:colcon.colcon_core.environment:checking '/home/cvl/CS_Animatronics/src/install/motor_command_msg/bin'
[0.802s] INFO:colcon.colcon_core.shell:Creating package script '/home/cvl/CS_Animatronics/src/install/motor_command_msg/share/motor_command_msg/package.ps1'
[0.803s] INFO:colcon.colcon_core.shell:Creating package descriptor '/home/cvl/CS_Animatronics/src/install/motor_command_msg/share/motor_command_msg/package.dsv'
[0.803s] INFO:colcon.colcon_core.shell:Creating package script '/home/cvl/CS_Animatronics/src/install/motor_command_msg/share/motor_command_msg/package.sh'
[0.803s] INFO:colcon.colcon_core.shell:Creating package script '/home/cvl/CS_Animatronics/src/install/motor_command_msg/share/motor_command_msg/package.bash'
[0.804s] INFO:colcon.colcon_core.shell:Creating package script '/home/cvl/CS_Animatronics/src/install/motor_command_msg/share/motor_command_msg/package.zsh'
[0.804s] Level 1:colcon.colcon_core.environment:create_file_with_runtime_dependencies(/home/cvl/CS_Animatronics/src/install/motor_command_msg/share/colcon-core/packages/motor_command_msg)
[0.804s] Level 1:colcon.colcon_core.environment:create_environment_scripts_only(motor_command_msg)
[0.804s] Level 1:colcon.colcon_core.environment:checking '/home/cvl/CS_Animatronics/src/install/motor_command_msg' for CMake module files
[0.805s] Level 1:colcon.colcon_core.environment:checking '/home/cvl/CS_Animatronics/src/install/motor_command_msg' for CMake config files
[0.805s] Level 1:colcon.colcon_core.shell:create_environment_hook('motor_command_msg', 'cmake_prefix_path')
[0.805s] INFO:colcon.colcon_core.shell:Creating environment hook '/home/cvl/CS_Animatronics/src/install/motor_command_msg/share/motor_command_msg/hook/cmake_prefix_path.ps1'
[0.806s] INFO:colcon.colcon_core.shell:Creating environment descriptor '/home/cvl/CS_Animatronics/src/install/motor_command_msg/share/motor_command_msg/hook/cmake_prefix_path.dsv'
[0.806s] INFO:colcon.colcon_core.shell:Creating environment hook '/home/cvl/CS_Animatronics/src/install/motor_command_msg/share/motor_command_msg/hook/cmake_prefix_path.sh'
[0.806s] Level 1:colcon.colcon_core.environment:checking '/home/cvl/CS_Animatronics/src/install/motor_command_msg/lib'
[0.806s] Level 1:colcon.colcon_core.shell:create_environment_hook('motor_command_msg', 'ld_library_path_lib')
[0.806s] INFO:colcon.colcon_core.shell:Creating environment hook '/home/cvl/CS_Animatronics/src/install/motor_command_msg/share/motor_command_msg/hook/ld_library_path_lib.ps1'
[0.807s] INFO:colcon.colcon_core.shell:Creating environment descriptor '/home/cvl/CS_Animatronics/src/install/motor_command_msg/share/motor_command_msg/hook/ld_library_path_lib.dsv'
[0.807s] INFO:colcon.colcon_core.shell:Creating environment hook '/home/cvl/CS_Animatronics/src/install/motor_command_msg/share/motor_command_msg/hook/ld_library_path_lib.sh'
[0.807s] Level 1:colcon.colcon_core.environment:checking '/home/cvl/CS_Animatronics/src/install/motor_command_msg/bin'
[0.807s] Level 1:colcon.colcon_core.environment:checking '/home/cvl/CS_Animatronics/src/install/motor_command_msg/lib/pkgconfig/motor_command_msg.pc'
[0.807s] Level 1:colcon.colcon_core.environment:checking '/home/cvl/CS_Animatronics/src/install/motor_command_msg/lib/python3.12/site-packages'
[0.807s] Level 1:colcon.colcon_core.environment:checking '/home/cvl/CS_Animatronics/src/install/motor_command_msg/bin'
[0.808s] INFO:colcon.colcon_core.shell:Creating package script '/home/cvl/CS_Animatronics/src/install/motor_command_msg/share/motor_command_msg/package.ps1'
[0.808s] INFO:colcon.colcon_core.shell:Creating package descriptor '/home/cvl/CS_Animatronics/src/install/motor_command_msg/share/motor_command_msg/package.dsv'
[0.808s] INFO:colcon.colcon_core.shell:Creating package script '/home/cvl/CS_Animatronics/src/install/motor_command_msg/share/motor_command_msg/package.sh'
[0.809s] INFO:colcon.colcon_core.shell:Creating package script '/home/cvl/CS_Animatronics/src/install/motor_command_msg/share/motor_command_msg/package.bash'
[0.809s] INFO:colcon.colcon_core.shell:Creating package script '/home/cvl/CS_Animatronics/src/install/motor_command_msg/share/motor_command_msg/package.zsh'
[0.809s] Level 1:colcon.colcon_core.environment:create_file_with_runtime_dependencies(/home/cvl/CS_Animatronics/src/install/motor_command_msg/share/colcon-core/packages/motor_command_msg)
[0.809s] INFO:colcon.colcon_ros.task.ament_python.build:Building ROS package in '/home/cvl/CS_Animatronics/src/system_controller' with build type 'ament_python'
[0.810s] Level 1:colcon.colcon_core.shell:create_environment_hook('system_controller', 'ament_prefix_path')
[0.810s] INFO:colcon.colcon_core.shell:Creating environment hook '/home/cvl/CS_Animatronics/src/install/system_controller/share/system_controller/hook/ament_prefix_path.ps1'
[0.810s] INFO:colcon.colcon_core.shell:Creating environment descriptor '/home/cvl/CS_Animatronics/src/install/system_controller/share/system_controller/hook/ament_prefix_path.dsv'
[0.811s] INFO:colcon.colcon_core.shell:Creating environment hook '/home/cvl/CS_Animatronics/src/install/system_controller/share/system_controller/hook/ament_prefix_path.sh'
[0.811s] INFO:colcon.colcon_core.shell:Skip shell extension 'powershell' for command environment: Not usable outside of PowerShell
[0.811s] DEBUG:colcon.colcon_core.shell:Skip shell extension 'dsv' for command environment
[0.813s] Level 1:colcon.colcon_core.environment:create_environment_scripts_only(dynamixel_sdk_custom_interfaces)
[0.813s] Level 1:colcon.colcon_core.environment:checking '/home/cvl/CS_Animatronics/src/install/dynamixel_sdk_custom_interfaces' for CMake module files
[0.813s] DEBUG:colcon.colcon_core.event_handler.log_command:Invoked command in '/home/cvl/CS_Animatronics/src/build/dynamixel_sdk_custom_interfaces' returned '0': CMAKE_PREFIX_PATH=${CMAKE_PREFIX_PATH}:/opt/ros/jazzy DEBUGINFOD_URLS=https://debuginfod.ubuntu.com /usr/bin/cmake --install /home/cvl/CS_Animatronics/src/build/dynamixel_sdk_custom_interfaces
[0.814s] Level 1:colcon.colcon_core.environment:checking '/home/cvl/CS_Animatronics/src/install/dynamixel_sdk_custom_interfaces' for CMake config files
[0.814s] Level 1:colcon.colcon_core.shell:create_environment_hook('dynamixel_sdk_custom_interfaces', 'cmake_prefix_path')
[0.814s] INFO:colcon.colcon_core.shell:Creating environment hook '/home/cvl/CS_Animatronics/src/install/dynamixel_sdk_custom_interfaces/share/dynamixel_sdk_custom_interfaces/hook/cmake_prefix_path.ps1'
[0.815s] INFO:colcon.colcon_core.shell:Creating environment descriptor '/home/cvl/CS_Animatronics/src/install/dynamixel_sdk_custom_interfaces/share/dynamixel_sdk_custom_interfaces/hook/cmake_prefix_path.dsv'
[0.815s] INFO:colcon.colcon_core.shell:Creating environment hook '/home/cvl/CS_Animatronics/src/install/dynamixel_sdk_custom_interfaces/share/dynamixel_sdk_custom_interfaces/hook/cmake_prefix_path.sh'
[0.815s] Level 1:colcon.colcon_core.environment:checking '/home/cvl/CS_Animatronics/src/install/dynamixel_sdk_custom_interfaces/lib'
[0.815s] Level 1:colcon.colcon_core.shell:create_environment_hook('dynamixel_sdk_custom_interfaces', 'ld_library_path_lib')
[0.815s] INFO:colcon.colcon_core.shell:Creating environment hook '/home/cvl/CS_Animatronics/src/install/dynamixel_sdk_custom_interfaces/share/dynamixel_sdk_custom_interfaces/hook/ld_library_path_lib.ps1'
[0.816s] INFO:colcon.colcon_core.shell:Creating environment descriptor '/home/cvl/CS_Animatronics/src/install/dynamixel_sdk_custom_interfaces/share/dynamixel_sdk_custom_interfaces/hook/ld_library_path_lib.dsv'
[0.816s] INFO:colcon.colcon_core.shell:Creating environment hook '/home/cvl/CS_Animatronics/src/install/dynamixel_sdk_custom_interfaces/share/dynamixel_sdk_custom_interfaces/hook/ld_library_path_lib.sh'
[0.816s] Level 1:colcon.colcon_core.environment:checking '/home/cvl/CS_Animatronics/src/install/dynamixel_sdk_custom_interfaces/bin'
[0.816s] Level 1:colcon.colcon_core.environment:checking '/home/cvl/CS_Animatronics/src/install/dynamixel_sdk_custom_interfaces/lib/pkgconfig/dynamixel_sdk_custom_interfaces.pc'
[0.816s] Level 1:colcon.colcon_core.environment:checking '/home/cvl/CS_Animatronics/src/install/dynamixel_sdk_custom_interfaces/lib/python3.12/site-packages'
[0.816s] Level 1:colcon.colcon_core.environment:checking '/home/cvl/CS_Animatronics/src/install/dynamixel_sdk_custom_interfaces/bin'
[0.817s] INFO:colcon.colcon_core.shell:Creating package script '/home/cvl/CS_Animatronics/src/install/dynamixel_sdk_custom_interfaces/share/dynamixel_sdk_custom_interfaces/package.ps1'
[0.817s] INFO:colcon.colcon_core.shell:Creating package descriptor '/home/cvl/CS_Animatronics/src/install/dynamixel_sdk_custom_interfaces/share/dynamixel_sdk_custom_interfaces/package.dsv'
[0.817s] INFO:colcon.colcon_core.shell:Creating package script '/home/cvl/CS_Animatronics/src/install/dynamixel_sdk_custom_interfaces/share/dynamixel_sdk_custom_interfaces/package.sh'
[0.818s] INFO:colcon.colcon_core.shell:Creating package script '/home/cvl/CS_Animatronics/src/install/dynamixel_sdk_custom_interfaces/share/dynamixel_sdk_custom_interfaces/package.bash'
[0.818s] INFO:colcon.colcon_core.shell:Creating package script '/home/cvl/CS_Animatronics/src/install/dynamixel_sdk_custom_interfaces/share/dynamixel_sdk_custom_interfaces/package.zsh'
[0.818s] Level 1:colcon.colcon_core.environment:create_file_with_runtime_dependencies(/home/cvl/CS_Animatronics/src/install/dynamixel_sdk_custom_interfaces/share/colcon-core/packages/dynamixel_sdk_custom_interfaces)
[0.819s] Level 1:colcon.colcon_core.environment:create_environment_scripts_only(dynamixel_sdk_custom_interfaces)
[0.819s] Level 1:colcon.colcon_core.environment:checking '/home/cvl/CS_Animatronics/src/install/dynamixel_sdk_custom_interfaces' for CMake module files
[0.819s] Level 1:colcon.colcon_core.environment:checking '/home/cvl/CS_Animatronics/src/install/dynamixel_sdk_custom_interfaces' for CMake config files
[0.819s] Level 1:colcon.colcon_core.shell:create_environment_hook('dynamixel_sdk_custom_interfaces', 'cmake_prefix_path')
[0.819s] INFO:colcon.colcon_core.shell:Creating environment hook '/home/cvl/CS_Animatronics/src/install/dynamixel_sdk_custom_interfaces/share/dynamixel_sdk_custom_interfaces/hook/cmake_prefix_path.ps1'
[0.820s] INFO:colcon.colcon_core.shell:Creating environment descriptor '/home/cvl/CS_Animatronics/src/install/dynamixel_sdk_custom_interfaces/share/dynamixel_sdk_custom_interfaces/hook/cmake_prefix_path.dsv'
[0.820s] INFO:colcon.colcon_core.shell:Creating environment hook '/home/cvl/CS_Animatronics/src/install/dynamixel_sdk_custom_interfaces/share/dynamixel_sdk_custom_interfaces/hook/cmake_prefix_path.sh'
[0.820s] Level 1:colcon.colcon_core.environment:checking '/home/cvl/CS_Animatronics/src/install/dynamixel_sdk_custom_interfaces/lib'
[0.820s] Level 1:colcon.colcon_core.shell:create_environment_hook('dynamixel_sdk_custom_interfaces', 'ld_library_path_lib')
[0.820s] INFO:colcon.colcon_core.shell:Creating environment hook '/home/cvl/CS_Animatronics/src/install/dynamixel_sdk_custom_interfaces/share/dynamixel_sdk_custom_interfaces/hook/ld_library_path_lib.ps1'
[0.821s] INFO:colcon.colcon_core.shell:Creating environment descriptor '/home/cvl/CS_Animatronics/src/install/dynamixel_sdk_custom_interfaces/share/dynamixel_sdk_custom_interfaces/hook/ld_library_path_lib.dsv'
[0.821s] INFO:colcon.colcon_core.shell:Creating environment hook '/home/cvl/CS_Animatronics/src/install/dynamixel_sdk_custom_interfaces/share/dynamixel_sdk_custom_interfaces/hook/ld_library_path_lib.sh'
[0.821s] Level 1:colcon.colcon_core.environment:checking '/home/cvl/CS_Animatronics/src/install/dynamixel_sdk_custom_interfaces/bin'
[0.821s] Level 1:colcon.colcon_core.environment:checking '/home/cvl/CS_Animatronics/src/install/dynamixel_sdk_custom_interfaces/lib/pkgconfig/dynamixel_sdk_custom_interfaces.pc'
[0.821s] Level 1:colcon.colcon_core.environment:checking '/home/cvl/CS_Animatronics/src/install/dynamixel_sdk_custom_interfaces/lib/python3.12/site-packages'
[0.821s] Level 1:colcon.colcon_core.environment:checking '/home/cvl/CS_Animatronics/src/install/dynamixel_sdk_custom_interfaces/bin'
[0.822s] INFO:colcon.colcon_core.shell:Creating package script '/home/cvl/CS_Animatronics/src/install/dynamixel_sdk_custom_interfaces/share/dynamixel_sdk_custom_interfaces/package.ps1'
[0.822s] INFO:colcon.colcon_core.shell:Creating package descriptor '/home/cvl/CS_Animatronics/src/install/dynamixel_sdk_custom_interfaces/share/dynamixel_sdk_custom_interfaces/package.dsv'
[0.822s] INFO:colcon.colcon_core.shell:Creating package script '/home/cvl/CS_Animatronics/src/install/dynamixel_sdk_custom_interfaces/share/dynamixel_sdk_custom_interfaces/package.sh'
[0.823s] INFO:colcon.colcon_core.shell:Creating package script '/home/cvl/CS_Animatronics/src/install/dynamixel_sdk_custom_interfaces/share/dynamixel_sdk_custom_interfaces/package.bash'
[0.823s] INFO:colcon.colcon_core.shell:Creating package script '/home/cvl/CS_Animatronics/src/install/dynamixel_sdk_custom_interfaces/share/dynamixel_sdk_custom_interfaces/package.zsh'
[0.823s] Level 1:colcon.colcon_core.environment:create_file_with_runtime_dependencies(/home/cvl/CS_Animatronics/src/install/dynamixel_sdk_custom_interfaces/share/colcon-core/packages/dynamixel_sdk_custom_interfaces)
[0.824s] INFO:colcon.colcon_ros.task.ament_python.build:Building ROS package in '/home/cvl/CS_Animatronics/src/motor_controller' with build type 'ament_python'
[0.824s] Level 1:colcon.colcon_core.shell:create_environment_hook('motor_controller', 'ament_prefix_path')
[0.824s] INFO:colcon.colcon_core.shell:Creating environment hook '/home/cvl/CS_Animatronics/src/install/motor_controller/share/motor_controller/hook/ament_prefix_path.ps1'
[0.824s] INFO:colcon.colcon_core.shell:Creating environment descriptor '/home/cvl/CS_Animatronics/src/install/motor_controller/share/motor_controller/hook/ament_prefix_path.dsv'
[0.825s] INFO:colcon.colcon_core.shell:Creating environment hook '/home/cvl/CS_Animatronics/src/install/motor_controller/share/motor_controller/hook/ament_prefix_path.sh'
[0.825s] INFO:colcon.colcon_core.shell:Skip shell extension 'powershell' for command environment: Not usable outside of PowerShell
[0.825s] DEBUG:colcon.colcon_core.shell:Skip shell extension 'dsv' for command environment
[0.987s] INFO:colcon.colcon_core.task.python.build:Building Python package in '/home/cvl/CS_Animatronics/src/system_controller'
[0.987s] INFO:colcon.colcon_core.shell:Skip shell extension 'powershell' for command environment: Not usable outside of PowerShell
[0.987s] DEBUG:colcon.colcon_core.shell:Skip shell extension 'dsv' for command environment
[1.150s] INFO:colcon.colcon_core.task.python.build:Building Python package in '/home/cvl/CS_Animatronics/src/motor_controller'
[1.150s] INFO:colcon.colcon_core.shell:Skip shell extension 'powershell' for command environment: Not usable outside of PowerShell
[1.150s] DEBUG:colcon.colcon_core.shell:Skip shell extension 'dsv' for command environment
[1.358s] DEBUG:colcon.colcon_core.event_handler.log_command:Invoking command in '/home/cvl/CS_Animatronics/src/imu_receiver': DEBUGINFOD_URLS=https://debuginfod.ubuntu.com PYTHONPATH=/home/cvl/CS_Animatronics/src/build/imu_receiver/prefix_override:/usr/lib/python3/dist-packages/colcon_core/task/python/colcon_distutils_commands:/home/cvl/CS_Animatronics/src/install/imu_receiver/lib/python3.12/site-packages:${PYTHONPATH} /usr/bin/python3 -W ignore:setup.py install is deprecated -W ignore:easy_install command is deprecated setup.py egg_info --egg-base ../build/imu_receiver build --build-base /home/cvl/CS_Animatronics/src/build/imu_receiver/build install --record /home/cvl/CS_Animatronics/src/build/imu_receiver/install.log --single-version-externally-managed install_data
[1.360s] DEBUG:colcon.colcon_core.event_handler.log_command:Invoking command in '/home/cvl/CS_Animatronics/src/controller_publisher': DEBUGINFOD_URLS=https://debuginfod.ubuntu.com PYTHONPATH=/home/cvl/CS_Animatronics/src/build/controller_publisher/prefix_override:/usr/lib/python3/dist-packages/colcon_core/task/python/colcon_distutils_commands:/home/cvl/CS_Animatronics/src/install/controller_publisher/lib/python3.12/site-packages:${PYTHONPATH} /usr/bin/python3 -W ignore:setup.py install is deprecated -W ignore:easy_install command is deprecated setup.py egg_info --egg-base ../build/controller_publisher build --build-base /home/cvl/CS_Animatronics/src/build/controller_publisher/build install --record /home/cvl/CS_Animatronics/src/build/controller_publisher/install.log --single-version-externally-managed install_data
[1.603s] DEBUG:colcon.colcon_core.event_handler.log_command:Invoking command in '/home/cvl/CS_Animatronics/src/system_controller': AMENT_PREFIX_PATH=/home/cvl/CS_Animatronics/src/install/motor_command_msg:${AMENT_PREFIX_PATH} CMAKE_PREFIX_PATH=/home/cvl/CS_Animatronics/src/install/motor_command_msg:${CMAKE_PREFIX_PATH} DEBUGINFOD_URLS=https://debuginfod.ubuntu.com LD_LIBRARY_PATH=/home/cvl/CS_Animatronics/src/install/motor_command_msg/lib:${LD_LIBRARY_PATH} PYTHONPATH=/home/cvl/CS_Animatronics/src/build/system_controller/prefix_override:/usr/lib/python3/dist-packages/colcon_core/task/python/colcon_distutils_commands:/home/cvl/CS_Animatronics/src/install/system_controller/lib/python3.12/site-packages:/home/cvl/CS_Animatronics/src/install/motor_command_msg/lib/python3.13/site-packages:${PYTHONPATH} /usr/bin/python3 -W ignore:setup.py install is deprecated -W ignore:easy_install command is deprecated setup.py egg_info --egg-base ../build/system_controller build --build-base /home/cvl/CS_Animatronics/src/build/system_controller/build install --record /home/cvl/CS_Animatronics/src/build/system_controller/install.log --single-version-externally-managed install_data
[1.633s] DEBUG:colcon.colcon_core.event_handler.log_command:Invoking command in '/home/cvl/CS_Animatronics/src/motor_controller': AMENT_PREFIX_PATH=/home/cvl/CS_Animatronics/src/install/motor_command_msg:/home/cvl/CS_Animatronics/src/install/dynamixel_sdk_custom_interfaces:/home/cvl/CS_Animatronics/src/install/dynamixel_sdk:${AMENT_PREFIX_PATH} CMAKE_PREFIX_PATH=/home/cvl/CS_Animatronics/src/install/motor_command_msg:/home/cvl/CS_Animatronics/src/install/dynamixel_sdk_custom_interfaces:/home/cvl/CS_Animatronics/src/install/dynamixel_sdk:${CMAKE_PREFIX_PATH} DEBUGINFOD_URLS=https://debuginfod.ubuntu.com LD_LIBRARY_PATH=/home/cvl/CS_Animatronics/src/install/motor_command_msg/lib:/home/cvl/CS_Animatronics/src/install/dynamixel_sdk_custom_interfaces/lib:/home/cvl/CS_Animatronics/src/install/dynamixel_sdk/lib:${LD_LIBRARY_PATH} PYTHONPATH=/home/cvl/CS_Animatronics/src/build/motor_controller/prefix_override:/usr/lib/python3/dist-packages/colcon_core/task/python/colcon_distutils_commands:/home/cvl/CS_Animatronics/src/install/motor_controller/lib/python3.12/site-packages:/home/cvl/CS_Animatronics/src/install/motor_command_msg/lib/python3.13/site-packages:/home/cvl/CS_Animatronics/src/install/dynamixel_sdk_custom_interfaces/lib/python3.13/site-packages:${PYTHONPATH} /usr/bin/python3 -W ignore:setup.py install is deprecated -W ignore:easy_install command is deprecated setup.py egg_info --egg-base ../build/motor_controller build --build-base /home/cvl/CS_Animatronics/src/build/motor_controller/build install --record /home/cvl/CS_Animatronics/src/build/motor_controller/install.log --single-version-externally-managed install_data
[1.788s] Level 1:colcon.colcon_core.environment:checking '/home/cvl/CS_Animatronics/src/install/imu_receiver' for CMake module files
[1.789s] DEBUG:colcon.colcon_core.event_handler.log_command:Invoked command in '/home/cvl/CS_Animatronics/src/imu_receiver' returned '0': DEBUGINFOD_URLS=https://debuginfod.ubuntu.com PYTHONPATH=/home/cvl/CS_Animatronics/src/build/imu_receiver/prefix_override:/usr/lib/python3/dist-packages/colcon_core/task/python/colcon_distutils_commands:/home/cvl/CS_Animatronics/src/install/imu_receiver/lib/python3.12/site-packages:${PYTHONPATH} /usr/bin/python3 -W ignore:setup.py install is deprecated -W ignore:easy_install command is deprecated setup.py egg_info --egg-base ../build/imu_receiver build --build-base /home/cvl/CS_Animatronics/src/build/imu_receiver/build install --record /home/cvl/CS_Animatronics/src/build/imu_receiver/install.log --single-version-externally-managed install_data
[1.789s] Level 1:colcon.colcon_core.environment:checking '/home/cvl/CS_Animatronics/src/install/imu_receiver' for CMake config files
[1.790s] Level 1:colcon.colcon_core.environment:checking '/home/cvl/CS_Animatronics/src/install/imu_receiver/lib'
[1.790s] Level 1:colcon.colcon_core.environment:checking '/home/cvl/CS_Animatronics/src/install/imu_receiver/bin'
[1.790s] Level 1:colcon.colcon_core.environment:checking '/home/cvl/CS_Animatronics/src/install/imu_receiver/lib/pkgconfig/imu_receiver.pc'
[1.790s] Level 1:colcon.colcon_core.environment:checking '/home/cvl/CS_Animatronics/src/install/imu_receiver/lib/python3.12/site-packages'
[1.790s] Level 1:colcon.colcon_core.shell:create_environment_hook('imu_receiver', 'pythonpath')
[1.791s] INFO:colcon.colcon_core.shell:Creating environment hook '/home/cvl/CS_Animatronics/src/install/imu_receiver/share/imu_receiver/hook/pythonpath.ps1'
[1.791s] INFO:colcon.colcon_core.shell:Creating environment descriptor '/home/cvl/CS_Animatronics/src/install/imu_receiver/share/imu_receiver/hook/pythonpath.dsv'
[1.791s] INFO:colcon.colcon_core.shell:Creating environment hook '/home/cvl/CS_Animatronics/src/install/imu_receiver/share/imu_receiver/hook/pythonpath.sh'
[1.792s] Level 1:colcon.colcon_core.environment:checking '/home/cvl/CS_Animatronics/src/install/imu_receiver/bin'
[1.792s] Level 1:colcon.colcon_core.environment:create_environment_scripts_only(imu_receiver)
[1.792s] INFO:colcon.colcon_core.shell:Creating package script '/home/cvl/CS_Animatronics/src/install/imu_receiver/share/imu_receiver/package.ps1'
[1.792s] INFO:colcon.colcon_core.shell:Creating package descriptor '/home/cvl/CS_Animatronics/src/install/imu_receiver/share/imu_receiver/package.dsv'
[1.792s] INFO:colcon.colcon_core.shell:Creating package script '/home/cvl/CS_Animatronics/src/install/imu_receiver/share/imu_receiver/package.sh'
[1.793s] INFO:colcon.colcon_core.shell:Creating package script '/home/cvl/CS_Animatronics/src/install/imu_receiver/share/imu_receiver/package.bash'
[1.793s] INFO:colcon.colcon_core.shell:Creating package script '/home/cvl/CS_Animatronics/src/install/imu_receiver/share/imu_receiver/package.zsh'
[1.793s] Level 1:colcon.colcon_core.environment:create_file_with_runtime_dependencies(/home/cvl/CS_Animatronics/src/install/imu_receiver/share/colcon-core/packages/imu_receiver)
[1.808s] Level 1:colcon.colcon_core.environment:checking '/home/cvl/CS_Animatronics/src/install/controller_publisher' for CMake module files
[1.808s] DEBUG:colcon.colcon_core.event_handler.log_command:Invoked command in '/home/cvl/CS_Animatronics/src/controller_publisher' returned '0': DEBUGINFOD_URLS=https://debuginfod.ubuntu.com PYTHONPATH=/home/cvl/CS_Animatronics/src/build/controller_publisher/prefix_override:/usr/lib/python3/dist-packages/colcon_core/task/python/colcon_distutils_commands:/home/cvl/CS_Animatronics/src/install/controller_publisher/lib/python3.12/site-packages:${PYTHONPATH} /usr/bin/python3 -W ignore:setup.py install is deprecated -W ignore:easy_install command is deprecated setup.py egg_info --egg-base ../build/controller_publisher build --build-base /home/cvl/CS_Animatronics/src/build/controller_publisher/build install --record /home/cvl/CS_Animatronics/src/build/controller_publisher/install.log --single-version-externally-managed install_data
[1.808s] Level 1:colcon.colcon_core.environment:checking '/home/cvl/CS_Animatronics/src/install/controller_publisher' for CMake config files
[1.809s] Level 1:colcon.colcon_core.environment:checking '/home/cvl/CS_Animatronics/src/install/controller_publisher/lib'
[1.809s] Level 1:colcon.colcon_core.environment:checking '/home/cvl/CS_Animatronics/src/install/controller_publisher/bin'
[1.809s] Level 1:colcon.colcon_core.environment:checking '/home/cvl/CS_Animatronics/src/install/controller_publisher/lib/pkgconfig/controller_publisher.pc'
[1.809s] Level 1:colcon.colcon_core.environment:checking '/home/cvl/CS_Animatronics/src/install/controller_publisher/lib/python3.12/site-packages'
[1.809s] Level 1:colcon.colcon_core.shell:create_environment_hook('controller_publisher', 'pythonpath')
[1.809s] INFO:colcon.colcon_core.shell:Creating environment hook '/home/cvl/CS_Animatronics/src/install/controller_publisher/share/controller_publisher/hook/pythonpath.ps1'
[1.809s] INFO:colcon.colcon_core.shell:Creating environment descriptor '/home/cvl/CS_Animatronics/src/install/controller_publisher/share/controller_publisher/hook/pythonpath.dsv'
[1.810s] INFO:colcon.colcon_core.shell:Creating environment hook '/home/cvl/CS_Animatronics/src/install/controller_publisher/share/controller_publisher/hook/pythonpath.sh'
[1.810s] Level 1:colcon.colcon_core.environment:checking '/home/cvl/CS_Animatronics/src/install/controller_publisher/bin'
[1.810s] Level 1:colcon.colcon_core.environment:create_environment_scripts_only(controller_publisher)
[1.810s] INFO:colcon.colcon_core.shell:Creating package script '/home/cvl/CS_Animatronics/src/install/controller_publisher/share/controller_publisher/package.ps1'
[1.810s] INFO:colcon.colcon_core.shell:Creating package descriptor '/home/cvl/CS_Animatronics/src/install/controller_publisher/share/controller_publisher/package.dsv'
[1.811s] INFO:colcon.colcon_core.shell:Creating package script '/home/cvl/CS_Animatronics/src/install/controller_publisher/share/controller_publisher/package.sh'
[1.811s] INFO:colcon.colcon_core.shell:Creating package script '/home/cvl/CS_Animatronics/src/install/controller_publisher/share/controller_publisher/package.bash'
[1.811s] INFO:colcon.colcon_core.shell:Creating package script '/home/cvl/CS_Animatronics/src/install/controller_publisher/share/controller_publisher/package.zsh'
[1.812s] Level 1:colcon.colcon_core.environment:create_file_with_runtime_dependencies(/home/cvl/CS_Animatronics/src/install/controller_publisher/share/colcon-core/packages/controller_publisher)
[2.028s] Level 1:colcon.colcon_core.environment:checking '/home/cvl/CS_Animatronics/src/install/system_controller' for CMake module files
[2.029s] DEBUG:colcon.colcon_core.event_handler.log_command:Invoked command in '/home/cvl/CS_Animatronics/src/system_controller' returned '0': AMENT_PREFIX_PATH=/home/cvl/CS_Animatronics/src/install/motor_command_msg:${AMENT_PREFIX_PATH} CMAKE_PREFIX_PATH=/home/cvl/CS_Animatronics/src/install/motor_command_msg:${CMAKE_PREFIX_PATH} DEBUGINFOD_URLS=https://debuginfod.ubuntu.com LD_LIBRARY_PATH=/home/cvl/CS_Animatronics/src/install/motor_command_msg/lib:${LD_LIBRARY_PATH} PYTHONPATH=/home/cvl/CS_Animatronics/src/build/system_controller/prefix_override:/usr/lib/python3/dist-packages/colcon_core/task/python/colcon_distutils_commands:/home/cvl/CS_Animatronics/src/install/system_controller/lib/python3.12/site-packages:/home/cvl/CS_Animatronics/src/install/motor_command_msg/lib/python3.13/site-packages:${PYTHONPATH} /usr/bin/python3 -W ignore:setup.py install is deprecated -W ignore:easy_install command is deprecated setup.py egg_info --egg-base ../build/system_controller build --build-base /home/cvl/CS_Animatronics/src/build/system_controller/build install --record /home/cvl/CS_Animatronics/src/build/system_controller/install.log --single-version-externally-managed install_data
[2.029s] Level 1:colcon.colcon_core.environment:checking '/home/cvl/CS_Animatronics/src/install/system_controller' for CMake config files
[2.029s] Level 1:colcon.colcon_core.environment:checking '/home/cvl/CS_Animatronics/src/install/system_controller/lib'
[2.030s] Level 1:colcon.colcon_core.environment:checking '/home/cvl/CS_Animatronics/src/install/system_controller/bin'
[2.030s] Level 1:colcon.colcon_core.environment:checking '/home/cvl/CS_Animatronics/src/install/system_controller/lib/pkgconfig/system_controller.pc'
[2.030s] Level 1:colcon.colcon_core.environment:checking '/home/cvl/CS_Animatronics/src/install/system_controller/lib/python3.12/site-packages'
[2.030s] Level 1:colcon.colcon_core.shell:create_environment_hook('system_controller', 'pythonpath')
[2.030s] INFO:colcon.colcon_core.shell:Creating environment hook '/home/cvl/CS_Animatronics/src/install/system_controller/share/system_controller/hook/pythonpath.ps1'
[2.030s] INFO:colcon.colcon_core.shell:Creating environment descriptor '/home/cvl/CS_Animatronics/src/install/system_controller/share/system_controller/hook/pythonpath.dsv'
[2.030s] INFO:colcon.colcon_core.shell:Creating environment hook '/home/cvl/CS_Animatronics/src/install/system_controller/share/system_controller/hook/pythonpath.sh'
[2.031s] Level 1:colcon.colcon_core.environment:checking '/home/cvl/CS_Animatronics/src/install/system_controller/bin'
[2.031s] Level 1:colcon.colcon_core.environment:create_environment_scripts_only(system_controller)
[2.031s] INFO:colcon.colcon_core.shell:Creating package script '/home/cvl/CS_Animatronics/src/install/system_controller/share/system_controller/package.ps1'
[2.031s] INFO:colcon.colcon_core.shell:Creating package descriptor '/home/cvl/CS_Animatronics/src/install/system_controller/share/system_controller/package.dsv'
[2.032s] INFO:colcon.colcon_core.shell:Creating package script '/home/cvl/CS_Animatronics/src/install/system_controller/share/system_controller/package.sh'
[2.032s] INFO:colcon.colcon_core.shell:Creating package script '/home/cvl/CS_Animatronics/src/install/system_controller/share/system_controller/package.bash'
[2.032s] INFO:colcon.colcon_core.shell:Creating package script '/home/cvl/CS_Animatronics/src/install/system_controller/share/system_controller/package.zsh'
[2.032s] Level 1:colcon.colcon_core.environment:create_file_with_runtime_dependencies(/home/cvl/CS_Animatronics/src/install/system_controller/share/colcon-core/packages/system_controller)
[2.076s] Level 1:colcon.colcon_core.environment:checking '/home/cvl/CS_Animatronics/src/install/motor_controller' for CMake module files
[2.076s] DEBUG:colcon.colcon_core.event_handler.log_command:Invoked command in '/home/cvl/CS_Animatronics/src/motor_controller' returned '0': AMENT_PREFIX_PATH=/home/cvl/CS_Animatronics/src/install/motor_command_msg:/home/cvl/CS_Animatronics/src/install/dynamixel_sdk_custom_interfaces:/home/cvl/CS_Animatronics/src/install/dynamixel_sdk:${AMENT_PREFIX_PATH} CMAKE_PREFIX_PATH=/home/cvl/CS_Animatronics/src/install/motor_command_msg:/home/cvl/CS_Animatronics/src/install/dynamixel_sdk_custom_interfaces:/home/cvl/CS_Animatronics/src/install/dynamixel_sdk:${CMAKE_PREFIX_PATH} DEBUGINFOD_URLS=https://debuginfod.ubuntu.com LD_LIBRARY_PATH=/home/cvl/CS_Animatronics/src/install/motor_command_msg/lib:/home/cvl/CS_Animatronics/src/install/dynamixel_sdk_custom_interfaces/lib:/home/cvl/CS_Animatronics/src/install/dynamixel_sdk/lib:${LD_LIBRARY_PATH} PYTHONPATH=/home/cvl/CS_Animatronics/src/build/motor_controller/prefix_override:/usr/lib/python3/dist-packages/colcon_core/task/python/colcon_distutils_commands:/home/cvl/CS_Animatronics/src/install/motor_controller/lib/python3.12/site-packages:/home/cvl/CS_Animatronics/src/install/motor_command_msg/lib/python3.13/site-packages:/home/cvl/CS_Animatronics/src/install/dynamixel_sdk_custom_interfaces/lib/python3.13/site-packages:${PYTHONPATH} /usr/bin/python3 -W ignore:setup.py install is deprecated -W ignore:easy_install command is deprecated setup.py egg_info --egg-base ../build/motor_controller build --build-base /home/cvl/CS_Animatronics/src/build/motor_controller/build install --record /home/cvl/CS_Animatronics/src/build/motor_controller/install.log --single-version-externally-managed install_data
[2.077s] Level 1:colcon.colcon_core.environment:checking '/home/cvl/CS_Animatronics/src/install/motor_controller' for CMake config files
[2.077s] Level 1:colcon.colcon_core.environment:checking '/home/cvl/CS_Animatronics/src/install/motor_controller/lib'
[2.078s] Level 1:colcon.colcon_core.environment:checking '/home/cvl/CS_Animatronics/src/install/motor_controller/bin'
[2.078s] Level 1:colcon.colcon_core.environment:checking '/home/cvl/CS_Animatronics/src/install/motor_controller/lib/pkgconfig/motor_controller.pc'
[2.078s] Level 1:colcon.colcon_core.environment:checking '/home/cvl/CS_Animatronics/src/install/motor_controller/lib/python3.12/site-packages'
[2.078s] Level 1:colcon.colcon_core.shell:create_environment_hook('motor_controller', 'pythonpath')
[2.078s] INFO:colcon.colcon_core.shell:Creating environment hook '/home/cvl/CS_Animatronics/src/install/motor_controller/share/motor_controller/hook/pythonpath.ps1'
[2.078s] INFO:colcon.colcon_core.shell:Creating environment descriptor '/home/cvl/CS_Animatronics/src/install/motor_controller/share/motor_controller/hook/pythonpath.dsv'
[2.078s] INFO:colcon.colcon_core.shell:Creating environment hook '/home/cvl/CS_Animatronics/src/install/motor_controller/share/motor_controller/hook/pythonpath.sh'
[2.079s] Level 1:colcon.colcon_core.environment:checking '/home/cvl/CS_Animatronics/src/install/motor_controller/bin'
[2.079s] Level 1:colcon.colcon_core.environment:create_environment_scripts_only(motor_controller)
[2.079s] INFO:colcon.colcon_core.shell:Creating package script '/home/cvl/CS_Animatronics/src/install/motor_controller/share/motor_controller/package.ps1'
[2.079s] INFO:colcon.colcon_core.shell:Creating package descriptor '/home/cvl/CS_Animatronics/src/install/motor_controller/share/motor_controller/package.dsv'
[2.080s] INFO:colcon.colcon_core.shell:Creating package script '/home/cvl/CS_Animatronics/src/install/motor_controller/share/motor_controller/package.sh'
[2.080s] INFO:colcon.colcon_core.shell:Creating package script '/home/cvl/CS_Animatronics/src/install/motor_controller/share/motor_controller/package.bash'
[2.080s] INFO:colcon.colcon_core.shell:Creating package script '/home/cvl/CS_Animatronics/src/install/motor_controller/share/motor_controller/package.zsh'
[2.080s] Level 1:colcon.colcon_core.environment:create_file_with_runtime_dependencies(/home/cvl/CS_Animatronics/src/install/motor_controller/share/colcon-core/packages/motor_controller)
[2.081s] DEBUG:colcon.colcon_parallel_executor.executor.parallel:closing loop
[2.081s] DEBUG:colcon.colcon_parallel_executor.executor.parallel:loop closed
[2.081s] DEBUG:colcon.colcon_parallel_executor.executor.parallel:run_until_complete finished with '0'
[2.081s] DEBUG:colcon.colcon_core.event_reactor:joining thread
[2.085s] INFO:colcon.colcon_core.plugin_system:Skipping extension 'colcon_notification.desktop_notification.terminal_notifier': Not used on non-Darwin systems
[2.086s] INFO:colcon.colcon_core.plugin_system:Skipping extension 'colcon_notification.desktop_notification.win32': Not used on non-Windows systems
[2.086s] INFO:colcon.colcon_notification.desktop_notification:Sending desktop notification using 'notify2'
[2.103s] DEBUG:colcon.colcon_core.event_reactor:joined thread
[2.103s] INFO:colcon.colcon_core.shell:Creating prefix script '/home/cvl/CS_Animatronics/src/install/local_setup.ps1'
[2.104s] INFO:colcon.colcon_core.shell:Creating prefix util module '/home/cvl/CS_Animatronics/src/install/_local_setup_util_ps1.py'
[2.105s] INFO:colcon.colcon_core.shell:Creating prefix chain script '/home/cvl/CS_Animatronics/src/install/setup.ps1'
[2.106s] INFO:colcon.colcon_core.shell:Creating prefix script '/home/cvl/CS_Animatronics/src/install/local_setup.sh'
[2.106s] INFO:colcon.colcon_core.shell:Creating prefix util module '/home/cvl/CS_Animatronics/src/install/_local_setup_util_sh.py'
[2.107s] INFO:colcon.colcon_core.shell:Creating prefix chain script '/home/cvl/CS_Animatronics/src/install/setup.sh'
[2.108s] INFO:colcon.colcon_core.shell:Creating prefix script '/home/cvl/CS_Animatronics/src/install/local_setup.bash'
[2.108s] INFO:colcon.colcon_core.shell:Creating prefix chain script '/home/cvl/CS_Animatronics/src/install/setup.bash'
[2.109s] INFO:colcon.colcon_core.shell:Creating prefix script '/home/cvl/CS_Animatronics/src/install/local_setup.zsh'
[2.110s] INFO:colcon.colcon_core.shell:Creating prefix chain script '/home/cvl/CS_Animatronics/src/install/setup.zsh'
