[0.000000] (-) TimerEvent: {}
[0.001209] (controller_publisher) JobQueued: {'identifier': 'controller_publisher', 'dependencies': OrderedDict()}
[0.001772] (dynamixel_sdk) JobQueued: {'identifier': 'dynamixel_sdk', 'dependencies': OrderedDict()}
[0.002528] (dynamixel_sdk_custom_interfaces) JobQueued: {'identifier': 'dynamixel_sdk_custom_interfaces', 'dependencies': OrderedDict()}
[0.002628] (motor_commands) JobQueued: {'identifier': 'motor_commands', 'dependencies': OrderedDict()}
[0.002655] (motion_editor) JobQueued: {'identifier': 'motion_editor', 'dependencies': OrderedDict({'motor_commands': '/home/csanimatronics/CS_Animatronics/install/motor_commands'})}
[0.002706] (motor_controller) JobQueued: {'identifier': 'motor_controller', 'dependencies': OrderedDict({'dynamixel_sdk': '/home/csanimatronics/CS_Animatronics/install/dynamixel_sdk', 'dynamixel_sdk_custom_interfaces': '/home/csanimatronics/CS_Animatronics/install/dynamixel_sdk_custom_interfaces', 'motor_commands': '/home/csanimatronics/CS_Animatronics/install/motor_commands'})}
[0.002777] (system_controller) JobQueued: {'identifier': 'system_controller', 'dependencies': OrderedDict({'motor_commands': '/home/csanimatronics/CS_Animatronics/install/motor_commands'})}
[0.002817] (motor_commands) JobStarted: {'identifier': 'motor_commands'}
[0.016802] (dynamixel_sdk) JobStarted: {'identifier': 'dynamixel_sdk'}
[0.024875] (dynamixel_sdk_custom_interfaces) JobStarted: {'identifier': 'dynamixel_sdk_custom_interfaces'}
[0.034701] (controller_publisher) JobStarted: {'identifier': 'controller_publisher'}
[0.050991] (motor_commands) JobProgress: {'identifier': 'motor_commands', 'progress': 'cmake'}
[0.055485] (motor_commands) Command: {'cmd': ['/usr/bin/cmake', '/home/csanimatronics/CS_Animatronics/src/motor_commands', '-DCMAKE_INSTALL_PREFIX=/home/csanimatronics/CS_Animatronics/install/motor_commands'], 'cwd': '/home/csanimatronics/CS_Animatronics/build/motor_commands', 'env': OrderedDict({'LESSOPEN': '| /usr/bin/lesspipe %s', 'USER': 'csanimatronics', 'XDG_SESSION_TYPE': 'wayland', 'SHLVL': '1', 'LD_LIBRARY_PATH': '/opt/ros/jazzy/opt/rviz_ogre_vendor/lib:/opt/ros/jazzy/lib/aarch64-linux-gnu:/opt/ros/jazzy/opt/gz_math_vendor/lib:/opt/ros/jazzy/opt/gz_utils_vendor/lib:/opt/ros/jazzy/opt/gz_cmake_vendor/lib:/opt/ros/jazzy/lib', 'HOME': '/home/csanimatronics', 'OLDPWD': '/home/csanimatronics', 'DESKTOP_SESSION': 'ubuntu', 'ROS_PYTHON_VERSION': '3', 'GNOME_SHELL_SESSION_MODE': 'ubuntu', 'GTK_MODULES': 'gail:atk-bridge', 'SYSTEMD_EXEC_PID': '1641', 'GSM_SKIP_SSH_AGENT_WORKAROUND': 'true', 'DBUS_SESSION_BUS_ADDRESS': 'unix:path=/run/user/1002/bus', 'COLORTERM': 'truecolor', 'DEBUGINFOD_URLS': 'https://debuginfod.ubuntu.com', 'IM_CONFIG_PHASE': '1', 'WAYLAND_DISPLAY': 'wayland-0', 'ROS_DISTRO': 'jazzy', 'LOGNAME': 'csanimatronics', '_': '/usr/bin/colcon', 'ROS_VERSION': '2', 'MEMORY_PRESSURE_WATCH': '/sys/fs/cgroup/user.slice/user-1002.slice/user@1002.service/session.slice/org.gnome.Shell@wayland.service/memory.pressure', 'XDG_SESSION_CLASS': 'user', 'USERNAME': 'csanimatronics', 'TERM': 'xterm-256color', 'GNOME_DESKTOP_SESSION_ID': 'this-is-deprecated', 'PATH': '/opt/ros/jazzy/bin:/usr/local/sbin:/usr/local/bin:/usr/sbin:/usr/bin:/sbin:/bin:/usr/games:/usr/local/games:/snap/bin:/snap/bin', 'SESSION_MANAGER': 'local/csanimatronics-desktop:@/tmp/.ICE-unix/1612,unix/csanimatronics-desktop:/tmp/.ICE-unix/1612', 'XDG_MENU_PREFIX': 'gnome-', 'GNOME_TERMINAL_SCREEN': '/org/gnome/Terminal/screen/3ac86682_f1d1_4142_b161_45ce37502184', 'GNOME_SETUP_DISPLAY': ':1', 'XDG_RUNTIME_DIR': '/run/user/1002', 'DISPLAY': ':0', 'LANG': 'C.UTF-8', 'XDG_CURRENT_DESKTOP': 'ubuntu:GNOME', 'XMODIFIERS': '@im=ibus', 'XDG_SESSION_DESKTOP': 'ubuntu', 'XAUTHORITY': '/run/user/1002/.mutter-Xwaylandauth.N7O212', 'LS_COLORS': 'rs=0:di=01;34:ln=01;36:mh=00:pi=40;33:so=01;35:do=01;35:bd=40;33;01:cd=40;33;01:or=40;31;01:mi=00:su=37;41:sg=30;43:ca=00:tw=30;42:ow=34;42:st=37;44:ex=01;32:*.tar=01;31:*.tgz=01;31:*.arc=01;31:*.arj=01;31:*.taz=01;31:*.lha=01;31:*.lz4=01;31:*.lzh=01;31:*.lzma=01;31:*.tlz=01;31:*.txz=01;31:*.tzo=01;31:*.t7z=01;31:*.zip=01;31:*.z=01;31:*.dz=01;31:*.gz=01;31:*.lrz=01;31:*.lz=01;31:*.lzo=01;31:*.xz=01;31:*.zst=01;31:*.tzst=01;31:*.bz2=01;31:*.bz=01;31:*.tbz=01;31:*.tbz2=01;31:*.tz=01;31:*.deb=01;31:*.rpm=01;31:*.jar=01;31:*.war=01;31:*.ear=01;31:*.sar=01;31:*.rar=01;31:*.alz=01;31:*.ace=01;31:*.zoo=01;31:*.cpio=01;31:*.7z=01;31:*.rz=01;31:*.cab=01;31:*.wim=01;31:*.swm=01;31:*.dwm=01;31:*.esd=01;31:*.avif=01;35:*.jpg=01;35:*.jpeg=01;35:*.mjpg=01;35:*.mjpeg=01;35:*.gif=01;35:*.bmp=01;35:*.pbm=01;35:*.pgm=01;35:*.ppm=01;35:*.tga=01;35:*.xbm=01;35:*.xpm=01;35:*.tif=01;35:*.tiff=01;35:*.png=01;35:*.svg=01;35:*.svgz=01;35:*.mng=01;35:*.pcx=01;35:*.mov=01;35:*.mpg=01;35:*.mpeg=01;35:*.m2v=01;35:*.mkv=01;35:*.webm=01;35:*.webp=01;35:*.ogm=01;35:*.mp4=01;35:*.m4v=01;35:*.mp4v=01;35:*.vob=01;35:*.qt=01;35:*.nuv=01;35:*.wmv=01;35:*.asf=01;35:*.rm=01;35:*.rmvb=01;35:*.flc=01;35:*.avi=01;35:*.fli=01;35:*.flv=01;35:*.gl=01;35:*.dl=01;35:*.xcf=01;35:*.xwd=01;35:*.yuv=01;35:*.cgm=01;35:*.emf=01;35:*.ogv=01;35:*.ogx=01;35:*.aac=00;36:*.au=00;36:*.flac=00;36:*.m4a=00;36:*.mid=00;36:*.midi=00;36:*.mka=00;36:*.mp3=00;36:*.mpc=00;36:*.ogg=00;36:*.ra=00;36:*.wav=00;36:*.oga=00;36:*.opus=00;36:*.spx=00;36:*.xspf=00;36:*~=00;90:*#=00;90:*.bak=00;90:*.crdownload=00;90:*.dpkg-dist=00;90:*.dpkg-new=00;90:*.dpkg-old=00;90:*.dpkg-tmp=00;90:*.old=00;90:*.orig=00;90:*.part=00;90:*.rej=00;90:*.rpmnew=00;90:*.rpmorig=00;90:*.rpmsave=00;90:*.swp=00;90:*.tmp=00;90:*.ucf-dist=00;90:*.ucf-new=00;90:*.ucf-old=00;90:', 'GNOME_TERMINAL_SERVICE': ':1.103', 'SSH_AUTH_SOCK': '/run/user/1002/keyring/ssh', 'AMENT_PREFIX_PATH': '/opt/ros/jazzy', 'SHELL': '/bin/bash', 'QT_ACCESSIBILITY': '1', 'GDMSESSION': 'ubuntu', 'LESSCLOSE': '/usr/bin/lesspipe %s %s', 'ROS_AUTOMATIC_DISCOVERY_RANGE': 'SUBNET', 'QT_IM_MODULE': 'ibus', 'PWD': '/home/csanimatronics/CS_Animatronics/build/motor_commands', 'XDG_CONFIG_DIRS': '/etc/xdg/xdg-ubuntu:/etc/xdg', 'XDG_DATA_DIRS': '/usr/share/ubuntu:/usr/share/gnome:/usr/local/share/:/usr/share/:/var/lib/snapd/desktop', 'PYTHONPATH': '/opt/ros/jazzy/lib/python3.12/site-packages', 'COLCON': '1', 'MEMORY_PRESSURE_WRITE': 'c29tZSAyMDAwMDAgMjAwMDAwMAA=', 'VTE_VERSION': '7600', 'CMAKE_PREFIX_PATH': '/opt/ros/jazzy/opt/gz_math_vendor:/opt/ros/jazzy/opt/gz_utils_vendor:/opt/ros/jazzy/opt/gz_cmake_vendor:/opt/ros/jazzy'}), 'shell': False}
[0.064172] (dynamixel_sdk) JobProgress: {'identifier': 'dynamixel_sdk', 'progress': 'cmake'}
[0.064255] (dynamixel_sdk) Command: {'cmd': ['/usr/bin/cmake', '/home/csanimatronics/CS_Animatronics/src/dynamixel_sdk', '-DCMAKE_INSTALL_PREFIX=/home/csanimatronics/CS_Animatronics/install/dynamixel_sdk'], 'cwd': '/home/csanimatronics/CS_Animatronics/build/dynamixel_sdk', 'env': OrderedDict({'LESSOPEN': '| /usr/bin/lesspipe %s', 'USER': 'csanimatronics', 'XDG_SESSION_TYPE': 'wayland', 'SHLVL': '1', 'LD_LIBRARY_PATH': '/opt/ros/jazzy/opt/rviz_ogre_vendor/lib:/opt/ros/jazzy/lib/aarch64-linux-gnu:/opt/ros/jazzy/opt/gz_math_vendor/lib:/opt/ros/jazzy/opt/gz_utils_vendor/lib:/opt/ros/jazzy/opt/gz_cmake_vendor/lib:/opt/ros/jazzy/lib', 'HOME': '/home/csanimatronics', 'OLDPWD': '/home/csanimatronics', 'DESKTOP_SESSION': 'ubuntu', 'ROS_PYTHON_VERSION': '3', 'GNOME_SHELL_SESSION_MODE': 'ubuntu', 'GTK_MODULES': 'gail:atk-bridge', 'SYSTEMD_EXEC_PID': '1641', 'GSM_SKIP_SSH_AGENT_WORKAROUND': 'true', 'DBUS_SESSION_BUS_ADDRESS': 'unix:path=/run/user/1002/bus', 'COLORTERM': 'truecolor', 'DEBUGINFOD_URLS': 'https://debuginfod.ubuntu.com', 'IM_CONFIG_PHASE': '1', 'WAYLAND_DISPLAY': 'wayland-0', 'ROS_DISTRO': 'jazzy', 'LOGNAME': 'csanimatronics', '_': '/usr/bin/colcon', 'ROS_VERSION': '2', 'MEMORY_PRESSURE_WATCH': '/sys/fs/cgroup/user.slice/user-1002.slice/user@1002.service/session.slice/org.gnome.Shell@wayland.service/memory.pressure', 'XDG_SESSION_CLASS': 'user', 'USERNAME': 'csanimatronics', 'TERM': 'xterm-256color', 'GNOME_DESKTOP_SESSION_ID': 'this-is-deprecated', 'PATH': '/opt/ros/jazzy/bin:/usr/local/sbin:/usr/local/bin:/usr/sbin:/usr/bin:/sbin:/bin:/usr/games:/usr/local/games:/snap/bin:/snap/bin', 'SESSION_MANAGER': 'local/csanimatronics-desktop:@/tmp/.ICE-unix/1612,unix/csanimatronics-desktop:/tmp/.ICE-unix/1612', 'XDG_MENU_PREFIX': 'gnome-', 'GNOME_TERMINAL_SCREEN': '/org/gnome/Terminal/screen/3ac86682_f1d1_4142_b161_45ce37502184', 'GNOME_SETUP_DISPLAY': ':1', 'XDG_RUNTIME_DIR': '/run/user/1002', 'DISPLAY': ':0', 'LANG': 'C.UTF-8', 'XDG_CURRENT_DESKTOP': 'ubuntu:GNOME', 'XMODIFIERS': '@im=ibus', 'XDG_SESSION_DESKTOP': 'ubuntu', 'XAUTHORITY': '/run/user/1002/.mutter-Xwaylandauth.N7O212', 'LS_COLORS': 'rs=0:di=01;34:ln=01;36:mh=00:pi=40;33:so=01;35:do=01;35:bd=40;33;01:cd=40;33;01:or=40;31;01:mi=00:su=37;41:sg=30;43:ca=00:tw=30;42:ow=34;42:st=37;44:ex=01;32:*.tar=01;31:*.tgz=01;31:*.arc=01;31:*.arj=01;31:*.taz=01;31:*.lha=01;31:*.lz4=01;31:*.lzh=01;31:*.lzma=01;31:*.tlz=01;31:*.txz=01;31:*.tzo=01;31:*.t7z=01;31:*.zip=01;31:*.z=01;31:*.dz=01;31:*.gz=01;31:*.lrz=01;31:*.lz=01;31:*.lzo=01;31:*.xz=01;31:*.zst=01;31:*.tzst=01;31:*.bz2=01;31:*.bz=01;31:*.tbz=01;31:*.tbz2=01;31:*.tz=01;31:*.deb=01;31:*.rpm=01;31:*.jar=01;31:*.war=01;31:*.ear=01;31:*.sar=01;31:*.rar=01;31:*.alz=01;31:*.ace=01;31:*.zoo=01;31:*.cpio=01;31:*.7z=01;31:*.rz=01;31:*.cab=01;31:*.wim=01;31:*.swm=01;31:*.dwm=01;31:*.esd=01;31:*.avif=01;35:*.jpg=01;35:*.jpeg=01;35:*.mjpg=01;35:*.mjpeg=01;35:*.gif=01;35:*.bmp=01;35:*.pbm=01;35:*.pgm=01;35:*.ppm=01;35:*.tga=01;35:*.xbm=01;35:*.xpm=01;35:*.tif=01;35:*.tiff=01;35:*.png=01;35:*.svg=01;35:*.svgz=01;35:*.mng=01;35:*.pcx=01;35:*.mov=01;35:*.mpg=01;35:*.mpeg=01;35:*.m2v=01;35:*.mkv=01;35:*.webm=01;35:*.webp=01;35:*.ogm=01;35:*.mp4=01;35:*.m4v=01;35:*.mp4v=01;35:*.vob=01;35:*.qt=01;35:*.nuv=01;35:*.wmv=01;35:*.asf=01;35:*.rm=01;35:*.rmvb=01;35:*.flc=01;35:*.avi=01;35:*.fli=01;35:*.flv=01;35:*.gl=01;35:*.dl=01;35:*.xcf=01;35:*.xwd=01;35:*.yuv=01;35:*.cgm=01;35:*.emf=01;35:*.ogv=01;35:*.ogx=01;35:*.aac=00;36:*.au=00;36:*.flac=00;36:*.m4a=00;36:*.mid=00;36:*.midi=00;36:*.mka=00;36:*.mp3=00;36:*.mpc=00;36:*.ogg=00;36:*.ra=00;36:*.wav=00;36:*.oga=00;36:*.opus=00;36:*.spx=00;36:*.xspf=00;36:*~=00;90:*#=00;90:*.bak=00;90:*.crdownload=00;90:*.dpkg-dist=00;90:*.dpkg-new=00;90:*.dpkg-old=00;90:*.dpkg-tmp=00;90:*.old=00;90:*.orig=00;90:*.part=00;90:*.rej=00;90:*.rpmnew=00;90:*.rpmorig=00;90:*.rpmsave=00;90:*.swp=00;90:*.tmp=00;90:*.ucf-dist=00;90:*.ucf-new=00;90:*.ucf-old=00;90:', 'GNOME_TERMINAL_SERVICE': ':1.103', 'SSH_AUTH_SOCK': '/run/user/1002/keyring/ssh', 'AMENT_PREFIX_PATH': '/opt/ros/jazzy', 'SHELL': '/bin/bash', 'QT_ACCESSIBILITY': '1', 'GDMSESSION': 'ubuntu', 'LESSCLOSE': '/usr/bin/lesspipe %s %s', 'ROS_AUTOMATIC_DISCOVERY_RANGE': 'SUBNET', 'QT_IM_MODULE': 'ibus', 'PWD': '/home/csanimatronics/CS_Animatronics/build/dynamixel_sdk', 'XDG_CONFIG_DIRS': '/etc/xdg/xdg-ubuntu:/etc/xdg', 'XDG_DATA_DIRS': '/usr/share/ubuntu:/usr/share/gnome:/usr/local/share/:/usr/share/:/var/lib/snapd/desktop', 'PYTHONPATH': '/opt/ros/jazzy/lib/python3.12/site-packages', 'COLCON': '1', 'MEMORY_PRESSURE_WRITE': 'c29tZSAyMDAwMDAgMjAwMDAwMAA=', 'VTE_VERSION': '7600', 'CMAKE_PREFIX_PATH': '/opt/ros/jazzy/opt/gz_math_vendor:/opt/ros/jazzy/opt/gz_utils_vendor:/opt/ros/jazzy/opt/gz_cmake_vendor:/opt/ros/jazzy'}), 'shell': False}
[0.066979] (dynamixel_sdk_custom_interfaces) JobProgress: {'identifier': 'dynamixel_sdk_custom_interfaces', 'progress': 'cmake'}
[0.067711] (dynamixel_sdk_custom_interfaces) Command: {'cmd': ['/usr/bin/cmake', '/home/csanimatronics/CS_Animatronics/src/dynamixel_sdk_custom_interfaces', '-DCMAKE_INSTALL_PREFIX=/home/csanimatronics/CS_Animatronics/install/dynamixel_sdk_custom_interfaces'], 'cwd': '/home/csanimatronics/CS_Animatronics/build/dynamixel_sdk_custom_interfaces', 'env': OrderedDict({'LESSOPEN': '| /usr/bin/lesspipe %s', 'USER': 'csanimatronics', 'XDG_SESSION_TYPE': 'wayland', 'SHLVL': '1', 'LD_LIBRARY_PATH': '/opt/ros/jazzy/opt/rviz_ogre_vendor/lib:/opt/ros/jazzy/lib/aarch64-linux-gnu:/opt/ros/jazzy/opt/gz_math_vendor/lib:/opt/ros/jazzy/opt/gz_utils_vendor/lib:/opt/ros/jazzy/opt/gz_cmake_vendor/lib:/opt/ros/jazzy/lib', 'HOME': '/home/csanimatronics', 'OLDPWD': '/home/csanimatronics', 'DESKTOP_SESSION': 'ubuntu', 'ROS_PYTHON_VERSION': '3', 'GNOME_SHELL_SESSION_MODE': 'ubuntu', 'GTK_MODULES': 'gail:atk-bridge', 'SYSTEMD_EXEC_PID': '1641', 'GSM_SKIP_SSH_AGENT_WORKAROUND': 'true', 'DBUS_SESSION_BUS_ADDRESS': 'unix:path=/run/user/1002/bus', 'COLORTERM': 'truecolor', 'DEBUGINFOD_URLS': 'https://debuginfod.ubuntu.com', 'IM_CONFIG_PHASE': '1', 'WAYLAND_DISPLAY': 'wayland-0', 'ROS_DISTRO': 'jazzy', 'LOGNAME': 'csanimatronics', '_': '/usr/bin/colcon', 'ROS_VERSION': '2', 'MEMORY_PRESSURE_WATCH': '/sys/fs/cgroup/user.slice/user-1002.slice/user@1002.service/session.slice/org.gnome.Shell@wayland.service/memory.pressure', 'XDG_SESSION_CLASS': 'user', 'USERNAME': 'csanimatronics', 'TERM': 'xterm-256color', 'GNOME_DESKTOP_SESSION_ID': 'this-is-deprecated', 'PATH': '/opt/ros/jazzy/bin:/usr/local/sbin:/usr/local/bin:/usr/sbin:/usr/bin:/sbin:/bin:/usr/games:/usr/local/games:/snap/bin:/snap/bin', 'SESSION_MANAGER': 'local/csanimatronics-desktop:@/tmp/.ICE-unix/1612,unix/csanimatronics-desktop:/tmp/.ICE-unix/1612', 'XDG_MENU_PREFIX': 'gnome-', 'GNOME_TERMINAL_SCREEN': '/org/gnome/Terminal/screen/3ac86682_f1d1_4142_b161_45ce37502184', 'GNOME_SETUP_DISPLAY': ':1', 'XDG_RUNTIME_DIR': '/run/user/1002', 'DISPLAY': ':0', 'LANG': 'C.UTF-8', 'XDG_CURRENT_DESKTOP': 'ubuntu:GNOME', 'XMODIFIERS': '@im=ibus', 'XDG_SESSION_DESKTOP': 'ubuntu', 'XAUTHORITY': '/run/user/1002/.mutter-Xwaylandauth.N7O212', 'LS_COLORS': 'rs=0:di=01;34:ln=01;36:mh=00:pi=40;33:so=01;35:do=01;35:bd=40;33;01:cd=40;33;01:or=40;31;01:mi=00:su=37;41:sg=30;43:ca=00:tw=30;42:ow=34;42:st=37;44:ex=01;32:*.tar=01;31:*.tgz=01;31:*.arc=01;31:*.arj=01;31:*.taz=01;31:*.lha=01;31:*.lz4=01;31:*.lzh=01;31:*.lzma=01;31:*.tlz=01;31:*.txz=01;31:*.tzo=01;31:*.t7z=01;31:*.zip=01;31:*.z=01;31:*.dz=01;31:*.gz=01;31:*.lrz=01;31:*.lz=01;31:*.lzo=01;31:*.xz=01;31:*.zst=01;31:*.tzst=01;31:*.bz2=01;31:*.bz=01;31:*.tbz=01;31:*.tbz2=01;31:*.tz=01;31:*.deb=01;31:*.rpm=01;31:*.jar=01;31:*.war=01;31:*.ear=01;31:*.sar=01;31:*.rar=01;31:*.alz=01;31:*.ace=01;31:*.zoo=01;31:*.cpio=01;31:*.7z=01;31:*.rz=01;31:*.cab=01;31:*.wim=01;31:*.swm=01;31:*.dwm=01;31:*.esd=01;31:*.avif=01;35:*.jpg=01;35:*.jpeg=01;35:*.mjpg=01;35:*.mjpeg=01;35:*.gif=01;35:*.bmp=01;35:*.pbm=01;35:*.pgm=01;35:*.ppm=01;35:*.tga=01;35:*.xbm=01;35:*.xpm=01;35:*.tif=01;35:*.tiff=01;35:*.png=01;35:*.svg=01;35:*.svgz=01;35:*.mng=01;35:*.pcx=01;35:*.mov=01;35:*.mpg=01;35:*.mpeg=01;35:*.m2v=01;35:*.mkv=01;35:*.webm=01;35:*.webp=01;35:*.ogm=01;35:*.mp4=01;35:*.m4v=01;35:*.mp4v=01;35:*.vob=01;35:*.qt=01;35:*.nuv=01;35:*.wmv=01;35:*.asf=01;35:*.rm=01;35:*.rmvb=01;35:*.flc=01;35:*.avi=01;35:*.fli=01;35:*.flv=01;35:*.gl=01;35:*.dl=01;35:*.xcf=01;35:*.xwd=01;35:*.yuv=01;35:*.cgm=01;35:*.emf=01;35:*.ogv=01;35:*.ogx=01;35:*.aac=00;36:*.au=00;36:*.flac=00;36:*.m4a=00;36:*.mid=00;36:*.midi=00;36:*.mka=00;36:*.mp3=00;36:*.mpc=00;36:*.ogg=00;36:*.ra=00;36:*.wav=00;36:*.oga=00;36:*.opus=00;36:*.spx=00;36:*.xspf=00;36:*~=00;90:*#=00;90:*.bak=00;90:*.crdownload=00;90:*.dpkg-dist=00;90:*.dpkg-new=00;90:*.dpkg-old=00;90:*.dpkg-tmp=00;90:*.old=00;90:*.orig=00;90:*.part=00;90:*.rej=00;90:*.rpmnew=00;90:*.rpmorig=00;90:*.rpmsave=00;90:*.swp=00;90:*.tmp=00;90:*.ucf-dist=00;90:*.ucf-new=00;90:*.ucf-old=00;90:', 'GNOME_TERMINAL_SERVICE': ':1.103', 'SSH_AUTH_SOCK': '/run/user/1002/keyring/ssh', 'AMENT_PREFIX_PATH': '/opt/ros/jazzy', 'SHELL': '/bin/bash', 'QT_ACCESSIBILITY': '1', 'GDMSESSION': 'ubuntu', 'LESSCLOSE': '/usr/bin/lesspipe %s %s', 'ROS_AUTOMATIC_DISCOVERY_RANGE': 'SUBNET', 'QT_IM_MODULE': 'ibus', 'PWD': '/home/csanimatronics/CS_Animatronics/build/dynamixel_sdk_custom_interfaces', 'XDG_CONFIG_DIRS': '/etc/xdg/xdg-ubuntu:/etc/xdg', 'XDG_DATA_DIRS': '/usr/share/ubuntu:/usr/share/gnome:/usr/local/share/:/usr/share/:/var/lib/snapd/desktop', 'PYTHONPATH': '/opt/ros/jazzy/lib/python3.12/site-packages', 'COLCON': '1', 'MEMORY_PRESSURE_WRITE': 'c29tZSAyMDAwMDAgMjAwMDAwMAA=', 'VTE_VERSION': '7600', 'CMAKE_PREFIX_PATH': '/opt/ros/jazzy/opt/gz_math_vendor:/opt/ros/jazzy/opt/gz_utils_vendor:/opt/ros/jazzy/opt/gz_cmake_vendor:/opt/ros/jazzy'}), 'shell': False}
[0.103449] (-) TimerEvent: {}
[0.204083] (-) TimerEvent: {}
[0.246517] (dynamixel_sdk) StdoutLine: {'line': b'-- The C compiler identification is GNU 13.3.0\n'}
[0.246999] (motor_commands) StdoutLine: {'line': b'-- The C compiler identification is GNU 13.3.0\n'}
[0.250149] (dynamixel_sdk_custom_interfaces) StdoutLine: {'line': b'-- The C compiler identification is GNU 13.3.0\n'}
[0.304182] (-) TimerEvent: {}
[0.402900] (motor_commands) StdoutLine: {'line': b'-- The CXX compiler identification is GNU 13.3.0\n'}
[0.404982] (-) TimerEvent: {}
[0.405606] (dynamixel_sdk) StdoutLine: {'line': b'-- The CXX compiler identification is GNU 13.3.0\n'}
[0.425236] (dynamixel_sdk_custom_interfaces) StdoutLine: {'line': b'-- The CXX compiler identification is GNU 13.3.0\n'}
[0.446864] (dynamixel_sdk) StdoutLine: {'line': b'-- Detecting C compiler ABI info\n'}
[0.447730] (motor_commands) StdoutLine: {'line': b'-- Detecting C compiler ABI info\n'}
[0.458151] (dynamixel_sdk_custom_interfaces) StdoutLine: {'line': b'-- Detecting C compiler ABI info\n'}
[0.505104] (-) TimerEvent: {}
[0.607856] (-) TimerEvent: {}
[0.677930] (dynamixel_sdk) StdoutLine: {'line': b'-- Detecting C compiler ABI info - done\n'}
[0.682920] (motor_commands) StdoutLine: {'line': b'-- Detecting C compiler ABI info - done\n'}
[0.699177] (dynamixel_sdk) StdoutLine: {'line': b'-- Check for working C compiler: /usr/bin/cc - skipped\n'}
[0.700651] (dynamixel_sdk) StdoutLine: {'line': b'-- Detecting C compile features\n'}
[0.701873] (motor_commands) StdoutLine: {'line': b'-- Check for working C compiler: /usr/bin/cc - skipped\n'}
[0.702448] (motor_commands) StdoutLine: {'line': b'-- Detecting C compile features\n'}
[0.703404] (motor_commands) StdoutLine: {'line': b'-- Detecting C compile features - done\n'}
[0.703878] (dynamixel_sdk) StdoutLine: {'line': b'-- Detecting C compile features - done\n'}
[0.708022] (-) TimerEvent: {}
[0.719601] (dynamixel_sdk_custom_interfaces) StdoutLine: {'line': b'-- Detecting C compiler ABI info - done\n'}
[0.730340] (motor_commands) StdoutLine: {'line': b'-- Detecting CXX compiler ABI info\n'}
[0.742467] (dynamixel_sdk) StdoutLine: {'line': b'-- Detecting CXX compiler ABI info\n'}
[0.743441] (dynamixel_sdk_custom_interfaces) StdoutLine: {'line': b'-- Check for working C compiler: /usr/bin/cc - skipped\n'}
[0.744672] (dynamixel_sdk_custom_interfaces) StdoutLine: {'line': b'-- Detecting C compile features\n'}
[0.746183] (dynamixel_sdk_custom_interfaces) StdoutLine: {'line': b'-- Detecting C compile features - done\n'}
[0.767647] (dynamixel_sdk_custom_interfaces) StdoutLine: {'line': b'-- Detecting CXX compiler ABI info\n'}
[0.808183] (-) TimerEvent: {}
[0.910142] (-) TimerEvent: {}
[0.982504] (motor_commands) StdoutLine: {'line': b'-- Detecting CXX compiler ABI info - done\n'}
[1.006608] (motor_commands) StdoutLine: {'line': b'-- Check for working CXX compiler: /usr/bin/c++ - skipped\n'}
[1.007947] (motor_commands) StdoutLine: {'line': b'-- Detecting CXX compile features\n'}
[1.010486] (motor_commands) StdoutLine: {'line': b'-- Detecting CXX compile features - done\n'}
[1.010794] (-) TimerEvent: {}
[1.023792] (motor_commands) StdoutLine: {'line': b'-- Found ament_cmake: 2.5.3 (/opt/ros/jazzy/share/ament_cmake/cmake)\n'}
[1.036720] (dynamixel_sdk) StdoutLine: {'line': b'-- Detecting CXX compiler ABI info - done\n'}
[1.054993] (dynamixel_sdk_custom_interfaces) StdoutLine: {'line': b'-- Detecting CXX compiler ABI info - done\n'}
[1.055315] (dynamixel_sdk) StdoutLine: {'line': b'-- Check for working CXX compiler: /usr/bin/c++ - skipped\n'}
[1.057411] (dynamixel_sdk) StdoutLine: {'line': b'-- Detecting CXX compile features\n'}
[1.057726] (dynamixel_sdk) StdoutLine: {'line': b'-- Detecting CXX compile features - done\n'}
[1.060089] (dynamixel_sdk) StdoutLine: {'line': b'-- Found ament_cmake: 2.5.3 (/opt/ros/jazzy/share/ament_cmake/cmake)\n'}
[1.073195] (dynamixel_sdk_custom_interfaces) StdoutLine: {'line': b'-- Check for working CXX compiler: /usr/bin/c++ - skipped\n'}
[1.075120] (dynamixel_sdk_custom_interfaces) StdoutLine: {'line': b'-- Detecting CXX compile features\n'}
[1.075478] (dynamixel_sdk_custom_interfaces) StdoutLine: {'line': b'-- Detecting CXX compile features - done\n'}
[1.079401] (dynamixel_sdk_custom_interfaces) StdoutLine: {'line': b'-- Found ament_cmake: 2.5.3 (/opt/ros/jazzy/share/ament_cmake/cmake)\n'}
[1.110944] (-) TimerEvent: {}
[1.214832] (-) TimerEvent: {}
[1.315313] (-) TimerEvent: {}
[1.382480] (motor_commands) StdoutLine: {'line': b'-- Found Python3: /usr/bin/python3 (found version "3.12.3") found components: Interpreter \n'}
[1.415445] (-) TimerEvent: {}
[1.446673] (dynamixel_sdk_custom_interfaces) StdoutLine: {'line': b'-- Found Python3: /usr/bin/python3 (found version "3.12.3") found components: Interpreter \n'}
[1.450972] (dynamixel_sdk) StdoutLine: {'line': b'-- Found Python3: /usr/bin/python3 (found version "3.12.3") found components: Interpreter \n'}
[1.515559] (-) TimerEvent: {}
[1.616836] (-) TimerEvent: {}
[1.654434] (motor_commands) StdoutLine: {'line': b'-- Found builtin_interfaces: 2.0.2 (/opt/ros/jazzy/share/builtin_interfaces/cmake)\n'}
[1.693705] (dynamixel_sdk_custom_interfaces) StdoutLine: {'line': b'-- Found builtin_interfaces: 2.0.2 (/opt/ros/jazzy/share/builtin_interfaces/cmake)\n'}
[1.706556] (motor_commands) StdoutLine: {'line': b'-- Found rosidl_generator_c: 4.6.5 (/opt/ros/jazzy/share/rosidl_generator_c/cmake)\n'}
[1.716985] (-) TimerEvent: {}
[1.741282] (motor_commands) StdoutLine: {'line': b'-- Found rosidl_generator_cpp: 4.6.5 (/opt/ros/jazzy/share/rosidl_generator_cpp/cmake)\n'}
[1.756355] (dynamixel_sdk_custom_interfaces) StdoutLine: {'line': b'-- Found rosidl_generator_c: 4.6.5 (/opt/ros/jazzy/share/rosidl_generator_c/cmake)\n'}
[1.771467] (motor_commands) StdoutLine: {'line': b'-- Using all available rosidl_typesupport_c: rosidl_typesupport_fastrtps_c;rosidl_typesupport_introspection_c\n'}
[1.780507] (dynamixel_sdk_custom_interfaces) StdoutLine: {'line': b'-- Found rosidl_generator_cpp: 4.6.5 (/opt/ros/jazzy/share/rosidl_generator_cpp/cmake)\n'}
[1.800760] (motor_commands) StdoutLine: {'line': b'-- Using all available rosidl_typesupport_cpp: rosidl_typesupport_fastrtps_cpp;rosidl_typesupport_introspection_cpp\n'}
[1.808464] (dynamixel_sdk_custom_interfaces) StdoutLine: {'line': b'-- Using all available rosidl_typesupport_c: rosidl_typesupport_fastrtps_c;rosidl_typesupport_introspection_c\n'}
[1.819421] (-) TimerEvent: {}
[1.836463] (motor_commands) StdoutLine: {'line': b'-- Found rosidl_default_generators: 1.6.0 (/opt/ros/jazzy/share/rosidl_default_generators/cmake)\n'}
[1.846465] (dynamixel_sdk_custom_interfaces) StdoutLine: {'line': b'-- Using all available rosidl_typesupport_cpp: rosidl_typesupport_fastrtps_cpp;rosidl_typesupport_introspection_cpp\n'}
[1.857524] (motor_commands) StdoutLine: {'line': b'-- Found rosidl_adapter: 4.6.5 (/opt/ros/jazzy/share/rosidl_adapter/cmake)\n'}
[1.874225] (dynamixel_sdk_custom_interfaces) StdoutLine: {'line': b'-- Found rosidl_default_generators: 1.6.0 (/opt/ros/jazzy/share/rosidl_default_generators/cmake)\n'}
[1.903173] (dynamixel_sdk_custom_interfaces) StdoutLine: {'line': b'-- Found rosidl_adapter: 4.6.5 (/opt/ros/jazzy/share/rosidl_adapter/cmake)\n'}
[1.919616] (-) TimerEvent: {}
[1.943434] (dynamixel_sdk) StdoutLine: {'line': b'-- Configuring done (1.9s)\n'}
[1.954377] (dynamixel_sdk) StdoutLine: {'line': b'-- Generating done (0.0s)\n'}
[1.960527] (dynamixel_sdk) StdoutLine: {'line': b'-- Build files have been written to: /home/csanimatronics/CS_Animatronics/build/dynamixel_sdk\n'}
[1.981701] (dynamixel_sdk) CommandEnded: {'returncode': 0}
[1.982451] (dynamixel_sdk) JobProgress: {'identifier': 'dynamixel_sdk', 'progress': 'build'}
[1.982497] (dynamixel_sdk) Command: {'cmd': ['/usr/bin/cmake', '--build', '/home/csanimatronics/CS_Animatronics/build/dynamixel_sdk', '--', '-j4', '-l4'], 'cwd': '/home/csanimatronics/CS_Animatronics/build/dynamixel_sdk', 'env': OrderedDict({'LESSOPEN': '| /usr/bin/lesspipe %s', 'USER': 'csanimatronics', 'XDG_SESSION_TYPE': 'wayland', 'SHLVL': '1', 'LD_LIBRARY_PATH': '/opt/ros/jazzy/opt/rviz_ogre_vendor/lib:/opt/ros/jazzy/lib/aarch64-linux-gnu:/opt/ros/jazzy/opt/gz_math_vendor/lib:/opt/ros/jazzy/opt/gz_utils_vendor/lib:/opt/ros/jazzy/opt/gz_cmake_vendor/lib:/opt/ros/jazzy/lib', 'HOME': '/home/csanimatronics', 'OLDPWD': '/home/csanimatronics', 'DESKTOP_SESSION': 'ubuntu', 'ROS_PYTHON_VERSION': '3', 'GNOME_SHELL_SESSION_MODE': 'ubuntu', 'GTK_MODULES': 'gail:atk-bridge', 'SYSTEMD_EXEC_PID': '1641', 'GSM_SKIP_SSH_AGENT_WORKAROUND': 'true', 'DBUS_SESSION_BUS_ADDRESS': 'unix:path=/run/user/1002/bus', 'COLORTERM': 'truecolor', 'DEBUGINFOD_URLS': 'https://debuginfod.ubuntu.com', 'IM_CONFIG_PHASE': '1', 'WAYLAND_DISPLAY': 'wayland-0', 'ROS_DISTRO': 'jazzy', 'LOGNAME': 'csanimatronics', '_': '/usr/bin/colcon', 'ROS_VERSION': '2', 'MEMORY_PRESSURE_WATCH': '/sys/fs/cgroup/user.slice/user-1002.slice/user@1002.service/session.slice/org.gnome.Shell@wayland.service/memory.pressure', 'XDG_SESSION_CLASS': 'user', 'USERNAME': 'csanimatronics', 'TERM': 'xterm-256color', 'GNOME_DESKTOP_SESSION_ID': 'this-is-deprecated', 'PATH': '/opt/ros/jazzy/bin:/usr/local/sbin:/usr/local/bin:/usr/sbin:/usr/bin:/sbin:/bin:/usr/games:/usr/local/games:/snap/bin:/snap/bin', 'SESSION_MANAGER': 'local/csanimatronics-desktop:@/tmp/.ICE-unix/1612,unix/csanimatronics-desktop:/tmp/.ICE-unix/1612', 'XDG_MENU_PREFIX': 'gnome-', 'GNOME_TERMINAL_SCREEN': '/org/gnome/Terminal/screen/3ac86682_f1d1_4142_b161_45ce37502184', 'GNOME_SETUP_DISPLAY': ':1', 'XDG_RUNTIME_DIR': '/run/user/1002', 'DISPLAY': ':0', 'LANG': 'C.UTF-8', 'XDG_CURRENT_DESKTOP': 'ubuntu:GNOME', 'XMODIFIERS': '@im=ibus', 'XDG_SESSION_DESKTOP': 'ubuntu', 'XAUTHORITY': '/run/user/1002/.mutter-Xwaylandauth.N7O212', 'LS_COLORS': 'rs=0:di=01;34:ln=01;36:mh=00:pi=40;33:so=01;35:do=01;35:bd=40;33;01:cd=40;33;01:or=40;31;01:mi=00:su=37;41:sg=30;43:ca=00:tw=30;42:ow=34;42:st=37;44:ex=01;32:*.tar=01;31:*.tgz=01;31:*.arc=01;31:*.arj=01;31:*.taz=01;31:*.lha=01;31:*.lz4=01;31:*.lzh=01;31:*.lzma=01;31:*.tlz=01;31:*.txz=01;31:*.tzo=01;31:*.t7z=01;31:*.zip=01;31:*.z=01;31:*.dz=01;31:*.gz=01;31:*.lrz=01;31:*.lz=01;31:*.lzo=01;31:*.xz=01;31:*.zst=01;31:*.tzst=01;31:*.bz2=01;31:*.bz=01;31:*.tbz=01;31:*.tbz2=01;31:*.tz=01;31:*.deb=01;31:*.rpm=01;31:*.jar=01;31:*.war=01;31:*.ear=01;31:*.sar=01;31:*.rar=01;31:*.alz=01;31:*.ace=01;31:*.zoo=01;31:*.cpio=01;31:*.7z=01;31:*.rz=01;31:*.cab=01;31:*.wim=01;31:*.swm=01;31:*.dwm=01;31:*.esd=01;31:*.avif=01;35:*.jpg=01;35:*.jpeg=01;35:*.mjpg=01;35:*.mjpeg=01;35:*.gif=01;35:*.bmp=01;35:*.pbm=01;35:*.pgm=01;35:*.ppm=01;35:*.tga=01;35:*.xbm=01;35:*.xpm=01;35:*.tif=01;35:*.tiff=01;35:*.png=01;35:*.svg=01;35:*.svgz=01;35:*.mng=01;35:*.pcx=01;35:*.mov=01;35:*.mpg=01;35:*.mpeg=01;35:*.m2v=01;35:*.mkv=01;35:*.webm=01;35:*.webp=01;35:*.ogm=01;35:*.mp4=01;35:*.m4v=01;35:*.mp4v=01;35:*.vob=01;35:*.qt=01;35:*.nuv=01;35:*.wmv=01;35:*.asf=01;35:*.rm=01;35:*.rmvb=01;35:*.flc=01;35:*.avi=01;35:*.fli=01;35:*.flv=01;35:*.gl=01;35:*.dl=01;35:*.xcf=01;35:*.xwd=01;35:*.yuv=01;35:*.cgm=01;35:*.emf=01;35:*.ogv=01;35:*.ogx=01;35:*.aac=00;36:*.au=00;36:*.flac=00;36:*.m4a=00;36:*.mid=00;36:*.midi=00;36:*.mka=00;36:*.mp3=00;36:*.mpc=00;36:*.ogg=00;36:*.ra=00;36:*.wav=00;36:*.oga=00;36:*.opus=00;36:*.spx=00;36:*.xspf=00;36:*~=00;90:*#=00;90:*.bak=00;90:*.crdownload=00;90:*.dpkg-dist=00;90:*.dpkg-new=00;90:*.dpkg-old=00;90:*.dpkg-tmp=00;90:*.old=00;90:*.orig=00;90:*.part=00;90:*.rej=00;90:*.rpmnew=00;90:*.rpmorig=00;90:*.rpmsave=00;90:*.swp=00;90:*.tmp=00;90:*.ucf-dist=00;90:*.ucf-new=00;90:*.ucf-old=00;90:', 'GNOME_TERMINAL_SERVICE': ':1.103', 'SSH_AUTH_SOCK': '/run/user/1002/keyring/ssh', 'AMENT_PREFIX_PATH': '/opt/ros/jazzy', 'SHELL': '/bin/bash', 'QT_ACCESSIBILITY': '1', 'GDMSESSION': 'ubuntu', 'LESSCLOSE': '/usr/bin/lesspipe %s %s', 'ROS_AUTOMATIC_DISCOVERY_RANGE': 'SUBNET', 'QT_IM_MODULE': 'ibus', 'PWD': '/home/csanimatronics/CS_Animatronics/build/dynamixel_sdk', 'XDG_CONFIG_DIRS': '/etc/xdg/xdg-ubuntu:/etc/xdg', 'XDG_DATA_DIRS': '/usr/share/ubuntu:/usr/share/gnome:/usr/local/share/:/usr/share/:/var/lib/snapd/desktop', 'PYTHONPATH': '/opt/ros/jazzy/lib/python3.12/site-packages', 'COLCON': '1', 'MEMORY_PRESSURE_WRITE': 'c29tZSAyMDAwMDAgMjAwMDAwMAA=', 'VTE_VERSION': '7600', 'CMAKE_PREFIX_PATH': '/opt/ros/jazzy/opt/gz_math_vendor:/opt/ros/jazzy/opt/gz_utils_vendor:/opt/ros/jazzy/opt/gz_cmake_vendor:/opt/ros/jazzy'}), 'shell': False}
[2.019734] (-) TimerEvent: {}
[2.122468] (-) TimerEvent: {}
[2.143440] (dynamixel_sdk) StdoutLine: {'line': b'[ 10%] \x1b[32mBuilding CXX object CMakeFiles/dynamixel_sdk.dir/src/dynamixel_sdk/protocol2_packet_handler.cpp.o\x1b[0m\n'}
[2.146633] (dynamixel_sdk) StdoutLine: {'line': b'[ 20%] \x1b[32mBuilding CXX object CMakeFiles/dynamixel_sdk.dir/src/dynamixel_sdk/packet_handler.cpp.o\x1b[0m\n'}
[2.152405] (dynamixel_sdk) StdoutLine: {'line': b'[ 30%] \x1b[32mBuilding CXX object CMakeFiles/dynamixel_sdk.dir/src/dynamixel_sdk/protocol1_packet_handler.cpp.o\x1b[0m\n'}
[2.152851] (dynamixel_sdk) StdoutLine: {'line': b'[ 40%] \x1b[32mBuilding CXX object CMakeFiles/dynamixel_sdk.dir/src/dynamixel_sdk/group_sync_read.cpp.o\x1b[0m\n'}
[2.223590] (-) TimerEvent: {}
[2.294895] (controller_publisher) Command: {'cmd': ['/usr/bin/python3', '-W', 'ignore:setup.py install is deprecated', '-W', 'ignore:easy_install command is deprecated', 'setup.py', 'egg_info', '--egg-base', '../../build/controller_publisher', 'build', '--build-base', '/home/csanimatronics/CS_Animatronics/build/controller_publisher/build', 'install', '--record', '/home/csanimatronics/CS_Animatronics/build/controller_publisher/install.log', '--single-version-externally-managed', 'install_data'], 'cwd': '/home/csanimatronics/CS_Animatronics/src/controller_publisher', 'env': {'LESSOPEN': '| /usr/bin/lesspipe %s', 'USER': 'csanimatronics', 'XDG_SESSION_TYPE': 'wayland', 'SHLVL': '1', 'LD_LIBRARY_PATH': '/opt/ros/jazzy/opt/rviz_ogre_vendor/lib:/opt/ros/jazzy/lib/aarch64-linux-gnu:/opt/ros/jazzy/opt/gz_math_vendor/lib:/opt/ros/jazzy/opt/gz_utils_vendor/lib:/opt/ros/jazzy/opt/gz_cmake_vendor/lib:/opt/ros/jazzy/lib', 'HOME': '/home/csanimatronics', 'OLDPWD': '/home/csanimatronics', 'DESKTOP_SESSION': 'ubuntu', 'ROS_PYTHON_VERSION': '3', 'GNOME_SHELL_SESSION_MODE': 'ubuntu', 'GTK_MODULES': 'gail:atk-bridge', 'SYSTEMD_EXEC_PID': '1641', 'GSM_SKIP_SSH_AGENT_WORKAROUND': 'true', 'DBUS_SESSION_BUS_ADDRESS': 'unix:path=/run/user/1002/bus', 'COLORTERM': 'truecolor', 'DEBUGINFOD_URLS': 'https://debuginfod.ubuntu.com', 'IM_CONFIG_PHASE': '1', 'WAYLAND_DISPLAY': 'wayland-0', 'ROS_DISTRO': 'jazzy', 'LOGNAME': 'csanimatronics', '_': '/usr/bin/colcon', 'ROS_VERSION': '2', 'MEMORY_PRESSURE_WATCH': '/sys/fs/cgroup/user.slice/user-1002.slice/user@1002.service/session.slice/org.gnome.Shell@wayland.service/memory.pressure', 'XDG_SESSION_CLASS': 'user', 'USERNAME': 'csanimatronics', 'TERM': 'xterm-256color', 'GNOME_DESKTOP_SESSION_ID': 'this-is-deprecated', 'PATH': '/opt/ros/jazzy/bin:/usr/local/sbin:/usr/local/bin:/usr/sbin:/usr/bin:/sbin:/bin:/usr/games:/usr/local/games:/snap/bin:/snap/bin', 'SESSION_MANAGER': 'local/csanimatronics-desktop:@/tmp/.ICE-unix/1612,unix/csanimatronics-desktop:/tmp/.ICE-unix/1612', 'XDG_MENU_PREFIX': 'gnome-', 'GNOME_TERMINAL_SCREEN': '/org/gnome/Terminal/screen/3ac86682_f1d1_4142_b161_45ce37502184', 'GNOME_SETUP_DISPLAY': ':1', 'XDG_RUNTIME_DIR': '/run/user/1002', 'DISPLAY': ':0', 'LANG': 'C.UTF-8', 'XDG_CURRENT_DESKTOP': 'ubuntu:GNOME', 'XMODIFIERS': '@im=ibus', 'XDG_SESSION_DESKTOP': 'ubuntu', 'XAUTHORITY': '/run/user/1002/.mutter-Xwaylandauth.N7O212', 'LS_COLORS': 'rs=0:di=01;34:ln=01;36:mh=00:pi=40;33:so=01;35:do=01;35:bd=40;33;01:cd=40;33;01:or=40;31;01:mi=00:su=37;41:sg=30;43:ca=00:tw=30;42:ow=34;42:st=37;44:ex=01;32:*.tar=01;31:*.tgz=01;31:*.arc=01;31:*.arj=01;31:*.taz=01;31:*.lha=01;31:*.lz4=01;31:*.lzh=01;31:*.lzma=01;31:*.tlz=01;31:*.txz=01;31:*.tzo=01;31:*.t7z=01;31:*.zip=01;31:*.z=01;31:*.dz=01;31:*.gz=01;31:*.lrz=01;31:*.lz=01;31:*.lzo=01;31:*.xz=01;31:*.zst=01;31:*.tzst=01;31:*.bz2=01;31:*.bz=01;31:*.tbz=01;31:*.tbz2=01;31:*.tz=01;31:*.deb=01;31:*.rpm=01;31:*.jar=01;31:*.war=01;31:*.ear=01;31:*.sar=01;31:*.rar=01;31:*.alz=01;31:*.ace=01;31:*.zoo=01;31:*.cpio=01;31:*.7z=01;31:*.rz=01;31:*.cab=01;31:*.wim=01;31:*.swm=01;31:*.dwm=01;31:*.esd=01;31:*.avif=01;35:*.jpg=01;35:*.jpeg=01;35:*.mjpg=01;35:*.mjpeg=01;35:*.gif=01;35:*.bmp=01;35:*.pbm=01;35:*.pgm=01;35:*.ppm=01;35:*.tga=01;35:*.xbm=01;35:*.xpm=01;35:*.tif=01;35:*.tiff=01;35:*.png=01;35:*.svg=01;35:*.svgz=01;35:*.mng=01;35:*.pcx=01;35:*.mov=01;35:*.mpg=01;35:*.mpeg=01;35:*.m2v=01;35:*.mkv=01;35:*.webm=01;35:*.webp=01;35:*.ogm=01;35:*.mp4=01;35:*.m4v=01;35:*.mp4v=01;35:*.vob=01;35:*.qt=01;35:*.nuv=01;35:*.wmv=01;35:*.asf=01;35:*.rm=01;35:*.rmvb=01;35:*.flc=01;35:*.avi=01;35:*.fli=01;35:*.flv=01;35:*.gl=01;35:*.dl=01;35:*.xcf=01;35:*.xwd=01;35:*.yuv=01;35:*.cgm=01;35:*.emf=01;35:*.ogv=01;35:*.ogx=01;35:*.aac=00;36:*.au=00;36:*.flac=00;36:*.m4a=00;36:*.mid=00;36:*.midi=00;36:*.mka=00;36:*.mp3=00;36:*.mpc=00;36:*.ogg=00;36:*.ra=00;36:*.wav=00;36:*.oga=00;36:*.opus=00;36:*.spx=00;36:*.xspf=00;36:*~=00;90:*#=00;90:*.bak=00;90:*.crdownload=00;90:*.dpkg-dist=00;90:*.dpkg-new=00;90:*.dpkg-old=00;90:*.dpkg-tmp=00;90:*.old=00;90:*.orig=00;90:*.part=00;90:*.rej=00;90:*.rpmnew=00;90:*.rpmorig=00;90:*.rpmsave=00;90:*.swp=00;90:*.tmp=00;90:*.ucf-dist=00;90:*.ucf-new=00;90:*.ucf-old=00;90:', 'GNOME_TERMINAL_SERVICE': ':1.103', 'SSH_AUTH_SOCK': '/run/user/1002/keyring/ssh', 'AMENT_PREFIX_PATH': '/opt/ros/jazzy', 'SHELL': '/bin/bash', 'QT_ACCESSIBILITY': '1', 'GDMSESSION': 'ubuntu', 'LESSCLOSE': '/usr/bin/lesspipe %s %s', 'ROS_AUTOMATIC_DISCOVERY_RANGE': 'SUBNET', 'QT_IM_MODULE': 'ibus', 'PWD': '/home/csanimatronics/CS_Animatronics/build/controller_publisher', 'XDG_CONFIG_DIRS': '/etc/xdg/xdg-ubuntu:/etc/xdg', 'XDG_DATA_DIRS': '/usr/share/ubuntu:/usr/share/gnome:/usr/local/share/:/usr/share/:/var/lib/snapd/desktop', 'PYTHONPATH': '/home/csanimatronics/CS_Animatronics/build/controller_publisher/prefix_override:/usr/lib/python3/dist-packages/colcon_core/task/python/colcon_distutils_commands:/home/csanimatronics/CS_Animatronics/install/controller_publisher/lib/python3.12/site-packages:/opt/ros/jazzy/lib/python3.12/site-packages', 'COLCON': '1', 'MEMORY_PRESSURE_WRITE': 'c29tZSAyMDAwMDAgMjAwMDAwMAA=', 'VTE_VERSION': '7600', 'CMAKE_PREFIX_PATH': '/opt/ros/jazzy/opt/gz_math_vendor:/opt/ros/jazzy/opt/gz_utils_vendor:/opt/ros/jazzy/opt/gz_cmake_vendor'}, 'shell': False}
[2.323717] (-) TimerEvent: {}
[2.427495] (-) TimerEvent: {}
[2.527963] (-) TimerEvent: {}
[2.631441] (-) TimerEvent: {}
[2.702269] (dynamixel_sdk) StdoutLine: {'line': b'[ 50%] \x1b[32mBuilding CXX object CMakeFiles/dynamixel_sdk.dir/src/dynamixel_sdk/group_sync_write.cpp.o\x1b[0m\n'}
[2.733456] (-) TimerEvent: {}
[2.834000] (-) TimerEvent: {}
[2.934445] (-) TimerEvent: {}
[3.037661] (-) TimerEvent: {}
[3.098540] (dynamixel_sdk) StdoutLine: {'line': b'[ 60%] \x1b[32mBuilding CXX object CMakeFiles/dynamixel_sdk.dir/src/dynamixel_sdk/group_bulk_read.cpp.o\x1b[0m\n'}
[3.141420] (-) TimerEvent: {}
[3.209003] (controller_publisher) StdoutLine: {'line': b'running egg_info\n'}
[3.211681] (controller_publisher) StdoutLine: {'line': b'creating ../../build/controller_publisher/controller_publisher.egg-info\n'}
[3.241561] (-) TimerEvent: {}
[3.267511] (controller_publisher) StdoutLine: {'line': b'writing ../../build/controller_publisher/controller_publisher.egg-info/PKG-INFO\n'}
[3.269288] (controller_publisher) StdoutLine: {'line': b'writing dependency_links to ../../build/controller_publisher/controller_publisher.egg-info/dependency_links.txt\n'}
[3.270134] (controller_publisher) StdoutLine: {'line': b'writing entry points to ../../build/controller_publisher/controller_publisher.egg-info/entry_points.txt\n'}
[3.270450] (controller_publisher) StdoutLine: {'line': b'writing requirements to ../../build/controller_publisher/controller_publisher.egg-info/requires.txt\n'}
[3.271653] (controller_publisher) StdoutLine: {'line': b'writing top-level names to ../../build/controller_publisher/controller_publisher.egg-info/top_level.txt\n'}
[3.271968] (controller_publisher) StdoutLine: {'line': b"writing manifest file '../../build/controller_publisher/controller_publisher.egg-info/SOURCES.txt'\n"}
[3.342449] (-) TimerEvent: {}
[3.390381] (dynamixel_sdk) StdoutLine: {'line': b'[ 70%] \x1b[32mBuilding CXX object CMakeFiles/dynamixel_sdk.dir/src/dynamixel_sdk/group_bulk_write.cpp.o\x1b[0m\n'}
[3.393543] (controller_publisher) StdoutLine: {'line': b"reading manifest file '../../build/controller_publisher/controller_publisher.egg-info/SOURCES.txt'\n"}
[3.394312] (controller_publisher) StdoutLine: {'line': b"writing manifest file '../../build/controller_publisher/controller_publisher.egg-info/SOURCES.txt'\n"}
[3.394693] (controller_publisher) StdoutLine: {'line': b'running build\n'}
[3.394928] (controller_publisher) StdoutLine: {'line': b'running build_py\n'}
[3.395173] (controller_publisher) StdoutLine: {'line': b'creating /home/csanimatronics/CS_Animatronics/build/controller_publisher/build\n'}
[3.395633] (controller_publisher) StdoutLine: {'line': b'creating /home/csanimatronics/CS_Animatronics/build/controller_publisher/build/lib\n'}
[3.395867] (controller_publisher) StdoutLine: {'line': b'creating /home/csanimatronics/CS_Animatronics/build/controller_publisher/build/lib/controller_publisher\n'}
[3.402204] (controller_publisher) StdoutLine: {'line': b'copying controller_publisher/controller_publisher.py -> /home/csanimatronics/CS_Animatronics/build/controller_publisher/build/lib/controller_publisher\n'}
[3.402511] (controller_publisher) StdoutLine: {'line': b'copying controller_publisher/__init__.py -> /home/csanimatronics/CS_Animatronics/build/controller_publisher/build/lib/controller_publisher\n'}
[3.402706] (controller_publisher) StdoutLine: {'line': b'running install\n'}
[3.411189] (controller_publisher) StdoutLine: {'line': b'running install_lib\n'}
[3.442581] (-) TimerEvent: {}
[3.475267] (controller_publisher) StdoutLine: {'line': b'creating /home/csanimatronics/CS_Animatronics/install/controller_publisher/lib/python3.12/site-packages/controller_publisher\n'}
[3.475700] (controller_publisher) StdoutLine: {'line': b'copying /home/csanimatronics/CS_Animatronics/build/controller_publisher/build/lib/controller_publisher/controller_publisher.py -> /home/csanimatronics/CS_Animatronics/install/controller_publisher/lib/python3.12/site-packages/controller_publisher\n'}
[3.475921] (controller_publisher) StdoutLine: {'line': b'copying /home/csanimatronics/CS_Animatronics/build/controller_publisher/build/lib/controller_publisher/__init__.py -> /home/csanimatronics/CS_Animatronics/install/controller_publisher/lib/python3.12/site-packages/controller_publisher\n'}
[3.476952] (controller_publisher) StdoutLine: {'line': b'byte-compiling /home/csanimatronics/CS_Animatronics/install/controller_publisher/lib/python3.12/site-packages/controller_publisher/controller_publisher.py to controller_publisher.cpython-312.pyc\n'}
[3.478919] (controller_publisher) StdoutLine: {'line': b'byte-compiling /home/csanimatronics/CS_Animatronics/install/controller_publisher/lib/python3.12/site-packages/controller_publisher/__init__.py to __init__.cpython-312.pyc\n'}
[3.479686] (controller_publisher) StdoutLine: {'line': b'running install_data\n'}
[3.479961] (controller_publisher) StdoutLine: {'line': b'creating /home/csanimatronics/CS_Animatronics/install/controller_publisher/share/ament_index\n'}
[3.480414] (controller_publisher) StdoutLine: {'line': b'creating /home/csanimatronics/CS_Animatronics/install/controller_publisher/share/ament_index/resource_index\n'}
[3.484504] (controller_publisher) StdoutLine: {'line': b'creating /home/csanimatronics/CS_Animatronics/install/controller_publisher/share/ament_index/resource_index/packages\n'}
[3.484799] (controller_publisher) StdoutLine: {'line': b'copying resource/controller_publisher -> /home/csanimatronics/CS_Animatronics/install/controller_publisher/share/ament_index/resource_index/packages\n'}
[3.484928] (controller_publisher) StdoutLine: {'line': b'copying package.xml -> /home/csanimatronics/CS_Animatronics/install/controller_publisher/share/controller_publisher\n'}
[3.485063] (controller_publisher) StdoutLine: {'line': b'running install_egg_info\n'}
[3.542711] (-) TimerEvent: {}
[3.596629] (controller_publisher) StdoutLine: {'line': b'Copying ../../build/controller_publisher/controller_publisher.egg-info to /home/csanimatronics/CS_Animatronics/install/controller_publisher/lib/python3.12/site-packages/controller_publisher-0.0.0-py3.12.egg-info\n'}
[3.599389] (controller_publisher) StdoutLine: {'line': b'running install_scripts\n'}
[3.645421] (-) TimerEvent: {}
[3.745892] (-) TimerEvent: {}
[3.846387] (-) TimerEvent: {}
[3.937542] (dynamixel_sdk) StdoutLine: {'line': b'[ 80%] \x1b[32mBuilding CXX object CMakeFiles/dynamixel_sdk.dir/src/dynamixel_sdk/port_handler.cpp.o\x1b[0m\n'}
[3.946521] (-) TimerEvent: {}
[4.041635] (controller_publisher) StdoutLine: {'line': b'Installing controller_publisher script to /home/csanimatronics/CS_Animatronics/install/controller_publisher/lib/controller_publisher\n'}
[4.042471] (controller_publisher) StdoutLine: {'line': b"writing list of installed files to '/home/csanimatronics/CS_Animatronics/build/controller_publisher/install.log'\n"}
[4.046702] (-) TimerEvent: {}
[4.097390] (dynamixel_sdk) StdoutLine: {'line': b'[ 90%] \x1b[32mBuilding CXX object CMakeFiles/dynamixel_sdk.dir/src/dynamixel_sdk/port_handler_linux.cpp.o\x1b[0m\n'}
[4.146833] (-) TimerEvent: {}
[4.248771] (-) TimerEvent: {}
[4.298413] (controller_publisher) CommandEnded: {'returncode': 0}
[4.340515] (controller_publisher) JobEnded: {'identifier': 'controller_publisher', 'rc': 0}
[4.350447] (-) TimerEvent: {}
[4.451103] (-) TimerEvent: {}
[4.549923] (motor_commands) StdoutLine: {'line': b'-- Found ament_cmake_ros: 0.12.0 (/opt/ros/jazzy/share/ament_cmake_ros/cmake)\n'}
[4.558106] (-) TimerEvent: {}
[4.658430] (-) TimerEvent: {}
[4.708925] (dynamixel_sdk_custom_interfaces) StdoutLine: {'line': b'-- Found ament_cmake_ros: 0.12.0 (/opt/ros/jazzy/share/ament_cmake_ros/cmake)\n'}
[4.758568] (-) TimerEvent: {}
[4.763491] (dynamixel_sdk) StdoutLine: {'line': b'[100%] \x1b[32m\x1b[1mLinking CXX shared library libdynamixel_sdk.so\x1b[0m\n'}
[4.858725] (-) TimerEvent: {}
[4.959314] (-) TimerEvent: {}
[4.985246] (dynamixel_sdk) StdoutLine: {'line': b'[100%] Built target dynamixel_sdk\n'}
[5.012675] (dynamixel_sdk) CommandEnded: {'returncode': 0}
[5.013833] (dynamixel_sdk) JobProgress: {'identifier': 'dynamixel_sdk', 'progress': 'install'}
[5.033195] (dynamixel_sdk) Command: {'cmd': ['/usr/bin/cmake', '--install', '/home/csanimatronics/CS_Animatronics/build/dynamixel_sdk'], 'cwd': '/home/csanimatronics/CS_Animatronics/build/dynamixel_sdk', 'env': OrderedDict({'LESSOPEN': '| /usr/bin/lesspipe %s', 'USER': 'csanimatronics', 'XDG_SESSION_TYPE': 'wayland', 'SHLVL': '1', 'LD_LIBRARY_PATH': '/opt/ros/jazzy/opt/rviz_ogre_vendor/lib:/opt/ros/jazzy/lib/aarch64-linux-gnu:/opt/ros/jazzy/opt/gz_math_vendor/lib:/opt/ros/jazzy/opt/gz_utils_vendor/lib:/opt/ros/jazzy/opt/gz_cmake_vendor/lib:/opt/ros/jazzy/lib', 'HOME': '/home/csanimatronics', 'OLDPWD': '/home/csanimatronics', 'DESKTOP_SESSION': 'ubuntu', 'ROS_PYTHON_VERSION': '3', 'GNOME_SHELL_SESSION_MODE': 'ubuntu', 'GTK_MODULES': 'gail:atk-bridge', 'SYSTEMD_EXEC_PID': '1641', 'GSM_SKIP_SSH_AGENT_WORKAROUND': 'true', 'DBUS_SESSION_BUS_ADDRESS': 'unix:path=/run/user/1002/bus', 'COLORTERM': 'truecolor', 'DEBUGINFOD_URLS': 'https://debuginfod.ubuntu.com', 'IM_CONFIG_PHASE': '1', 'WAYLAND_DISPLAY': 'wayland-0', 'ROS_DISTRO': 'jazzy', 'LOGNAME': 'csanimatronics', '_': '/usr/bin/colcon', 'ROS_VERSION': '2', 'MEMORY_PRESSURE_WATCH': '/sys/fs/cgroup/user.slice/user-1002.slice/user@1002.service/session.slice/org.gnome.Shell@wayland.service/memory.pressure', 'XDG_SESSION_CLASS': 'user', 'USERNAME': 'csanimatronics', 'TERM': 'xterm-256color', 'GNOME_DESKTOP_SESSION_ID': 'this-is-deprecated', 'PATH': '/opt/ros/jazzy/bin:/usr/local/sbin:/usr/local/bin:/usr/sbin:/usr/bin:/sbin:/bin:/usr/games:/usr/local/games:/snap/bin:/snap/bin', 'SESSION_MANAGER': 'local/csanimatronics-desktop:@/tmp/.ICE-unix/1612,unix/csanimatronics-desktop:/tmp/.ICE-unix/1612', 'XDG_MENU_PREFIX': 'gnome-', 'GNOME_TERMINAL_SCREEN': '/org/gnome/Terminal/screen/3ac86682_f1d1_4142_b161_45ce37502184', 'GNOME_SETUP_DISPLAY': ':1', 'XDG_RUNTIME_DIR': '/run/user/1002', 'DISPLAY': ':0', 'LANG': 'C.UTF-8', 'XDG_CURRENT_DESKTOP': 'ubuntu:GNOME', 'XMODIFIERS': '@im=ibus', 'XDG_SESSION_DESKTOP': 'ubuntu', 'XAUTHORITY': '/run/user/1002/.mutter-Xwaylandauth.N7O212', 'LS_COLORS': 'rs=0:di=01;34:ln=01;36:mh=00:pi=40;33:so=01;35:do=01;35:bd=40;33;01:cd=40;33;01:or=40;31;01:mi=00:su=37;41:sg=30;43:ca=00:tw=30;42:ow=34;42:st=37;44:ex=01;32:*.tar=01;31:*.tgz=01;31:*.arc=01;31:*.arj=01;31:*.taz=01;31:*.lha=01;31:*.lz4=01;31:*.lzh=01;31:*.lzma=01;31:*.tlz=01;31:*.txz=01;31:*.tzo=01;31:*.t7z=01;31:*.zip=01;31:*.z=01;31:*.dz=01;31:*.gz=01;31:*.lrz=01;31:*.lz=01;31:*.lzo=01;31:*.xz=01;31:*.zst=01;31:*.tzst=01;31:*.bz2=01;31:*.bz=01;31:*.tbz=01;31:*.tbz2=01;31:*.tz=01;31:*.deb=01;31:*.rpm=01;31:*.jar=01;31:*.war=01;31:*.ear=01;31:*.sar=01;31:*.rar=01;31:*.alz=01;31:*.ace=01;31:*.zoo=01;31:*.cpio=01;31:*.7z=01;31:*.rz=01;31:*.cab=01;31:*.wim=01;31:*.swm=01;31:*.dwm=01;31:*.esd=01;31:*.avif=01;35:*.jpg=01;35:*.jpeg=01;35:*.mjpg=01;35:*.mjpeg=01;35:*.gif=01;35:*.bmp=01;35:*.pbm=01;35:*.pgm=01;35:*.ppm=01;35:*.tga=01;35:*.xbm=01;35:*.xpm=01;35:*.tif=01;35:*.tiff=01;35:*.png=01;35:*.svg=01;35:*.svgz=01;35:*.mng=01;35:*.pcx=01;35:*.mov=01;35:*.mpg=01;35:*.mpeg=01;35:*.m2v=01;35:*.mkv=01;35:*.webm=01;35:*.webp=01;35:*.ogm=01;35:*.mp4=01;35:*.m4v=01;35:*.mp4v=01;35:*.vob=01;35:*.qt=01;35:*.nuv=01;35:*.wmv=01;35:*.asf=01;35:*.rm=01;35:*.rmvb=01;35:*.flc=01;35:*.avi=01;35:*.fli=01;35:*.flv=01;35:*.gl=01;35:*.dl=01;35:*.xcf=01;35:*.xwd=01;35:*.yuv=01;35:*.cgm=01;35:*.emf=01;35:*.ogv=01;35:*.ogx=01;35:*.aac=00;36:*.au=00;36:*.flac=00;36:*.m4a=00;36:*.mid=00;36:*.midi=00;36:*.mka=00;36:*.mp3=00;36:*.mpc=00;36:*.ogg=00;36:*.ra=00;36:*.wav=00;36:*.oga=00;36:*.opus=00;36:*.spx=00;36:*.xspf=00;36:*~=00;90:*#=00;90:*.bak=00;90:*.crdownload=00;90:*.dpkg-dist=00;90:*.dpkg-new=00;90:*.dpkg-old=00;90:*.dpkg-tmp=00;90:*.old=00;90:*.orig=00;90:*.part=00;90:*.rej=00;90:*.rpmnew=00;90:*.rpmorig=00;90:*.rpmsave=00;90:*.swp=00;90:*.tmp=00;90:*.ucf-dist=00;90:*.ucf-new=00;90:*.ucf-old=00;90:', 'GNOME_TERMINAL_SERVICE': ':1.103', 'SSH_AUTH_SOCK': '/run/user/1002/keyring/ssh', 'AMENT_PREFIX_PATH': '/opt/ros/jazzy', 'SHELL': '/bin/bash', 'QT_ACCESSIBILITY': '1', 'GDMSESSION': 'ubuntu', 'LESSCLOSE': '/usr/bin/lesspipe %s %s', 'ROS_AUTOMATIC_DISCOVERY_RANGE': 'SUBNET', 'QT_IM_MODULE': 'ibus', 'PWD': '/home/csanimatronics/CS_Animatronics/build/dynamixel_sdk', 'XDG_CONFIG_DIRS': '/etc/xdg/xdg-ubuntu:/etc/xdg', 'XDG_DATA_DIRS': '/usr/share/ubuntu:/usr/share/gnome:/usr/local/share/:/usr/share/:/var/lib/snapd/desktop', 'PYTHONPATH': '/opt/ros/jazzy/lib/python3.12/site-packages', 'COLCON': '1', 'MEMORY_PRESSURE_WRITE': 'c29tZSAyMDAwMDAgMjAwMDAwMAA=', 'VTE_VERSION': '7600', 'CMAKE_PREFIX_PATH': '/opt/ros/jazzy/opt/gz_math_vendor:/opt/ros/jazzy/opt/gz_utils_vendor:/opt/ros/jazzy/opt/gz_cmake_vendor:/opt/ros/jazzy'}), 'shell': False}
[5.052589] (dynamixel_sdk) StdoutLine: {'line': b'-- Install configuration: ""\n'}
[5.053170] (dynamixel_sdk) StdoutLine: {'line': b'-- Installing: /home/csanimatronics/CS_Animatronics/install/dynamixel_sdk/include/\n'}
[5.053499] (dynamixel_sdk) StdoutLine: {'line': b'-- Installing: /home/csanimatronics/CS_Animatronics/install/dynamixel_sdk/include//dynamixel_sdk\n'}
[5.053905] (dynamixel_sdk) StdoutLine: {'line': b'-- Installing: /home/csanimatronics/CS_Animatronics/install/dynamixel_sdk/include//dynamixel_sdk/port_handler.h\n'}
[5.054253] (dynamixel_sdk) StdoutLine: {'line': b'-- Installing: /home/csanimatronics/CS_Animatronics/install/dynamixel_sdk/include//dynamixel_sdk/protocol2_packet_handler.h\n'}
[5.054792] (dynamixel_sdk) StdoutLine: {'line': b'-- Installing: /home/csanimatronics/CS_Animatronics/install/dynamixel_sdk/include//dynamixel_sdk/group_sync_read.h\n'}
[5.055202] (dynamixel_sdk) StdoutLine: {'line': b'-- Installing: /home/csanimatronics/CS_Animatronics/install/dynamixel_sdk/include//dynamixel_sdk/port_handler_arduino.h\n'}
[5.055619] (dynamixel_sdk) StdoutLine: {'line': b'-- Installing: /home/csanimatronics/CS_Animatronics/install/dynamixel_sdk/include//dynamixel_sdk/dynamixel_sdk.h\n'}
[5.055817] (dynamixel_sdk) StdoutLine: {'line': b'-- Installing: /home/csanimatronics/CS_Animatronics/install/dynamixel_sdk/include//dynamixel_sdk/group_bulk_write.h\n'}
[5.056070] (dynamixel_sdk) StdoutLine: {'line': b'-- Installing: /home/csanimatronics/CS_Animatronics/install/dynamixel_sdk/include//dynamixel_sdk/port_handler_mac.h\n'}
[5.056221] (dynamixel_sdk) StdoutLine: {'line': b'-- Installing: /home/csanimatronics/CS_Animatronics/install/dynamixel_sdk/include//dynamixel_sdk/port_handler_windows.h\n'}
[5.056433] (dynamixel_sdk) StdoutLine: {'line': b'-- Installing: /home/csanimatronics/CS_Animatronics/install/dynamixel_sdk/include//dynamixel_sdk/packet_handler.h\n'}
[5.056694] (dynamixel_sdk) StdoutLine: {'line': b'-- Installing: /home/csanimatronics/CS_Animatronics/install/dynamixel_sdk/include//dynamixel_sdk/port_handler_linux.h\n'}
[5.056887] (dynamixel_sdk) StdoutLine: {'line': b'-- Installing: /home/csanimatronics/CS_Animatronics/install/dynamixel_sdk/include//dynamixel_sdk/group_sync_write.h\n'}
[5.057088] (dynamixel_sdk) StdoutLine: {'line': b'-- Installing: /home/csanimatronics/CS_Animatronics/install/dynamixel_sdk/include//dynamixel_sdk/protocol1_packet_handler.h\n'}
[5.057388] (dynamixel_sdk) StdoutLine: {'line': b'-- Installing: /home/csanimatronics/CS_Animatronics/install/dynamixel_sdk/include//dynamixel_sdk/group_bulk_read.h\n'}
[5.057707] (dynamixel_sdk) StdoutLine: {'line': b'-- Installing: /home/csanimatronics/CS_Animatronics/install/dynamixel_sdk/lib/libdynamixel_sdk.so\n'}
[5.058170] (dynamixel_sdk) StdoutLine: {'line': b'-- Installing: /home/csanimatronics/CS_Animatronics/install/dynamixel_sdk/share/dynamixel_sdk/environment/library_path.sh\n'}
[5.058643] (dynamixel_sdk) StdoutLine: {'line': b'-- Installing: /home/csanimatronics/CS_Animatronics/install/dynamixel_sdk/share/dynamixel_sdk/environment/library_path.dsv\n'}
[5.058996] (dynamixel_sdk) StdoutLine: {'line': b'-- Installing: /home/csanimatronics/CS_Animatronics/install/dynamixel_sdk/share/ament_index/resource_index/package_run_dependencies/dynamixel_sdk\n'}
[5.059365] (dynamixel_sdk) StdoutLine: {'line': b'-- Installing: /home/csanimatronics/CS_Animatronics/install/dynamixel_sdk/share/ament_index/resource_index/parent_prefix_path/dynamixel_sdk\n'}
[5.059566] (-) TimerEvent: {}
[5.060406] (dynamixel_sdk) StdoutLine: {'line': b'-- Installing: /home/csanimatronics/CS_Animatronics/install/dynamixel_sdk/share/dynamixel_sdk/environment/ament_prefix_path.sh\n'}
[5.061754] (dynamixel_sdk) StdoutLine: {'line': b'-- Installing: /home/csanimatronics/CS_Animatronics/install/dynamixel_sdk/share/dynamixel_sdk/environment/ament_prefix_path.dsv\n'}
[5.063390] (dynamixel_sdk) StdoutLine: {'line': b'-- Installing: /home/csanimatronics/CS_Animatronics/install/dynamixel_sdk/share/dynamixel_sdk/environment/path.sh\n'}
[5.064427] (dynamixel_sdk) StdoutLine: {'line': b'-- Installing: /home/csanimatronics/CS_Animatronics/install/dynamixel_sdk/share/dynamixel_sdk/environment/path.dsv\n'}
[5.064927] (dynamixel_sdk) StdoutLine: {'line': b'-- Installing: /home/csanimatronics/CS_Animatronics/install/dynamixel_sdk/share/dynamixel_sdk/local_setup.bash\n'}
[5.065177] (dynamixel_sdk) StdoutLine: {'line': b'-- Installing: /home/csanimatronics/CS_Animatronics/install/dynamixel_sdk/share/dynamixel_sdk/local_setup.sh\n'}
[5.065427] (dynamixel_sdk) StdoutLine: {'line': b'-- Installing: /home/csanimatronics/CS_Animatronics/install/dynamixel_sdk/share/dynamixel_sdk/local_setup.zsh\n'}
[5.065569] (dynamixel_sdk) StdoutLine: {'line': b'-- Installing: /home/csanimatronics/CS_Animatronics/install/dynamixel_sdk/share/dynamixel_sdk/local_setup.dsv\n'}
[5.065681] (dynamixel_sdk) StdoutLine: {'line': b'-- Installing: /home/csanimatronics/CS_Animatronics/install/dynamixel_sdk/share/dynamixel_sdk/package.dsv\n'}
[5.065776] (dynamixel_sdk) StdoutLine: {'line': b'-- Installing: /home/csanimatronics/CS_Animatronics/install/dynamixel_sdk/share/ament_index/resource_index/packages/dynamixel_sdk\n'}
[5.065886] (dynamixel_sdk) StdoutLine: {'line': b'-- Installing: /home/csanimatronics/CS_Animatronics/install/dynamixel_sdk/share/dynamixel_sdk/cmake/ament_cmake_export_include_directories-extras.cmake\n'}
[5.066003] (dynamixel_sdk) StdoutLine: {'line': b'-- Installing: /home/csanimatronics/CS_Animatronics/install/dynamixel_sdk/share/dynamixel_sdk/cmake/ament_cmake_export_libraries-extras.cmake\n'}
[5.066133] (dynamixel_sdk) StdoutLine: {'line': b'-- Installing: /home/csanimatronics/CS_Animatronics/install/dynamixel_sdk/share/dynamixel_sdk/cmake/dynamixel_sdkConfig.cmake\n'}
[5.066227] (dynamixel_sdk) StdoutLine: {'line': b'-- Installing: /home/csanimatronics/CS_Animatronics/install/dynamixel_sdk/share/dynamixel_sdk/cmake/dynamixel_sdkConfig-version.cmake\n'}
[5.067620] (dynamixel_sdk) StdoutLine: {'line': b'-- Installing: /home/csanimatronics/CS_Animatronics/install/dynamixel_sdk/share/dynamixel_sdk/package.xml\n'}
[5.072856] (dynamixel_sdk) CommandEnded: {'returncode': 0}
[5.099615] (dynamixel_sdk) JobEnded: {'identifier': 'dynamixel_sdk', 'rc': 0}
[5.159695] (-) TimerEvent: {}
[5.260030] (-) TimerEvent: {}
[5.360449] (-) TimerEvent: {}
[5.460869] (-) TimerEvent: {}
[5.561230] (-) TimerEvent: {}
[5.661610] (-) TimerEvent: {}
[5.762021] (-) TimerEvent: {}
[5.862425] (-) TimerEvent: {}
[5.962848] (-) TimerEvent: {}
[6.004320] (motor_commands) StdoutLine: {'line': b'-- Using all available rosidl_typesupport_c: rosidl_typesupport_fastrtps_c;rosidl_typesupport_introspection_c\n'}
[6.062986] (-) TimerEvent: {}
[6.106855] (dynamixel_sdk_custom_interfaces) StdoutLine: {'line': b'-- Using all available rosidl_typesupport_c: rosidl_typesupport_fastrtps_c;rosidl_typesupport_introspection_c\n'}
[6.163126] (-) TimerEvent: {}
[6.263750] (-) TimerEvent: {}
[6.364219] (-) TimerEvent: {}
[6.464599] (-) TimerEvent: {}
[6.510905] (motor_commands) StdoutLine: {'line': b'-- Using all available rosidl_typesupport_cpp: rosidl_typesupport_fastrtps_cpp;rosidl_typesupport_introspection_cpp\n'}
[6.514660] (motor_commands) StdoutLine: {'line': b'-- Found python_cmake_module: 0.11.1 (/opt/ros/jazzy/share/python_cmake_module/cmake)\n'}
[6.564755] (-) TimerEvent: {}
[6.614120] (dynamixel_sdk_custom_interfaces) StdoutLine: {'line': b'-- Using all available rosidl_typesupport_cpp: rosidl_typesupport_fastrtps_cpp;rosidl_typesupport_introspection_cpp\n'}
[6.618225] (dynamixel_sdk_custom_interfaces) StdoutLine: {'line': b'-- Found python_cmake_module: 0.11.1 (/opt/ros/jazzy/share/python_cmake_module/cmake)\n'}
[6.664857] (-) TimerEvent: {}
[6.764591] (motor_commands) StdoutLine: {'line': b'-- Found PythonExtra: /usr/bin/python3  \n'}
[6.764881] (-) TimerEvent: {}
[6.864538] (dynamixel_sdk_custom_interfaces) StdoutLine: {'line': b'-- Found PythonExtra: /usr/bin/python3  \n'}
[6.864958] (-) TimerEvent: {}
[6.965238] (-) TimerEvent: {}
[7.065655] (-) TimerEvent: {}
[7.166027] (-) TimerEvent: {}
[7.266426] (-) TimerEvent: {}
[7.366850] (-) TimerEvent: {}
[7.467263] (-) TimerEvent: {}
[7.567817] (-) TimerEvent: {}
[7.611896] (motor_commands) StdoutLine: {'line': b'-- Found Python3: /usr/bin/python3 (found version "3.12.3") found components: Interpreter Development NumPy Development.Module Development.Embed \n'}
[7.667980] (-) TimerEvent: {}
[7.682876] (motor_commands) StdoutLine: {'line': b'-- Configuring done (7.6s)\n'}
[7.710644] (dynamixel_sdk_custom_interfaces) StdoutLine: {'line': b'-- Found Python3: /usr/bin/python3 (found version "3.12.3") found components: Interpreter Development NumPy Development.Module Development.Embed \n'}
[7.742409] (motor_commands) StdoutLine: {'line': b'-- Generating done (0.0s)\n'}
[7.760862] (motor_commands) StdoutLine: {'line': b'-- Build files have been written to: /home/csanimatronics/CS_Animatronics/build/motor_commands\n'}
[7.768113] (-) TimerEvent: {}
[7.776765] (dynamixel_sdk_custom_interfaces) StdoutLine: {'line': b'-- Configuring done (7.7s)\n'}
[7.779801] (motor_commands) CommandEnded: {'returncode': 0}
[7.780544] (motor_commands) JobProgress: {'identifier': 'motor_commands', 'progress': 'build'}
[7.780880] (motor_commands) Command: {'cmd': ['/usr/bin/cmake', '--build', '/home/csanimatronics/CS_Animatronics/build/motor_commands', '--', '-j4', '-l4'], 'cwd': '/home/csanimatronics/CS_Animatronics/build/motor_commands', 'env': OrderedDict({'LESSOPEN': '| /usr/bin/lesspipe %s', 'USER': 'csanimatronics', 'XDG_SESSION_TYPE': 'wayland', 'SHLVL': '1', 'LD_LIBRARY_PATH': '/opt/ros/jazzy/opt/rviz_ogre_vendor/lib:/opt/ros/jazzy/lib/aarch64-linux-gnu:/opt/ros/jazzy/opt/gz_math_vendor/lib:/opt/ros/jazzy/opt/gz_utils_vendor/lib:/opt/ros/jazzy/opt/gz_cmake_vendor/lib:/opt/ros/jazzy/lib', 'HOME': '/home/csanimatronics', 'OLDPWD': '/home/csanimatronics', 'DESKTOP_SESSION': 'ubuntu', 'ROS_PYTHON_VERSION': '3', 'GNOME_SHELL_SESSION_MODE': 'ubuntu', 'GTK_MODULES': 'gail:atk-bridge', 'SYSTEMD_EXEC_PID': '1641', 'GSM_SKIP_SSH_AGENT_WORKAROUND': 'true', 'DBUS_SESSION_BUS_ADDRESS': 'unix:path=/run/user/1002/bus', 'COLORTERM': 'truecolor', 'DEBUGINFOD_URLS': 'https://debuginfod.ubuntu.com', 'IM_CONFIG_PHASE': '1', 'WAYLAND_DISPLAY': 'wayland-0', 'ROS_DISTRO': 'jazzy', 'LOGNAME': 'csanimatronics', '_': '/usr/bin/colcon', 'ROS_VERSION': '2', 'MEMORY_PRESSURE_WATCH': '/sys/fs/cgroup/user.slice/user-1002.slice/user@1002.service/session.slice/org.gnome.Shell@wayland.service/memory.pressure', 'XDG_SESSION_CLASS': 'user', 'USERNAME': 'csanimatronics', 'TERM': 'xterm-256color', 'GNOME_DESKTOP_SESSION_ID': 'this-is-deprecated', 'PATH': '/opt/ros/jazzy/bin:/usr/local/sbin:/usr/local/bin:/usr/sbin:/usr/bin:/sbin:/bin:/usr/games:/usr/local/games:/snap/bin:/snap/bin', 'SESSION_MANAGER': 'local/csanimatronics-desktop:@/tmp/.ICE-unix/1612,unix/csanimatronics-desktop:/tmp/.ICE-unix/1612', 'XDG_MENU_PREFIX': 'gnome-', 'GNOME_TERMINAL_SCREEN': '/org/gnome/Terminal/screen/3ac86682_f1d1_4142_b161_45ce37502184', 'GNOME_SETUP_DISPLAY': ':1', 'XDG_RUNTIME_DIR': '/run/user/1002', 'DISPLAY': ':0', 'LANG': 'C.UTF-8', 'XDG_CURRENT_DESKTOP': 'ubuntu:GNOME', 'XMODIFIERS': '@im=ibus', 'XDG_SESSION_DESKTOP': 'ubuntu', 'XAUTHORITY': '/run/user/1002/.mutter-Xwaylandauth.N7O212', 'LS_COLORS': 'rs=0:di=01;34:ln=01;36:mh=00:pi=40;33:so=01;35:do=01;35:bd=40;33;01:cd=40;33;01:or=40;31;01:mi=00:su=37;41:sg=30;43:ca=00:tw=30;42:ow=34;42:st=37;44:ex=01;32:*.tar=01;31:*.tgz=01;31:*.arc=01;31:*.arj=01;31:*.taz=01;31:*.lha=01;31:*.lz4=01;31:*.lzh=01;31:*.lzma=01;31:*.tlz=01;31:*.txz=01;31:*.tzo=01;31:*.t7z=01;31:*.zip=01;31:*.z=01;31:*.dz=01;31:*.gz=01;31:*.lrz=01;31:*.lz=01;31:*.lzo=01;31:*.xz=01;31:*.zst=01;31:*.tzst=01;31:*.bz2=01;31:*.bz=01;31:*.tbz=01;31:*.tbz2=01;31:*.tz=01;31:*.deb=01;31:*.rpm=01;31:*.jar=01;31:*.war=01;31:*.ear=01;31:*.sar=01;31:*.rar=01;31:*.alz=01;31:*.ace=01;31:*.zoo=01;31:*.cpio=01;31:*.7z=01;31:*.rz=01;31:*.cab=01;31:*.wim=01;31:*.swm=01;31:*.dwm=01;31:*.esd=01;31:*.avif=01;35:*.jpg=01;35:*.jpeg=01;35:*.mjpg=01;35:*.mjpeg=01;35:*.gif=01;35:*.bmp=01;35:*.pbm=01;35:*.pgm=01;35:*.ppm=01;35:*.tga=01;35:*.xbm=01;35:*.xpm=01;35:*.tif=01;35:*.tiff=01;35:*.png=01;35:*.svg=01;35:*.svgz=01;35:*.mng=01;35:*.pcx=01;35:*.mov=01;35:*.mpg=01;35:*.mpeg=01;35:*.m2v=01;35:*.mkv=01;35:*.webm=01;35:*.webp=01;35:*.ogm=01;35:*.mp4=01;35:*.m4v=01;35:*.mp4v=01;35:*.vob=01;35:*.qt=01;35:*.nuv=01;35:*.wmv=01;35:*.asf=01;35:*.rm=01;35:*.rmvb=01;35:*.flc=01;35:*.avi=01;35:*.fli=01;35:*.flv=01;35:*.gl=01;35:*.dl=01;35:*.xcf=01;35:*.xwd=01;35:*.yuv=01;35:*.cgm=01;35:*.emf=01;35:*.ogv=01;35:*.ogx=01;35:*.aac=00;36:*.au=00;36:*.flac=00;36:*.m4a=00;36:*.mid=00;36:*.midi=00;36:*.mka=00;36:*.mp3=00;36:*.mpc=00;36:*.ogg=00;36:*.ra=00;36:*.wav=00;36:*.oga=00;36:*.opus=00;36:*.spx=00;36:*.xspf=00;36:*~=00;90:*#=00;90:*.bak=00;90:*.crdownload=00;90:*.dpkg-dist=00;90:*.dpkg-new=00;90:*.dpkg-old=00;90:*.dpkg-tmp=00;90:*.old=00;90:*.orig=00;90:*.part=00;90:*.rej=00;90:*.rpmnew=00;90:*.rpmorig=00;90:*.rpmsave=00;90:*.swp=00;90:*.tmp=00;90:*.ucf-dist=00;90:*.ucf-new=00;90:*.ucf-old=00;90:', 'GNOME_TERMINAL_SERVICE': ':1.103', 'SSH_AUTH_SOCK': '/run/user/1002/keyring/ssh', 'AMENT_PREFIX_PATH': '/opt/ros/jazzy', 'SHELL': '/bin/bash', 'QT_ACCESSIBILITY': '1', 'GDMSESSION': 'ubuntu', 'LESSCLOSE': '/usr/bin/lesspipe %s %s', 'ROS_AUTOMATIC_DISCOVERY_RANGE': 'SUBNET', 'QT_IM_MODULE': 'ibus', 'PWD': '/home/csanimatronics/CS_Animatronics/build/motor_commands', 'XDG_CONFIG_DIRS': '/etc/xdg/xdg-ubuntu:/etc/xdg', 'XDG_DATA_DIRS': '/usr/share/ubuntu:/usr/share/gnome:/usr/local/share/:/usr/share/:/var/lib/snapd/desktop', 'PYTHONPATH': '/opt/ros/jazzy/lib/python3.12/site-packages', 'COLCON': '1', 'MEMORY_PRESSURE_WRITE': 'c29tZSAyMDAwMDAgMjAwMDAwMAA=', 'VTE_VERSION': '7600', 'CMAKE_PREFIX_PATH': '/opt/ros/jazzy/opt/gz_math_vendor:/opt/ros/jazzy/opt/gz_utils_vendor:/opt/ros/jazzy/opt/gz_cmake_vendor:/opt/ros/jazzy'}), 'shell': False}
[7.837813] (dynamixel_sdk_custom_interfaces) StdoutLine: {'line': b'-- Generating done (0.1s)\n'}
[7.861510] (dynamixel_sdk_custom_interfaces) StdoutLine: {'line': b'-- Build files have been written to: /home/csanimatronics/CS_Animatronics/build/dynamixel_sdk_custom_interfaces\n'}
[7.868301] (-) TimerEvent: {}
[7.881796] (motor_commands) StdoutLine: {'line': b'[  2%] \x1b[34m\x1b[1mGenerating type hashes for ROS interfaces\x1b[0m\n'}
[7.884690] (dynamixel_sdk_custom_interfaces) CommandEnded: {'returncode': 0}
[7.885162] (dynamixel_sdk_custom_interfaces) JobProgress: {'identifier': 'dynamixel_sdk_custom_interfaces', 'progress': 'build'}
[7.885201] (dynamixel_sdk_custom_interfaces) Command: {'cmd': ['/usr/bin/cmake', '--build', '/home/csanimatronics/CS_Animatronics/build/dynamixel_sdk_custom_interfaces', '--', '-j4', '-l4'], 'cwd': '/home/csanimatronics/CS_Animatronics/build/dynamixel_sdk_custom_interfaces', 'env': OrderedDict({'LESSOPEN': '| /usr/bin/lesspipe %s', 'USER': 'csanimatronics', 'XDG_SESSION_TYPE': 'wayland', 'SHLVL': '1', 'LD_LIBRARY_PATH': '/opt/ros/jazzy/opt/rviz_ogre_vendor/lib:/opt/ros/jazzy/lib/aarch64-linux-gnu:/opt/ros/jazzy/opt/gz_math_vendor/lib:/opt/ros/jazzy/opt/gz_utils_vendor/lib:/opt/ros/jazzy/opt/gz_cmake_vendor/lib:/opt/ros/jazzy/lib', 'HOME': '/home/csanimatronics', 'OLDPWD': '/home/csanimatronics', 'DESKTOP_SESSION': 'ubuntu', 'ROS_PYTHON_VERSION': '3', 'GNOME_SHELL_SESSION_MODE': 'ubuntu', 'GTK_MODULES': 'gail:atk-bridge', 'SYSTEMD_EXEC_PID': '1641', 'GSM_SKIP_SSH_AGENT_WORKAROUND': 'true', 'DBUS_SESSION_BUS_ADDRESS': 'unix:path=/run/user/1002/bus', 'COLORTERM': 'truecolor', 'DEBUGINFOD_URLS': 'https://debuginfod.ubuntu.com', 'IM_CONFIG_PHASE': '1', 'WAYLAND_DISPLAY': 'wayland-0', 'ROS_DISTRO': 'jazzy', 'LOGNAME': 'csanimatronics', '_': '/usr/bin/colcon', 'ROS_VERSION': '2', 'MEMORY_PRESSURE_WATCH': '/sys/fs/cgroup/user.slice/user-1002.slice/user@1002.service/session.slice/org.gnome.Shell@wayland.service/memory.pressure', 'XDG_SESSION_CLASS': 'user', 'USERNAME': 'csanimatronics', 'TERM': 'xterm-256color', 'GNOME_DESKTOP_SESSION_ID': 'this-is-deprecated', 'PATH': '/opt/ros/jazzy/bin:/usr/local/sbin:/usr/local/bin:/usr/sbin:/usr/bin:/sbin:/bin:/usr/games:/usr/local/games:/snap/bin:/snap/bin', 'SESSION_MANAGER': 'local/csanimatronics-desktop:@/tmp/.ICE-unix/1612,unix/csanimatronics-desktop:/tmp/.ICE-unix/1612', 'XDG_MENU_PREFIX': 'gnome-', 'GNOME_TERMINAL_SCREEN': '/org/gnome/Terminal/screen/3ac86682_f1d1_4142_b161_45ce37502184', 'GNOME_SETUP_DISPLAY': ':1', 'XDG_RUNTIME_DIR': '/run/user/1002', 'DISPLAY': ':0', 'LANG': 'C.UTF-8', 'XDG_CURRENT_DESKTOP': 'ubuntu:GNOME', 'XMODIFIERS': '@im=ibus', 'XDG_SESSION_DESKTOP': 'ubuntu', 'XAUTHORITY': '/run/user/1002/.mutter-Xwaylandauth.N7O212', 'LS_COLORS': 'rs=0:di=01;34:ln=01;36:mh=00:pi=40;33:so=01;35:do=01;35:bd=40;33;01:cd=40;33;01:or=40;31;01:mi=00:su=37;41:sg=30;43:ca=00:tw=30;42:ow=34;42:st=37;44:ex=01;32:*.tar=01;31:*.tgz=01;31:*.arc=01;31:*.arj=01;31:*.taz=01;31:*.lha=01;31:*.lz4=01;31:*.lzh=01;31:*.lzma=01;31:*.tlz=01;31:*.txz=01;31:*.tzo=01;31:*.t7z=01;31:*.zip=01;31:*.z=01;31:*.dz=01;31:*.gz=01;31:*.lrz=01;31:*.lz=01;31:*.lzo=01;31:*.xz=01;31:*.zst=01;31:*.tzst=01;31:*.bz2=01;31:*.bz=01;31:*.tbz=01;31:*.tbz2=01;31:*.tz=01;31:*.deb=01;31:*.rpm=01;31:*.jar=01;31:*.war=01;31:*.ear=01;31:*.sar=01;31:*.rar=01;31:*.alz=01;31:*.ace=01;31:*.zoo=01;31:*.cpio=01;31:*.7z=01;31:*.rz=01;31:*.cab=01;31:*.wim=01;31:*.swm=01;31:*.dwm=01;31:*.esd=01;31:*.avif=01;35:*.jpg=01;35:*.jpeg=01;35:*.mjpg=01;35:*.mjpeg=01;35:*.gif=01;35:*.bmp=01;35:*.pbm=01;35:*.pgm=01;35:*.ppm=01;35:*.tga=01;35:*.xbm=01;35:*.xpm=01;35:*.tif=01;35:*.tiff=01;35:*.png=01;35:*.svg=01;35:*.svgz=01;35:*.mng=01;35:*.pcx=01;35:*.mov=01;35:*.mpg=01;35:*.mpeg=01;35:*.m2v=01;35:*.mkv=01;35:*.webm=01;35:*.webp=01;35:*.ogm=01;35:*.mp4=01;35:*.m4v=01;35:*.mp4v=01;35:*.vob=01;35:*.qt=01;35:*.nuv=01;35:*.wmv=01;35:*.asf=01;35:*.rm=01;35:*.rmvb=01;35:*.flc=01;35:*.avi=01;35:*.fli=01;35:*.flv=01;35:*.gl=01;35:*.dl=01;35:*.xcf=01;35:*.xwd=01;35:*.yuv=01;35:*.cgm=01;35:*.emf=01;35:*.ogv=01;35:*.ogx=01;35:*.aac=00;36:*.au=00;36:*.flac=00;36:*.m4a=00;36:*.mid=00;36:*.midi=00;36:*.mka=00;36:*.mp3=00;36:*.mpc=00;36:*.ogg=00;36:*.ra=00;36:*.wav=00;36:*.oga=00;36:*.opus=00;36:*.spx=00;36:*.xspf=00;36:*~=00;90:*#=00;90:*.bak=00;90:*.crdownload=00;90:*.dpkg-dist=00;90:*.dpkg-new=00;90:*.dpkg-old=00;90:*.dpkg-tmp=00;90:*.old=00;90:*.orig=00;90:*.part=00;90:*.rej=00;90:*.rpmnew=00;90:*.rpmorig=00;90:*.rpmsave=00;90:*.swp=00;90:*.tmp=00;90:*.ucf-dist=00;90:*.ucf-new=00;90:*.ucf-old=00;90:', 'GNOME_TERMINAL_SERVICE': ':1.103', 'SSH_AUTH_SOCK': '/run/user/1002/keyring/ssh', 'AMENT_PREFIX_PATH': '/opt/ros/jazzy', 'SHELL': '/bin/bash', 'QT_ACCESSIBILITY': '1', 'GDMSESSION': 'ubuntu', 'LESSCLOSE': '/usr/bin/lesspipe %s %s', 'ROS_AUTOMATIC_DISCOVERY_RANGE': 'SUBNET', 'QT_IM_MODULE': 'ibus', 'PWD': '/home/csanimatronics/CS_Animatronics/build/dynamixel_sdk_custom_interfaces', 'XDG_CONFIG_DIRS': '/etc/xdg/xdg-ubuntu:/etc/xdg', 'XDG_DATA_DIRS': '/usr/share/ubuntu:/usr/share/gnome:/usr/local/share/:/usr/share/:/var/lib/snapd/desktop', 'PYTHONPATH': '/opt/ros/jazzy/lib/python3.12/site-packages', 'COLCON': '1', 'MEMORY_PRESSURE_WRITE': 'c29tZSAyMDAwMDAgMjAwMDAwMAA=', 'VTE_VERSION': '7600', 'CMAKE_PREFIX_PATH': '/opt/ros/jazzy/opt/gz_math_vendor:/opt/ros/jazzy/opt/gz_utils_vendor:/opt/ros/jazzy/opt/gz_cmake_vendor:/opt/ros/jazzy'}), 'shell': False}
[7.897879] (motor_commands) StdoutLine: {'line': b'[  2%] Built target ament_cmake_python_copy_motor_commands\n'}
[7.968484] (-) TimerEvent: {}
[7.997531] (dynamixel_sdk_custom_interfaces) StdoutLine: {'line': b'[  2%] \x1b[34m\x1b[1mGenerating type hashes for ROS interfaces\x1b[0m\n'}
[8.018301] (dynamixel_sdk_custom_interfaces) StdoutLine: {'line': b'[  2%] Built target ament_cmake_python_copy_dynamixel_sdk_custom_interfaces\n'}
[8.068596] (-) TimerEvent: {}
[8.171391] (-) TimerEvent: {}
[8.271774] (-) TimerEvent: {}
[8.340499] (motor_commands) StdoutLine: {'line': b'running egg_info\n'}
[8.340811] (motor_commands) StdoutLine: {'line': b'creating motor_commands.egg-info\n'}
[8.371901] (-) TimerEvent: {}
[8.384311] (motor_commands) StdoutLine: {'line': b'writing motor_commands.egg-info/PKG-INFO\n'}
[8.384795] (motor_commands) StdoutLine: {'line': b'writing dependency_links to motor_commands.egg-info/dependency_links.txt\n'}
[8.385188] (motor_commands) StdoutLine: {'line': b'writing top-level names to motor_commands.egg-info/top_level.txt\n'}
[8.385550] (motor_commands) StdoutLine: {'line': b"writing manifest file 'motor_commands.egg-info/SOURCES.txt'\n"}
[8.394501] (motor_commands) StdoutLine: {'line': b'[  2%] Built target motor_commands__rosidl_generator_type_description\n'}
[8.425153] (motor_commands) StdoutLine: {'line': b'[  4%] \x1b[34m\x1b[1mGenerating C code for ROS interfaces\x1b[0m\n'}
[8.459516] (dynamixel_sdk_custom_interfaces) StdoutLine: {'line': b'running egg_info\n'}
[8.459873] (dynamixel_sdk_custom_interfaces) StdoutLine: {'line': b'creating dynamixel_sdk_custom_interfaces.egg-info\n'}
[8.473403] (-) TimerEvent: {}
[8.489203] (motor_commands) StdoutLine: {'line': b'[  6%] \x1b[34m\x1b[1mGenerating C++ code for ROS interfaces\x1b[0m\n'}
[8.503421] (dynamixel_sdk_custom_interfaces) StdoutLine: {'line': b'[  2%] Built target dynamixel_sdk_custom_interfaces__rosidl_generator_type_description\n'}
[8.506272] (dynamixel_sdk_custom_interfaces) StdoutLine: {'line': b'writing dynamixel_sdk_custom_interfaces.egg-info/PKG-INFO\n'}
[8.507356] (dynamixel_sdk_custom_interfaces) StdoutLine: {'line': b'writing dependency_links to dynamixel_sdk_custom_interfaces.egg-info/dependency_links.txt\n'}
[8.508569] (dynamixel_sdk_custom_interfaces) StdoutLine: {'line': b'writing top-level names to dynamixel_sdk_custom_interfaces.egg-info/top_level.txt\n'}
[8.510420] (dynamixel_sdk_custom_interfaces) StdoutLine: {'line': b"writing manifest file 'dynamixel_sdk_custom_interfaces.egg-info/SOURCES.txt'\n"}
[8.527244] (motor_commands) StdoutLine: {'line': b"reading manifest file 'motor_commands.egg-info/SOURCES.txt'\n"}
[8.527599] (motor_commands) StdoutLine: {'line': b"writing manifest file 'motor_commands.egg-info/SOURCES.txt'\n"}
[8.574432] (dynamixel_sdk_custom_interfaces) StdoutLine: {'line': b'[  4%] \x1b[34m\x1b[1mGenerating C code for ROS interfaces\x1b[0m\n'}
[8.574799] (-) TimerEvent: {}
[8.637262] (dynamixel_sdk_custom_interfaces) StdoutLine: {'line': b'[  6%] \x1b[34m\x1b[1mGenerating C++ code for ROS interfaces\x1b[0m\n'}
[8.653796] (motor_commands) StdoutLine: {'line': b'[  6%] Built target ament_cmake_python_build_motor_commands_egg\n'}
[8.665428] (dynamixel_sdk_custom_interfaces) StdoutLine: {'line': b"reading manifest file 'dynamixel_sdk_custom_interfaces.egg-info/SOURCES.txt'\n"}
[8.665756] (dynamixel_sdk_custom_interfaces) StdoutLine: {'line': b"writing manifest file 'dynamixel_sdk_custom_interfaces.egg-info/SOURCES.txt'\n"}
[8.674941] (-) TimerEvent: {}
[8.775552] (-) TimerEvent: {}
[8.792745] (dynamixel_sdk_custom_interfaces) StdoutLine: {'line': b'[  6%] Built target ament_cmake_python_build_dynamixel_sdk_custom_interfaces_egg\n'}
[8.876774] (-) TimerEvent: {}
[8.977169] (-) TimerEvent: {}
[9.080636] (-) TimerEvent: {}
[9.181031] (-) TimerEvent: {}
[9.281659] (-) TimerEvent: {}
[9.382361] (-) TimerEvent: {}
[9.485627] (motor_commands) StdoutLine: {'line': b'[  6%] Built target motor_commands__cpp\n'}
[9.485971] (-) TimerEvent: {}
[9.507839] (dynamixel_sdk_custom_interfaces) StdoutLine: {'line': b'[  6%] Built target dynamixel_sdk_custom_interfaces__cpp\n'}
[9.542063] (motor_commands) StdoutLine: {'line': b'[  9%] \x1b[32mBuilding C object CMakeFiles/motor_commands__rosidl_generator_c.dir/rosidl_generator_c/motor_commands/msg/detail/id_angle__description.c.o\x1b[0m\n'}
[9.550788] (motor_commands) StdoutLine: {'line': b'[ 11%] \x1b[32mBuilding C object CMakeFiles/motor_commands__rosidl_generator_c.dir/rosidl_generator_c/motor_commands/msg/detail/id_angle__type_support.c.o\x1b[0m\n'}
[9.573441] (motor_commands) StdoutLine: {'line': b'[ 15%] \x1b[32mBuilding C object CMakeFiles/motor_commands__rosidl_generator_c.dir/rosidl_generator_c/motor_commands/msg/detail/id_angle__functions.c.o\x1b[0m\n'}
[9.573849] (motor_commands) StdoutLine: {'line': b'[ 15%] \x1b[32mBuilding C object CMakeFiles/motor_commands__rosidl_generator_c.dir/rosidl_generator_c/motor_commands/srv/detail/get_motor_states__description.c.o\x1b[0m\n'}
[9.586135] (-) TimerEvent: {}
[9.631020] (dynamixel_sdk_custom_interfaces) StdoutLine: {'line': b'[  9%] \x1b[32mBuilding C object CMakeFiles/dynamixel_sdk_custom_interfaces__rosidl_generator_c.dir/rosidl_generator_c/dynamixel_sdk_custom_interfaces/msg/detail/set_position__type_support.c.o\x1b[0m\n'}
[9.642518] (dynamixel_sdk_custom_interfaces) StdoutLine: {'line': b'[ 11%] \x1b[32mBuilding C object CMakeFiles/dynamixel_sdk_custom_interfaces__rosidl_generator_c.dir/rosidl_generator_c/dynamixel_sdk_custom_interfaces/msg/detail/set_position__description.c.o\x1b[0m\n'}
[9.646476] (dynamixel_sdk_custom_interfaces) StdoutLine: {'line': b'[ 15%] \x1b[32mBuilding C object CMakeFiles/dynamixel_sdk_custom_interfaces__rosidl_generator_c.dir/rosidl_generator_c/dynamixel_sdk_custom_interfaces/srv/detail/get_position__description.c.o\x1b[0m\n'}
[9.646925] (dynamixel_sdk_custom_interfaces) StdoutLine: {'line': b'[ 13%] \x1b[32mBuilding C object CMakeFiles/dynamixel_sdk_custom_interfaces__rosidl_generator_c.dir/rosidl_generator_c/dynamixel_sdk_custom_interfaces/msg/detail/set_position__functions.c.o\x1b[0m\n'}
[9.689478] (-) TimerEvent: {}
[9.705228] (motor_commands) StdoutLine: {'line': b'[ 18%] \x1b[32mBuilding C object CMakeFiles/motor_commands__rosidl_generator_c.dir/rosidl_generator_c/motor_commands/srv/detail/get_motor_states__functions.c.o\x1b[0m\n'}
[9.733354] (motor_commands) StdoutLine: {'line': b'[ 20%] \x1b[32mBuilding C object CMakeFiles/motor_commands__rosidl_generator_c.dir/rosidl_generator_c/motor_commands/srv/detail/get_motor_states__type_support.c.o\x1b[0m\n'}
[9.789617] (-) TimerEvent: {}
[9.801678] (dynamixel_sdk_custom_interfaces) StdoutLine: {'line': b'[ 18%] \x1b[32mBuilding C object CMakeFiles/dynamixel_sdk_custom_interfaces__rosidl_generator_c.dir/rosidl_generator_c/dynamixel_sdk_custom_interfaces/srv/detail/get_position__functions.c.o\x1b[0m\n'}
[9.838691] (dynamixel_sdk_custom_interfaces) StdoutLine: {'line': b'[ 20%] \x1b[32mBuilding C object CMakeFiles/dynamixel_sdk_custom_interfaces__rosidl_generator_c.dir/rosidl_generator_c/dynamixel_sdk_custom_interfaces/srv/detail/get_position__type_support.c.o\x1b[0m\n'}
[9.890720] (-) TimerEvent: {}
[9.939660] (motor_commands) StdoutLine: {'line': b'[ 22%] \x1b[32m\x1b[1mLinking C shared library libmotor_commands__rosidl_generator_c.so\x1b[0m\n'}
[9.964275] (dynamixel_sdk_custom_interfaces) StdoutLine: {'line': b'[ 22%] \x1b[32m\x1b[1mLinking C shared library libdynamixel_sdk_custom_interfaces__rosidl_generator_c.so\x1b[0m\n'}
[9.990829] (-) TimerEvent: {}
[10.020884] (motor_commands) StdoutLine: {'line': b'[ 22%] Built target motor_commands__rosidl_generator_c\n'}
[10.044587] (motor_commands) StdoutLine: {'line': b'[ 25%] \x1b[34m\x1b[1mGenerating C++ type support dispatch for ROS interfaces\x1b[0m\n'}
[10.044956] (motor_commands) StdoutLine: {'line': b'[ 27%] \x1b[34m\x1b[1mGenerating C introspection for ROS interfaces\x1b[0m\n'}
[10.049459] (motor_commands) StdoutLine: {'line': b'[ 29%] \x1b[34m\x1b[1mGenerating C++ type support for eProsima Fast-RTPS\x1b[0m\n'}
[10.049934] (motor_commands) StdoutLine: {'line': b'[ 31%] \x1b[34m\x1b[1mGenerating C type support for eProsima Fast-RTPS\x1b[0m\n'}
[10.072526] (dynamixel_sdk_custom_interfaces) StdoutLine: {'line': b'[ 22%] Built target dynamixel_sdk_custom_interfaces__rosidl_generator_c\n'}
[10.092426] (-) TimerEvent: {}
[10.122276] (dynamixel_sdk_custom_interfaces) StdoutLine: {'line': b'[ 25%] \x1b[34m\x1b[1mGenerating C type support dispatch for ROS interfaces\x1b[0m\n'}
[10.128550] (dynamixel_sdk_custom_interfaces) StdoutLine: {'line': b'[ 27%] \x1b[34m\x1b[1mGenerating C++ type support dispatch for ROS interfaces\x1b[0m\n'}
[10.133555] (dynamixel_sdk_custom_interfaces) StdoutLine: {'line': b'[ 29%] \x1b[34m\x1b[1mGenerating C introspection for ROS interfaces\x1b[0m\n'}
[10.138687] (dynamixel_sdk_custom_interfaces) StdoutLine: {'line': b'[ 31%] \x1b[34m\x1b[1mGenerating C++ introspection for ROS interfaces\x1b[0m\n'}
[10.198430] (-) TimerEvent: {}
[10.298919] (-) TimerEvent: {}
[10.399426] (-) TimerEvent: {}
[10.500456] (-) TimerEvent: {}
[10.600875] (-) TimerEvent: {}
[10.701317] (-) TimerEvent: {}
[10.804413] (-) TimerEvent: {}
[10.907490] (-) TimerEvent: {}
[11.007993] (-) TimerEvent: {}
[11.110410] (-) TimerEvent: {}
[11.210939] (-) TimerEvent: {}
[11.251660] (dynamixel_sdk_custom_interfaces) StdoutLine: {'line': b'[ 34%] \x1b[32mBuilding CXX object CMakeFiles/dynamixel_sdk_custom_interfaces__rosidl_typesupport_introspection_cpp.dir/rosidl_typesupport_introspection_cpp/dynamixel_sdk_custom_interfaces/msg/detail/set_position__type_support.cpp.o\x1b[0m\n'}
[11.257445] (motor_commands) StdoutLine: {'line': b'[ 34%] \x1b[32mBuilding CXX object CMakeFiles/motor_commands__rosidl_typesupport_fastrtps_c.dir/rosidl_typesupport_fastrtps_c/motor_commands/msg/detail/id_angle__type_support_c.cpp.o\x1b[0m\n'}
[11.311063] (-) TimerEvent: {}
[11.412549] (-) TimerEvent: {}
[11.426533] (dynamixel_sdk_custom_interfaces) StdoutLine: {'line': b'[ 36%] \x1b[32mBuilding CXX object CMakeFiles/dynamixel_sdk_custom_interfaces__rosidl_typesupport_cpp.dir/rosidl_typesupport_cpp/dynamixel_sdk_custom_interfaces/msg/set_position__type_support.cpp.o\x1b[0m\n'}
[11.442413] (motor_commands) StdoutLine: {'line': b'[ 36%] \x1b[32mBuilding CXX object CMakeFiles/motor_commands__rosidl_typesupport_cpp.dir/rosidl_typesupport_cpp/motor_commands/msg/id_angle__type_support.cpp.o\x1b[0m\n'}
[11.452915] (dynamixel_sdk_custom_interfaces) StdoutLine: {'line': b'[ 38%] \x1b[32mBuilding CXX object CMakeFiles/dynamixel_sdk_custom_interfaces__rosidl_typesupport_c.dir/rosidl_typesupport_c/dynamixel_sdk_custom_interfaces/msg/set_position__type_support.cpp.o\x1b[0m\n'}
[11.512698] (-) TimerEvent: {}
[11.568467] (motor_commands) StdoutLine: {'line': b'[ 38%] \x1b[32mBuilding C object CMakeFiles/motor_commands__rosidl_typesupport_introspection_c.dir/rosidl_typesupport_introspection_c/motor_commands/msg/detail/id_angle__type_support.c.o\x1b[0m\n'}
[11.612885] (-) TimerEvent: {}
[11.699454] (dynamixel_sdk_custom_interfaces) StdoutLine: {'line': b'[ 40%] \x1b[32mBuilding CXX object CMakeFiles/dynamixel_sdk_custom_interfaces__rosidl_typesupport_c.dir/rosidl_typesupport_c/dynamixel_sdk_custom_interfaces/srv/get_position__type_support.cpp.o\x1b[0m\n'}
[11.713045] (-) TimerEvent: {}
[11.768127] (dynamixel_sdk_custom_interfaces) StdoutLine: {'line': b'[ 43%] \x1b[32mBuilding C object CMakeFiles/dynamixel_sdk_custom_interfaces__rosidl_typesupport_introspection_c.dir/rosidl_typesupport_introspection_c/dynamixel_sdk_custom_interfaces/msg/detail/set_position__type_support.c.o\x1b[0m\n'}
[11.801051] (motor_commands) StdoutLine: {'line': b'[ 40%] \x1b[32mBuilding C object CMakeFiles/motor_commands__rosidl_typesupport_introspection_c.dir/rosidl_typesupport_introspection_c/motor_commands/srv/detail/get_motor_states__type_support.c.o\x1b[0m\n'}
[11.813261] (-) TimerEvent: {}
[11.900066] (motor_commands) StdoutLine: {'line': b'[ 43%] \x1b[32mBuilding CXX object CMakeFiles/motor_commands__rosidl_typesupport_fastrtps_cpp.dir/rosidl_typesupport_fastrtps_cpp/motor_commands/msg/detail/dds_fastrtps/id_angle__type_support.cpp.o\x1b[0m\n'}
[11.913419] (-) TimerEvent: {}
[11.927748] (dynamixel_sdk_custom_interfaces) StdoutLine: {'line': b'[ 45%] \x1b[32m\x1b[1mLinking CXX shared library libdynamixel_sdk_custom_interfaces__rosidl_typesupport_c.so\x1b[0m\n'}
[11.973857] (dynamixel_sdk_custom_interfaces) StdoutLine: {'line': b'[ 47%] \x1b[32mBuilding C object CMakeFiles/dynamixel_sdk_custom_interfaces__rosidl_typesupport_introspection_c.dir/rosidl_typesupport_introspection_c/dynamixel_sdk_custom_interfaces/srv/detail/get_position__type_support.c.o\x1b[0m\n'}
[12.017449] (-) TimerEvent: {}
[12.118002] (-) TimerEvent: {}
[12.130491] (motor_commands) StdoutLine: {'line': b'[ 45%] \x1b[32m\x1b[1mLinking C shared library libmotor_commands__rosidl_typesupport_introspection_c.so\x1b[0m\n'}
[12.150008] (dynamixel_sdk_custom_interfaces) StdoutLine: {'line': b'[ 47%] Built target dynamixel_sdk_custom_interfaces__rosidl_typesupport_c\n'}
[12.195539] (dynamixel_sdk_custom_interfaces) StdoutLine: {'line': b'[ 50%] \x1b[32m\x1b[1mLinking C shared library libdynamixel_sdk_custom_interfaces__rosidl_typesupport_introspection_c.so\x1b[0m\n'}
[12.204314] (dynamixel_sdk_custom_interfaces) StdoutLine: {'line': b'[ 52%] \x1b[34m\x1b[1mGenerating C type support for eProsima Fast-RTPS\x1b[0m\n'}
[12.218138] (-) TimerEvent: {}
[12.305093] (motor_commands) StdoutLine: {'line': b'[ 45%] Built target motor_commands__rosidl_typesupport_introspection_c\n'}
[12.322436] (-) TimerEvent: {}
[12.351699] (motor_commands) StdoutLine: {'line': b'[ 47%] \x1b[32mBuilding CXX object CMakeFiles/motor_commands__rosidl_typesupport_fastrtps_cpp.dir/rosidl_typesupport_fastrtps_cpp/motor_commands/srv/detail/dds_fastrtps/get_motor_states__type_support.cpp.o\x1b[0m\n'}
[12.365518] (dynamixel_sdk_custom_interfaces) StdoutLine: {'line': b'[ 52%] Built target dynamixel_sdk_custom_interfaces__rosidl_typesupport_introspection_c\n'}
[12.407411] (dynamixel_sdk_custom_interfaces) StdoutLine: {'line': b'[ 54%] \x1b[32mBuilding CXX object CMakeFiles/dynamixel_sdk_custom_interfaces__rosidl_typesupport_cpp.dir/rosidl_typesupport_cpp/dynamixel_sdk_custom_interfaces/srv/get_position__type_support.cpp.o\x1b[0m\n'}
[12.422564] (-) TimerEvent: {}
[12.523035] (-) TimerEvent: {}
[12.623535] (-) TimerEvent: {}
[12.726698] (-) TimerEvent: {}
[12.831435] (-) TimerEvent: {}
[12.923946] (dynamixel_sdk_custom_interfaces) StdoutLine: {'line': b'[ 56%] \x1b[32mBuilding CXX object CMakeFiles/dynamixel_sdk_custom_interfaces__rosidl_typesupport_introspection_cpp.dir/rosidl_typesupport_introspection_cpp/dynamixel_sdk_custom_interfaces/srv/detail/get_position__type_support.cpp.o\x1b[0m\n'}
[12.931604] (-) TimerEvent: {}
[13.003517] (motor_commands) StdoutLine: {'line': b'[ 50%] \x1b[32mBuilding CXX object CMakeFiles/motor_commands__rosidl_typesupport_cpp.dir/rosidl_typesupport_cpp/motor_commands/srv/get_motor_states__type_support.cpp.o\x1b[0m\n'}
[13.037467] (-) TimerEvent: {}
[13.103545] (dynamixel_sdk_custom_interfaces) StdoutLine: {'line': b'[ 59%] \x1b[34m\x1b[1mGenerating C++ type support for eProsima Fast-RTPS\x1b[0m\n'}
[13.141441] (-) TimerEvent: {}
[13.188786] (motor_commands) StdoutLine: {'line': b'[ 52%] \x1b[32mBuilding CXX object CMakeFiles/motor_commands__rosidl_typesupport_fastrtps_c.dir/rosidl_typesupport_fastrtps_c/motor_commands/srv/detail/get_motor_states__type_support_c.cpp.o\x1b[0m\n'}
[13.241580] (-) TimerEvent: {}
[13.342090] (-) TimerEvent: {}
[13.442597] (-) TimerEvent: {}
[13.543028] (-) TimerEvent: {}
[13.647448] (-) TimerEvent: {}
[13.747904] (-) TimerEvent: {}
[13.848348] (-) TimerEvent: {}
[13.948796] (-) TimerEvent: {}
[14.021664] (dynamixel_sdk_custom_interfaces) StdoutLine: {'line': b'[ 61%] \x1b[32mBuilding CXX object CMakeFiles/dynamixel_sdk_custom_interfaces__rosidl_typesupport_fastrtps_c.dir/rosidl_typesupport_fastrtps_c/dynamixel_sdk_custom_interfaces/msg/detail/set_position__type_support_c.cpp.o\x1b[0m\n'}
[14.048945] (-) TimerEvent: {}
[14.150421] (-) TimerEvent: {}
[14.252428] (-) TimerEvent: {}
[14.336083] (dynamixel_sdk_custom_interfaces) StdoutLine: {'line': b'[ 63%] \x1b[32m\x1b[1mLinking CXX shared library libdynamixel_sdk_custom_interfaces__rosidl_typesupport_cpp.so\x1b[0m\n'}
[14.352565] (-) TimerEvent: {}
[14.381272] (motor_commands) StdoutLine: {'line': b'[ 54%] \x1b[34m\x1b[1mGenerating C type support dispatch for ROS interfaces\x1b[0m\n'}
[14.455545] (-) TimerEvent: {}
[14.561428] (-) TimerEvent: {}
[14.620448] (dynamixel_sdk_custom_interfaces) StdoutLine: {'line': b'[ 63%] Built target dynamixel_sdk_custom_interfaces__rosidl_typesupport_cpp\n'}
[14.642530] (dynamixel_sdk_custom_interfaces) StdoutLine: {'line': b'[ 65%] \x1b[32mBuilding CXX object CMakeFiles/dynamixel_sdk_custom_interfaces__rosidl_typesupport_fastrtps_cpp.dir/rosidl_typesupport_fastrtps_cpp/dynamixel_sdk_custom_interfaces/msg/detail/dds_fastrtps/set_position__type_support.cpp.o\x1b[0m\n'}
[14.661572] (-) TimerEvent: {}
[14.674236] (dynamixel_sdk_custom_interfaces) StdoutLine: {'line': b'[ 68%] \x1b[32mBuilding CXX object CMakeFiles/dynamixel_sdk_custom_interfaces__rosidl_typesupport_fastrtps_cpp.dir/rosidl_typesupport_fastrtps_cpp/dynamixel_sdk_custom_interfaces/srv/detail/dds_fastrtps/get_position__type_support.cpp.o\x1b[0m\n'}
[14.764433] (-) TimerEvent: {}
[14.867426] (-) TimerEvent: {}
[14.967847] (-) TimerEvent: {}
[15.068242] (-) TimerEvent: {}
[15.140189] (dynamixel_sdk_custom_interfaces) StdoutLine: {'line': b'[ 70%] \x1b[32m\x1b[1mLinking CXX shared library libdynamixel_sdk_custom_interfaces__rosidl_typesupport_introspection_cpp.so\x1b[0m\n'}
[15.168421] (-) TimerEvent: {}
[15.231976] (motor_commands) StdoutLine: {'line': b'[ 56%] \x1b[32m\x1b[1mLinking CXX shared library libmotor_commands__rosidl_typesupport_cpp.so\x1b[0m\n'}
[15.268554] (-) TimerEvent: {}
[15.371945] (-) TimerEvent: {}
[15.475169] (-) TimerEvent: {}
[15.518954] (motor_commands) StdoutLine: {'line': b'[ 59%] \x1b[32m\x1b[1mLinking CXX shared library libmotor_commands__rosidl_typesupport_fastrtps_c.so\x1b[0m\n'}
[15.541572] (dynamixel_sdk_custom_interfaces) StdoutLine: {'line': b'[ 70%] Built target dynamixel_sdk_custom_interfaces__rosidl_typesupport_introspection_cpp\n'}
[15.575307] (-) TimerEvent: {}
[15.581631] (dynamixel_sdk_custom_interfaces) StdoutLine: {'line': b'[ 72%] \x1b[32mBuilding CXX object CMakeFiles/dynamixel_sdk_custom_interfaces__rosidl_typesupport_fastrtps_c.dir/rosidl_typesupport_fastrtps_c/dynamixel_sdk_custom_interfaces/srv/detail/get_position__type_support_c.cpp.o\x1b[0m\n'}
[15.614458] (motor_commands) StdoutLine: {'line': b'[ 61%] \x1b[32m\x1b[1mLinking CXX shared library libmotor_commands__rosidl_typesupport_fastrtps_cpp.so\x1b[0m\n'}
[15.646423] (motor_commands) StdoutLine: {'line': b'[ 61%] Built target motor_commands__rosidl_typesupport_cpp\n'}
[15.675435] (-) TimerEvent: {}
[15.695423] (motor_commands) StdoutLine: {'line': b'[ 63%] \x1b[34m\x1b[1mGenerating C++ introspection for ROS interfaces\x1b[0m\n'}
[15.777484] (-) TimerEvent: {}
[15.803388] (motor_commands) StdoutLine: {'line': b'[ 63%] Built target motor_commands__rosidl_typesupport_fastrtps_c\n'}
[15.879438] (-) TimerEvent: {}
[15.944536] (motor_commands) StdoutLine: {'line': b'[ 63%] Built target motor_commands__rosidl_typesupport_fastrtps_cpp\n'}
[15.982450] (-) TimerEvent: {}
[16.047255] (motor_commands) StdoutLine: {'line': b'[ 68%] \x1b[32mBuilding CXX object CMakeFiles/motor_commands__rosidl_typesupport_c.dir/rosidl_typesupport_c/motor_commands/msg/id_angle__type_support.cpp.o\x1b[0m\n'}
[16.047636] (motor_commands) StdoutLine: {'line': b'[ 68%] \x1b[32mBuilding CXX object CMakeFiles/motor_commands__rosidl_typesupport_c.dir/rosidl_typesupport_c/motor_commands/srv/get_motor_states__type_support.cpp.o\x1b[0m\n'}
[16.084429] (-) TimerEvent: {}
[16.186431] (-) TimerEvent: {}
[16.250548] (motor_commands) StdoutLine: {'line': b'[ 70%] \x1b[32m\x1b[1mLinking CXX shared library libmotor_commands__rosidl_typesupport_c.so\x1b[0m\n'}
[16.286575] (-) TimerEvent: {}
[16.387037] (-) TimerEvent: {}
[16.441028] (motor_commands) StdoutLine: {'line': b'[ 70%] Built target motor_commands__rosidl_typesupport_c\n'}
[16.487170] (-) TimerEvent: {}
[16.587667] (-) TimerEvent: {}
[16.688149] (-) TimerEvent: {}
[16.716940] (motor_commands) StdoutLine: {'line': b'[ 75%] \x1b[32mBuilding CXX object CMakeFiles/motor_commands__rosidl_typesupport_introspection_cpp.dir/rosidl_typesupport_introspection_cpp/motor_commands/srv/detail/get_motor_states__type_support.cpp.o\x1b[0m\n'}
[16.717486] (motor_commands) StdoutLine: {'line': b'[ 75%] \x1b[32mBuilding CXX object CMakeFiles/motor_commands__rosidl_typesupport_introspection_cpp.dir/rosidl_typesupport_introspection_cpp/motor_commands/msg/detail/id_angle__type_support.cpp.o\x1b[0m\n'}
[16.790420] (-) TimerEvent: {}
[16.831850] (dynamixel_sdk_custom_interfaces) StdoutLine: {'line': b'[ 75%] \x1b[32m\x1b[1mLinking CXX shared library libdynamixel_sdk_custom_interfaces__rosidl_typesupport_fastrtps_cpp.so\x1b[0m\n'}
[16.890572] (-) TimerEvent: {}
[16.991232] (-) TimerEvent: {}
[17.037939] (dynamixel_sdk_custom_interfaces) StdoutLine: {'line': b'[ 77%] \x1b[32m\x1b[1mLinking CXX shared library libdynamixel_sdk_custom_interfaces__rosidl_typesupport_fastrtps_c.so\x1b[0m\n'}
[17.039810] (dynamixel_sdk_custom_interfaces) StdoutLine: {'line': b'[ 77%] Built target dynamixel_sdk_custom_interfaces__rosidl_typesupport_fastrtps_cpp\n'}
[17.091367] (-) TimerEvent: {}
[17.151849] (dynamixel_sdk_custom_interfaces) StdoutLine: {'line': b'[ 77%] Built target dynamixel_sdk_custom_interfaces__rosidl_typesupport_fastrtps_c\n'}
[17.192454] (-) TimerEvent: {}
[17.198439] (dynamixel_sdk_custom_interfaces) StdoutLine: {'line': b'[ 77%] Built target dynamixel_sdk_custom_interfaces\n'}
[17.243682] (dynamixel_sdk_custom_interfaces) StdoutLine: {'line': b'[ 79%] \x1b[34m\x1b[1mGenerating Python code for ROS interfaces\x1b[0m\n'}
[17.292576] (-) TimerEvent: {}
[17.392997] (-) TimerEvent: {}
[17.493426] (-) TimerEvent: {}
[17.593784] (-) TimerEvent: {}
[17.694138] (-) TimerEvent: {}
[17.751402] (motor_commands) StdoutLine: {'line': b'[ 77%] \x1b[32m\x1b[1mLinking CXX shared library libmotor_commands__rosidl_typesupport_introspection_cpp.so\x1b[0m\n'}
[17.794262] (-) TimerEvent: {}
[17.894721] (-) TimerEvent: {}
[17.921793] (motor_commands) StdoutLine: {'line': b'[ 77%] Built target motor_commands__rosidl_typesupport_introspection_cpp\n'}
[17.974312] (motor_commands) StdoutLine: {'line': b'[ 77%] Built target motor_commands\n'}
[17.994857] (-) TimerEvent: {}
[18.002373] (dynamixel_sdk_custom_interfaces) StdoutLine: {'line': b'[ 79%] Built target dynamixel_sdk_custom_interfaces__py\n'}
[18.016416] (motor_commands) StdoutLine: {'line': b'[ 79%] \x1b[34m\x1b[1mGenerating Python code for ROS interfaces\x1b[0m\n'}
[18.041671] (dynamixel_sdk_custom_interfaces) StdoutLine: {'line': b'[ 84%] \x1b[32mBuilding C object CMakeFiles/dynamixel_sdk_custom_interfaces__rosidl_generator_py.dir/rosidl_generator_py/dynamixel_sdk_custom_interfaces/srv/_get_position_s.c.o\x1b[0m\n'}
[18.042053] (dynamixel_sdk_custom_interfaces) StdoutLine: {'line': b'[ 84%] \x1b[32mBuilding C object CMakeFiles/dynamixel_sdk_custom_interfaces__rosidl_generator_py.dir/rosidl_generator_py/dynamixel_sdk_custom_interfaces/msg/_set_position_s.c.o\x1b[0m\n'}
[18.094995] (-) TimerEvent: {}
[18.196434] (-) TimerEvent: {}
[18.296860] (-) TimerEvent: {}
[18.315026] (dynamixel_sdk_custom_interfaces) StdoutLine: {'line': b'[ 86%] \x1b[32m\x1b[1mLinking C shared library libdynamixel_sdk_custom_interfaces__rosidl_generator_py.so\x1b[0m\n'}
[18.392915] (dynamixel_sdk_custom_interfaces) StdoutLine: {'line': b'[ 86%] Built target dynamixel_sdk_custom_interfaces__rosidl_generator_py\n'}
[18.397487] (-) TimerEvent: {}
[18.442585] (dynamixel_sdk_custom_interfaces) StdoutLine: {'line': b'[ 90%] \x1b[32mBuilding C object CMakeFiles/dynamixel_sdk_custom_interfaces_s__rosidl_typesupport_introspection_c.dir/rosidl_generator_py/dynamixel_sdk_custom_interfaces/_dynamixel_sdk_custom_interfaces_s.ep.rosidl_typesupport_introspection_c.c.o\x1b[0m\n'}
[18.444778] (dynamixel_sdk_custom_interfaces) StdoutLine: {'line': b'[ 90%] \x1b[32mBuilding C object CMakeFiles/dynamixel_sdk_custom_interfaces_s__rosidl_typesupport_c.dir/rosidl_generator_py/dynamixel_sdk_custom_interfaces/_dynamixel_sdk_custom_interfaces_s.ep.rosidl_typesupport_c.c.o\x1b[0m\n'}
[18.447840] (dynamixel_sdk_custom_interfaces) StdoutLine: {'line': b'[ 93%] \x1b[32mBuilding C object CMakeFiles/dynamixel_sdk_custom_interfaces_s__rosidl_typesupport_fastrtps_c.dir/rosidl_generator_py/dynamixel_sdk_custom_interfaces/_dynamixel_sdk_custom_interfaces_s.ep.rosidl_typesupport_fastrtps_c.c.o\x1b[0m\n'}
[18.497672] (-) TimerEvent: {}
[18.598125] (-) TimerEvent: {}
[18.662089] (dynamixel_sdk_custom_interfaces) StdoutLine: {'line': b'[ 95%] \x1b[32m\x1b[1mLinking C shared module rosidl_generator_py/dynamixel_sdk_custom_interfaces/dynamixel_sdk_custom_interfaces_s__rosidl_typesupport_introspection_c.so\x1b[0m\n'}
[18.670597] (dynamixel_sdk_custom_interfaces) StdoutLine: {'line': b'[100%] \x1b[32m\x1b[1mLinking C shared module rosidl_generator_py/dynamixel_sdk_custom_interfaces/dynamixel_sdk_custom_interfaces_s__rosidl_typesupport_c.so\x1b[0m\n'}
[18.670938] (dynamixel_sdk_custom_interfaces) StdoutLine: {'line': b'[100%] \x1b[32m\x1b[1mLinking C shared module rosidl_generator_py/dynamixel_sdk_custom_interfaces/dynamixel_sdk_custom_interfaces_s__rosidl_typesupport_fastrtps_c.so\x1b[0m\n'}
[18.698267] (-) TimerEvent: {}
[18.745023] (dynamixel_sdk_custom_interfaces) StdoutLine: {'line': b'[100%] Built target dynamixel_sdk_custom_interfaces_s__rosidl_typesupport_introspection_c\n'}
[18.766565] (dynamixel_sdk_custom_interfaces) StdoutLine: {'line': b'[100%] Built target dynamixel_sdk_custom_interfaces_s__rosidl_typesupport_fastrtps_c\n'}
[18.766965] (dynamixel_sdk_custom_interfaces) StdoutLine: {'line': b'[100%] Built target dynamixel_sdk_custom_interfaces_s__rosidl_typesupport_c\n'}
[18.792830] (dynamixel_sdk_custom_interfaces) CommandEnded: {'returncode': 0}
[18.793826] (dynamixel_sdk_custom_interfaces) JobProgress: {'identifier': 'dynamixel_sdk_custom_interfaces', 'progress': 'install'}
[18.794157] (dynamixel_sdk_custom_interfaces) Command: {'cmd': ['/usr/bin/cmake', '--install', '/home/csanimatronics/CS_Animatronics/build/dynamixel_sdk_custom_interfaces'], 'cwd': '/home/csanimatronics/CS_Animatronics/build/dynamixel_sdk_custom_interfaces', 'env': OrderedDict({'LESSOPEN': '| /usr/bin/lesspipe %s', 'USER': 'csanimatronics', 'XDG_SESSION_TYPE': 'wayland', 'SHLVL': '1', 'LD_LIBRARY_PATH': '/opt/ros/jazzy/opt/rviz_ogre_vendor/lib:/opt/ros/jazzy/lib/aarch64-linux-gnu:/opt/ros/jazzy/opt/gz_math_vendor/lib:/opt/ros/jazzy/opt/gz_utils_vendor/lib:/opt/ros/jazzy/opt/gz_cmake_vendor/lib:/opt/ros/jazzy/lib', 'HOME': '/home/csanimatronics', 'OLDPWD': '/home/csanimatronics', 'DESKTOP_SESSION': 'ubuntu', 'ROS_PYTHON_VERSION': '3', 'GNOME_SHELL_SESSION_MODE': 'ubuntu', 'GTK_MODULES': 'gail:atk-bridge', 'SYSTEMD_EXEC_PID': '1641', 'GSM_SKIP_SSH_AGENT_WORKAROUND': 'true', 'DBUS_SESSION_BUS_ADDRESS': 'unix:path=/run/user/1002/bus', 'COLORTERM': 'truecolor', 'DEBUGINFOD_URLS': 'https://debuginfod.ubuntu.com', 'IM_CONFIG_PHASE': '1', 'WAYLAND_DISPLAY': 'wayland-0', 'ROS_DISTRO': 'jazzy', 'LOGNAME': 'csanimatronics', '_': '/usr/bin/colcon', 'ROS_VERSION': '2', 'MEMORY_PRESSURE_WATCH': '/sys/fs/cgroup/user.slice/user-1002.slice/user@1002.service/session.slice/org.gnome.Shell@wayland.service/memory.pressure', 'XDG_SESSION_CLASS': 'user', 'USERNAME': 'csanimatronics', 'TERM': 'xterm-256color', 'GNOME_DESKTOP_SESSION_ID': 'this-is-deprecated', 'PATH': '/opt/ros/jazzy/bin:/usr/local/sbin:/usr/local/bin:/usr/sbin:/usr/bin:/sbin:/bin:/usr/games:/usr/local/games:/snap/bin:/snap/bin', 'SESSION_MANAGER': 'local/csanimatronics-desktop:@/tmp/.ICE-unix/1612,unix/csanimatronics-desktop:/tmp/.ICE-unix/1612', 'XDG_MENU_PREFIX': 'gnome-', 'GNOME_TERMINAL_SCREEN': '/org/gnome/Terminal/screen/3ac86682_f1d1_4142_b161_45ce37502184', 'GNOME_SETUP_DISPLAY': ':1', 'XDG_RUNTIME_DIR': '/run/user/1002', 'DISPLAY': ':0', 'LANG': 'C.UTF-8', 'XDG_CURRENT_DESKTOP': 'ubuntu:GNOME', 'XMODIFIERS': '@im=ibus', 'XDG_SESSION_DESKTOP': 'ubuntu', 'XAUTHORITY': '/run/user/1002/.mutter-Xwaylandauth.N7O212', 'LS_COLORS': 'rs=0:di=01;34:ln=01;36:mh=00:pi=40;33:so=01;35:do=01;35:bd=40;33;01:cd=40;33;01:or=40;31;01:mi=00:su=37;41:sg=30;43:ca=00:tw=30;42:ow=34;42:st=37;44:ex=01;32:*.tar=01;31:*.tgz=01;31:*.arc=01;31:*.arj=01;31:*.taz=01;31:*.lha=01;31:*.lz4=01;31:*.lzh=01;31:*.lzma=01;31:*.tlz=01;31:*.txz=01;31:*.tzo=01;31:*.t7z=01;31:*.zip=01;31:*.z=01;31:*.dz=01;31:*.gz=01;31:*.lrz=01;31:*.lz=01;31:*.lzo=01;31:*.xz=01;31:*.zst=01;31:*.tzst=01;31:*.bz2=01;31:*.bz=01;31:*.tbz=01;31:*.tbz2=01;31:*.tz=01;31:*.deb=01;31:*.rpm=01;31:*.jar=01;31:*.war=01;31:*.ear=01;31:*.sar=01;31:*.rar=01;31:*.alz=01;31:*.ace=01;31:*.zoo=01;31:*.cpio=01;31:*.7z=01;31:*.rz=01;31:*.cab=01;31:*.wim=01;31:*.swm=01;31:*.dwm=01;31:*.esd=01;31:*.avif=01;35:*.jpg=01;35:*.jpeg=01;35:*.mjpg=01;35:*.mjpeg=01;35:*.gif=01;35:*.bmp=01;35:*.pbm=01;35:*.pgm=01;35:*.ppm=01;35:*.tga=01;35:*.xbm=01;35:*.xpm=01;35:*.tif=01;35:*.tiff=01;35:*.png=01;35:*.svg=01;35:*.svgz=01;35:*.mng=01;35:*.pcx=01;35:*.mov=01;35:*.mpg=01;35:*.mpeg=01;35:*.m2v=01;35:*.mkv=01;35:*.webm=01;35:*.webp=01;35:*.ogm=01;35:*.mp4=01;35:*.m4v=01;35:*.mp4v=01;35:*.vob=01;35:*.qt=01;35:*.nuv=01;35:*.wmv=01;35:*.asf=01;35:*.rm=01;35:*.rmvb=01;35:*.flc=01;35:*.avi=01;35:*.fli=01;35:*.flv=01;35:*.gl=01;35:*.dl=01;35:*.xcf=01;35:*.xwd=01;35:*.yuv=01;35:*.cgm=01;35:*.emf=01;35:*.ogv=01;35:*.ogx=01;35:*.aac=00;36:*.au=00;36:*.flac=00;36:*.m4a=00;36:*.mid=00;36:*.midi=00;36:*.mka=00;36:*.mp3=00;36:*.mpc=00;36:*.ogg=00;36:*.ra=00;36:*.wav=00;36:*.oga=00;36:*.opus=00;36:*.spx=00;36:*.xspf=00;36:*~=00;90:*#=00;90:*.bak=00;90:*.crdownload=00;90:*.dpkg-dist=00;90:*.dpkg-new=00;90:*.dpkg-old=00;90:*.dpkg-tmp=00;90:*.old=00;90:*.orig=00;90:*.part=00;90:*.rej=00;90:*.rpmnew=00;90:*.rpmorig=00;90:*.rpmsave=00;90:*.swp=00;90:*.tmp=00;90:*.ucf-dist=00;90:*.ucf-new=00;90:*.ucf-old=00;90:', 'GNOME_TERMINAL_SERVICE': ':1.103', 'SSH_AUTH_SOCK': '/run/user/1002/keyring/ssh', 'AMENT_PREFIX_PATH': '/opt/ros/jazzy', 'SHELL': '/bin/bash', 'QT_ACCESSIBILITY': '1', 'GDMSESSION': 'ubuntu', 'LESSCLOSE': '/usr/bin/lesspipe %s %s', 'ROS_AUTOMATIC_DISCOVERY_RANGE': 'SUBNET', 'QT_IM_MODULE': 'ibus', 'PWD': '/home/csanimatronics/CS_Animatronics/build/dynamixel_sdk_custom_interfaces', 'XDG_CONFIG_DIRS': '/etc/xdg/xdg-ubuntu:/etc/xdg', 'XDG_DATA_DIRS': '/usr/share/ubuntu:/usr/share/gnome:/usr/local/share/:/usr/share/:/var/lib/snapd/desktop', 'PYTHONPATH': '/opt/ros/jazzy/lib/python3.12/site-packages', 'COLCON': '1', 'MEMORY_PRESSURE_WRITE': 'c29tZSAyMDAwMDAgMjAwMDAwMAA=', 'VTE_VERSION': '7600', 'CMAKE_PREFIX_PATH': '/opt/ros/jazzy/opt/gz_math_vendor:/opt/ros/jazzy/opt/gz_utils_vendor:/opt/ros/jazzy/opt/gz_cmake_vendor:/opt/ros/jazzy'}), 'shell': False}
[18.798377] (-) TimerEvent: {}
[18.816938] (dynamixel_sdk_custom_interfaces) StdoutLine: {'line': b'-- Install configuration: ""\n'}
[18.817355] (dynamixel_sdk_custom_interfaces) StdoutLine: {'line': b'-- Installing: /home/csanimatronics/CS_Animatronics/install/dynamixel_sdk_custom_interfaces/share/ament_index/resource_index/rosidl_interfaces/dynamixel_sdk_custom_interfaces\n'}
[18.817752] (dynamixel_sdk_custom_interfaces) StdoutLine: {'line': b'-- Installing: /home/csanimatronics/CS_Animatronics/install/dynamixel_sdk_custom_interfaces/share/dynamixel_sdk_custom_interfaces/msg/SetPosition.json\n'}
[18.818072] (dynamixel_sdk_custom_interfaces) StdoutLine: {'line': b'-- Installing: /home/csanimatronics/CS_Animatronics/install/dynamixel_sdk_custom_interfaces/share/dynamixel_sdk_custom_interfaces/srv/GetPosition.json\n'}
[18.818366] (dynamixel_sdk_custom_interfaces) StdoutLine: {'line': b'-- Installing: /home/csanimatronics/CS_Animatronics/install/dynamixel_sdk_custom_interfaces/include/dynamixel_sdk_custom_interfaces/dynamixel_sdk_custom_interfaces\n'}
[18.818577] (dynamixel_sdk_custom_interfaces) StdoutLine: {'line': b'-- Installing: /home/csanimatronics/CS_Animatronics/install/dynamixel_sdk_custom_interfaces/include/dynamixel_sdk_custom_interfaces/dynamixel_sdk_custom_interfaces/srv\n'}
[18.818741] (dynamixel_sdk_custom_interfaces) StdoutLine: {'line': b'-- Installing: /home/csanimatronics/CS_Animatronics/install/dynamixel_sdk_custom_interfaces/include/dynamixel_sdk_custom_interfaces/dynamixel_sdk_custom_interfaces/srv/detail\n'}
[18.818918] (dynamixel_sdk_custom_interfaces) StdoutLine: {'line': b'-- Installing: /home/csanimatronics/CS_Animatronics/install/dynamixel_sdk_custom_interfaces/include/dynamixel_sdk_custom_interfaces/dynamixel_sdk_custom_interfaces/srv/detail/get_position__description.c\n'}
[18.819072] (dynamixel_sdk_custom_interfaces) StdoutLine: {'line': b'-- Installing: /home/csanimatronics/CS_Animatronics/install/dynamixel_sdk_custom_interfaces/include/dynamixel_sdk_custom_interfaces/dynamixel_sdk_custom_interfaces/srv/detail/get_position__functions.c\n'}
[18.819267] (dynamixel_sdk_custom_interfaces) StdoutLine: {'line': b'-- Installing: /home/csanimatronics/CS_Animatronics/install/dynamixel_sdk_custom_interfaces/include/dynamixel_sdk_custom_interfaces/dynamixel_sdk_custom_interfaces/srv/detail/get_position__struct.h\n'}
[18.819519] (dynamixel_sdk_custom_interfaces) StdoutLine: {'line': b'-- Installing: /home/csanimatronics/CS_Animatronics/install/dynamixel_sdk_custom_interfaces/include/dynamixel_sdk_custom_interfaces/dynamixel_sdk_custom_interfaces/srv/detail/get_position__type_support.c\n'}
[18.819692] (dynamixel_sdk_custom_interfaces) StdoutLine: {'line': b'-- Installing: /home/csanimatronics/CS_Animatronics/install/dynamixel_sdk_custom_interfaces/include/dynamixel_sdk_custom_interfaces/dynamixel_sdk_custom_interfaces/srv/detail/get_position__functions.h\n'}
[18.819892] (dynamixel_sdk_custom_interfaces) StdoutLine: {'line': b'-- Installing: /home/csanimatronics/CS_Animatronics/install/dynamixel_sdk_custom_interfaces/include/dynamixel_sdk_custom_interfaces/dynamixel_sdk_custom_interfaces/srv/detail/get_position__type_support.h\n'}
[18.820044] (dynamixel_sdk_custom_interfaces) StdoutLine: {'line': b'-- Installing: /home/csanimatronics/CS_Animatronics/install/dynamixel_sdk_custom_interfaces/include/dynamixel_sdk_custom_interfaces/dynamixel_sdk_custom_interfaces/srv/get_position.h\n'}
[18.820189] (dynamixel_sdk_custom_interfaces) StdoutLine: {'line': b'-- Installing: /home/csanimatronics/CS_Animatronics/install/dynamixel_sdk_custom_interfaces/include/dynamixel_sdk_custom_interfaces/dynamixel_sdk_custom_interfaces/msg\n'}
[18.820362] (dynamixel_sdk_custom_interfaces) StdoutLine: {'line': b'-- Installing: /home/csanimatronics/CS_Animatronics/install/dynamixel_sdk_custom_interfaces/include/dynamixel_sdk_custom_interfaces/dynamixel_sdk_custom_interfaces/msg/rosidl_generator_c__visibility_control.h\n'}
[18.820603] (dynamixel_sdk_custom_interfaces) StdoutLine: {'line': b'-- Installing: /home/csanimatronics/CS_Animatronics/install/dynamixel_sdk_custom_interfaces/include/dynamixel_sdk_custom_interfaces/dynamixel_sdk_custom_interfaces/msg/detail\n'}
[18.820767] (dynamixel_sdk_custom_interfaces) StdoutLine: {'line': b'-- Installing: /home/csanimatronics/CS_Animatronics/install/dynamixel_sdk_custom_interfaces/include/dynamixel_sdk_custom_interfaces/dynamixel_sdk_custom_interfaces/msg/detail/set_position__description.c\n'}
[18.820932] (dynamixel_sdk_custom_interfaces) StdoutLine: {'line': b'-- Installing: /home/csanimatronics/CS_Animatronics/install/dynamixel_sdk_custom_interfaces/include/dynamixel_sdk_custom_interfaces/dynamixel_sdk_custom_interfaces/msg/detail/set_position__type_support.h\n'}
[18.821065] (dynamixel_sdk_custom_interfaces) StdoutLine: {'line': b'-- Installing: /home/csanimatronics/CS_Animatronics/install/dynamixel_sdk_custom_interfaces/include/dynamixel_sdk_custom_interfaces/dynamixel_sdk_custom_interfaces/msg/detail/set_position__functions.c\n'}
[18.821216] (dynamixel_sdk_custom_interfaces) StdoutLine: {'line': b'-- Installing: /home/csanimatronics/CS_Animatronics/install/dynamixel_sdk_custom_interfaces/include/dynamixel_sdk_custom_interfaces/dynamixel_sdk_custom_interfaces/msg/detail/set_position__functions.h\n'}
[18.821396] (dynamixel_sdk_custom_interfaces) StdoutLine: {'line': b'-- Installing: /home/csanimatronics/CS_Animatronics/install/dynamixel_sdk_custom_interfaces/include/dynamixel_sdk_custom_interfaces/dynamixel_sdk_custom_interfaces/msg/detail/set_position__type_support.c\n'}
[18.821575] (dynamixel_sdk_custom_interfaces) StdoutLine: {'line': b'-- Installing: /home/csanimatronics/CS_Animatronics/install/dynamixel_sdk_custom_interfaces/include/dynamixel_sdk_custom_interfaces/dynamixel_sdk_custom_interfaces/msg/detail/set_position__struct.h\n'}
[18.821741] (dynamixel_sdk_custom_interfaces) StdoutLine: {'line': b'-- Installing: /home/csanimatronics/CS_Animatronics/install/dynamixel_sdk_custom_interfaces/include/dynamixel_sdk_custom_interfaces/dynamixel_sdk_custom_interfaces/msg/set_position.h\n'}
[18.822076] (dynamixel_sdk_custom_interfaces) StdoutLine: {'line': b'-- Installing: /home/csanimatronics/CS_Animatronics/install/dynamixel_sdk_custom_interfaces/share/dynamixel_sdk_custom_interfaces/environment/library_path.sh\n'}
[18.822308] (dynamixel_sdk_custom_interfaces) StdoutLine: {'line': b'-- Installing: /home/csanimatronics/CS_Animatronics/install/dynamixel_sdk_custom_interfaces/share/dynamixel_sdk_custom_interfaces/environment/library_path.dsv\n'}
[18.822614] (dynamixel_sdk_custom_interfaces) StdoutLine: {'line': b'-- Installing: /home/csanimatronics/CS_Animatronics/install/dynamixel_sdk_custom_interfaces/lib/libdynamixel_sdk_custom_interfaces__rosidl_generator_c.so\n'}
[18.823367] (dynamixel_sdk_custom_interfaces) StdoutLine: {'line': b'-- Set non-toolchain portion of runtime path of "/home/csanimatronics/CS_Animatronics/install/dynamixel_sdk_custom_interfaces/lib/libdynamixel_sdk_custom_interfaces__rosidl_generator_c.so" to ""\n'}
[18.823522] (dynamixel_sdk_custom_interfaces) StdoutLine: {'line': b'-- Up-to-date: /home/csanimatronics/CS_Animatronics/install/dynamixel_sdk_custom_interfaces/include/dynamixel_sdk_custom_interfaces/dynamixel_sdk_custom_interfaces\n'}
[18.823673] (dynamixel_sdk_custom_interfaces) StdoutLine: {'line': b'-- Up-to-date: /home/csanimatronics/CS_Animatronics/install/dynamixel_sdk_custom_interfaces/include/dynamixel_sdk_custom_interfaces/dynamixel_sdk_custom_interfaces/srv\n'}
[18.823786] (dynamixel_sdk_custom_interfaces) StdoutLine: {'line': b'-- Up-to-date: /home/csanimatronics/CS_Animatronics/install/dynamixel_sdk_custom_interfaces/include/dynamixel_sdk_custom_interfaces/dynamixel_sdk_custom_interfaces/srv/detail\n'}
[18.823877] (dynamixel_sdk_custom_interfaces) StdoutLine: {'line': b'-- Installing: /home/csanimatronics/CS_Animatronics/install/dynamixel_sdk_custom_interfaces/include/dynamixel_sdk_custom_interfaces/dynamixel_sdk_custom_interfaces/srv/detail/get_position__rosidl_typesupport_fastrtps_c.h\n'}
[18.824039] (dynamixel_sdk_custom_interfaces) StdoutLine: {'line': b'-- Up-to-date: /home/csanimatronics/CS_Animatronics/install/dynamixel_sdk_custom_interfaces/include/dynamixel_sdk_custom_interfaces/dynamixel_sdk_custom_interfaces/msg\n'}
[18.824135] (dynamixel_sdk_custom_interfaces) StdoutLine: {'line': b'-- Installing: /home/csanimatronics/CS_Animatronics/install/dynamixel_sdk_custom_interfaces/include/dynamixel_sdk_custom_interfaces/dynamixel_sdk_custom_interfaces/msg/rosidl_typesupport_fastrtps_c__visibility_control.h\n'}
[18.824279] (dynamixel_sdk_custom_interfaces) StdoutLine: {'line': b'-- Up-to-date: /home/csanimatronics/CS_Animatronics/install/dynamixel_sdk_custom_interfaces/include/dynamixel_sdk_custom_interfaces/dynamixel_sdk_custom_interfaces/msg/detail\n'}
[18.824416] (dynamixel_sdk_custom_interfaces) StdoutLine: {'line': b'-- Installing: /home/csanimatronics/CS_Animatronics/install/dynamixel_sdk_custom_interfaces/include/dynamixel_sdk_custom_interfaces/dynamixel_sdk_custom_interfaces/msg/detail/set_position__rosidl_typesupport_fastrtps_c.h\n'}
[18.824592] (dynamixel_sdk_custom_interfaces) StdoutLine: {'line': b'-- Installing: /home/csanimatronics/CS_Animatronics/install/dynamixel_sdk_custom_interfaces/lib/libdynamixel_sdk_custom_interfaces__rosidl_typesupport_fastrtps_c.so\n'}
[18.825167] (dynamixel_sdk_custom_interfaces) StdoutLine: {'line': b'-- Set non-toolchain portion of runtime path of "/home/csanimatronics/CS_Animatronics/install/dynamixel_sdk_custom_interfaces/lib/libdynamixel_sdk_custom_interfaces__rosidl_typesupport_fastrtps_c.so" to ""\n'}
[18.825351] (dynamixel_sdk_custom_interfaces) StdoutLine: {'line': b'-- Up-to-date: /home/csanimatronics/CS_Animatronics/install/dynamixel_sdk_custom_interfaces/include/dynamixel_sdk_custom_interfaces/dynamixel_sdk_custom_interfaces\n'}
[18.825504] (dynamixel_sdk_custom_interfaces) StdoutLine: {'line': b'-- Up-to-date: /home/csanimatronics/CS_Animatronics/install/dynamixel_sdk_custom_interfaces/include/dynamixel_sdk_custom_interfaces/dynamixel_sdk_custom_interfaces/srv\n'}
[18.825601] (dynamixel_sdk_custom_interfaces) StdoutLine: {'line': b'-- Installing: /home/csanimatronics/CS_Animatronics/install/dynamixel_sdk_custom_interfaces/include/dynamixel_sdk_custom_interfaces/dynamixel_sdk_custom_interfaces/srv/get_position.hpp\n'}
[18.825742] (dynamixel_sdk_custom_interfaces) StdoutLine: {'line': b'-- Up-to-date: /home/csanimatronics/CS_Animatronics/install/dynamixel_sdk_custom_interfaces/include/dynamixel_sdk_custom_interfaces/dynamixel_sdk_custom_interfaces/srv/detail\n'}
[18.825865] (dynamixel_sdk_custom_interfaces) StdoutLine: {'line': b'-- Installing: /home/csanimatronics/CS_Animatronics/install/dynamixel_sdk_custom_interfaces/include/dynamixel_sdk_custom_interfaces/dynamixel_sdk_custom_interfaces/srv/detail/get_position__traits.hpp\n'}
[18.825964] (dynamixel_sdk_custom_interfaces) StdoutLine: {'line': b'-- Installing: /home/csanimatronics/CS_Animatronics/install/dynamixel_sdk_custom_interfaces/include/dynamixel_sdk_custom_interfaces/dynamixel_sdk_custom_interfaces/srv/detail/get_position__struct.hpp\n'}
[18.826085] (dynamixel_sdk_custom_interfaces) StdoutLine: {'line': b'-- Installing: /home/csanimatronics/CS_Animatronics/install/dynamixel_sdk_custom_interfaces/include/dynamixel_sdk_custom_interfaces/dynamixel_sdk_custom_interfaces/srv/detail/get_position__builder.hpp\n'}
[18.826201] (dynamixel_sdk_custom_interfaces) StdoutLine: {'line': b'-- Installing: /home/csanimatronics/CS_Animatronics/install/dynamixel_sdk_custom_interfaces/include/dynamixel_sdk_custom_interfaces/dynamixel_sdk_custom_interfaces/srv/detail/get_position__type_support.hpp\n'}
[18.826358] (dynamixel_sdk_custom_interfaces) StdoutLine: {'line': b'-- Up-to-date: /home/csanimatronics/CS_Animatronics/install/dynamixel_sdk_custom_interfaces/include/dynamixel_sdk_custom_interfaces/dynamixel_sdk_custom_interfaces/msg\n'}
[18.826512] (dynamixel_sdk_custom_interfaces) StdoutLine: {'line': b'-- Up-to-date: /home/csanimatronics/CS_Animatronics/install/dynamixel_sdk_custom_interfaces/include/dynamixel_sdk_custom_interfaces/dynamixel_sdk_custom_interfaces/msg/detail\n'}
[18.826627] (dynamixel_sdk_custom_interfaces) StdoutLine: {'line': b'-- Installing: /home/csanimatronics/CS_Animatronics/install/dynamixel_sdk_custom_interfaces/include/dynamixel_sdk_custom_interfaces/dynamixel_sdk_custom_interfaces/msg/detail/set_position__type_support.hpp\n'}
[18.826751] (dynamixel_sdk_custom_interfaces) StdoutLine: {'line': b'-- Installing: /home/csanimatronics/CS_Animatronics/install/dynamixel_sdk_custom_interfaces/include/dynamixel_sdk_custom_interfaces/dynamixel_sdk_custom_interfaces/msg/detail/set_position__builder.hpp\n'}
[18.826877] (dynamixel_sdk_custom_interfaces) StdoutLine: {'line': b'-- Installing: /home/csanimatronics/CS_Animatronics/install/dynamixel_sdk_custom_interfaces/include/dynamixel_sdk_custom_interfaces/dynamixel_sdk_custom_interfaces/msg/detail/set_position__struct.hpp\n'}
[18.826996] (dynamixel_sdk_custom_interfaces) StdoutLine: {'line': b'-- Installing: /home/csanimatronics/CS_Animatronics/install/dynamixel_sdk_custom_interfaces/include/dynamixel_sdk_custom_interfaces/dynamixel_sdk_custom_interfaces/msg/detail/set_position__traits.hpp\n'}
[18.827110] (dynamixel_sdk_custom_interfaces) StdoutLine: {'line': b'-- Installing: /home/csanimatronics/CS_Animatronics/install/dynamixel_sdk_custom_interfaces/include/dynamixel_sdk_custom_interfaces/dynamixel_sdk_custom_interfaces/msg/rosidl_generator_cpp__visibility_control.hpp\n'}
[18.827264] (dynamixel_sdk_custom_interfaces) StdoutLine: {'line': b'-- Installing: /home/csanimatronics/CS_Animatronics/install/dynamixel_sdk_custom_interfaces/include/dynamixel_sdk_custom_interfaces/dynamixel_sdk_custom_interfaces/msg/set_position.hpp\n'}
[18.827507] (dynamixel_sdk_custom_interfaces) StdoutLine: {'line': b'-- Up-to-date: /home/csanimatronics/CS_Animatronics/install/dynamixel_sdk_custom_interfaces/include/dynamixel_sdk_custom_interfaces/dynamixel_sdk_custom_interfaces\n'}
[18.827645] (dynamixel_sdk_custom_interfaces) StdoutLine: {'line': b'-- Up-to-date: /home/csanimatronics/CS_Animatronics/install/dynamixel_sdk_custom_interfaces/include/dynamixel_sdk_custom_interfaces/dynamixel_sdk_custom_interfaces/srv\n'}
[18.827778] (dynamixel_sdk_custom_interfaces) StdoutLine: {'line': b'-- Up-to-date: /home/csanimatronics/CS_Animatronics/install/dynamixel_sdk_custom_interfaces/include/dynamixel_sdk_custom_interfaces/dynamixel_sdk_custom_interfaces/srv/detail\n'}
[18.827965] (dynamixel_sdk_custom_interfaces) StdoutLine: {'line': b'-- Installing: /home/csanimatronics/CS_Animatronics/install/dynamixel_sdk_custom_interfaces/include/dynamixel_sdk_custom_interfaces/dynamixel_sdk_custom_interfaces/srv/detail/dds_fastrtps\n'}
[18.828112] (dynamixel_sdk_custom_interfaces) StdoutLine: {'line': b'-- Installing: /home/csanimatronics/CS_Animatronics/install/dynamixel_sdk_custom_interfaces/include/dynamixel_sdk_custom_interfaces/dynamixel_sdk_custom_interfaces/srv/detail/get_position__rosidl_typesupport_fastrtps_cpp.hpp\n'}
[18.828250] (dynamixel_sdk_custom_interfaces) StdoutLine: {'line': b'-- Up-to-date: /home/csanimatronics/CS_Animatronics/install/dynamixel_sdk_custom_interfaces/include/dynamixel_sdk_custom_interfaces/dynamixel_sdk_custom_interfaces/msg\n'}
[18.828454] (dynamixel_sdk_custom_interfaces) StdoutLine: {'line': b'-- Up-to-date: /home/csanimatronics/CS_Animatronics/install/dynamixel_sdk_custom_interfaces/include/dynamixel_sdk_custom_interfaces/dynamixel_sdk_custom_interfaces/msg/detail\n'}
[18.828634] (dynamixel_sdk_custom_interfaces) StdoutLine: {'line': b'-- Installing: /home/csanimatronics/CS_Animatronics/install/dynamixel_sdk_custom_interfaces/include/dynamixel_sdk_custom_interfaces/dynamixel_sdk_custom_interfaces/msg/detail/dds_fastrtps\n'}
[18.828760] (dynamixel_sdk_custom_interfaces) StdoutLine: {'line': b'-- Installing: /home/csanimatronics/CS_Animatronics/install/dynamixel_sdk_custom_interfaces/include/dynamixel_sdk_custom_interfaces/dynamixel_sdk_custom_interfaces/msg/detail/set_position__rosidl_typesupport_fastrtps_cpp.hpp\n'}
[18.828901] (dynamixel_sdk_custom_interfaces) StdoutLine: {'line': b'-- Installing: /home/csanimatronics/CS_Animatronics/install/dynamixel_sdk_custom_interfaces/include/dynamixel_sdk_custom_interfaces/dynamixel_sdk_custom_interfaces/msg/rosidl_typesupport_fastrtps_cpp__visibility_control.h\n'}
[18.829078] (dynamixel_sdk_custom_interfaces) StdoutLine: {'line': b'-- Installing: /home/csanimatronics/CS_Animatronics/install/dynamixel_sdk_custom_interfaces/lib/libdynamixel_sdk_custom_interfaces__rosidl_typesupport_fastrtps_cpp.so\n'}
[18.829822] (dynamixel_sdk_custom_interfaces) StdoutLine: {'line': b'-- Set non-toolchain portion of runtime path of "/home/csanimatronics/CS_Animatronics/install/dynamixel_sdk_custom_interfaces/lib/libdynamixel_sdk_custom_interfaces__rosidl_typesupport_fastrtps_cpp.so" to ""\n'}
[18.830009] (dynamixel_sdk_custom_interfaces) StdoutLine: {'line': b'-- Up-to-date: /home/csanimatronics/CS_Animatronics/install/dynamixel_sdk_custom_interfaces/include/dynamixel_sdk_custom_interfaces/dynamixel_sdk_custom_interfaces\n'}
[18.830127] (dynamixel_sdk_custom_interfaces) StdoutLine: {'line': b'-- Up-to-date: /home/csanimatronics/CS_Animatronics/install/dynamixel_sdk_custom_interfaces/include/dynamixel_sdk_custom_interfaces/dynamixel_sdk_custom_interfaces/srv\n'}
[18.830448] (dynamixel_sdk_custom_interfaces) StdoutLine: {'line': b'-- Up-to-date: /home/csanimatronics/CS_Animatronics/install/dynamixel_sdk_custom_interfaces/include/dynamixel_sdk_custom_interfaces/dynamixel_sdk_custom_interfaces/srv/detail\n'}
[18.830734] (dynamixel_sdk_custom_interfaces) StdoutLine: {'line': b'-- Installing: /home/csanimatronics/CS_Animatronics/install/dynamixel_sdk_custom_interfaces/include/dynamixel_sdk_custom_interfaces/dynamixel_sdk_custom_interfaces/srv/detail/get_position__rosidl_typesupport_introspection_c.h\n'}
[18.830824] (dynamixel_sdk_custom_interfaces) StdoutLine: {'line': b'-- Installing: /home/csanimatronics/CS_Animatronics/install/dynamixel_sdk_custom_interfaces/include/dynamixel_sdk_custom_interfaces/dynamixel_sdk_custom_interfaces/srv/detail/get_position__type_support.c\n'}
[18.830971] (dynamixel_sdk_custom_interfaces) StdoutLine: {'line': b'-- Up-to-date: /home/csanimatronics/CS_Animatronics/install/dynamixel_sdk_custom_interfaces/include/dynamixel_sdk_custom_interfaces/dynamixel_sdk_custom_interfaces/msg\n'}
[18.831071] (dynamixel_sdk_custom_interfaces) StdoutLine: {'line': b'-- Up-to-date: /home/csanimatronics/CS_Animatronics/install/dynamixel_sdk_custom_interfaces/include/dynamixel_sdk_custom_interfaces/dynamixel_sdk_custom_interfaces/msg/detail\n'}
[18.831202] (dynamixel_sdk_custom_interfaces) StdoutLine: {'line': b'-- Installing: /home/csanimatronics/CS_Animatronics/install/dynamixel_sdk_custom_interfaces/include/dynamixel_sdk_custom_interfaces/dynamixel_sdk_custom_interfaces/msg/detail/set_position__rosidl_typesupport_introspection_c.h\n'}
[18.831292] (dynamixel_sdk_custom_interfaces) StdoutLine: {'line': b'-- Installing: /home/csanimatronics/CS_Animatronics/install/dynamixel_sdk_custom_interfaces/include/dynamixel_sdk_custom_interfaces/dynamixel_sdk_custom_interfaces/msg/detail/set_position__type_support.c\n'}
[18.831439] (dynamixel_sdk_custom_interfaces) StdoutLine: {'line': b'-- Installing: /home/csanimatronics/CS_Animatronics/install/dynamixel_sdk_custom_interfaces/include/dynamixel_sdk_custom_interfaces/dynamixel_sdk_custom_interfaces/msg/rosidl_typesupport_introspection_c__visibility_control.h\n'}
[18.831600] (dynamixel_sdk_custom_interfaces) StdoutLine: {'line': b'-- Installing: /home/csanimatronics/CS_Animatronics/install/dynamixel_sdk_custom_interfaces/lib/libdynamixel_sdk_custom_interfaces__rosidl_typesupport_introspection_c.so\n'}
[18.832214] (dynamixel_sdk_custom_interfaces) StdoutLine: {'line': b'-- Set non-toolchain portion of runtime path of "/home/csanimatronics/CS_Animatronics/install/dynamixel_sdk_custom_interfaces/lib/libdynamixel_sdk_custom_interfaces__rosidl_typesupport_introspection_c.so" to ""\n'}
[18.832353] (dynamixel_sdk_custom_interfaces) StdoutLine: {'line': b'-- Installing: /home/csanimatronics/CS_Animatronics/install/dynamixel_sdk_custom_interfaces/lib/libdynamixel_sdk_custom_interfaces__rosidl_typesupport_c.so\n'}
[18.832981] (dynamixel_sdk_custom_interfaces) StdoutLine: {'line': b'-- Set non-toolchain portion of runtime path of "/home/csanimatronics/CS_Animatronics/install/dynamixel_sdk_custom_interfaces/lib/libdynamixel_sdk_custom_interfaces__rosidl_typesupport_c.so" to ""\n'}
[18.833149] (dynamixel_sdk_custom_interfaces) StdoutLine: {'line': b'-- Up-to-date: /home/csanimatronics/CS_Animatronics/install/dynamixel_sdk_custom_interfaces/include/dynamixel_sdk_custom_interfaces/dynamixel_sdk_custom_interfaces\n'}
[18.833249] (dynamixel_sdk_custom_interfaces) StdoutLine: {'line': b'-- Up-to-date: /home/csanimatronics/CS_Animatronics/install/dynamixel_sdk_custom_interfaces/include/dynamixel_sdk_custom_interfaces/dynamixel_sdk_custom_interfaces/srv\n'}
[18.833402] (dynamixel_sdk_custom_interfaces) StdoutLine: {'line': b'-- Up-to-date: /home/csanimatronics/CS_Animatronics/install/dynamixel_sdk_custom_interfaces/include/dynamixel_sdk_custom_interfaces/dynamixel_sdk_custom_interfaces/srv/detail\n'}
[18.833534] (dynamixel_sdk_custom_interfaces) StdoutLine: {'line': b'-- Installing: /home/csanimatronics/CS_Animatronics/install/dynamixel_sdk_custom_interfaces/include/dynamixel_sdk_custom_interfaces/dynamixel_sdk_custom_interfaces/srv/detail/get_position__rosidl_typesupport_introspection_cpp.hpp\n'}
[18.833636] (dynamixel_sdk_custom_interfaces) StdoutLine: {'line': b'-- Installing: /home/csanimatronics/CS_Animatronics/install/dynamixel_sdk_custom_interfaces/include/dynamixel_sdk_custom_interfaces/dynamixel_sdk_custom_interfaces/srv/detail/get_position__type_support.cpp\n'}
[18.833775] (dynamixel_sdk_custom_interfaces) StdoutLine: {'line': b'-- Up-to-date: /home/csanimatronics/CS_Animatronics/install/dynamixel_sdk_custom_interfaces/include/dynamixel_sdk_custom_interfaces/dynamixel_sdk_custom_interfaces/msg\n'}
[18.833879] (dynamixel_sdk_custom_interfaces) StdoutLine: {'line': b'-- Up-to-date: /home/csanimatronics/CS_Animatronics/install/dynamixel_sdk_custom_interfaces/include/dynamixel_sdk_custom_interfaces/dynamixel_sdk_custom_interfaces/msg/detail\n'}
[18.834047] (dynamixel_sdk_custom_interfaces) StdoutLine: {'line': b'-- Installing: /home/csanimatronics/CS_Animatronics/install/dynamixel_sdk_custom_interfaces/include/dynamixel_sdk_custom_interfaces/dynamixel_sdk_custom_interfaces/msg/detail/set_position__rosidl_typesupport_introspection_cpp.hpp\n'}
[18.834155] (dynamixel_sdk_custom_interfaces) StdoutLine: {'line': b'-- Installing: /home/csanimatronics/CS_Animatronics/install/dynamixel_sdk_custom_interfaces/include/dynamixel_sdk_custom_interfaces/dynamixel_sdk_custom_interfaces/msg/detail/set_position__type_support.cpp\n'}
[18.834485] (dynamixel_sdk_custom_interfaces) StdoutLine: {'line': b'-- Installing: /home/csanimatronics/CS_Animatronics/install/dynamixel_sdk_custom_interfaces/lib/libdynamixel_sdk_custom_interfaces__rosidl_typesupport_introspection_cpp.so\n'}
[18.835263] (dynamixel_sdk_custom_interfaces) StdoutLine: {'line': b'-- Set non-toolchain portion of runtime path of "/home/csanimatronics/CS_Animatronics/install/dynamixel_sdk_custom_interfaces/lib/libdynamixel_sdk_custom_interfaces__rosidl_typesupport_introspection_cpp.so" to ""\n'}
[18.835538] (dynamixel_sdk_custom_interfaces) StdoutLine: {'line': b'-- Installing: /home/csanimatronics/CS_Animatronics/install/dynamixel_sdk_custom_interfaces/lib/libdynamixel_sdk_custom_interfaces__rosidl_typesupport_cpp.so\n'}
[18.837858] (dynamixel_sdk_custom_interfaces) StdoutLine: {'line': b'-- Set non-toolchain portion of runtime path of "/home/csanimatronics/CS_Animatronics/install/dynamixel_sdk_custom_interfaces/lib/libdynamixel_sdk_custom_interfaces__rosidl_typesupport_cpp.so" to ""\n'}
[18.838205] (dynamixel_sdk_custom_interfaces) StdoutLine: {'line': b'-- Installing: /home/csanimatronics/CS_Animatronics/install/dynamixel_sdk_custom_interfaces/share/dynamixel_sdk_custom_interfaces/environment/pythonpath.sh\n'}
[18.838347] (dynamixel_sdk_custom_interfaces) StdoutLine: {'line': b'-- Installing: /home/csanimatronics/CS_Animatronics/install/dynamixel_sdk_custom_interfaces/share/dynamixel_sdk_custom_interfaces/environment/pythonpath.dsv\n'}
[18.838499] (dynamixel_sdk_custom_interfaces) StdoutLine: {'line': b'-- Installing: /home/csanimatronics/CS_Animatronics/install/dynamixel_sdk_custom_interfaces/lib/python3.12/site-packages/dynamixel_sdk_custom_interfaces-3.7.60-py3.12.egg-info\n'}
[18.838609] (dynamixel_sdk_custom_interfaces) StdoutLine: {'line': b'-- Installing: /home/csanimatronics/CS_Animatronics/install/dynamixel_sdk_custom_interfaces/lib/python3.12/site-packages/dynamixel_sdk_custom_interfaces-3.7.60-py3.12.egg-info/dependency_links.txt\n'}
[18.838735] (dynamixel_sdk_custom_interfaces) StdoutLine: {'line': b'-- Installing: /home/csanimatronics/CS_Animatronics/install/dynamixel_sdk_custom_interfaces/lib/python3.12/site-packages/dynamixel_sdk_custom_interfaces-3.7.60-py3.12.egg-info/PKG-INFO\n'}
[18.838844] (dynamixel_sdk_custom_interfaces) StdoutLine: {'line': b'-- Installing: /home/csanimatronics/CS_Animatronics/install/dynamixel_sdk_custom_interfaces/lib/python3.12/site-packages/dynamixel_sdk_custom_interfaces-3.7.60-py3.12.egg-info/top_level.txt\n'}
[18.838950] (dynamixel_sdk_custom_interfaces) StdoutLine: {'line': b'-- Installing: /home/csanimatronics/CS_Animatronics/install/dynamixel_sdk_custom_interfaces/lib/python3.12/site-packages/dynamixel_sdk_custom_interfaces-3.7.60-py3.12.egg-info/SOURCES.txt\n'}
[18.844427] (dynamixel_sdk_custom_interfaces) StdoutLine: {'line': b'-- Installing: /home/csanimatronics/CS_Animatronics/install/dynamixel_sdk_custom_interfaces/lib/python3.12/site-packages/dynamixel_sdk_custom_interfaces\n'}
[18.844792] (dynamixel_sdk_custom_interfaces) StdoutLine: {'line': b'-- Installing: /home/csanimatronics/CS_Animatronics/install/dynamixel_sdk_custom_interfaces/lib/python3.12/site-packages/dynamixel_sdk_custom_interfaces/dynamixel_sdk_custom_interfaces_s__rosidl_typesupport_fastrtps_c.so\n'}
[18.844932] (dynamixel_sdk_custom_interfaces) StdoutLine: {'line': b'-- Installing: /home/csanimatronics/CS_Animatronics/install/dynamixel_sdk_custom_interfaces/lib/python3.12/site-packages/dynamixel_sdk_custom_interfaces/_dynamixel_sdk_custom_interfaces_s.ep.rosidl_typesupport_introspection_c.c\n'}
[18.845074] (dynamixel_sdk_custom_interfaces) StdoutLine: {'line': b'-- Installing: /home/csanimatronics/CS_Animatronics/install/dynamixel_sdk_custom_interfaces/lib/python3.12/site-packages/dynamixel_sdk_custom_interfaces/_dynamixel_sdk_custom_interfaces_s.ep.rosidl_typesupport_fastrtps_c.c\n'}
[18.845194] (dynamixel_sdk_custom_interfaces) StdoutLine: {'line': b'-- Installing: /home/csanimatronics/CS_Animatronics/install/dynamixel_sdk_custom_interfaces/lib/python3.12/site-packages/dynamixel_sdk_custom_interfaces/srv\n'}
[18.845306] (dynamixel_sdk_custom_interfaces) StdoutLine: {'line': b'-- Installing: /home/csanimatronics/CS_Animatronics/install/dynamixel_sdk_custom_interfaces/lib/python3.12/site-packages/dynamixel_sdk_custom_interfaces/srv/_get_position.py\n'}
[18.845602] (dynamixel_sdk_custom_interfaces) StdoutLine: {'line': b'-- Installing: /home/csanimatronics/CS_Animatronics/install/dynamixel_sdk_custom_interfaces/lib/python3.12/site-packages/dynamixel_sdk_custom_interfaces/srv/_get_position_s.c\n'}
[18.845722] (dynamixel_sdk_custom_interfaces) StdoutLine: {'line': b'-- Installing: /home/csanimatronics/CS_Animatronics/install/dynamixel_sdk_custom_interfaces/lib/python3.12/site-packages/dynamixel_sdk_custom_interfaces/srv/__init__.py\n'}
[18.845828] (dynamixel_sdk_custom_interfaces) StdoutLine: {'line': b'-- Installing: /home/csanimatronics/CS_Animatronics/install/dynamixel_sdk_custom_interfaces/lib/python3.12/site-packages/dynamixel_sdk_custom_interfaces/_dynamixel_sdk_custom_interfaces_s.ep.rosidl_typesupport_c.c\n'}
[18.845961] (dynamixel_sdk_custom_interfaces) StdoutLine: {'line': b'-- Installing: /home/csanimatronics/CS_Animatronics/install/dynamixel_sdk_custom_interfaces/lib/python3.12/site-packages/dynamixel_sdk_custom_interfaces/dynamixel_sdk_custom_interfaces_s__rosidl_typesupport_c.so\n'}
[18.846105] (dynamixel_sdk_custom_interfaces) StdoutLine: {'line': b'-- Installing: /home/csanimatronics/CS_Animatronics/install/dynamixel_sdk_custom_interfaces/lib/python3.12/site-packages/dynamixel_sdk_custom_interfaces/__init__.py\n'}
[18.846229] (dynamixel_sdk_custom_interfaces) StdoutLine: {'line': b'-- Installing: /home/csanimatronics/CS_Animatronics/install/dynamixel_sdk_custom_interfaces/lib/python3.12/site-packages/dynamixel_sdk_custom_interfaces/msg\n'}
[18.846427] (dynamixel_sdk_custom_interfaces) StdoutLine: {'line': b'-- Installing: /home/csanimatronics/CS_Animatronics/install/dynamixel_sdk_custom_interfaces/lib/python3.12/site-packages/dynamixel_sdk_custom_interfaces/msg/_set_position_s.c\n'}
[18.846575] (dynamixel_sdk_custom_interfaces) StdoutLine: {'line': b'-- Installing: /home/csanimatronics/CS_Animatronics/install/dynamixel_sdk_custom_interfaces/lib/python3.12/site-packages/dynamixel_sdk_custom_interfaces/msg/_set_position.py\n'}
[18.846701] (dynamixel_sdk_custom_interfaces) StdoutLine: {'line': b'-- Installing: /home/csanimatronics/CS_Animatronics/install/dynamixel_sdk_custom_interfaces/lib/python3.12/site-packages/dynamixel_sdk_custom_interfaces/msg/__init__.py\n'}
[18.846952] (dynamixel_sdk_custom_interfaces) StdoutLine: {'line': b'-- Installing: /home/csanimatronics/CS_Animatronics/install/dynamixel_sdk_custom_interfaces/lib/python3.12/site-packages/dynamixel_sdk_custom_interfaces/dynamixel_sdk_custom_interfaces_s__rosidl_typesupport_introspection_c.so\n'}
[18.898486] (-) TimerEvent: {}
[18.902389] (motor_commands) StdoutLine: {'line': b'[ 79%] Built target motor_commands__py\n'}
[18.928906] (dynamixel_sdk_custom_interfaces) StdoutLine: {'line': b"Listing '/home/csanimatronics/CS_Animatronics/install/dynamixel_sdk_custom_interfaces/lib/python3.12/site-packages/dynamixel_sdk_custom_interfaces'...\n"}
[18.929309] (dynamixel_sdk_custom_interfaces) StdoutLine: {'line': b"Compiling '/home/csanimatronics/CS_Animatronics/install/dynamixel_sdk_custom_interfaces/lib/python3.12/site-packages/dynamixel_sdk_custom_interfaces/__init__.py'...\n"}
[18.929624] (dynamixel_sdk_custom_interfaces) StdoutLine: {'line': b"Listing '/home/csanimatronics/CS_Animatronics/install/dynamixel_sdk_custom_interfaces/lib/python3.12/site-packages/dynamixel_sdk_custom_interfaces/msg'...\n"}
[18.929955] (dynamixel_sdk_custom_interfaces) StdoutLine: {'line': b"Compiling '/home/csanimatronics/CS_Animatronics/install/dynamixel_sdk_custom_interfaces/lib/python3.12/site-packages/dynamixel_sdk_custom_interfaces/msg/__init__.py'...\n"}
[18.930138] (dynamixel_sdk_custom_interfaces) StdoutLine: {'line': b"Compiling '/home/csanimatronics/CS_Animatronics/install/dynamixel_sdk_custom_interfaces/lib/python3.12/site-packages/dynamixel_sdk_custom_interfaces/msg/_set_position.py'...\n"}
[18.930350] (dynamixel_sdk_custom_interfaces) StdoutLine: {'line': b"Listing '/home/csanimatronics/CS_Animatronics/install/dynamixel_sdk_custom_interfaces/lib/python3.12/site-packages/dynamixel_sdk_custom_interfaces/srv'...\n"}
[18.930566] (dynamixel_sdk_custom_interfaces) StdoutLine: {'line': b"Compiling '/home/csanimatronics/CS_Animatronics/install/dynamixel_sdk_custom_interfaces/lib/python3.12/site-packages/dynamixel_sdk_custom_interfaces/srv/__init__.py'...\n"}
[18.930760] (dynamixel_sdk_custom_interfaces) StdoutLine: {'line': b"Compiling '/home/csanimatronics/CS_Animatronics/install/dynamixel_sdk_custom_interfaces/lib/python3.12/site-packages/dynamixel_sdk_custom_interfaces/srv/_get_position.py'...\n"}
[18.946032] (motor_commands) StdoutLine: {'line': b'[ 84%] \x1b[32mBuilding C object CMakeFiles/motor_commands__rosidl_generator_py.dir/rosidl_generator_py/motor_commands/msg/_id_angle_s.c.o\x1b[0m\n'}
[18.946449] (motor_commands) StdoutLine: {'line': b'[ 84%] \x1b[32mBuilding C object CMakeFiles/motor_commands__rosidl_generator_py.dir/rosidl_generator_py/motor_commands/srv/_get_motor_states_s.c.o\x1b[0m\n'}
[18.948957] (dynamixel_sdk_custom_interfaces) StdoutLine: {'line': b'-- Installing: /home/csanimatronics/CS_Animatronics/install/dynamixel_sdk_custom_interfaces/lib/python3.12/site-packages/dynamixel_sdk_custom_interfaces/dynamixel_sdk_custom_interfaces_s__rosidl_typesupport_fastrtps_c.so\n'}
[18.949636] (dynamixel_sdk_custom_interfaces) StdoutLine: {'line': b'-- Set non-toolchain portion of runtime path of "/home/csanimatronics/CS_Animatronics/install/dynamixel_sdk_custom_interfaces/lib/python3.12/site-packages/dynamixel_sdk_custom_interfaces/dynamixel_sdk_custom_interfaces_s__rosidl_typesupport_fastrtps_c.so" to ""\n'}
[18.950048] (dynamixel_sdk_custom_interfaces) StdoutLine: {'line': b'-- Installing: /home/csanimatronics/CS_Animatronics/install/dynamixel_sdk_custom_interfaces/lib/python3.12/site-packages/dynamixel_sdk_custom_interfaces/dynamixel_sdk_custom_interfaces_s__rosidl_typesupport_introspection_c.so\n'}
[18.950796] (dynamixel_sdk_custom_interfaces) StdoutLine: {'line': b'-- Set non-toolchain portion of runtime path of "/home/csanimatronics/CS_Animatronics/install/dynamixel_sdk_custom_interfaces/lib/python3.12/site-packages/dynamixel_sdk_custom_interfaces/dynamixel_sdk_custom_interfaces_s__rosidl_typesupport_introspection_c.so" to ""\n'}
[18.951143] (dynamixel_sdk_custom_interfaces) StdoutLine: {'line': b'-- Installing: /home/csanimatronics/CS_Animatronics/install/dynamixel_sdk_custom_interfaces/lib/python3.12/site-packages/dynamixel_sdk_custom_interfaces/dynamixel_sdk_custom_interfaces_s__rosidl_typesupport_c.so\n'}
[18.951779] (dynamixel_sdk_custom_interfaces) StdoutLine: {'line': b'-- Set non-toolchain portion of runtime path of "/home/csanimatronics/CS_Animatronics/install/dynamixel_sdk_custom_interfaces/lib/python3.12/site-packages/dynamixel_sdk_custom_interfaces/dynamixel_sdk_custom_interfaces_s__rosidl_typesupport_c.so" to ""\n'}
[18.952016] (dynamixel_sdk_custom_interfaces) StdoutLine: {'line': b'-- Installing: /home/csanimatronics/CS_Animatronics/install/dynamixel_sdk_custom_interfaces/lib/libdynamixel_sdk_custom_interfaces__rosidl_generator_py.so\n'}
[18.952668] (dynamixel_sdk_custom_interfaces) StdoutLine: {'line': b'-- Set non-toolchain portion of runtime path of "/home/csanimatronics/CS_Animatronics/install/dynamixel_sdk_custom_interfaces/lib/libdynamixel_sdk_custom_interfaces__rosidl_generator_py.so" to ""\n'}
[18.952933] (dynamixel_sdk_custom_interfaces) StdoutLine: {'line': b'-- Installing: /home/csanimatronics/CS_Animatronics/install/dynamixel_sdk_custom_interfaces/share/dynamixel_sdk_custom_interfaces/msg/SetPosition.idl\n'}
[18.953124] (dynamixel_sdk_custom_interfaces) StdoutLine: {'line': b'-- Installing: /home/csanimatronics/CS_Animatronics/install/dynamixel_sdk_custom_interfaces/share/dynamixel_sdk_custom_interfaces/srv/GetPosition.idl\n'}
[18.953362] (dynamixel_sdk_custom_interfaces) StdoutLine: {'line': b'-- Installing: /home/csanimatronics/CS_Animatronics/install/dynamixel_sdk_custom_interfaces/share/dynamixel_sdk_custom_interfaces/msg/SetPosition.msg\n'}
[18.953629] (dynamixel_sdk_custom_interfaces) StdoutLine: {'line': b'-- Installing: /home/csanimatronics/CS_Animatronics/install/dynamixel_sdk_custom_interfaces/share/dynamixel_sdk_custom_interfaces/srv/GetPosition.srv\n'}
[18.953941] (dynamixel_sdk_custom_interfaces) StdoutLine: {'line': b'-- Installing: /home/csanimatronics/CS_Animatronics/install/dynamixel_sdk_custom_interfaces/share/ament_index/resource_index/package_run_dependencies/dynamixel_sdk_custom_interfaces\n'}
[18.954291] (dynamixel_sdk_custom_interfaces) StdoutLine: {'line': b'-- Installing: /home/csanimatronics/CS_Animatronics/install/dynamixel_sdk_custom_interfaces/share/ament_index/resource_index/parent_prefix_path/dynamixel_sdk_custom_interfaces\n'}
[18.954594] (dynamixel_sdk_custom_interfaces) StdoutLine: {'line': b'-- Installing: /home/csanimatronics/CS_Animatronics/install/dynamixel_sdk_custom_interfaces/share/dynamixel_sdk_custom_interfaces/environment/ament_prefix_path.sh\n'}
[18.954847] (dynamixel_sdk_custom_interfaces) StdoutLine: {'line': b'-- Installing: /home/csanimatronics/CS_Animatronics/install/dynamixel_sdk_custom_interfaces/share/dynamixel_sdk_custom_interfaces/environment/ament_prefix_path.dsv\n'}
[18.955054] (dynamixel_sdk_custom_interfaces) StdoutLine: {'line': b'-- Installing: /home/csanimatronics/CS_Animatronics/install/dynamixel_sdk_custom_interfaces/share/dynamixel_sdk_custom_interfaces/environment/path.sh\n'}
[18.955259] (dynamixel_sdk_custom_interfaces) StdoutLine: {'line': b'-- Installing: /home/csanimatronics/CS_Animatronics/install/dynamixel_sdk_custom_interfaces/share/dynamixel_sdk_custom_interfaces/environment/path.dsv\n'}
[18.955459] (dynamixel_sdk_custom_interfaces) StdoutLine: {'line': b'-- Installing: /home/csanimatronics/CS_Animatronics/install/dynamixel_sdk_custom_interfaces/share/dynamixel_sdk_custom_interfaces/local_setup.bash\n'}
[18.955701] (dynamixel_sdk_custom_interfaces) StdoutLine: {'line': b'-- Installing: /home/csanimatronics/CS_Animatronics/install/dynamixel_sdk_custom_interfaces/share/dynamixel_sdk_custom_interfaces/local_setup.sh\n'}
[18.955966] (dynamixel_sdk_custom_interfaces) StdoutLine: {'line': b'-- Installing: /home/csanimatronics/CS_Animatronics/install/dynamixel_sdk_custom_interfaces/share/dynamixel_sdk_custom_interfaces/local_setup.zsh\n'}
[18.956229] (dynamixel_sdk_custom_interfaces) StdoutLine: {'line': b'-- Installing: /home/csanimatronics/CS_Animatronics/install/dynamixel_sdk_custom_interfaces/share/dynamixel_sdk_custom_interfaces/local_setup.dsv\n'}
[18.956592] (dynamixel_sdk_custom_interfaces) StdoutLine: {'line': b'-- Installing: /home/csanimatronics/CS_Animatronics/install/dynamixel_sdk_custom_interfaces/share/dynamixel_sdk_custom_interfaces/package.dsv\n'}
[18.956863] (dynamixel_sdk_custom_interfaces) StdoutLine: {'line': b'-- Installing: /home/csanimatronics/CS_Animatronics/install/dynamixel_sdk_custom_interfaces/share/ament_index/resource_index/packages/dynamixel_sdk_custom_interfaces\n'}
[18.957212] (dynamixel_sdk_custom_interfaces) StdoutLine: {'line': b'-- Installing: /home/csanimatronics/CS_Animatronics/install/dynamixel_sdk_custom_interfaces/share/dynamixel_sdk_custom_interfaces/cmake/export_dynamixel_sdk_custom_interfaces__rosidl_generator_cExport.cmake\n'}
[18.957566] (dynamixel_sdk_custom_interfaces) StdoutLine: {'line': b'-- Installing: /home/csanimatronics/CS_Animatronics/install/dynamixel_sdk_custom_interfaces/share/dynamixel_sdk_custom_interfaces/cmake/export_dynamixel_sdk_custom_interfaces__rosidl_generator_cExport-noconfig.cmake\n'}
[18.957897] (dynamixel_sdk_custom_interfaces) StdoutLine: {'line': b'-- Installing: /home/csanimatronics/CS_Animatronics/install/dynamixel_sdk_custom_interfaces/share/dynamixel_sdk_custom_interfaces/cmake/export_dynamixel_sdk_custom_interfaces__rosidl_typesupport_fastrtps_cExport.cmake\n'}
[18.958217] (dynamixel_sdk_custom_interfaces) StdoutLine: {'line': b'-- Installing: /home/csanimatronics/CS_Animatronics/install/dynamixel_sdk_custom_interfaces/share/dynamixel_sdk_custom_interfaces/cmake/export_dynamixel_sdk_custom_interfaces__rosidl_typesupport_fastrtps_cExport-noconfig.cmake\n'}
[18.958564] (dynamixel_sdk_custom_interfaces) StdoutLine: {'line': b'-- Installing: /home/csanimatronics/CS_Animatronics/install/dynamixel_sdk_custom_interfaces/share/dynamixel_sdk_custom_interfaces/cmake/export_dynamixel_sdk_custom_interfaces__rosidl_generator_cppExport.cmake\n'}
[18.958905] (dynamixel_sdk_custom_interfaces) StdoutLine: {'line': b'-- Installing: /home/csanimatronics/CS_Animatronics/install/dynamixel_sdk_custom_interfaces/share/dynamixel_sdk_custom_interfaces/cmake/export_dynamixel_sdk_custom_interfaces__rosidl_typesupport_fastrtps_cppExport.cmake\n'}
[18.959243] (dynamixel_sdk_custom_interfaces) StdoutLine: {'line': b'-- Installing: /home/csanimatronics/CS_Animatronics/install/dynamixel_sdk_custom_interfaces/share/dynamixel_sdk_custom_interfaces/cmake/export_dynamixel_sdk_custom_interfaces__rosidl_typesupport_fastrtps_cppExport-noconfig.cmake\n'}
[18.959607] (dynamixel_sdk_custom_interfaces) StdoutLine: {'line': b'-- Installing: /home/csanimatronics/CS_Animatronics/install/dynamixel_sdk_custom_interfaces/share/dynamixel_sdk_custom_interfaces/cmake/dynamixel_sdk_custom_interfaces__rosidl_typesupport_introspection_cExport.cmake\n'}
[18.959943] (dynamixel_sdk_custom_interfaces) StdoutLine: {'line': b'-- Installing: /home/csanimatronics/CS_Animatronics/install/dynamixel_sdk_custom_interfaces/share/dynamixel_sdk_custom_interfaces/cmake/dynamixel_sdk_custom_interfaces__rosidl_typesupport_introspection_cExport-noconfig.cmake\n'}
[18.960267] (dynamixel_sdk_custom_interfaces) StdoutLine: {'line': b'-- Installing: /home/csanimatronics/CS_Animatronics/install/dynamixel_sdk_custom_interfaces/share/dynamixel_sdk_custom_interfaces/cmake/dynamixel_sdk_custom_interfaces__rosidl_typesupport_cExport.cmake\n'}
[18.960574] (dynamixel_sdk_custom_interfaces) StdoutLine: {'line': b'-- Installing: /home/csanimatronics/CS_Animatronics/install/dynamixel_sdk_custom_interfaces/share/dynamixel_sdk_custom_interfaces/cmake/dynamixel_sdk_custom_interfaces__rosidl_typesupport_cExport-noconfig.cmake\n'}
[18.960883] (dynamixel_sdk_custom_interfaces) StdoutLine: {'line': b'-- Installing: /home/csanimatronics/CS_Animatronics/install/dynamixel_sdk_custom_interfaces/share/dynamixel_sdk_custom_interfaces/cmake/dynamixel_sdk_custom_interfaces__rosidl_typesupport_introspection_cppExport.cmake\n'}
[18.961193] (dynamixel_sdk_custom_interfaces) StdoutLine: {'line': b'-- Installing: /home/csanimatronics/CS_Animatronics/install/dynamixel_sdk_custom_interfaces/share/dynamixel_sdk_custom_interfaces/cmake/dynamixel_sdk_custom_interfaces__rosidl_typesupport_introspection_cppExport-noconfig.cmake\n'}
[18.961579] (dynamixel_sdk_custom_interfaces) StdoutLine: {'line': b'-- Installing: /home/csanimatronics/CS_Animatronics/install/dynamixel_sdk_custom_interfaces/share/dynamixel_sdk_custom_interfaces/cmake/dynamixel_sdk_custom_interfaces__rosidl_typesupport_cppExport.cmake\n'}
[18.961883] (dynamixel_sdk_custom_interfaces) StdoutLine: {'line': b'-- Installing: /home/csanimatronics/CS_Animatronics/install/dynamixel_sdk_custom_interfaces/share/dynamixel_sdk_custom_interfaces/cmake/dynamixel_sdk_custom_interfaces__rosidl_typesupport_cppExport-noconfig.cmake\n'}
[18.962175] (dynamixel_sdk_custom_interfaces) StdoutLine: {'line': b'-- Installing: /home/csanimatronics/CS_Animatronics/install/dynamixel_sdk_custom_interfaces/share/dynamixel_sdk_custom_interfaces/cmake/export_dynamixel_sdk_custom_interfaces__rosidl_generator_pyExport.cmake\n'}
[18.962517] (dynamixel_sdk_custom_interfaces) StdoutLine: {'line': b'-- Installing: /home/csanimatronics/CS_Animatronics/install/dynamixel_sdk_custom_interfaces/share/dynamixel_sdk_custom_interfaces/cmake/export_dynamixel_sdk_custom_interfaces__rosidl_generator_pyExport-noconfig.cmake\n'}
[18.962827] (dynamixel_sdk_custom_interfaces) StdoutLine: {'line': b'-- Installing: /home/csanimatronics/CS_Animatronics/install/dynamixel_sdk_custom_interfaces/share/dynamixel_sdk_custom_interfaces/cmake/rosidl_cmake-extras.cmake\n'}
[18.963122] (dynamixel_sdk_custom_interfaces) StdoutLine: {'line': b'-- Installing: /home/csanimatronics/CS_Animatronics/install/dynamixel_sdk_custom_interfaces/share/dynamixel_sdk_custom_interfaces/cmake/ament_cmake_export_dependencies-extras.cmake\n'}
[18.963402] (dynamixel_sdk_custom_interfaces) StdoutLine: {'line': b'-- Installing: /home/csanimatronics/CS_Animatronics/install/dynamixel_sdk_custom_interfaces/share/dynamixel_sdk_custom_interfaces/cmake/ament_cmake_export_include_directories-extras.cmake\n'}
[18.963700] (dynamixel_sdk_custom_interfaces) StdoutLine: {'line': b'-- Installing: /home/csanimatronics/CS_Animatronics/install/dynamixel_sdk_custom_interfaces/share/dynamixel_sdk_custom_interfaces/cmake/ament_cmake_export_libraries-extras.cmake\n'}
[18.964002] (dynamixel_sdk_custom_interfaces) StdoutLine: {'line': b'-- Installing: /home/csanimatronics/CS_Animatronics/install/dynamixel_sdk_custom_interfaces/share/dynamixel_sdk_custom_interfaces/cmake/ament_cmake_export_targets-extras.cmake\n'}
[18.964298] (dynamixel_sdk_custom_interfaces) StdoutLine: {'line': b'-- Installing: /home/csanimatronics/CS_Animatronics/install/dynamixel_sdk_custom_interfaces/share/dynamixel_sdk_custom_interfaces/cmake/rosidl_cmake_export_typesupport_targets-extras.cmake\n'}
[18.964626] (dynamixel_sdk_custom_interfaces) StdoutLine: {'line': b'-- Installing: /home/csanimatronics/CS_Animatronics/install/dynamixel_sdk_custom_interfaces/share/dynamixel_sdk_custom_interfaces/cmake/rosidl_cmake_export_typesupport_libraries-extras.cmake\n'}
[18.964813] (dynamixel_sdk_custom_interfaces) StdoutLine: {'line': b'-- Installing: /home/csanimatronics/CS_Animatronics/install/dynamixel_sdk_custom_interfaces/share/dynamixel_sdk_custom_interfaces/cmake/dynamixel_sdk_custom_interfacesConfig.cmake\n'}
[18.964987] (dynamixel_sdk_custom_interfaces) StdoutLine: {'line': b'-- Installing: /home/csanimatronics/CS_Animatronics/install/dynamixel_sdk_custom_interfaces/share/dynamixel_sdk_custom_interfaces/cmake/dynamixel_sdk_custom_interfacesConfig-version.cmake\n'}
[18.965201] (dynamixel_sdk_custom_interfaces) StdoutLine: {'line': b'-- Installing: /home/csanimatronics/CS_Animatronics/install/dynamixel_sdk_custom_interfaces/share/dynamixel_sdk_custom_interfaces/package.xml\n'}
[18.970434] (dynamixel_sdk_custom_interfaces) CommandEnded: {'returncode': 0}
[18.994537] (dynamixel_sdk_custom_interfaces) JobEnded: {'identifier': 'dynamixel_sdk_custom_interfaces', 'rc': 0}
[18.998899] (-) TimerEvent: {}
[19.100117] (-) TimerEvent: {}
[19.203808] (-) TimerEvent: {}
[19.300481] (motor_commands) StdoutLine: {'line': b'[ 86%] \x1b[32m\x1b[1mLinking C shared library libmotor_commands__rosidl_generator_py.so\x1b[0m\n'}
[19.303890] (-) TimerEvent: {}
[19.386447] (motor_commands) StdoutLine: {'line': b'[ 86%] Built target motor_commands__rosidl_generator_py\n'}
[19.404035] (-) TimerEvent: {}
[19.430919] (motor_commands) StdoutLine: {'line': b'[ 88%] \x1b[32mBuilding C object CMakeFiles/motor_commands_s__rosidl_typesupport_fastrtps_c.dir/rosidl_generator_py/motor_commands/_motor_commands_s.ep.rosidl_typesupport_fastrtps_c.c.o\x1b[0m\n'}
[19.434573] (motor_commands) StdoutLine: {'line': b'[ 93%] \x1b[32mBuilding C object CMakeFiles/motor_commands_s__rosidl_typesupport_c.dir/rosidl_generator_py/motor_commands/_motor_commands_s.ep.rosidl_typesupport_c.c.o\x1b[0m\n'}
[19.435038] (motor_commands) StdoutLine: {'line': b'[ 93%] \x1b[32mBuilding C object CMakeFiles/motor_commands_s__rosidl_typesupport_introspection_c.dir/rosidl_generator_py/motor_commands/_motor_commands_s.ep.rosidl_typesupport_introspection_c.c.o\x1b[0m\n'}
[19.504198] (-) TimerEvent: {}
[19.607801] (-) TimerEvent: {}
[19.651869] (motor_commands) StdoutLine: {'line': b'[ 95%] \x1b[32m\x1b[1mLinking C shared module rosidl_generator_py/motor_commands/motor_commands_s__rosidl_typesupport_c.so\x1b[0m\n'}
[19.653629] (motor_commands) StdoutLine: {'line': b'[ 97%] \x1b[32m\x1b[1mLinking C shared module rosidl_generator_py/motor_commands/motor_commands_s__rosidl_typesupport_introspection_c.so\x1b[0m\n'}
[19.654262] (motor_commands) StdoutLine: {'line': b'[100%] \x1b[32m\x1b[1mLinking C shared module rosidl_generator_py/motor_commands/motor_commands_s__rosidl_typesupport_fastrtps_c.so\x1b[0m\n'}
[19.707991] (-) TimerEvent: {}
[19.718607] (motor_commands) StdoutLine: {'line': b'[100%] Built target motor_commands_s__rosidl_typesupport_c\n'}
[19.718955] (motor_commands) StdoutLine: {'line': b'[100%] Built target motor_commands_s__rosidl_typesupport_fastrtps_c\n'}
[19.719095] (motor_commands) StdoutLine: {'line': b'[100%] Built target motor_commands_s__rosidl_typesupport_introspection_c\n'}
[19.739808] (motor_commands) CommandEnded: {'returncode': 0}
[19.740646] (motor_commands) JobProgress: {'identifier': 'motor_commands', 'progress': 'install'}
[19.740937] (motor_commands) Command: {'cmd': ['/usr/bin/cmake', '--install', '/home/csanimatronics/CS_Animatronics/build/motor_commands'], 'cwd': '/home/csanimatronics/CS_Animatronics/build/motor_commands', 'env': OrderedDict({'LESSOPEN': '| /usr/bin/lesspipe %s', 'USER': 'csanimatronics', 'XDG_SESSION_TYPE': 'wayland', 'SHLVL': '1', 'LD_LIBRARY_PATH': '/opt/ros/jazzy/opt/rviz_ogre_vendor/lib:/opt/ros/jazzy/lib/aarch64-linux-gnu:/opt/ros/jazzy/opt/gz_math_vendor/lib:/opt/ros/jazzy/opt/gz_utils_vendor/lib:/opt/ros/jazzy/opt/gz_cmake_vendor/lib:/opt/ros/jazzy/lib', 'HOME': '/home/csanimatronics', 'OLDPWD': '/home/csanimatronics', 'DESKTOP_SESSION': 'ubuntu', 'ROS_PYTHON_VERSION': '3', 'GNOME_SHELL_SESSION_MODE': 'ubuntu', 'GTK_MODULES': 'gail:atk-bridge', 'SYSTEMD_EXEC_PID': '1641', 'GSM_SKIP_SSH_AGENT_WORKAROUND': 'true', 'DBUS_SESSION_BUS_ADDRESS': 'unix:path=/run/user/1002/bus', 'COLORTERM': 'truecolor', 'DEBUGINFOD_URLS': 'https://debuginfod.ubuntu.com', 'IM_CONFIG_PHASE': '1', 'WAYLAND_DISPLAY': 'wayland-0', 'ROS_DISTRO': 'jazzy', 'LOGNAME': 'csanimatronics', '_': '/usr/bin/colcon', 'ROS_VERSION': '2', 'MEMORY_PRESSURE_WATCH': '/sys/fs/cgroup/user.slice/user-1002.slice/user@1002.service/session.slice/org.gnome.Shell@wayland.service/memory.pressure', 'XDG_SESSION_CLASS': 'user', 'USERNAME': 'csanimatronics', 'TERM': 'xterm-256color', 'GNOME_DESKTOP_SESSION_ID': 'this-is-deprecated', 'PATH': '/opt/ros/jazzy/bin:/usr/local/sbin:/usr/local/bin:/usr/sbin:/usr/bin:/sbin:/bin:/usr/games:/usr/local/games:/snap/bin:/snap/bin', 'SESSION_MANAGER': 'local/csanimatronics-desktop:@/tmp/.ICE-unix/1612,unix/csanimatronics-desktop:/tmp/.ICE-unix/1612', 'XDG_MENU_PREFIX': 'gnome-', 'GNOME_TERMINAL_SCREEN': '/org/gnome/Terminal/screen/3ac86682_f1d1_4142_b161_45ce37502184', 'GNOME_SETUP_DISPLAY': ':1', 'XDG_RUNTIME_DIR': '/run/user/1002', 'DISPLAY': ':0', 'LANG': 'C.UTF-8', 'XDG_CURRENT_DESKTOP': 'ubuntu:GNOME', 'XMODIFIERS': '@im=ibus', 'XDG_SESSION_DESKTOP': 'ubuntu', 'XAUTHORITY': '/run/user/1002/.mutter-Xwaylandauth.N7O212', 'LS_COLORS': 'rs=0:di=01;34:ln=01;36:mh=00:pi=40;33:so=01;35:do=01;35:bd=40;33;01:cd=40;33;01:or=40;31;01:mi=00:su=37;41:sg=30;43:ca=00:tw=30;42:ow=34;42:st=37;44:ex=01;32:*.tar=01;31:*.tgz=01;31:*.arc=01;31:*.arj=01;31:*.taz=01;31:*.lha=01;31:*.lz4=01;31:*.lzh=01;31:*.lzma=01;31:*.tlz=01;31:*.txz=01;31:*.tzo=01;31:*.t7z=01;31:*.zip=01;31:*.z=01;31:*.dz=01;31:*.gz=01;31:*.lrz=01;31:*.lz=01;31:*.lzo=01;31:*.xz=01;31:*.zst=01;31:*.tzst=01;31:*.bz2=01;31:*.bz=01;31:*.tbz=01;31:*.tbz2=01;31:*.tz=01;31:*.deb=01;31:*.rpm=01;31:*.jar=01;31:*.war=01;31:*.ear=01;31:*.sar=01;31:*.rar=01;31:*.alz=01;31:*.ace=01;31:*.zoo=01;31:*.cpio=01;31:*.7z=01;31:*.rz=01;31:*.cab=01;31:*.wim=01;31:*.swm=01;31:*.dwm=01;31:*.esd=01;31:*.avif=01;35:*.jpg=01;35:*.jpeg=01;35:*.mjpg=01;35:*.mjpeg=01;35:*.gif=01;35:*.bmp=01;35:*.pbm=01;35:*.pgm=01;35:*.ppm=01;35:*.tga=01;35:*.xbm=01;35:*.xpm=01;35:*.tif=01;35:*.tiff=01;35:*.png=01;35:*.svg=01;35:*.svgz=01;35:*.mng=01;35:*.pcx=01;35:*.mov=01;35:*.mpg=01;35:*.mpeg=01;35:*.m2v=01;35:*.mkv=01;35:*.webm=01;35:*.webp=01;35:*.ogm=01;35:*.mp4=01;35:*.m4v=01;35:*.mp4v=01;35:*.vob=01;35:*.qt=01;35:*.nuv=01;35:*.wmv=01;35:*.asf=01;35:*.rm=01;35:*.rmvb=01;35:*.flc=01;35:*.avi=01;35:*.fli=01;35:*.flv=01;35:*.gl=01;35:*.dl=01;35:*.xcf=01;35:*.xwd=01;35:*.yuv=01;35:*.cgm=01;35:*.emf=01;35:*.ogv=01;35:*.ogx=01;35:*.aac=00;36:*.au=00;36:*.flac=00;36:*.m4a=00;36:*.mid=00;36:*.midi=00;36:*.mka=00;36:*.mp3=00;36:*.mpc=00;36:*.ogg=00;36:*.ra=00;36:*.wav=00;36:*.oga=00;36:*.opus=00;36:*.spx=00;36:*.xspf=00;36:*~=00;90:*#=00;90:*.bak=00;90:*.crdownload=00;90:*.dpkg-dist=00;90:*.dpkg-new=00;90:*.dpkg-old=00;90:*.dpkg-tmp=00;90:*.old=00;90:*.orig=00;90:*.part=00;90:*.rej=00;90:*.rpmnew=00;90:*.rpmorig=00;90:*.rpmsave=00;90:*.swp=00;90:*.tmp=00;90:*.ucf-dist=00;90:*.ucf-new=00;90:*.ucf-old=00;90:', 'GNOME_TERMINAL_SERVICE': ':1.103', 'SSH_AUTH_SOCK': '/run/user/1002/keyring/ssh', 'AMENT_PREFIX_PATH': '/opt/ros/jazzy', 'SHELL': '/bin/bash', 'QT_ACCESSIBILITY': '1', 'GDMSESSION': 'ubuntu', 'LESSCLOSE': '/usr/bin/lesspipe %s %s', 'ROS_AUTOMATIC_DISCOVERY_RANGE': 'SUBNET', 'QT_IM_MODULE': 'ibus', 'PWD': '/home/csanimatronics/CS_Animatronics/build/motor_commands', 'XDG_CONFIG_DIRS': '/etc/xdg/xdg-ubuntu:/etc/xdg', 'XDG_DATA_DIRS': '/usr/share/ubuntu:/usr/share/gnome:/usr/local/share/:/usr/share/:/var/lib/snapd/desktop', 'PYTHONPATH': '/opt/ros/jazzy/lib/python3.12/site-packages', 'COLCON': '1', 'MEMORY_PRESSURE_WRITE': 'c29tZSAyMDAwMDAgMjAwMDAwMAA=', 'VTE_VERSION': '7600', 'CMAKE_PREFIX_PATH': '/opt/ros/jazzy/opt/gz_math_vendor:/opt/ros/jazzy/opt/gz_utils_vendor:/opt/ros/jazzy/opt/gz_cmake_vendor:/opt/ros/jazzy'}), 'shell': False}
[19.757292] (motor_commands) StdoutLine: {'line': b'-- Install configuration: ""\n'}
[19.757625] (motor_commands) StdoutLine: {'line': b'-- Installing: /home/csanimatronics/CS_Animatronics/install/motor_commands/share/ament_index/resource_index/rosidl_interfaces/motor_commands\n'}
[19.757957] (motor_commands) StdoutLine: {'line': b'-- Installing: /home/csanimatronics/CS_Animatronics/install/motor_commands/share/motor_commands/msg/IdAngle.json\n'}
[19.758169] (motor_commands) StdoutLine: {'line': b'-- Installing: /home/csanimatronics/CS_Animatronics/install/motor_commands/share/motor_commands/srv/GetMotorStates.json\n'}
[19.758432] (motor_commands) StdoutLine: {'line': b'-- Installing: /home/csanimatronics/CS_Animatronics/install/motor_commands/include/motor_commands/motor_commands\n'}
[19.758590] (motor_commands) StdoutLine: {'line': b'-- Installing: /home/csanimatronics/CS_Animatronics/install/motor_commands/include/motor_commands/motor_commands/srv\n'}
[19.758724] (motor_commands) StdoutLine: {'line': b'-- Installing: /home/csanimatronics/CS_Animatronics/install/motor_commands/include/motor_commands/motor_commands/srv/detail\n'}
[19.758814] (motor_commands) StdoutLine: {'line': b'-- Installing: /home/csanimatronics/CS_Animatronics/install/motor_commands/include/motor_commands/motor_commands/srv/detail/get_motor_states__functions.h\n'}
[19.758928] (motor_commands) StdoutLine: {'line': b'-- Installing: /home/csanimatronics/CS_Animatronics/install/motor_commands/include/motor_commands/motor_commands/srv/detail/get_motor_states__type_support.h\n'}
[19.759031] (motor_commands) StdoutLine: {'line': b'-- Installing: /home/csanimatronics/CS_Animatronics/install/motor_commands/include/motor_commands/motor_commands/srv/detail/get_motor_states__functions.c\n'}
[19.759195] (motor_commands) StdoutLine: {'line': b'-- Installing: /home/csanimatronics/CS_Animatronics/install/motor_commands/include/motor_commands/motor_commands/srv/detail/get_motor_states__type_support.c\n'}
[19.759334] (motor_commands) StdoutLine: {'line': b'-- Installing: /home/csanimatronics/CS_Animatronics/install/motor_commands/include/motor_commands/motor_commands/srv/detail/get_motor_states__description.c\n'}
[19.759506] (motor_commands) StdoutLine: {'line': b'-- Installing: /home/csanimatronics/CS_Animatronics/install/motor_commands/include/motor_commands/motor_commands/srv/detail/get_motor_states__struct.h\n'}
[19.759637] (motor_commands) StdoutLine: {'line': b'-- Installing: /home/csanimatronics/CS_Animatronics/install/motor_commands/include/motor_commands/motor_commands/srv/get_motor_states.h\n'}
[19.759758] (motor_commands) StdoutLine: {'line': b'-- Installing: /home/csanimatronics/CS_Animatronics/install/motor_commands/include/motor_commands/motor_commands/msg\n'}
[19.759928] (motor_commands) StdoutLine: {'line': b'-- Installing: /home/csanimatronics/CS_Animatronics/install/motor_commands/include/motor_commands/motor_commands/msg/rosidl_generator_c__visibility_control.h\n'}
[19.760049] (motor_commands) StdoutLine: {'line': b'-- Installing: /home/csanimatronics/CS_Animatronics/install/motor_commands/include/motor_commands/motor_commands/msg/detail\n'}
[19.760162] (motor_commands) StdoutLine: {'line': b'-- Installing: /home/csanimatronics/CS_Animatronics/install/motor_commands/include/motor_commands/motor_commands/msg/detail/id_angle__type_support.h\n'}
[19.760269] (motor_commands) StdoutLine: {'line': b'-- Installing: /home/csanimatronics/CS_Animatronics/install/motor_commands/include/motor_commands/motor_commands/msg/detail/id_angle__functions.h\n'}
[19.760383] (motor_commands) StdoutLine: {'line': b'-- Installing: /home/csanimatronics/CS_Animatronics/install/motor_commands/include/motor_commands/motor_commands/msg/detail/id_angle__functions.c\n'}
[19.760499] (motor_commands) StdoutLine: {'line': b'-- Installing: /home/csanimatronics/CS_Animatronics/install/motor_commands/include/motor_commands/motor_commands/msg/detail/id_angle__description.c\n'}
[19.760615] (motor_commands) StdoutLine: {'line': b'-- Installing: /home/csanimatronics/CS_Animatronics/install/motor_commands/include/motor_commands/motor_commands/msg/detail/id_angle__type_support.c\n'}
[19.760725] (motor_commands) StdoutLine: {'line': b'-- Installing: /home/csanimatronics/CS_Animatronics/install/motor_commands/include/motor_commands/motor_commands/msg/detail/id_angle__struct.h\n'}
[19.760847] (motor_commands) StdoutLine: {'line': b'-- Installing: /home/csanimatronics/CS_Animatronics/install/motor_commands/include/motor_commands/motor_commands/msg/id_angle.h\n'}
[19.761080] (motor_commands) StdoutLine: {'line': b'-- Installing: /home/csanimatronics/CS_Animatronics/install/motor_commands/share/motor_commands/environment/library_path.sh\n'}
[19.761249] (motor_commands) StdoutLine: {'line': b'-- Installing: /home/csanimatronics/CS_Animatronics/install/motor_commands/share/motor_commands/environment/library_path.dsv\n'}
[19.761670] (motor_commands) StdoutLine: {'line': b'-- Installing: /home/csanimatronics/CS_Animatronics/install/motor_commands/lib/libmotor_commands__rosidl_generator_c.so\n'}
[19.762293] (motor_commands) StdoutLine: {'line': b'-- Set non-toolchain portion of runtime path of "/home/csanimatronics/CS_Animatronics/install/motor_commands/lib/libmotor_commands__rosidl_generator_c.so" to ""\n'}
[19.762556] (motor_commands) StdoutLine: {'line': b'-- Up-to-date: /home/csanimatronics/CS_Animatronics/install/motor_commands/include/motor_commands/motor_commands\n'}
[19.762676] (motor_commands) StdoutLine: {'line': b'-- Up-to-date: /home/csanimatronics/CS_Animatronics/install/motor_commands/include/motor_commands/motor_commands/srv\n'}
[19.762765] (motor_commands) StdoutLine: {'line': b'-- Up-to-date: /home/csanimatronics/CS_Animatronics/install/motor_commands/include/motor_commands/motor_commands/srv/detail\n'}
[19.762849] (motor_commands) StdoutLine: {'line': b'-- Installing: /home/csanimatronics/CS_Animatronics/install/motor_commands/include/motor_commands/motor_commands/srv/detail/get_motor_states__rosidl_typesupport_fastrtps_c.h\n'}
[19.762972] (motor_commands) StdoutLine: {'line': b'-- Up-to-date: /home/csanimatronics/CS_Animatronics/install/motor_commands/include/motor_commands/motor_commands/msg\n'}
[19.763067] (motor_commands) StdoutLine: {'line': b'-- Installing: /home/csanimatronics/CS_Animatronics/install/motor_commands/include/motor_commands/motor_commands/msg/rosidl_typesupport_fastrtps_c__visibility_control.h\n'}
[19.763153] (motor_commands) StdoutLine: {'line': b'-- Up-to-date: /home/csanimatronics/CS_Animatronics/install/motor_commands/include/motor_commands/motor_commands/msg/detail\n'}
[19.763236] (motor_commands) StdoutLine: {'line': b'-- Installing: /home/csanimatronics/CS_Animatronics/install/motor_commands/include/motor_commands/motor_commands/msg/detail/id_angle__rosidl_typesupport_fastrtps_c.h\n'}
[19.763346] (motor_commands) StdoutLine: {'line': b'-- Installing: /home/csanimatronics/CS_Animatronics/install/motor_commands/lib/libmotor_commands__rosidl_typesupport_fastrtps_c.so\n'}
[19.763715] (motor_commands) StdoutLine: {'line': b'-- Set non-toolchain portion of runtime path of "/home/csanimatronics/CS_Animatronics/install/motor_commands/lib/libmotor_commands__rosidl_typesupport_fastrtps_c.so" to ""\n'}
[19.763831] (motor_commands) StdoutLine: {'line': b'-- Up-to-date: /home/csanimatronics/CS_Animatronics/install/motor_commands/include/motor_commands/motor_commands\n'}
[19.763915] (motor_commands) StdoutLine: {'line': b'-- Up-to-date: /home/csanimatronics/CS_Animatronics/install/motor_commands/include/motor_commands/motor_commands/srv\n'}
[19.764031] (motor_commands) StdoutLine: {'line': b'-- Up-to-date: /home/csanimatronics/CS_Animatronics/install/motor_commands/include/motor_commands/motor_commands/srv/detail\n'}
[19.764114] (motor_commands) StdoutLine: {'line': b'-- Installing: /home/csanimatronics/CS_Animatronics/install/motor_commands/include/motor_commands/motor_commands/srv/detail/get_motor_states__builder.hpp\n'}
[19.764225] (motor_commands) StdoutLine: {'line': b'-- Installing: /home/csanimatronics/CS_Animatronics/install/motor_commands/include/motor_commands/motor_commands/srv/detail/get_motor_states__type_support.hpp\n'}
[19.764316] (motor_commands) StdoutLine: {'line': b'-- Installing: /home/csanimatronics/CS_Animatronics/install/motor_commands/include/motor_commands/motor_commands/srv/detail/get_motor_states__traits.hpp\n'}
[19.764437] (motor_commands) StdoutLine: {'line': b'-- Installing: /home/csanimatronics/CS_Animatronics/install/motor_commands/include/motor_commands/motor_commands/srv/detail/get_motor_states__struct.hpp\n'}
[19.764531] (motor_commands) StdoutLine: {'line': b'-- Installing: /home/csanimatronics/CS_Animatronics/install/motor_commands/include/motor_commands/motor_commands/srv/get_motor_states.hpp\n'}
[19.764625] (motor_commands) StdoutLine: {'line': b'-- Up-to-date: /home/csanimatronics/CS_Animatronics/install/motor_commands/include/motor_commands/motor_commands/msg\n'}
[19.764725] (motor_commands) StdoutLine: {'line': b'-- Installing: /home/csanimatronics/CS_Animatronics/install/motor_commands/include/motor_commands/motor_commands/msg/id_angle.hpp\n'}
[19.764825] (motor_commands) StdoutLine: {'line': b'-- Up-to-date: /home/csanimatronics/CS_Animatronics/install/motor_commands/include/motor_commands/motor_commands/msg/detail\n'}
[19.764916] (motor_commands) StdoutLine: {'line': b'-- Installing: /home/csanimatronics/CS_Animatronics/install/motor_commands/include/motor_commands/motor_commands/msg/detail/id_angle__type_support.hpp\n'}
[19.765015] (motor_commands) StdoutLine: {'line': b'-- Installing: /home/csanimatronics/CS_Animatronics/install/motor_commands/include/motor_commands/motor_commands/msg/detail/id_angle__struct.hpp\n'}
[19.765113] (motor_commands) StdoutLine: {'line': b'-- Installing: /home/csanimatronics/CS_Animatronics/install/motor_commands/include/motor_commands/motor_commands/msg/detail/id_angle__builder.hpp\n'}
[19.765227] (motor_commands) StdoutLine: {'line': b'-- Installing: /home/csanimatronics/CS_Animatronics/install/motor_commands/include/motor_commands/motor_commands/msg/detail/id_angle__traits.hpp\n'}
[19.765400] (motor_commands) StdoutLine: {'line': b'-- Installing: /home/csanimatronics/CS_Animatronics/install/motor_commands/include/motor_commands/motor_commands/msg/rosidl_generator_cpp__visibility_control.hpp\n'}
[19.765569] (motor_commands) StdoutLine: {'line': b'-- Up-to-date: /home/csanimatronics/CS_Animatronics/install/motor_commands/include/motor_commands/motor_commands\n'}
[19.765684] (motor_commands) StdoutLine: {'line': b'-- Up-to-date: /home/csanimatronics/CS_Animatronics/install/motor_commands/include/motor_commands/motor_commands/srv\n'}
[19.765767] (motor_commands) StdoutLine: {'line': b'-- Up-to-date: /home/csanimatronics/CS_Animatronics/install/motor_commands/include/motor_commands/motor_commands/srv/detail\n'}
[19.765880] (motor_commands) StdoutLine: {'line': b'-- Installing: /home/csanimatronics/CS_Animatronics/install/motor_commands/include/motor_commands/motor_commands/srv/detail/get_motor_states__rosidl_typesupport_fastrtps_cpp.hpp\n'}
[19.765958] (motor_commands) StdoutLine: {'line': b'-- Installing: /home/csanimatronics/CS_Animatronics/install/motor_commands/include/motor_commands/motor_commands/srv/detail/dds_fastrtps\n'}
[19.766071] (motor_commands) StdoutLine: {'line': b'-- Up-to-date: /home/csanimatronics/CS_Animatronics/install/motor_commands/include/motor_commands/motor_commands/msg\n'}
[19.766170] (motor_commands) StdoutLine: {'line': b'-- Up-to-date: /home/csanimatronics/CS_Animatronics/install/motor_commands/include/motor_commands/motor_commands/msg/detail\n'}
[19.766249] (motor_commands) StdoutLine: {'line': b'-- Installing: /home/csanimatronics/CS_Animatronics/install/motor_commands/include/motor_commands/motor_commands/msg/detail/dds_fastrtps\n'}
[19.766334] (motor_commands) StdoutLine: {'line': b'-- Installing: /home/csanimatronics/CS_Animatronics/install/motor_commands/include/motor_commands/motor_commands/msg/detail/id_angle__rosidl_typesupport_fastrtps_cpp.hpp\n'}
[19.766441] (motor_commands) StdoutLine: {'line': b'-- Installing: /home/csanimatronics/CS_Animatronics/install/motor_commands/include/motor_commands/motor_commands/msg/rosidl_typesupport_fastrtps_cpp__visibility_control.h\n'}
[19.766544] (motor_commands) StdoutLine: {'line': b'-- Installing: /home/csanimatronics/CS_Animatronics/install/motor_commands/lib/libmotor_commands__rosidl_typesupport_fastrtps_cpp.so\n'}
[19.767248] (motor_commands) StdoutLine: {'line': b'-- Set non-toolchain portion of runtime path of "/home/csanimatronics/CS_Animatronics/install/motor_commands/lib/libmotor_commands__rosidl_typesupport_fastrtps_cpp.so" to ""\n'}
[19.767372] (motor_commands) StdoutLine: {'line': b'-- Up-to-date: /home/csanimatronics/CS_Animatronics/install/motor_commands/include/motor_commands/motor_commands\n'}
[19.767466] (motor_commands) StdoutLine: {'line': b'-- Up-to-date: /home/csanimatronics/CS_Animatronics/install/motor_commands/include/motor_commands/motor_commands/srv\n'}
[19.767578] (motor_commands) StdoutLine: {'line': b'-- Up-to-date: /home/csanimatronics/CS_Animatronics/install/motor_commands/include/motor_commands/motor_commands/srv/detail\n'}
[19.767660] (motor_commands) StdoutLine: {'line': b'-- Installing: /home/csanimatronics/CS_Animatronics/install/motor_commands/include/motor_commands/motor_commands/srv/detail/get_motor_states__rosidl_typesupport_introspection_c.h\n'}
[19.767764] (motor_commands) StdoutLine: {'line': b'-- Installing: /home/csanimatronics/CS_Animatronics/install/motor_commands/include/motor_commands/motor_commands/srv/detail/get_motor_states__type_support.c\n'}
[19.767875] (motor_commands) StdoutLine: {'line': b'-- Up-to-date: /home/csanimatronics/CS_Animatronics/install/motor_commands/include/motor_commands/motor_commands/msg\n'}
[19.767956] (motor_commands) StdoutLine: {'line': b'-- Up-to-date: /home/csanimatronics/CS_Animatronics/install/motor_commands/include/motor_commands/motor_commands/msg/detail\n'}
[19.768066] (motor_commands) StdoutLine: {'line': b'-- Installing: /home/csanimatronics/CS_Animatronics/install/motor_commands/include/motor_commands/motor_commands/msg/detail/id_angle__rosidl_typesupport_introspection_c.h\n'}
[19.768144] (motor_commands) StdoutLine: {'line': b'-- Installing: /home/csanimatronics/CS_Animatronics/install/motor_commands/include/motor_commands/motor_commands/msg/detail/id_angle__type_support.c\n'}
[19.768240] (motor_commands) StdoutLine: {'line': b'-- Installing: /home/csanimatronics/CS_Animatronics/install/motor_commands/include/motor_commands/motor_commands/msg/rosidl_typesupport_introspection_c__visibility_control.h\n'}
[19.768447] (motor_commands) StdoutLine: {'line': b'-- Installing: /home/csanimatronics/CS_Animatronics/install/motor_commands/lib/libmotor_commands__rosidl_typesupport_introspection_c.so\n'}
[19.769009] (motor_commands) StdoutLine: {'line': b'-- Set non-toolchain portion of runtime path of "/home/csanimatronics/CS_Animatronics/install/motor_commands/lib/libmotor_commands__rosidl_typesupport_introspection_c.so" to ""\n'}
[19.769112] (motor_commands) StdoutLine: {'line': b'-- Installing: /home/csanimatronics/CS_Animatronics/install/motor_commands/lib/libmotor_commands__rosidl_typesupport_c.so\n'}
[19.769647] (motor_commands) StdoutLine: {'line': b'-- Set non-toolchain portion of runtime path of "/home/csanimatronics/CS_Animatronics/install/motor_commands/lib/libmotor_commands__rosidl_typesupport_c.so" to ""\n'}
[19.769770] (motor_commands) StdoutLine: {'line': b'-- Up-to-date: /home/csanimatronics/CS_Animatronics/install/motor_commands/include/motor_commands/motor_commands\n'}
[19.769869] (motor_commands) StdoutLine: {'line': b'-- Up-to-date: /home/csanimatronics/CS_Animatronics/install/motor_commands/include/motor_commands/motor_commands/srv\n'}
[19.769945] (motor_commands) StdoutLine: {'line': b'-- Up-to-date: /home/csanimatronics/CS_Animatronics/install/motor_commands/include/motor_commands/motor_commands/srv/detail\n'}
[19.770020] (motor_commands) StdoutLine: {'line': b'-- Installing: /home/csanimatronics/CS_Animatronics/install/motor_commands/include/motor_commands/motor_commands/srv/detail/get_motor_states__rosidl_typesupport_introspection_cpp.hpp\n'}
[19.770118] (motor_commands) StdoutLine: {'line': b'-- Installing: /home/csanimatronics/CS_Animatronics/install/motor_commands/include/motor_commands/motor_commands/srv/detail/get_motor_states__type_support.cpp\n'}
[19.770227] (motor_commands) StdoutLine: {'line': b'-- Up-to-date: /home/csanimatronics/CS_Animatronics/install/motor_commands/include/motor_commands/motor_commands/msg\n'}
[19.770309] (motor_commands) StdoutLine: {'line': b'-- Up-to-date: /home/csanimatronics/CS_Animatronics/install/motor_commands/include/motor_commands/motor_commands/msg/detail\n'}
[19.770426] (motor_commands) StdoutLine: {'line': b'-- Installing: /home/csanimatronics/CS_Animatronics/install/motor_commands/include/motor_commands/motor_commands/msg/detail/id_angle__type_support.cpp\n'}
[19.770505] (motor_commands) StdoutLine: {'line': b'-- Installing: /home/csanimatronics/CS_Animatronics/install/motor_commands/include/motor_commands/motor_commands/msg/detail/id_angle__rosidl_typesupport_introspection_cpp.hpp\n'}
[19.770617] (motor_commands) StdoutLine: {'line': b'-- Installing: /home/csanimatronics/CS_Animatronics/install/motor_commands/lib/libmotor_commands__rosidl_typesupport_introspection_cpp.so\n'}
[19.771368] (motor_commands) StdoutLine: {'line': b'-- Set non-toolchain portion of runtime path of "/home/csanimatronics/CS_Animatronics/install/motor_commands/lib/libmotor_commands__rosidl_typesupport_introspection_cpp.so" to ""\n'}
[19.771480] (motor_commands) StdoutLine: {'line': b'-- Installing: /home/csanimatronics/CS_Animatronics/install/motor_commands/lib/libmotor_commands__rosidl_typesupport_cpp.so\n'}
[19.772201] (motor_commands) StdoutLine: {'line': b'-- Set non-toolchain portion of runtime path of "/home/csanimatronics/CS_Animatronics/install/motor_commands/lib/libmotor_commands__rosidl_typesupport_cpp.so" to ""\n'}
[19.772305] (motor_commands) StdoutLine: {'line': b'-- Installing: /home/csanimatronics/CS_Animatronics/install/motor_commands/share/motor_commands/environment/pythonpath.sh\n'}
[19.772455] (motor_commands) StdoutLine: {'line': b'-- Installing: /home/csanimatronics/CS_Animatronics/install/motor_commands/share/motor_commands/environment/pythonpath.dsv\n'}
[19.772609] (motor_commands) StdoutLine: {'line': b'-- Installing: /home/csanimatronics/CS_Animatronics/install/motor_commands/lib/python3.12/site-packages/motor_commands-0.0.0-py3.12.egg-info\n'}
[19.772765] (motor_commands) StdoutLine: {'line': b'-- Installing: /home/csanimatronics/CS_Animatronics/install/motor_commands/lib/python3.12/site-packages/motor_commands-0.0.0-py3.12.egg-info/dependency_links.txt\n'}
[19.772905] (motor_commands) StdoutLine: {'line': b'-- Installing: /home/csanimatronics/CS_Animatronics/install/motor_commands/lib/python3.12/site-packages/motor_commands-0.0.0-py3.12.egg-info/PKG-INFO\n'}
[19.773024] (motor_commands) StdoutLine: {'line': b'-- Installing: /home/csanimatronics/CS_Animatronics/install/motor_commands/lib/python3.12/site-packages/motor_commands-0.0.0-py3.12.egg-info/top_level.txt\n'}
[19.773141] (motor_commands) StdoutLine: {'line': b'-- Installing: /home/csanimatronics/CS_Animatronics/install/motor_commands/lib/python3.12/site-packages/motor_commands-0.0.0-py3.12.egg-info/SOURCES.txt\n'}
[19.773310] (motor_commands) StdoutLine: {'line': b'-- Installing: /home/csanimatronics/CS_Animatronics/install/motor_commands/lib/python3.12/site-packages/motor_commands\n'}
[19.773466] (motor_commands) StdoutLine: {'line': b'-- Installing: /home/csanimatronics/CS_Animatronics/install/motor_commands/lib/python3.12/site-packages/motor_commands/_motor_commands_s.ep.rosidl_typesupport_fastrtps_c.c\n'}
[19.773633] (motor_commands) StdoutLine: {'line': b'-- Installing: /home/csanimatronics/CS_Animatronics/install/motor_commands/lib/python3.12/site-packages/motor_commands/_motor_commands_s.ep.rosidl_typesupport_introspection_c.c\n'}
[19.773796] (motor_commands) StdoutLine: {'line': b'-- Installing: /home/csanimatronics/CS_Animatronics/install/motor_commands/lib/python3.12/site-packages/motor_commands/motor_commands_s__rosidl_typesupport_introspection_c.so\n'}
[19.774053] (motor_commands) StdoutLine: {'line': b'-- Installing: /home/csanimatronics/CS_Animatronics/install/motor_commands/lib/python3.12/site-packages/motor_commands/srv\n'}
[19.774149] (motor_commands) StdoutLine: {'line': b'-- Installing: /home/csanimatronics/CS_Animatronics/install/motor_commands/lib/python3.12/site-packages/motor_commands/srv/_get_motor_states_s.c\n'}
[19.774359] (motor_commands) StdoutLine: {'line': b'-- Installing: /home/csanimatronics/CS_Animatronics/install/motor_commands/lib/python3.12/site-packages/motor_commands/srv/__init__.py\n'}
[19.774509] (motor_commands) StdoutLine: {'line': b'-- Installing: /home/csanimatronics/CS_Animatronics/install/motor_commands/lib/python3.12/site-packages/motor_commands/srv/_get_motor_states.py\n'}
[19.774660] (motor_commands) StdoutLine: {'line': b'-- Installing: /home/csanimatronics/CS_Animatronics/install/motor_commands/lib/python3.12/site-packages/motor_commands/_motor_commands_s.ep.rosidl_typesupport_c.c\n'}
[19.774821] (motor_commands) StdoutLine: {'line': b'-- Installing: /home/csanimatronics/CS_Animatronics/install/motor_commands/lib/python3.12/site-packages/motor_commands/motor_commands_s__rosidl_typesupport_fastrtps_c.so\n'}
[19.775079] (motor_commands) StdoutLine: {'line': b'-- Installing: /home/csanimatronics/CS_Animatronics/install/motor_commands/lib/python3.12/site-packages/motor_commands/__init__.py\n'}
[19.775187] (motor_commands) StdoutLine: {'line': b'-- Installing: /home/csanimatronics/CS_Animatronics/install/motor_commands/lib/python3.12/site-packages/motor_commands/msg\n'}
[19.775281] (motor_commands) StdoutLine: {'line': b'-- Installing: /home/csanimatronics/CS_Animatronics/install/motor_commands/lib/python3.12/site-packages/motor_commands/msg/_id_angle.py\n'}
[19.775435] (motor_commands) StdoutLine: {'line': b'-- Installing: /home/csanimatronics/CS_Animatronics/install/motor_commands/lib/python3.12/site-packages/motor_commands/msg/_id_angle_s.c\n'}
[19.775564] (motor_commands) StdoutLine: {'line': b'-- Installing: /home/csanimatronics/CS_Animatronics/install/motor_commands/lib/python3.12/site-packages/motor_commands/msg/__init__.py\n'}
[19.775690] (motor_commands) StdoutLine: {'line': b'-- Installing: /home/csanimatronics/CS_Animatronics/install/motor_commands/lib/python3.12/site-packages/motor_commands/motor_commands_s__rosidl_typesupport_c.so\n'}
[19.808061] (-) TimerEvent: {}
[19.842659] (motor_commands) StdoutLine: {'line': b"Listing '/home/csanimatronics/CS_Animatronics/install/motor_commands/lib/python3.12/site-packages/motor_commands'...\n"}
[19.842982] (motor_commands) StdoutLine: {'line': b"Compiling '/home/csanimatronics/CS_Animatronics/install/motor_commands/lib/python3.12/site-packages/motor_commands/__init__.py'...\n"}
[19.843079] (motor_commands) StdoutLine: {'line': b"Listing '/home/csanimatronics/CS_Animatronics/install/motor_commands/lib/python3.12/site-packages/motor_commands/msg'...\n"}
[19.843162] (motor_commands) StdoutLine: {'line': b"Compiling '/home/csanimatronics/CS_Animatronics/install/motor_commands/lib/python3.12/site-packages/motor_commands/msg/__init__.py'...\n"}
[19.843261] (motor_commands) StdoutLine: {'line': b"Compiling '/home/csanimatronics/CS_Animatronics/install/motor_commands/lib/python3.12/site-packages/motor_commands/msg/_id_angle.py'...\n"}
[19.843373] (motor_commands) StdoutLine: {'line': b"Listing '/home/csanimatronics/CS_Animatronics/install/motor_commands/lib/python3.12/site-packages/motor_commands/srv'...\n"}
[19.843471] (motor_commands) StdoutLine: {'line': b"Compiling '/home/csanimatronics/CS_Animatronics/install/motor_commands/lib/python3.12/site-packages/motor_commands/srv/__init__.py'...\n"}
[19.843553] (motor_commands) StdoutLine: {'line': b"Compiling '/home/csanimatronics/CS_Animatronics/install/motor_commands/lib/python3.12/site-packages/motor_commands/srv/_get_motor_states.py'...\n"}
[19.855677] (motor_commands) StdoutLine: {'line': b'-- Installing: /home/csanimatronics/CS_Animatronics/install/motor_commands/lib/python3.12/site-packages/motor_commands/motor_commands_s__rosidl_typesupport_fastrtps_c.so\n'}
[19.856283] (motor_commands) StdoutLine: {'line': b'-- Set non-toolchain portion of runtime path of "/home/csanimatronics/CS_Animatronics/install/motor_commands/lib/python3.12/site-packages/motor_commands/motor_commands_s__rosidl_typesupport_fastrtps_c.so" to ""\n'}
[19.856661] (motor_commands) StdoutLine: {'line': b'-- Installing: /home/csanimatronics/CS_Animatronics/install/motor_commands/lib/python3.12/site-packages/motor_commands/motor_commands_s__rosidl_typesupport_introspection_c.so\n'}
[19.857233] (motor_commands) StdoutLine: {'line': b'-- Set non-toolchain portion of runtime path of "/home/csanimatronics/CS_Animatronics/install/motor_commands/lib/python3.12/site-packages/motor_commands/motor_commands_s__rosidl_typesupport_introspection_c.so" to ""\n'}
[19.857576] (motor_commands) StdoutLine: {'line': b'-- Installing: /home/csanimatronics/CS_Animatronics/install/motor_commands/lib/python3.12/site-packages/motor_commands/motor_commands_s__rosidl_typesupport_c.so\n'}
[19.858117] (motor_commands) StdoutLine: {'line': b'-- Set non-toolchain portion of runtime path of "/home/csanimatronics/CS_Animatronics/install/motor_commands/lib/python3.12/site-packages/motor_commands/motor_commands_s__rosidl_typesupport_c.so" to ""\n'}
[19.858241] (motor_commands) StdoutLine: {'line': b'-- Installing: /home/csanimatronics/CS_Animatronics/install/motor_commands/lib/libmotor_commands__rosidl_generator_py.so\n'}
[19.858838] (motor_commands) StdoutLine: {'line': b'-- Set non-toolchain portion of runtime path of "/home/csanimatronics/CS_Animatronics/install/motor_commands/lib/libmotor_commands__rosidl_generator_py.so" to ""\n'}
[19.858960] (motor_commands) StdoutLine: {'line': b'-- Installing: /home/csanimatronics/CS_Animatronics/install/motor_commands/share/motor_commands/msg/IdAngle.idl\n'}
[19.859103] (motor_commands) StdoutLine: {'line': b'-- Installing: /home/csanimatronics/CS_Animatronics/install/motor_commands/share/motor_commands/srv/GetMotorStates.idl\n'}
[19.859274] (motor_commands) StdoutLine: {'line': b'-- Installing: /home/csanimatronics/CS_Animatronics/install/motor_commands/share/motor_commands/msg/IdAngle.msg\n'}
[19.859461] (motor_commands) StdoutLine: {'line': b'-- Installing: /home/csanimatronics/CS_Animatronics/install/motor_commands/share/motor_commands/srv/GetMotorStates.srv\n'}
[19.859701] (motor_commands) StdoutLine: {'line': b'-- Installing: /home/csanimatronics/CS_Animatronics/install/motor_commands/share/ament_index/resource_index/package_run_dependencies/motor_commands\n'}
[19.859928] (motor_commands) StdoutLine: {'line': b'-- Installing: /home/csanimatronics/CS_Animatronics/install/motor_commands/share/ament_index/resource_index/parent_prefix_path/motor_commands\n'}
[19.860113] (motor_commands) StdoutLine: {'line': b'-- Installing: /home/csanimatronics/CS_Animatronics/install/motor_commands/share/motor_commands/environment/ament_prefix_path.sh\n'}
[19.860318] (motor_commands) StdoutLine: {'line': b'-- Installing: /home/csanimatronics/CS_Animatronics/install/motor_commands/share/motor_commands/environment/ament_prefix_path.dsv\n'}
[19.860519] (motor_commands) StdoutLine: {'line': b'-- Installing: /home/csanimatronics/CS_Animatronics/install/motor_commands/share/motor_commands/environment/path.sh\n'}
[19.860701] (motor_commands) StdoutLine: {'line': b'-- Installing: /home/csanimatronics/CS_Animatronics/install/motor_commands/share/motor_commands/environment/path.dsv\n'}
[19.860889] (motor_commands) StdoutLine: {'line': b'-- Installing: /home/csanimatronics/CS_Animatronics/install/motor_commands/share/motor_commands/local_setup.bash\n'}
[19.861076] (motor_commands) StdoutLine: {'line': b'-- Installing: /home/csanimatronics/CS_Animatronics/install/motor_commands/share/motor_commands/local_setup.sh\n'}
[19.861267] (motor_commands) StdoutLine: {'line': b'-- Installing: /home/csanimatronics/CS_Animatronics/install/motor_commands/share/motor_commands/local_setup.zsh\n'}
[19.861470] (motor_commands) StdoutLine: {'line': b'-- Installing: /home/csanimatronics/CS_Animatronics/install/motor_commands/share/motor_commands/local_setup.dsv\n'}
[19.861652] (motor_commands) StdoutLine: {'line': b'-- Installing: /home/csanimatronics/CS_Animatronics/install/motor_commands/share/motor_commands/package.dsv\n'}
[19.861905] (motor_commands) StdoutLine: {'line': b'-- Installing: /home/csanimatronics/CS_Animatronics/install/motor_commands/share/ament_index/resource_index/packages/motor_commands\n'}
[19.862157] (motor_commands) StdoutLine: {'line': b'-- Installing: /home/csanimatronics/CS_Animatronics/install/motor_commands/share/motor_commands/cmake/export_motor_commands__rosidl_generator_cExport.cmake\n'}
[19.862397] (motor_commands) StdoutLine: {'line': b'-- Installing: /home/csanimatronics/CS_Animatronics/install/motor_commands/share/motor_commands/cmake/export_motor_commands__rosidl_generator_cExport-noconfig.cmake\n'}
[19.862622] (motor_commands) StdoutLine: {'line': b'-- Installing: /home/csanimatronics/CS_Animatronics/install/motor_commands/share/motor_commands/cmake/export_motor_commands__rosidl_typesupport_fastrtps_cExport.cmake\n'}
[19.862834] (motor_commands) StdoutLine: {'line': b'-- Installing: /home/csanimatronics/CS_Animatronics/install/motor_commands/share/motor_commands/cmake/export_motor_commands__rosidl_typesupport_fastrtps_cExport-noconfig.cmake\n'}
[19.863048] (motor_commands) StdoutLine: {'line': b'-- Installing: /home/csanimatronics/CS_Animatronics/install/motor_commands/share/motor_commands/cmake/export_motor_commands__rosidl_generator_cppExport.cmake\n'}
[19.863264] (motor_commands) StdoutLine: {'line': b'-- Installing: /home/csanimatronics/CS_Animatronics/install/motor_commands/share/motor_commands/cmake/export_motor_commands__rosidl_typesupport_fastrtps_cppExport.cmake\n'}
[19.863493] (motor_commands) StdoutLine: {'line': b'-- Installing: /home/csanimatronics/CS_Animatronics/install/motor_commands/share/motor_commands/cmake/export_motor_commands__rosidl_typesupport_fastrtps_cppExport-noconfig.cmake\n'}
[19.863719] (motor_commands) StdoutLine: {'line': b'-- Installing: /home/csanimatronics/CS_Animatronics/install/motor_commands/share/motor_commands/cmake/motor_commands__rosidl_typesupport_introspection_cExport.cmake\n'}
[19.863925] (motor_commands) StdoutLine: {'line': b'-- Installing: /home/csanimatronics/CS_Animatronics/install/motor_commands/share/motor_commands/cmake/motor_commands__rosidl_typesupport_introspection_cExport-noconfig.cmake\n'}
[19.864138] (motor_commands) StdoutLine: {'line': b'-- Installing: /home/csanimatronics/CS_Animatronics/install/motor_commands/share/motor_commands/cmake/motor_commands__rosidl_typesupport_cExport.cmake\n'}
[19.864342] (motor_commands) StdoutLine: {'line': b'-- Installing: /home/csanimatronics/CS_Animatronics/install/motor_commands/share/motor_commands/cmake/motor_commands__rosidl_typesupport_cExport-noconfig.cmake\n'}
[19.864562] (motor_commands) StdoutLine: {'line': b'-- Installing: /home/csanimatronics/CS_Animatronics/install/motor_commands/share/motor_commands/cmake/motor_commands__rosidl_typesupport_introspection_cppExport.cmake\n'}
[19.864763] (motor_commands) StdoutLine: {'line': b'-- Installing: /home/csanimatronics/CS_Animatronics/install/motor_commands/share/motor_commands/cmake/motor_commands__rosidl_typesupport_introspection_cppExport-noconfig.cmake\n'}
[19.865029] (motor_commands) StdoutLine: {'line': b'-- Installing: /home/csanimatronics/CS_Animatronics/install/motor_commands/share/motor_commands/cmake/motor_commands__rosidl_typesupport_cppExport.cmake\n'}
[19.865237] (motor_commands) StdoutLine: {'line': b'-- Installing: /home/csanimatronics/CS_Animatronics/install/motor_commands/share/motor_commands/cmake/motor_commands__rosidl_typesupport_cppExport-noconfig.cmake\n'}
[19.865471] (motor_commands) StdoutLine: {'line': b'-- Installing: /home/csanimatronics/CS_Animatronics/install/motor_commands/share/motor_commands/cmake/export_motor_commands__rosidl_generator_pyExport.cmake\n'}
[19.865666] (motor_commands) StdoutLine: {'line': b'-- Installing: /home/csanimatronics/CS_Animatronics/install/motor_commands/share/motor_commands/cmake/export_motor_commands__rosidl_generator_pyExport-noconfig.cmake\n'}
[19.865866] (motor_commands) StdoutLine: {'line': b'-- Installing: /home/csanimatronics/CS_Animatronics/install/motor_commands/share/motor_commands/cmake/rosidl_cmake-extras.cmake\n'}
[19.866050] (motor_commands) StdoutLine: {'line': b'-- Installing: /home/csanimatronics/CS_Animatronics/install/motor_commands/share/motor_commands/cmake/ament_cmake_export_dependencies-extras.cmake\n'}
[19.866249] (motor_commands) StdoutLine: {'line': b'-- Installing: /home/csanimatronics/CS_Animatronics/install/motor_commands/share/motor_commands/cmake/ament_cmake_export_include_directories-extras.cmake\n'}
[19.866450] (motor_commands) StdoutLine: {'line': b'-- Installing: /home/csanimatronics/CS_Animatronics/install/motor_commands/share/motor_commands/cmake/ament_cmake_export_libraries-extras.cmake\n'}
[19.866648] (motor_commands) StdoutLine: {'line': b'-- Installing: /home/csanimatronics/CS_Animatronics/install/motor_commands/share/motor_commands/cmake/ament_cmake_export_targets-extras.cmake\n'}
[19.866829] (motor_commands) StdoutLine: {'line': b'-- Installing: /home/csanimatronics/CS_Animatronics/install/motor_commands/share/motor_commands/cmake/rosidl_cmake_export_typesupport_targets-extras.cmake\n'}
[19.867017] (motor_commands) StdoutLine: {'line': b'-- Installing: /home/csanimatronics/CS_Animatronics/install/motor_commands/share/motor_commands/cmake/rosidl_cmake_export_typesupport_libraries-extras.cmake\n'}
[19.867199] (motor_commands) StdoutLine: {'line': b'-- Installing: /home/csanimatronics/CS_Animatronics/install/motor_commands/share/motor_commands/cmake/motor_commandsConfig.cmake\n'}
[19.867345] (motor_commands) StdoutLine: {'line': b'-- Installing: /home/csanimatronics/CS_Animatronics/install/motor_commands/share/motor_commands/cmake/motor_commandsConfig-version.cmake\n'}
[19.867567] (motor_commands) StdoutLine: {'line': b'-- Installing: /home/csanimatronics/CS_Animatronics/install/motor_commands/share/motor_commands/package.xml\n'}
[19.871455] (motor_commands) CommandEnded: {'returncode': 0}
[19.893627] (motor_commands) JobEnded: {'identifier': 'motor_commands', 'rc': 0}
[19.895054] (motion_editor) JobStarted: {'identifier': 'motion_editor'}
[19.904041] (motor_controller) JobStarted: {'identifier': 'motor_controller'}
[19.908419] (-) TimerEvent: {}
[19.922940] (system_controller) JobStarted: {'identifier': 'system_controller'}
[20.008537] (-) TimerEvent: {}
[20.108854] (-) TimerEvent: {}
[20.209159] (-) TimerEvent: {}
[20.309510] (-) TimerEvent: {}
[20.409875] (-) TimerEvent: {}
[20.510163] (-) TimerEvent: {}
[20.610538] (-) TimerEvent: {}
[20.710974] (-) TimerEvent: {}
[20.811281] (-) TimerEvent: {}
[20.911621] (-) TimerEvent: {}
[21.011994] (-) TimerEvent: {}
[21.113397] (-) TimerEvent: {}
[21.213780] (-) TimerEvent: {}
[21.314149] (-) TimerEvent: {}
[21.414603] (-) TimerEvent: {}
[21.514929] (-) TimerEvent: {}
[21.615271] (-) TimerEvent: {}
[21.715635] (-) TimerEvent: {}
[21.816099] (-) TimerEvent: {}
[21.916667] (-) TimerEvent: {}
[21.969564] (motion_editor) Command: {'cmd': ['/usr/bin/python3', '-W', 'ignore:setup.py install is deprecated', '-W', 'ignore:easy_install command is deprecated', 'setup.py', 'egg_info', '--egg-base', '../../build/motion_editor', 'build', '--build-base', '/home/csanimatronics/CS_Animatronics/build/motion_editor/build', 'install', '--record', '/home/csanimatronics/CS_Animatronics/build/motion_editor/install.log', '--single-version-externally-managed', 'install_data'], 'cwd': '/home/csanimatronics/CS_Animatronics/src/motion_editor', 'env': {'LESSOPEN': '| /usr/bin/lesspipe %s', 'USER': 'csanimatronics', 'XDG_SESSION_TYPE': 'wayland', 'SHLVL': '1', 'LD_LIBRARY_PATH': '/home/csanimatronics/CS_Animatronics/install/motor_commands/lib:/opt/ros/jazzy/opt/rviz_ogre_vendor/lib:/opt/ros/jazzy/lib/aarch64-linux-gnu:/opt/ros/jazzy/opt/gz_math_vendor/lib:/opt/ros/jazzy/opt/gz_utils_vendor/lib:/opt/ros/jazzy/opt/gz_cmake_vendor/lib:/opt/ros/jazzy/lib', 'HOME': '/home/csanimatronics', 'OLDPWD': '/home/csanimatronics', 'DESKTOP_SESSION': 'ubuntu', 'ROS_PYTHON_VERSION': '3', 'GNOME_SHELL_SESSION_MODE': 'ubuntu', 'GTK_MODULES': 'gail:atk-bridge', 'SYSTEMD_EXEC_PID': '1641', 'GSM_SKIP_SSH_AGENT_WORKAROUND': 'true', 'DBUS_SESSION_BUS_ADDRESS': 'unix:path=/run/user/1002/bus', 'COLORTERM': 'truecolor', 'DEBUGINFOD_URLS': 'https://debuginfod.ubuntu.com', 'IM_CONFIG_PHASE': '1', 'WAYLAND_DISPLAY': 'wayland-0', 'ROS_DISTRO': 'jazzy', 'LOGNAME': 'csanimatronics', '_': '/usr/bin/colcon', 'ROS_VERSION': '2', 'MEMORY_PRESSURE_WATCH': '/sys/fs/cgroup/user.slice/user-1002.slice/user@1002.service/session.slice/org.gnome.Shell@wayland.service/memory.pressure', 'XDG_SESSION_CLASS': 'user', 'USERNAME': 'csanimatronics', 'TERM': 'xterm-256color', 'GNOME_DESKTOP_SESSION_ID': 'this-is-deprecated', 'PATH': '/opt/ros/jazzy/bin:/usr/local/sbin:/usr/local/bin:/usr/sbin:/usr/bin:/sbin:/bin:/usr/games:/usr/local/games:/snap/bin:/snap/bin', 'SESSION_MANAGER': 'local/csanimatronics-desktop:@/tmp/.ICE-unix/1612,unix/csanimatronics-desktop:/tmp/.ICE-unix/1612', 'XDG_MENU_PREFIX': 'gnome-', 'GNOME_TERMINAL_SCREEN': '/org/gnome/Terminal/screen/3ac86682_f1d1_4142_b161_45ce37502184', 'GNOME_SETUP_DISPLAY': ':1', 'XDG_RUNTIME_DIR': '/run/user/1002', 'DISPLAY': ':0', 'LANG': 'C.UTF-8', 'XDG_CURRENT_DESKTOP': 'ubuntu:GNOME', 'XMODIFIERS': '@im=ibus', 'XDG_SESSION_DESKTOP': 'ubuntu', 'XAUTHORITY': '/run/user/1002/.mutter-Xwaylandauth.N7O212', 'LS_COLORS': 'rs=0:di=01;34:ln=01;36:mh=00:pi=40;33:so=01;35:do=01;35:bd=40;33;01:cd=40;33;01:or=40;31;01:mi=00:su=37;41:sg=30;43:ca=00:tw=30;42:ow=34;42:st=37;44:ex=01;32:*.tar=01;31:*.tgz=01;31:*.arc=01;31:*.arj=01;31:*.taz=01;31:*.lha=01;31:*.lz4=01;31:*.lzh=01;31:*.lzma=01;31:*.tlz=01;31:*.txz=01;31:*.tzo=01;31:*.t7z=01;31:*.zip=01;31:*.z=01;31:*.dz=01;31:*.gz=01;31:*.lrz=01;31:*.lz=01;31:*.lzo=01;31:*.xz=01;31:*.zst=01;31:*.tzst=01;31:*.bz2=01;31:*.bz=01;31:*.tbz=01;31:*.tbz2=01;31:*.tz=01;31:*.deb=01;31:*.rpm=01;31:*.jar=01;31:*.war=01;31:*.ear=01;31:*.sar=01;31:*.rar=01;31:*.alz=01;31:*.ace=01;31:*.zoo=01;31:*.cpio=01;31:*.7z=01;31:*.rz=01;31:*.cab=01;31:*.wim=01;31:*.swm=01;31:*.dwm=01;31:*.esd=01;31:*.avif=01;35:*.jpg=01;35:*.jpeg=01;35:*.mjpg=01;35:*.mjpeg=01;35:*.gif=01;35:*.bmp=01;35:*.pbm=01;35:*.pgm=01;35:*.ppm=01;35:*.tga=01;35:*.xbm=01;35:*.xpm=01;35:*.tif=01;35:*.tiff=01;35:*.png=01;35:*.svg=01;35:*.svgz=01;35:*.mng=01;35:*.pcx=01;35:*.mov=01;35:*.mpg=01;35:*.mpeg=01;35:*.m2v=01;35:*.mkv=01;35:*.webm=01;35:*.webp=01;35:*.ogm=01;35:*.mp4=01;35:*.m4v=01;35:*.mp4v=01;35:*.vob=01;35:*.qt=01;35:*.nuv=01;35:*.wmv=01;35:*.asf=01;35:*.rm=01;35:*.rmvb=01;35:*.flc=01;35:*.avi=01;35:*.fli=01;35:*.flv=01;35:*.gl=01;35:*.dl=01;35:*.xcf=01;35:*.xwd=01;35:*.yuv=01;35:*.cgm=01;35:*.emf=01;35:*.ogv=01;35:*.ogx=01;35:*.aac=00;36:*.au=00;36:*.flac=00;36:*.m4a=00;36:*.mid=00;36:*.midi=00;36:*.mka=00;36:*.mp3=00;36:*.mpc=00;36:*.ogg=00;36:*.ra=00;36:*.wav=00;36:*.oga=00;36:*.opus=00;36:*.spx=00;36:*.xspf=00;36:*~=00;90:*#=00;90:*.bak=00;90:*.crdownload=00;90:*.dpkg-dist=00;90:*.dpkg-new=00;90:*.dpkg-old=00;90:*.dpkg-tmp=00;90:*.old=00;90:*.orig=00;90:*.part=00;90:*.rej=00;90:*.rpmnew=00;90:*.rpmorig=00;90:*.rpmsave=00;90:*.swp=00;90:*.tmp=00;90:*.ucf-dist=00;90:*.ucf-new=00;90:*.ucf-old=00;90:', 'GNOME_TERMINAL_SERVICE': ':1.103', 'SSH_AUTH_SOCK': '/run/user/1002/keyring/ssh', 'AMENT_PREFIX_PATH': '/home/csanimatronics/CS_Animatronics/install/motor_commands:/opt/ros/jazzy', 'SHELL': '/bin/bash', 'QT_ACCESSIBILITY': '1', 'GDMSESSION': 'ubuntu', 'LESSCLOSE': '/usr/bin/lesspipe %s %s', 'ROS_AUTOMATIC_DISCOVERY_RANGE': 'SUBNET', 'QT_IM_MODULE': 'ibus', 'PWD': '/home/csanimatronics/CS_Animatronics/build/motion_editor', 'XDG_CONFIG_DIRS': '/etc/xdg/xdg-ubuntu:/etc/xdg', 'XDG_DATA_DIRS': '/usr/share/ubuntu:/usr/share/gnome:/usr/local/share/:/usr/share/:/var/lib/snapd/desktop', 'PYTHONPATH': '/home/csanimatronics/CS_Animatronics/build/motion_editor/prefix_override:/usr/lib/python3/dist-packages/colcon_core/task/python/colcon_distutils_commands:/home/csanimatronics/CS_Animatronics/install/motion_editor/lib/python3.12/site-packages:/home/csanimatronics/CS_Animatronics/install/motor_commands/lib/python3.12/site-packages:/opt/ros/jazzy/lib/python3.12/site-packages', 'COLCON': '1', 'MEMORY_PRESSURE_WRITE': 'c29tZSAyMDAwMDAgMjAwMDAwMAA=', 'VTE_VERSION': '7600', 'CMAKE_PREFIX_PATH': '/home/csanimatronics/CS_Animatronics/install/motor_commands:/opt/ros/jazzy/opt/gz_math_vendor:/opt/ros/jazzy/opt/gz_utils_vendor:/opt/ros/jazzy/opt/gz_cmake_vendor'}, 'shell': False}
[21.973086] (system_controller) Command: {'cmd': ['/usr/bin/python3', '-W', 'ignore:setup.py install is deprecated', '-W', 'ignore:easy_install command is deprecated', 'setup.py', 'egg_info', '--egg-base', '../../build/system_controller', 'build', '--build-base', '/home/csanimatronics/CS_Animatronics/build/system_controller/build', 'install', '--record', '/home/csanimatronics/CS_Animatronics/build/system_controller/install.log', '--single-version-externally-managed', 'install_data'], 'cwd': '/home/csanimatronics/CS_Animatronics/src/system_controller', 'env': {'LESSOPEN': '| /usr/bin/lesspipe %s', 'USER': 'csanimatronics', 'XDG_SESSION_TYPE': 'wayland', 'SHLVL': '1', 'LD_LIBRARY_PATH': '/home/csanimatronics/CS_Animatronics/install/motor_commands/lib:/opt/ros/jazzy/opt/rviz_ogre_vendor/lib:/opt/ros/jazzy/lib/aarch64-linux-gnu:/opt/ros/jazzy/opt/gz_math_vendor/lib:/opt/ros/jazzy/opt/gz_utils_vendor/lib:/opt/ros/jazzy/opt/gz_cmake_vendor/lib:/opt/ros/jazzy/lib', 'HOME': '/home/csanimatronics', 'OLDPWD': '/home/csanimatronics', 'DESKTOP_SESSION': 'ubuntu', 'ROS_PYTHON_VERSION': '3', 'GNOME_SHELL_SESSION_MODE': 'ubuntu', 'GTK_MODULES': 'gail:atk-bridge', 'SYSTEMD_EXEC_PID': '1641', 'GSM_SKIP_SSH_AGENT_WORKAROUND': 'true', 'DBUS_SESSION_BUS_ADDRESS': 'unix:path=/run/user/1002/bus', 'COLORTERM': 'truecolor', 'DEBUGINFOD_URLS': 'https://debuginfod.ubuntu.com', 'IM_CONFIG_PHASE': '1', 'WAYLAND_DISPLAY': 'wayland-0', 'ROS_DISTRO': 'jazzy', 'LOGNAME': 'csanimatronics', '_': '/usr/bin/colcon', 'ROS_VERSION': '2', 'MEMORY_PRESSURE_WATCH': '/sys/fs/cgroup/user.slice/user-1002.slice/user@1002.service/session.slice/org.gnome.Shell@wayland.service/memory.pressure', 'XDG_SESSION_CLASS': 'user', 'USERNAME': 'csanimatronics', 'TERM': 'xterm-256color', 'GNOME_DESKTOP_SESSION_ID': 'this-is-deprecated', 'PATH': '/opt/ros/jazzy/bin:/usr/local/sbin:/usr/local/bin:/usr/sbin:/usr/bin:/sbin:/bin:/usr/games:/usr/local/games:/snap/bin:/snap/bin', 'SESSION_MANAGER': 'local/csanimatronics-desktop:@/tmp/.ICE-unix/1612,unix/csanimatronics-desktop:/tmp/.ICE-unix/1612', 'XDG_MENU_PREFIX': 'gnome-', 'GNOME_TERMINAL_SCREEN': '/org/gnome/Terminal/screen/3ac86682_f1d1_4142_b161_45ce37502184', 'GNOME_SETUP_DISPLAY': ':1', 'XDG_RUNTIME_DIR': '/run/user/1002', 'DISPLAY': ':0', 'LANG': 'C.UTF-8', 'XDG_CURRENT_DESKTOP': 'ubuntu:GNOME', 'XMODIFIERS': '@im=ibus', 'XDG_SESSION_DESKTOP': 'ubuntu', 'XAUTHORITY': '/run/user/1002/.mutter-Xwaylandauth.N7O212', 'LS_COLORS': 'rs=0:di=01;34:ln=01;36:mh=00:pi=40;33:so=01;35:do=01;35:bd=40;33;01:cd=40;33;01:or=40;31;01:mi=00:su=37;41:sg=30;43:ca=00:tw=30;42:ow=34;42:st=37;44:ex=01;32:*.tar=01;31:*.tgz=01;31:*.arc=01;31:*.arj=01;31:*.taz=01;31:*.lha=01;31:*.lz4=01;31:*.lzh=01;31:*.lzma=01;31:*.tlz=01;31:*.txz=01;31:*.tzo=01;31:*.t7z=01;31:*.zip=01;31:*.z=01;31:*.dz=01;31:*.gz=01;31:*.lrz=01;31:*.lz=01;31:*.lzo=01;31:*.xz=01;31:*.zst=01;31:*.tzst=01;31:*.bz2=01;31:*.bz=01;31:*.tbz=01;31:*.tbz2=01;31:*.tz=01;31:*.deb=01;31:*.rpm=01;31:*.jar=01;31:*.war=01;31:*.ear=01;31:*.sar=01;31:*.rar=01;31:*.alz=01;31:*.ace=01;31:*.zoo=01;31:*.cpio=01;31:*.7z=01;31:*.rz=01;31:*.cab=01;31:*.wim=01;31:*.swm=01;31:*.dwm=01;31:*.esd=01;31:*.avif=01;35:*.jpg=01;35:*.jpeg=01;35:*.mjpg=01;35:*.mjpeg=01;35:*.gif=01;35:*.bmp=01;35:*.pbm=01;35:*.pgm=01;35:*.ppm=01;35:*.tga=01;35:*.xbm=01;35:*.xpm=01;35:*.tif=01;35:*.tiff=01;35:*.png=01;35:*.svg=01;35:*.svgz=01;35:*.mng=01;35:*.pcx=01;35:*.mov=01;35:*.mpg=01;35:*.mpeg=01;35:*.m2v=01;35:*.mkv=01;35:*.webm=01;35:*.webp=01;35:*.ogm=01;35:*.mp4=01;35:*.m4v=01;35:*.mp4v=01;35:*.vob=01;35:*.qt=01;35:*.nuv=01;35:*.wmv=01;35:*.asf=01;35:*.rm=01;35:*.rmvb=01;35:*.flc=01;35:*.avi=01;35:*.fli=01;35:*.flv=01;35:*.gl=01;35:*.dl=01;35:*.xcf=01;35:*.xwd=01;35:*.yuv=01;35:*.cgm=01;35:*.emf=01;35:*.ogv=01;35:*.ogx=01;35:*.aac=00;36:*.au=00;36:*.flac=00;36:*.m4a=00;36:*.mid=00;36:*.midi=00;36:*.mka=00;36:*.mp3=00;36:*.mpc=00;36:*.ogg=00;36:*.ra=00;36:*.wav=00;36:*.oga=00;36:*.opus=00;36:*.spx=00;36:*.xspf=00;36:*~=00;90:*#=00;90:*.bak=00;90:*.crdownload=00;90:*.dpkg-dist=00;90:*.dpkg-new=00;90:*.dpkg-old=00;90:*.dpkg-tmp=00;90:*.old=00;90:*.orig=00;90:*.part=00;90:*.rej=00;90:*.rpmnew=00;90:*.rpmorig=00;90:*.rpmsave=00;90:*.swp=00;90:*.tmp=00;90:*.ucf-dist=00;90:*.ucf-new=00;90:*.ucf-old=00;90:', 'GNOME_TERMINAL_SERVICE': ':1.103', 'SSH_AUTH_SOCK': '/run/user/1002/keyring/ssh', 'AMENT_PREFIX_PATH': '/home/csanimatronics/CS_Animatronics/install/motor_commands:/opt/ros/jazzy', 'SHELL': '/bin/bash', 'QT_ACCESSIBILITY': '1', 'GDMSESSION': 'ubuntu', 'LESSCLOSE': '/usr/bin/lesspipe %s %s', 'ROS_AUTOMATIC_DISCOVERY_RANGE': 'SUBNET', 'QT_IM_MODULE': 'ibus', 'PWD': '/home/csanimatronics/CS_Animatronics/build/system_controller', 'XDG_CONFIG_DIRS': '/etc/xdg/xdg-ubuntu:/etc/xdg', 'XDG_DATA_DIRS': '/usr/share/ubuntu:/usr/share/gnome:/usr/local/share/:/usr/share/:/var/lib/snapd/desktop', 'PYTHONPATH': '/home/csanimatronics/CS_Animatronics/build/system_controller/prefix_override:/usr/lib/python3/dist-packages/colcon_core/task/python/colcon_distutils_commands:/home/csanimatronics/CS_Animatronics/install/system_controller/lib/python3.12/site-packages:/home/csanimatronics/CS_Animatronics/install/motor_commands/lib/python3.12/site-packages:/opt/ros/jazzy/lib/python3.12/site-packages', 'COLCON': '1', 'MEMORY_PRESSURE_WRITE': 'c29tZSAyMDAwMDAgMjAwMDAwMAA=', 'VTE_VERSION': '7600', 'CMAKE_PREFIX_PATH': '/home/csanimatronics/CS_Animatronics/install/motor_commands:/opt/ros/jazzy/opt/gz_math_vendor:/opt/ros/jazzy/opt/gz_utils_vendor:/opt/ros/jazzy/opt/gz_cmake_vendor'}, 'shell': False}
[22.013928] (motor_controller) Command: {'cmd': ['/usr/bin/python3', '-W', 'ignore:setup.py install is deprecated', '-W', 'ignore:easy_install command is deprecated', 'setup.py', 'egg_info', '--egg-base', '../../build/motor_controller', 'build', '--build-base', '/home/csanimatronics/CS_Animatronics/build/motor_controller/build', 'install', '--record', '/home/csanimatronics/CS_Animatronics/build/motor_controller/install.log', '--single-version-externally-managed', 'install_data'], 'cwd': '/home/csanimatronics/CS_Animatronics/src/motor_controller', 'env': {'LESSOPEN': '| /usr/bin/lesspipe %s', 'USER': 'csanimatronics', 'XDG_SESSION_TYPE': 'wayland', 'SHLVL': '1', 'LD_LIBRARY_PATH': '/home/csanimatronics/CS_Animatronics/install/motor_commands/lib:/home/csanimatronics/CS_Animatronics/install/dynamixel_sdk_custom_interfaces/lib:/home/csanimatronics/CS_Animatronics/install/dynamixel_sdk/lib:/opt/ros/jazzy/opt/rviz_ogre_vendor/lib:/opt/ros/jazzy/lib/aarch64-linux-gnu:/opt/ros/jazzy/opt/gz_math_vendor/lib:/opt/ros/jazzy/opt/gz_utils_vendor/lib:/opt/ros/jazzy/opt/gz_cmake_vendor/lib:/opt/ros/jazzy/lib', 'HOME': '/home/csanimatronics', 'OLDPWD': '/home/csanimatronics', 'DESKTOP_SESSION': 'ubuntu', 'ROS_PYTHON_VERSION': '3', 'GNOME_SHELL_SESSION_MODE': 'ubuntu', 'GTK_MODULES': 'gail:atk-bridge', 'SYSTEMD_EXEC_PID': '1641', 'GSM_SKIP_SSH_AGENT_WORKAROUND': 'true', 'DBUS_SESSION_BUS_ADDRESS': 'unix:path=/run/user/1002/bus', 'COLORTERM': 'truecolor', 'DEBUGINFOD_URLS': 'https://debuginfod.ubuntu.com', 'IM_CONFIG_PHASE': '1', 'WAYLAND_DISPLAY': 'wayland-0', 'ROS_DISTRO': 'jazzy', 'LOGNAME': 'csanimatronics', '_': '/usr/bin/colcon', 'ROS_VERSION': '2', 'MEMORY_PRESSURE_WATCH': '/sys/fs/cgroup/user.slice/user-1002.slice/user@1002.service/session.slice/org.gnome.Shell@wayland.service/memory.pressure', 'XDG_SESSION_CLASS': 'user', 'USERNAME': 'csanimatronics', 'TERM': 'xterm-256color', 'GNOME_DESKTOP_SESSION_ID': 'this-is-deprecated', 'PATH': '/opt/ros/jazzy/bin:/usr/local/sbin:/usr/local/bin:/usr/sbin:/usr/bin:/sbin:/bin:/usr/games:/usr/local/games:/snap/bin:/snap/bin', 'SESSION_MANAGER': 'local/csanimatronics-desktop:@/tmp/.ICE-unix/1612,unix/csanimatronics-desktop:/tmp/.ICE-unix/1612', 'XDG_MENU_PREFIX': 'gnome-', 'GNOME_TERMINAL_SCREEN': '/org/gnome/Terminal/screen/3ac86682_f1d1_4142_b161_45ce37502184', 'GNOME_SETUP_DISPLAY': ':1', 'XDG_RUNTIME_DIR': '/run/user/1002', 'DISPLAY': ':0', 'LANG': 'C.UTF-8', 'XDG_CURRENT_DESKTOP': 'ubuntu:GNOME', 'XMODIFIERS': '@im=ibus', 'XDG_SESSION_DESKTOP': 'ubuntu', 'XAUTHORITY': '/run/user/1002/.mutter-Xwaylandauth.N7O212', 'LS_COLORS': 'rs=0:di=01;34:ln=01;36:mh=00:pi=40;33:so=01;35:do=01;35:bd=40;33;01:cd=40;33;01:or=40;31;01:mi=00:su=37;41:sg=30;43:ca=00:tw=30;42:ow=34;42:st=37;44:ex=01;32:*.tar=01;31:*.tgz=01;31:*.arc=01;31:*.arj=01;31:*.taz=01;31:*.lha=01;31:*.lz4=01;31:*.lzh=01;31:*.lzma=01;31:*.tlz=01;31:*.txz=01;31:*.tzo=01;31:*.t7z=01;31:*.zip=01;31:*.z=01;31:*.dz=01;31:*.gz=01;31:*.lrz=01;31:*.lz=01;31:*.lzo=01;31:*.xz=01;31:*.zst=01;31:*.tzst=01;31:*.bz2=01;31:*.bz=01;31:*.tbz=01;31:*.tbz2=01;31:*.tz=01;31:*.deb=01;31:*.rpm=01;31:*.jar=01;31:*.war=01;31:*.ear=01;31:*.sar=01;31:*.rar=01;31:*.alz=01;31:*.ace=01;31:*.zoo=01;31:*.cpio=01;31:*.7z=01;31:*.rz=01;31:*.cab=01;31:*.wim=01;31:*.swm=01;31:*.dwm=01;31:*.esd=01;31:*.avif=01;35:*.jpg=01;35:*.jpeg=01;35:*.mjpg=01;35:*.mjpeg=01;35:*.gif=01;35:*.bmp=01;35:*.pbm=01;35:*.pgm=01;35:*.ppm=01;35:*.tga=01;35:*.xbm=01;35:*.xpm=01;35:*.tif=01;35:*.tiff=01;35:*.png=01;35:*.svg=01;35:*.svgz=01;35:*.mng=01;35:*.pcx=01;35:*.mov=01;35:*.mpg=01;35:*.mpeg=01;35:*.m2v=01;35:*.mkv=01;35:*.webm=01;35:*.webp=01;35:*.ogm=01;35:*.mp4=01;35:*.m4v=01;35:*.mp4v=01;35:*.vob=01;35:*.qt=01;35:*.nuv=01;35:*.wmv=01;35:*.asf=01;35:*.rm=01;35:*.rmvb=01;35:*.flc=01;35:*.avi=01;35:*.fli=01;35:*.flv=01;35:*.gl=01;35:*.dl=01;35:*.xcf=01;35:*.xwd=01;35:*.yuv=01;35:*.cgm=01;35:*.emf=01;35:*.ogv=01;35:*.ogx=01;35:*.aac=00;36:*.au=00;36:*.flac=00;36:*.m4a=00;36:*.mid=00;36:*.midi=00;36:*.mka=00;36:*.mp3=00;36:*.mpc=00;36:*.ogg=00;36:*.ra=00;36:*.wav=00;36:*.oga=00;36:*.opus=00;36:*.spx=00;36:*.xspf=00;36:*~=00;90:*#=00;90:*.bak=00;90:*.crdownload=00;90:*.dpkg-dist=00;90:*.dpkg-new=00;90:*.dpkg-old=00;90:*.dpkg-tmp=00;90:*.old=00;90:*.orig=00;90:*.part=00;90:*.rej=00;90:*.rpmnew=00;90:*.rpmorig=00;90:*.rpmsave=00;90:*.swp=00;90:*.tmp=00;90:*.ucf-dist=00;90:*.ucf-new=00;90:*.ucf-old=00;90:', 'GNOME_TERMINAL_SERVICE': ':1.103', 'SSH_AUTH_SOCK': '/run/user/1002/keyring/ssh', 'AMENT_PREFIX_PATH': '/home/csanimatronics/CS_Animatronics/install/motor_commands:/home/csanimatronics/CS_Animatronics/install/dynamixel_sdk_custom_interfaces:/home/csanimatronics/CS_Animatronics/install/dynamixel_sdk:/opt/ros/jazzy', 'SHELL': '/bin/bash', 'QT_ACCESSIBILITY': '1', 'GDMSESSION': 'ubuntu', 'LESSCLOSE': '/usr/bin/lesspipe %s %s', 'ROS_AUTOMATIC_DISCOVERY_RANGE': 'SUBNET', 'QT_IM_MODULE': 'ibus', 'PWD': '/home/csanimatronics/CS_Animatronics/build/motor_controller', 'XDG_CONFIG_DIRS': '/etc/xdg/xdg-ubuntu:/etc/xdg', 'XDG_DATA_DIRS': '/usr/share/ubuntu:/usr/share/gnome:/usr/local/share/:/usr/share/:/var/lib/snapd/desktop', 'PYTHONPATH': '/home/csanimatronics/CS_Animatronics/build/motor_controller/prefix_override:/usr/lib/python3/dist-packages/colcon_core/task/python/colcon_distutils_commands:/home/csanimatronics/CS_Animatronics/install/motor_controller/lib/python3.12/site-packages:/home/csanimatronics/CS_Animatronics/install/motor_commands/lib/python3.12/site-packages:/home/csanimatronics/CS_Animatronics/install/dynamixel_sdk_custom_interfaces/lib/python3.12/site-packages:/opt/ros/jazzy/lib/python3.12/site-packages', 'COLCON': '1', 'MEMORY_PRESSURE_WRITE': 'c29tZSAyMDAwMDAgMjAwMDAwMAA=', 'VTE_VERSION': '7600', 'CMAKE_PREFIX_PATH': '/home/csanimatronics/CS_Animatronics/install/motor_commands:/home/csanimatronics/CS_Animatronics/install/dynamixel_sdk_custom_interfaces:/home/csanimatronics/CS_Animatronics/install/dynamixel_sdk:/opt/ros/jazzy/opt/gz_math_vendor:/opt/ros/jazzy/opt/gz_utils_vendor:/opt/ros/jazzy/opt/gz_cmake_vendor'}, 'shell': False}
[22.016910] (-) TimerEvent: {}
[22.120655] (-) TimerEvent: {}
[22.221008] (-) TimerEvent: {}
[22.321352] (-) TimerEvent: {}
[22.393448] (motion_editor) StdoutLine: {'line': b'running egg_info\n'}
[22.393974] (motion_editor) StdoutLine: {'line': b'creating ../../build/motion_editor/motion_editor.egg-info\n'}
[22.402205] (system_controller) StdoutLine: {'line': b'running egg_info\n'}
[22.402775] (system_controller) StdoutLine: {'line': b'creating ../../build/system_controller/system_controller.egg-info\n'}
[22.418985] (motion_editor) StdoutLine: {'line': b'writing ../../build/motion_editor/motion_editor.egg-info/PKG-INFO\n'}
[22.419435] (motion_editor) StdoutLine: {'line': b'writing dependency_links to ../../build/motion_editor/motion_editor.egg-info/dependency_links.txt\n'}
[22.419684] (motion_editor) StdoutLine: {'line': b'writing entry points to ../../build/motion_editor/motion_editor.egg-info/entry_points.txt\n'}
[22.419860] (motion_editor) StdoutLine: {'line': b'writing requirements to ../../build/motion_editor/motion_editor.egg-info/requires.txt\n'}
[22.420006] (motion_editor) StdoutLine: {'line': b'writing top-level names to ../../build/motion_editor/motion_editor.egg-info/top_level.txt\n'}
[22.420165] (motion_editor) StdoutLine: {'line': b"writing manifest file '../../build/motion_editor/motion_editor.egg-info/SOURCES.txt'\n"}
[22.421412] (-) TimerEvent: {}
[22.430702] (motor_controller) StdoutLine: {'line': b'running egg_info\n'}
[22.431252] (motor_controller) StdoutLine: {'line': b'creating ../../build/motor_controller/motor_controller.egg-info\n'}
[22.431694] (system_controller) StdoutLine: {'line': b'writing ../../build/system_controller/system_controller.egg-info/PKG-INFO\n'}
[22.432107] (system_controller) StdoutLine: {'line': b'writing dependency_links to ../../build/system_controller/system_controller.egg-info/dependency_links.txt\n'}
[22.432361] (system_controller) StdoutLine: {'line': b'writing entry points to ../../build/system_controller/system_controller.egg-info/entry_points.txt\n'}
[22.432550] (system_controller) StdoutLine: {'line': b'writing requirements to ../../build/system_controller/system_controller.egg-info/requires.txt\n'}
[22.432684] (system_controller) StdoutLine: {'line': b'writing top-level names to ../../build/system_controller/system_controller.egg-info/top_level.txt\n'}
[22.433151] (system_controller) StdoutLine: {'line': b"writing manifest file '../../build/system_controller/system_controller.egg-info/SOURCES.txt'\n"}
[22.456615] (motor_controller) StdoutLine: {'line': b'writing ../../build/motor_controller/motor_controller.egg-info/PKG-INFO\n'}
[22.457033] (motor_controller) StdoutLine: {'line': b'writing dependency_links to ../../build/motor_controller/motor_controller.egg-info/dependency_links.txt\n'}
[22.457292] (motor_controller) StdoutLine: {'line': b'writing entry points to ../../build/motor_controller/motor_controller.egg-info/entry_points.txt\n'}
[22.457488] (motor_controller) StdoutLine: {'line': b'writing requirements to ../../build/motor_controller/motor_controller.egg-info/requires.txt\n'}
[22.457630] (motor_controller) StdoutLine: {'line': b'writing top-level names to ../../build/motor_controller/motor_controller.egg-info/top_level.txt\n'}
[22.457776] (motor_controller) StdoutLine: {'line': b"writing manifest file '../../build/motor_controller/motor_controller.egg-info/SOURCES.txt'\n"}
[22.476494] (motion_editor) StdoutLine: {'line': b"reading manifest file '../../build/motion_editor/motion_editor.egg-info/SOURCES.txt'\n"}
[22.477465] (motion_editor) StdoutLine: {'line': b"writing manifest file '../../build/motion_editor/motion_editor.egg-info/SOURCES.txt'\n"}
[22.477684] (motion_editor) StdoutLine: {'line': b'running build\n'}
[22.477817] (motion_editor) StdoutLine: {'line': b'running build_py\n'}
[22.478010] (motion_editor) StdoutLine: {'line': b'creating /home/csanimatronics/CS_Animatronics/build/motion_editor/build\n'}
[22.478144] (motion_editor) StdoutLine: {'line': b'creating /home/csanimatronics/CS_Animatronics/build/motion_editor/build/lib\n'}
[22.478279] (motion_editor) StdoutLine: {'line': b'creating /home/csanimatronics/CS_Animatronics/build/motion_editor/build/lib/motion_editor\n'}
[22.478459] (motion_editor) StdoutLine: {'line': b'copying motion_editor/motion_editor.py -> /home/csanimatronics/CS_Animatronics/build/motion_editor/build/lib/motion_editor\n'}
[22.478632] (motion_editor) StdoutLine: {'line': b'copying motion_editor/__init__.py -> /home/csanimatronics/CS_Animatronics/build/motion_editor/build/lib/motion_editor\n'}
[22.478924] (motion_editor) StdoutLine: {'line': b'running install\n'}
[22.485649] (system_controller) StdoutLine: {'line': b"reading manifest file '../../build/system_controller/system_controller.egg-info/SOURCES.txt'\n"}
[22.486626] (system_controller) StdoutLine: {'line': b"writing manifest file '../../build/system_controller/system_controller.egg-info/SOURCES.txt'\n"}
[22.486851] (system_controller) StdoutLine: {'line': b'running build\n'}
[22.486986] (system_controller) StdoutLine: {'line': b'running build_py\n'}
[22.487215] (system_controller) StdoutLine: {'line': b'creating /home/csanimatronics/CS_Animatronics/build/system_controller/build\n'}
[22.487362] (system_controller) StdoutLine: {'line': b'creating /home/csanimatronics/CS_Animatronics/build/system_controller/build/lib\n'}
[22.487511] (system_controller) StdoutLine: {'line': b'creating /home/csanimatronics/CS_Animatronics/build/system_controller/build/lib/system_controller\n'}
[22.487661] (system_controller) StdoutLine: {'line': b'copying system_controller/system_controller.py -> /home/csanimatronics/CS_Animatronics/build/system_controller/build/lib/system_controller\n'}
[22.487824] (system_controller) StdoutLine: {'line': b'copying system_controller/__init__.py -> /home/csanimatronics/CS_Animatronics/build/system_controller/build/lib/system_controller\n'}
[22.488114] (system_controller) StdoutLine: {'line': b'running install\n'}
[22.488965] (motion_editor) StdoutLine: {'line': b'running install_lib\n'}
[22.497760] (system_controller) StdoutLine: {'line': b'running install_lib\n'}
[22.510698] (motor_controller) StdoutLine: {'line': b"reading manifest file '../../build/motor_controller/motor_controller.egg-info/SOURCES.txt'\n"}
[22.511681] (motor_controller) StdoutLine: {'line': b"writing manifest file '../../build/motor_controller/motor_controller.egg-info/SOURCES.txt'\n"}
[22.511898] (motor_controller) StdoutLine: {'line': b'running build\n'}
[22.512036] (motor_controller) StdoutLine: {'line': b'running build_py\n'}
[22.512227] (motor_controller) StdoutLine: {'line': b'creating /home/csanimatronics/CS_Animatronics/build/motor_controller/build\n'}
[22.512407] (motor_controller) StdoutLine: {'line': b'creating /home/csanimatronics/CS_Animatronics/build/motor_controller/build/lib\n'}
[22.512584] (motor_controller) StdoutLine: {'line': b'creating /home/csanimatronics/CS_Animatronics/build/motor_controller/build/lib/motor_controller\n'}
[22.512742] (motor_controller) StdoutLine: {'line': b'copying motor_controller/motor_controller.py -> /home/csanimatronics/CS_Animatronics/build/motor_controller/build/lib/motor_controller\n'}
[22.512911] (motor_controller) StdoutLine: {'line': b'copying motor_controller/__init__.py -> /home/csanimatronics/CS_Animatronics/build/motor_controller/build/lib/motor_controller\n'}
[22.513228] (motor_controller) StdoutLine: {'line': b'running install\n'}
[22.515270] (motion_editor) StdoutLine: {'line': b'creating /home/csanimatronics/CS_Animatronics/install/motion_editor/lib/python3.12/site-packages/motion_editor\n'}
[22.515507] (motion_editor) StdoutLine: {'line': b'copying /home/csanimatronics/CS_Animatronics/build/motion_editor/build/lib/motion_editor/motion_editor.py -> /home/csanimatronics/CS_Animatronics/install/motion_editor/lib/python3.12/site-packages/motion_editor\n'}
[22.515696] (motion_editor) StdoutLine: {'line': b'copying /home/csanimatronics/CS_Animatronics/build/motion_editor/build/lib/motion_editor/__init__.py -> /home/csanimatronics/CS_Animatronics/install/motion_editor/lib/python3.12/site-packages/motion_editor\n'}
[22.516538] (motion_editor) StdoutLine: {'line': b'byte-compiling /home/csanimatronics/CS_Animatronics/install/motion_editor/lib/python3.12/site-packages/motion_editor/motion_editor.py to motion_editor.cpython-312.pyc\n'}
[22.517601] (motion_editor) StderrLine: {'line': b'  File "/home/csanimatronics/CS_Animatronics/install/motion_editor/lib/python3.12/site-packages/motion_editor/motion_editor.py", line 45\n'}
[22.517792] (motion_editor) StderrLine: {'line': b'    excrpt Exception as e:\n'}
[22.517891] (motion_editor) StderrLine: {'line': b'    ^^^^^^\n'}
[22.517980] (motion_editor) StderrLine: {'line': b"SyntaxError: expected 'except' or 'finally' block\n"}
[22.518061] (motion_editor) StderrLine: {'line': b'\n'}
[22.518227] (motion_editor) StdoutLine: {'line': b'byte-compiling /home/csanimatronics/CS_Animatronics/install/motion_editor/lib/python3.12/site-packages/motion_editor/__init__.py to __init__.cpython-312.pyc\n'}
[22.518370] (motion_editor) StdoutLine: {'line': b'running install_data\n'}
[22.518532] (motion_editor) StdoutLine: {'line': b'creating /home/csanimatronics/CS_Animatronics/install/motion_editor/share/ament_index\n'}
[22.518666] (motion_editor) StdoutLine: {'line': b'creating /home/csanimatronics/CS_Animatronics/install/motion_editor/share/ament_index/resource_index\n'}
[22.518796] (motion_editor) StdoutLine: {'line': b'creating /home/csanimatronics/CS_Animatronics/install/motion_editor/share/ament_index/resource_index/packages\n'}
[22.518943] (motion_editor) StdoutLine: {'line': b'copying resource/motion_editor -> /home/csanimatronics/CS_Animatronics/install/motion_editor/share/ament_index/resource_index/packages\n'}
[22.519036] (motion_editor) StdoutLine: {'line': b'copying package.xml -> /home/csanimatronics/CS_Animatronics/install/motion_editor/share/motion_editor\n'}
[22.519117] (motion_editor) StdoutLine: {'line': b'running install_egg_info\n'}
[22.521499] (-) TimerEvent: {}
[22.527914] (motor_controller) StdoutLine: {'line': b'running install_lib\n'}
[22.528783] (system_controller) StdoutLine: {'line': b'creating /home/csanimatronics/CS_Animatronics/install/system_controller/lib/python3.12/site-packages/system_controller\n'}
[22.529151] (system_controller) StdoutLine: {'line': b'copying /home/csanimatronics/CS_Animatronics/build/system_controller/build/lib/system_controller/system_controller.py -> /home/csanimatronics/CS_Animatronics/install/system_controller/lib/python3.12/site-packages/system_controller\n'}
[22.531478] (system_controller) StdoutLine: {'line': b'copying /home/csanimatronics/CS_Animatronics/build/system_controller/build/lib/system_controller/__init__.py -> /home/csanimatronics/CS_Animatronics/install/system_controller/lib/python3.12/site-packages/system_controller\n'}
[22.531801] (system_controller) StdoutLine: {'line': b'byte-compiling /home/csanimatronics/CS_Animatronics/install/system_controller/lib/python3.12/site-packages/system_controller/system_controller.py to system_controller.cpython-312.pyc\n'}
[22.535775] (system_controller) StdoutLine: {'line': b'byte-compiling /home/csanimatronics/CS_Animatronics/install/system_controller/lib/python3.12/site-packages/system_controller/__init__.py to __init__.cpython-312.pyc\n'}
[22.536066] (system_controller) StdoutLine: {'line': b'running install_data\n'}
[22.536216] (system_controller) StdoutLine: {'line': b'creating /home/csanimatronics/CS_Animatronics/install/system_controller/share/ament_index\n'}
[22.536411] (system_controller) StdoutLine: {'line': b'creating /home/csanimatronics/CS_Animatronics/install/system_controller/share/ament_index/resource_index\n'}
[22.536556] (system_controller) StdoutLine: {'line': b'creating /home/csanimatronics/CS_Animatronics/install/system_controller/share/ament_index/resource_index/packages\n'}
[22.536689] (system_controller) StdoutLine: {'line': b'copying resource/system_controller -> /home/csanimatronics/CS_Animatronics/install/system_controller/share/ament_index/resource_index/packages\n'}
[22.536810] (system_controller) StdoutLine: {'line': b'copying package.xml -> /home/csanimatronics/CS_Animatronics/install/system_controller/share/system_controller\n'}
[22.536970] (system_controller) StdoutLine: {'line': b'creating /home/csanimatronics/CS_Animatronics/install/system_controller/share/system_controller/msg\n'}
[22.537095] (system_controller) StdoutLine: {'line': b'running install_egg_info\n'}
[22.552020] (motion_editor) StdoutLine: {'line': b'Copying ../../build/motion_editor/motion_editor.egg-info to /home/csanimatronics/CS_Animatronics/install/motion_editor/lib/python3.12/site-packages/motion_editor-0.0.0-py3.12.egg-info\n'}
[22.553352] (motion_editor) StdoutLine: {'line': b'running install_scripts\n'}
[22.554579] (motor_controller) StdoutLine: {'line': b'creating /home/csanimatronics/CS_Animatronics/install/motor_controller/lib/python3.12/site-packages/motor_controller\n'}
[22.554779] (motor_controller) StdoutLine: {'line': b'copying /home/csanimatronics/CS_Animatronics/build/motor_controller/build/lib/motor_controller/motor_controller.py -> /home/csanimatronics/CS_Animatronics/install/motor_controller/lib/python3.12/site-packages/motor_controller\n'}
[22.554975] (motor_controller) StdoutLine: {'line': b'copying /home/csanimatronics/CS_Animatronics/build/motor_controller/build/lib/motor_controller/__init__.py -> /home/csanimatronics/CS_Animatronics/install/motor_controller/lib/python3.12/site-packages/motor_controller\n'}
[22.555855] (motor_controller) StdoutLine: {'line': b'byte-compiling /home/csanimatronics/CS_Animatronics/install/motor_controller/lib/python3.12/site-packages/motor_controller/motor_controller.py to motor_controller.cpython-312.pyc\n'}
[22.560622] (motor_controller) StdoutLine: {'line': b'byte-compiling /home/csanimatronics/CS_Animatronics/install/motor_controller/lib/python3.12/site-packages/motor_controller/__init__.py to __init__.cpython-312.pyc\n'}
[22.560928] (motor_controller) StdoutLine: {'line': b'running install_data\n'}
[22.561089] (motor_controller) StdoutLine: {'line': b'creating /home/csanimatronics/CS_Animatronics/install/motor_controller/share/ament_index\n'}
[22.561235] (motor_controller) StdoutLine: {'line': b'creating /home/csanimatronics/CS_Animatronics/install/motor_controller/share/ament_index/resource_index\n'}
[22.561404] (motor_controller) StdoutLine: {'line': b'creating /home/csanimatronics/CS_Animatronics/install/motor_controller/share/ament_index/resource_index/packages\n'}
[22.561555] (motor_controller) StdoutLine: {'line': b'copying resource/motor_controller -> /home/csanimatronics/CS_Animatronics/install/motor_controller/share/ament_index/resource_index/packages\n'}
[22.561693] (motor_controller) StdoutLine: {'line': b'copying package.xml -> /home/csanimatronics/CS_Animatronics/install/motor_controller/share/motor_controller\n'}
[22.561832] (motor_controller) StdoutLine: {'line': b'creating /home/csanimatronics/CS_Animatronics/install/motor_controller/share/motor_controller/msg\n'}
[22.561973] (motor_controller) StdoutLine: {'line': b'creating /home/csanimatronics/CS_Animatronics/install/motor_controller/share/motor_controller/srv\n'}
[22.562099] (motor_controller) StdoutLine: {'line': b'running install_egg_info\n'}
[22.565736] (system_controller) StdoutLine: {'line': b'Copying ../../build/system_controller/system_controller.egg-info to /home/csanimatronics/CS_Animatronics/install/system_controller/lib/python3.12/site-packages/system_controller-0.0.0-py3.12.egg-info\n'}
[22.567030] (system_controller) StdoutLine: {'line': b'running install_scripts\n'}
[22.590436] (motor_controller) StdoutLine: {'line': b'Copying ../../build/motor_controller/motor_controller.egg-info to /home/csanimatronics/CS_Animatronics/install/motor_controller/lib/python3.12/site-packages/motor_controller-0.0.0-py3.12.egg-info\n'}
[22.591842] (motor_controller) StdoutLine: {'line': b'running install_scripts\n'}
[22.621631] (-) TimerEvent: {}
[22.722000] (-) TimerEvent: {}
[22.752505] (motion_editor) StdoutLine: {'line': b'Installing motion_editor script to /home/csanimatronics/CS_Animatronics/install/motion_editor/lib/motion_editor\n'}
[22.752871] (motion_editor) StdoutLine: {'line': b'Installing system_controller script to /home/csanimatronics/CS_Animatronics/install/motion_editor/lib/motion_editor\n'}
[22.753347] (motion_editor) StdoutLine: {'line': b"writing list of installed files to '/home/csanimatronics/CS_Animatronics/build/motion_editor/install.log'\n"}
[22.771393] (system_controller) StdoutLine: {'line': b'Installing controller_publisher script to /home/csanimatronics/CS_Animatronics/install/system_controller/lib/system_controller\n'}
[22.771716] (system_controller) StdoutLine: {'line': b'Installing system_controller script to /home/csanimatronics/CS_Animatronics/install/system_controller/lib/system_controller\n'}
[22.772350] (system_controller) StdoutLine: {'line': b"writing list of installed files to '/home/csanimatronics/CS_Animatronics/build/system_controller/install.log'\n"}
[22.809382] (motor_controller) StdoutLine: {'line': b'Installing motion_editor script to /home/csanimatronics/CS_Animatronics/install/motor_controller/lib/motor_controller\n'}
[22.809923] (motor_controller) StdoutLine: {'line': b'Installing motor_controller script to /home/csanimatronics/CS_Animatronics/install/motor_controller/lib/motor_controller\n'}
[22.810266] (motor_controller) StdoutLine: {'line': b'Installing system_controller script to /home/csanimatronics/CS_Animatronics/install/motor_controller/lib/motor_controller\n'}
[22.811036] (motor_controller) StdoutLine: {'line': b"writing list of installed files to '/home/csanimatronics/CS_Animatronics/build/motor_controller/install.log'\n"}
[22.822176] (-) TimerEvent: {}
[22.889875] (motion_editor) CommandEnded: {'returncode': 0}
[22.904378] (motion_editor) JobEnded: {'identifier': 'motion_editor', 'rc': 0}
[22.917360] (system_controller) CommandEnded: {'returncode': 0}
[22.922415] (-) TimerEvent: {}
[22.926418] (system_controller) JobEnded: {'identifier': 'system_controller', 'rc': 0}
[22.950223] (motor_controller) CommandEnded: {'returncode': 0}
[22.959380] (motor_controller) JobEnded: {'identifier': 'motor_controller', 'rc': 0}
[22.960344] (-) EventReactorShutdown: {}
