[0.000000] (-) TimerEvent: {}
[0.000377] (controller_publisher) JobQueued: {'identifier': 'controller_publisher', 'dependencies': OrderedDict()}
[0.000434] (dynamixel_sdk) JobQueued: {'identifier': 'dynamixel_sdk', 'dependencies': OrderedDict()}
[0.000461] (dynamixel_sdk_custom_interfaces) JobQueued: {'identifier': 'dynamixel_sdk_custom_interfaces', 'dependencies': OrderedDict()}
[0.000487] (motor_commands) JobQueued: {'identifier': 'motor_commands', 'dependencies': OrderedDict()}
[0.000520] (motion_editor) JobQueued: {'identifier': 'motion_editor', 'dependencies': OrderedDict({'motor_commands': '/home/csanimatronics/CS_Animatronics/install/motor_commands'})}
[0.000730] (motor_controller) JobQueued: {'identifier': 'motor_controller', 'dependencies': OrderedDict({'dynamixel_sdk': '/home/csanimatronics/CS_Animatronics/install/dynamixel_sdk', 'dynamixel_sdk_custom_interfaces': '/home/csanimatronics/CS_Animatronics/install/dynamixel_sdk_custom_interfaces', 'motor_commands': '/home/csanimatronics/CS_Animatronics/install/motor_commands'})}
[0.000810] (system_controller) JobQueued: {'identifier': 'system_controller', 'dependencies': OrderedDict({'motor_commands': '/home/csanimatronics/CS_Animatronics/install/motor_commands'})}
[0.001659] (motor_commands) JobStarted: {'identifier': 'motor_commands'}
[0.015803] (dynamixel_sdk) JobStarted: {'identifier': 'dynamixel_sdk'}
[0.023025] (dynamixel_sdk_custom_interfaces) JobStarted: {'identifier': 'dynamixel_sdk_custom_interfaces'}
[0.033457] (controller_publisher) JobStarted: {'identifier': 'controller_publisher'}
[0.045230] (motor_commands) JobProgress: {'identifier': 'motor_commands', 'progress': 'cmake'}
[0.046906] (motor_commands) Command: {'cmd': ['/usr/bin/cmake', '/home/csanimatronics/CS_Animatronics/src/motor_commands', '-DCMAKE_INSTALL_PREFIX=/home/csanimatronics/CS_Animatronics/install/motor_commands'], 'cwd': '/home/csanimatronics/CS_Animatronics/build/motor_commands', 'env': OrderedDict({'LESSOPEN': '| /usr/bin/lesspipe %s', 'USER': 'csanimatronics', 'XDG_SESSION_TYPE': 'wayland', 'SHLVL': '1', 'LD_LIBRARY_PATH': '/opt/ros/jazzy/opt/rviz_ogre_vendor/lib:/opt/ros/jazzy/lib/aarch64-linux-gnu:/opt/ros/jazzy/opt/gz_math_vendor/lib:/opt/ros/jazzy/opt/gz_utils_vendor/lib:/opt/ros/jazzy/opt/gz_cmake_vendor/lib:/opt/ros/jazzy/lib', 'HOME': '/home/csanimatronics', 'OLDPWD': '/home/csanimatronics', 'DESKTOP_SESSION': 'ubuntu', 'ROS_PYTHON_VERSION': '3', 'GNOME_SHELL_SESSION_MODE': 'ubuntu', 'GTK_MODULES': 'gail:atk-bridge', 'SYSTEMD_EXEC_PID': '1641', 'GSM_SKIP_SSH_AGENT_WORKAROUND': 'true', 'DBUS_SESSION_BUS_ADDRESS': 'unix:path=/run/user/1002/bus', 'COLORTERM': 'truecolor', 'DEBUGINFOD_URLS': 'https://debuginfod.ubuntu.com', 'IM_CONFIG_PHASE': '1', 'WAYLAND_DISPLAY': 'wayland-0', 'ROS_DISTRO': 'jazzy', 'LOGNAME': 'csanimatronics', '_': '/usr/bin/colcon', 'ROS_VERSION': '2', 'MEMORY_PRESSURE_WATCH': '/sys/fs/cgroup/user.slice/user-1002.slice/user@1002.service/session.slice/org.gnome.Shell@wayland.service/memory.pressure', 'XDG_SESSION_CLASS': 'user', 'USERNAME': 'csanimatronics', 'TERM': 'xterm-256color', 'GNOME_DESKTOP_SESSION_ID': 'this-is-deprecated', 'PATH': '/opt/ros/jazzy/bin:/usr/local/sbin:/usr/local/bin:/usr/sbin:/usr/bin:/sbin:/bin:/usr/games:/usr/local/games:/snap/bin:/snap/bin', 'SESSION_MANAGER': 'local/csanimatronics-desktop:@/tmp/.ICE-unix/1612,unix/csanimatronics-desktop:/tmp/.ICE-unix/1612', 'XDG_MENU_PREFIX': 'gnome-', 'GNOME_TERMINAL_SCREEN': '/org/gnome/Terminal/screen/60df07e8_ecb9_42f0_a6bb_660d9ed876dc', 'GNOME_SETUP_DISPLAY': ':1', 'XDG_RUNTIME_DIR': '/run/user/1002', 'DISPLAY': ':0', 'LANG': 'C.UTF-8', 'XDG_CURRENT_DESKTOP': 'ubuntu:GNOME', 'XMODIFIERS': '@im=ibus', 'XDG_SESSION_DESKTOP': 'ubuntu', 'XAUTHORITY': '/run/user/1002/.mutter-Xwaylandauth.N7O212', 'LS_COLORS': 'rs=0:di=01;34:ln=01;36:mh=00:pi=40;33:so=01;35:do=01;35:bd=40;33;01:cd=40;33;01:or=40;31;01:mi=00:su=37;41:sg=30;43:ca=00:tw=30;42:ow=34;42:st=37;44:ex=01;32:*.tar=01;31:*.tgz=01;31:*.arc=01;31:*.arj=01;31:*.taz=01;31:*.lha=01;31:*.lz4=01;31:*.lzh=01;31:*.lzma=01;31:*.tlz=01;31:*.txz=01;31:*.tzo=01;31:*.t7z=01;31:*.zip=01;31:*.z=01;31:*.dz=01;31:*.gz=01;31:*.lrz=01;31:*.lz=01;31:*.lzo=01;31:*.xz=01;31:*.zst=01;31:*.tzst=01;31:*.bz2=01;31:*.bz=01;31:*.tbz=01;31:*.tbz2=01;31:*.tz=01;31:*.deb=01;31:*.rpm=01;31:*.jar=01;31:*.war=01;31:*.ear=01;31:*.sar=01;31:*.rar=01;31:*.alz=01;31:*.ace=01;31:*.zoo=01;31:*.cpio=01;31:*.7z=01;31:*.rz=01;31:*.cab=01;31:*.wim=01;31:*.swm=01;31:*.dwm=01;31:*.esd=01;31:*.avif=01;35:*.jpg=01;35:*.jpeg=01;35:*.mjpg=01;35:*.mjpeg=01;35:*.gif=01;35:*.bmp=01;35:*.pbm=01;35:*.pgm=01;35:*.ppm=01;35:*.tga=01;35:*.xbm=01;35:*.xpm=01;35:*.tif=01;35:*.tiff=01;35:*.png=01;35:*.svg=01;35:*.svgz=01;35:*.mng=01;35:*.pcx=01;35:*.mov=01;35:*.mpg=01;35:*.mpeg=01;35:*.m2v=01;35:*.mkv=01;35:*.webm=01;35:*.webp=01;35:*.ogm=01;35:*.mp4=01;35:*.m4v=01;35:*.mp4v=01;35:*.vob=01;35:*.qt=01;35:*.nuv=01;35:*.wmv=01;35:*.asf=01;35:*.rm=01;35:*.rmvb=01;35:*.flc=01;35:*.avi=01;35:*.fli=01;35:*.flv=01;35:*.gl=01;35:*.dl=01;35:*.xcf=01;35:*.xwd=01;35:*.yuv=01;35:*.cgm=01;35:*.emf=01;35:*.ogv=01;35:*.ogx=01;35:*.aac=00;36:*.au=00;36:*.flac=00;36:*.m4a=00;36:*.mid=00;36:*.midi=00;36:*.mka=00;36:*.mp3=00;36:*.mpc=00;36:*.ogg=00;36:*.ra=00;36:*.wav=00;36:*.oga=00;36:*.opus=00;36:*.spx=00;36:*.xspf=00;36:*~=00;90:*#=00;90:*.bak=00;90:*.crdownload=00;90:*.dpkg-dist=00;90:*.dpkg-new=00;90:*.dpkg-old=00;90:*.dpkg-tmp=00;90:*.old=00;90:*.orig=00;90:*.part=00;90:*.rej=00;90:*.rpmnew=00;90:*.rpmorig=00;90:*.rpmsave=00;90:*.swp=00;90:*.tmp=00;90:*.ucf-dist=00;90:*.ucf-new=00;90:*.ucf-old=00;90:', 'GNOME_TERMINAL_SERVICE': ':1.103', 'SSH_AUTH_SOCK': '/run/user/1002/keyring/ssh', 'AMENT_PREFIX_PATH': '/opt/ros/jazzy', 'SHELL': '/bin/bash', 'QT_ACCESSIBILITY': '1', 'GDMSESSION': 'ubuntu', 'LESSCLOSE': '/usr/bin/lesspipe %s %s', 'ROS_AUTOMATIC_DISCOVERY_RANGE': 'SUBNET', 'QT_IM_MODULE': 'ibus', 'PWD': '/home/csanimatronics/CS_Animatronics/build/motor_commands', 'XDG_CONFIG_DIRS': '/etc/xdg/xdg-ubuntu:/etc/xdg', 'XDG_DATA_DIRS': '/usr/share/ubuntu:/usr/share/gnome:/usr/local/share/:/usr/share/:/var/lib/snapd/desktop', 'PYTHONPATH': '/opt/ros/jazzy/lib/python3.12/site-packages', 'COLCON': '1', 'MEMORY_PRESSURE_WRITE': 'c29tZSAyMDAwMDAgMjAwMDAwMAA=', 'VTE_VERSION': '7600', 'CMAKE_PREFIX_PATH': '/opt/ros/jazzy/opt/gz_math_vendor:/opt/ros/jazzy/opt/gz_utils_vendor:/opt/ros/jazzy/opt/gz_cmake_vendor:/opt/ros/jazzy'}), 'shell': False}
[0.055176] (dynamixel_sdk) JobProgress: {'identifier': 'dynamixel_sdk', 'progress': 'cmake'}
[0.056653] (dynamixel_sdk) Command: {'cmd': ['/usr/bin/cmake', '/home/csanimatronics/CS_Animatronics/src/dynamixel_sdk', '-DCMAKE_INSTALL_PREFIX=/home/csanimatronics/CS_Animatronics/install/dynamixel_sdk'], 'cwd': '/home/csanimatronics/CS_Animatronics/build/dynamixel_sdk', 'env': OrderedDict({'LESSOPEN': '| /usr/bin/lesspipe %s', 'USER': 'csanimatronics', 'XDG_SESSION_TYPE': 'wayland', 'SHLVL': '1', 'LD_LIBRARY_PATH': '/opt/ros/jazzy/opt/rviz_ogre_vendor/lib:/opt/ros/jazzy/lib/aarch64-linux-gnu:/opt/ros/jazzy/opt/gz_math_vendor/lib:/opt/ros/jazzy/opt/gz_utils_vendor/lib:/opt/ros/jazzy/opt/gz_cmake_vendor/lib:/opt/ros/jazzy/lib', 'HOME': '/home/csanimatronics', 'OLDPWD': '/home/csanimatronics', 'DESKTOP_SESSION': 'ubuntu', 'ROS_PYTHON_VERSION': '3', 'GNOME_SHELL_SESSION_MODE': 'ubuntu', 'GTK_MODULES': 'gail:atk-bridge', 'SYSTEMD_EXEC_PID': '1641', 'GSM_SKIP_SSH_AGENT_WORKAROUND': 'true', 'DBUS_SESSION_BUS_ADDRESS': 'unix:path=/run/user/1002/bus', 'COLORTERM': 'truecolor', 'DEBUGINFOD_URLS': 'https://debuginfod.ubuntu.com', 'IM_CONFIG_PHASE': '1', 'WAYLAND_DISPLAY': 'wayland-0', 'ROS_DISTRO': 'jazzy', 'LOGNAME': 'csanimatronics', '_': '/usr/bin/colcon', 'ROS_VERSION': '2', 'MEMORY_PRESSURE_WATCH': '/sys/fs/cgroup/user.slice/user-1002.slice/user@1002.service/session.slice/org.gnome.Shell@wayland.service/memory.pressure', 'XDG_SESSION_CLASS': 'user', 'USERNAME': 'csanimatronics', 'TERM': 'xterm-256color', 'GNOME_DESKTOP_SESSION_ID': 'this-is-deprecated', 'PATH': '/opt/ros/jazzy/bin:/usr/local/sbin:/usr/local/bin:/usr/sbin:/usr/bin:/sbin:/bin:/usr/games:/usr/local/games:/snap/bin:/snap/bin', 'SESSION_MANAGER': 'local/csanimatronics-desktop:@/tmp/.ICE-unix/1612,unix/csanimatronics-desktop:/tmp/.ICE-unix/1612', 'XDG_MENU_PREFIX': 'gnome-', 'GNOME_TERMINAL_SCREEN': '/org/gnome/Terminal/screen/60df07e8_ecb9_42f0_a6bb_660d9ed876dc', 'GNOME_SETUP_DISPLAY': ':1', 'XDG_RUNTIME_DIR': '/run/user/1002', 'DISPLAY': ':0', 'LANG': 'C.UTF-8', 'XDG_CURRENT_DESKTOP': 'ubuntu:GNOME', 'XMODIFIERS': '@im=ibus', 'XDG_SESSION_DESKTOP': 'ubuntu', 'XAUTHORITY': '/run/user/1002/.mutter-Xwaylandauth.N7O212', 'LS_COLORS': 'rs=0:di=01;34:ln=01;36:mh=00:pi=40;33:so=01;35:do=01;35:bd=40;33;01:cd=40;33;01:or=40;31;01:mi=00:su=37;41:sg=30;43:ca=00:tw=30;42:ow=34;42:st=37;44:ex=01;32:*.tar=01;31:*.tgz=01;31:*.arc=01;31:*.arj=01;31:*.taz=01;31:*.lha=01;31:*.lz4=01;31:*.lzh=01;31:*.lzma=01;31:*.tlz=01;31:*.txz=01;31:*.tzo=01;31:*.t7z=01;31:*.zip=01;31:*.z=01;31:*.dz=01;31:*.gz=01;31:*.lrz=01;31:*.lz=01;31:*.lzo=01;31:*.xz=01;31:*.zst=01;31:*.tzst=01;31:*.bz2=01;31:*.bz=01;31:*.tbz=01;31:*.tbz2=01;31:*.tz=01;31:*.deb=01;31:*.rpm=01;31:*.jar=01;31:*.war=01;31:*.ear=01;31:*.sar=01;31:*.rar=01;31:*.alz=01;31:*.ace=01;31:*.zoo=01;31:*.cpio=01;31:*.7z=01;31:*.rz=01;31:*.cab=01;31:*.wim=01;31:*.swm=01;31:*.dwm=01;31:*.esd=01;31:*.avif=01;35:*.jpg=01;35:*.jpeg=01;35:*.mjpg=01;35:*.mjpeg=01;35:*.gif=01;35:*.bmp=01;35:*.pbm=01;35:*.pgm=01;35:*.ppm=01;35:*.tga=01;35:*.xbm=01;35:*.xpm=01;35:*.tif=01;35:*.tiff=01;35:*.png=01;35:*.svg=01;35:*.svgz=01;35:*.mng=01;35:*.pcx=01;35:*.mov=01;35:*.mpg=01;35:*.mpeg=01;35:*.m2v=01;35:*.mkv=01;35:*.webm=01;35:*.webp=01;35:*.ogm=01;35:*.mp4=01;35:*.m4v=01;35:*.mp4v=01;35:*.vob=01;35:*.qt=01;35:*.nuv=01;35:*.wmv=01;35:*.asf=01;35:*.rm=01;35:*.rmvb=01;35:*.flc=01;35:*.avi=01;35:*.fli=01;35:*.flv=01;35:*.gl=01;35:*.dl=01;35:*.xcf=01;35:*.xwd=01;35:*.yuv=01;35:*.cgm=01;35:*.emf=01;35:*.ogv=01;35:*.ogx=01;35:*.aac=00;36:*.au=00;36:*.flac=00;36:*.m4a=00;36:*.mid=00;36:*.midi=00;36:*.mka=00;36:*.mp3=00;36:*.mpc=00;36:*.ogg=00;36:*.ra=00;36:*.wav=00;36:*.oga=00;36:*.opus=00;36:*.spx=00;36:*.xspf=00;36:*~=00;90:*#=00;90:*.bak=00;90:*.crdownload=00;90:*.dpkg-dist=00;90:*.dpkg-new=00;90:*.dpkg-old=00;90:*.dpkg-tmp=00;90:*.old=00;90:*.orig=00;90:*.part=00;90:*.rej=00;90:*.rpmnew=00;90:*.rpmorig=00;90:*.rpmsave=00;90:*.swp=00;90:*.tmp=00;90:*.ucf-dist=00;90:*.ucf-new=00;90:*.ucf-old=00;90:', 'GNOME_TERMINAL_SERVICE': ':1.103', 'SSH_AUTH_SOCK': '/run/user/1002/keyring/ssh', 'AMENT_PREFIX_PATH': '/opt/ros/jazzy', 'SHELL': '/bin/bash', 'QT_ACCESSIBILITY': '1', 'GDMSESSION': 'ubuntu', 'LESSCLOSE': '/usr/bin/lesspipe %s %s', 'ROS_AUTOMATIC_DISCOVERY_RANGE': 'SUBNET', 'QT_IM_MODULE': 'ibus', 'PWD': '/home/csanimatronics/CS_Animatronics/build/dynamixel_sdk', 'XDG_CONFIG_DIRS': '/etc/xdg/xdg-ubuntu:/etc/xdg', 'XDG_DATA_DIRS': '/usr/share/ubuntu:/usr/share/gnome:/usr/local/share/:/usr/share/:/var/lib/snapd/desktop', 'PYTHONPATH': '/opt/ros/jazzy/lib/python3.12/site-packages', 'COLCON': '1', 'MEMORY_PRESSURE_WRITE': 'c29tZSAyMDAwMDAgMjAwMDAwMAA=', 'VTE_VERSION': '7600', 'CMAKE_PREFIX_PATH': '/opt/ros/jazzy/opt/gz_math_vendor:/opt/ros/jazzy/opt/gz_utils_vendor:/opt/ros/jazzy/opt/gz_cmake_vendor:/opt/ros/jazzy'}), 'shell': False}
[0.059394] (dynamixel_sdk_custom_interfaces) JobProgress: {'identifier': 'dynamixel_sdk_custom_interfaces', 'progress': 'cmake'}
[0.061728] (dynamixel_sdk_custom_interfaces) Command: {'cmd': ['/usr/bin/cmake', '/home/csanimatronics/CS_Animatronics/src/dynamixel_sdk_custom_interfaces', '-DCMAKE_INSTALL_PREFIX=/home/csanimatronics/CS_Animatronics/install/dynamixel_sdk_custom_interfaces'], 'cwd': '/home/csanimatronics/CS_Animatronics/build/dynamixel_sdk_custom_interfaces', 'env': OrderedDict({'LESSOPEN': '| /usr/bin/lesspipe %s', 'USER': 'csanimatronics', 'XDG_SESSION_TYPE': 'wayland', 'SHLVL': '1', 'LD_LIBRARY_PATH': '/opt/ros/jazzy/opt/rviz_ogre_vendor/lib:/opt/ros/jazzy/lib/aarch64-linux-gnu:/opt/ros/jazzy/opt/gz_math_vendor/lib:/opt/ros/jazzy/opt/gz_utils_vendor/lib:/opt/ros/jazzy/opt/gz_cmake_vendor/lib:/opt/ros/jazzy/lib', 'HOME': '/home/csanimatronics', 'OLDPWD': '/home/csanimatronics', 'DESKTOP_SESSION': 'ubuntu', 'ROS_PYTHON_VERSION': '3', 'GNOME_SHELL_SESSION_MODE': 'ubuntu', 'GTK_MODULES': 'gail:atk-bridge', 'SYSTEMD_EXEC_PID': '1641', 'GSM_SKIP_SSH_AGENT_WORKAROUND': 'true', 'DBUS_SESSION_BUS_ADDRESS': 'unix:path=/run/user/1002/bus', 'COLORTERM': 'truecolor', 'DEBUGINFOD_URLS': 'https://debuginfod.ubuntu.com', 'IM_CONFIG_PHASE': '1', 'WAYLAND_DISPLAY': 'wayland-0', 'ROS_DISTRO': 'jazzy', 'LOGNAME': 'csanimatronics', '_': '/usr/bin/colcon', 'ROS_VERSION': '2', 'MEMORY_PRESSURE_WATCH': '/sys/fs/cgroup/user.slice/user-1002.slice/user@1002.service/session.slice/org.gnome.Shell@wayland.service/memory.pressure', 'XDG_SESSION_CLASS': 'user', 'USERNAME': 'csanimatronics', 'TERM': 'xterm-256color', 'GNOME_DESKTOP_SESSION_ID': 'this-is-deprecated', 'PATH': '/opt/ros/jazzy/bin:/usr/local/sbin:/usr/local/bin:/usr/sbin:/usr/bin:/sbin:/bin:/usr/games:/usr/local/games:/snap/bin:/snap/bin', 'SESSION_MANAGER': 'local/csanimatronics-desktop:@/tmp/.ICE-unix/1612,unix/csanimatronics-desktop:/tmp/.ICE-unix/1612', 'XDG_MENU_PREFIX': 'gnome-', 'GNOME_TERMINAL_SCREEN': '/org/gnome/Terminal/screen/60df07e8_ecb9_42f0_a6bb_660d9ed876dc', 'GNOME_SETUP_DISPLAY': ':1', 'XDG_RUNTIME_DIR': '/run/user/1002', 'DISPLAY': ':0', 'LANG': 'C.UTF-8', 'XDG_CURRENT_DESKTOP': 'ubuntu:GNOME', 'XMODIFIERS': '@im=ibus', 'XDG_SESSION_DESKTOP': 'ubuntu', 'XAUTHORITY': '/run/user/1002/.mutter-Xwaylandauth.N7O212', 'LS_COLORS': 'rs=0:di=01;34:ln=01;36:mh=00:pi=40;33:so=01;35:do=01;35:bd=40;33;01:cd=40;33;01:or=40;31;01:mi=00:su=37;41:sg=30;43:ca=00:tw=30;42:ow=34;42:st=37;44:ex=01;32:*.tar=01;31:*.tgz=01;31:*.arc=01;31:*.arj=01;31:*.taz=01;31:*.lha=01;31:*.lz4=01;31:*.lzh=01;31:*.lzma=01;31:*.tlz=01;31:*.txz=01;31:*.tzo=01;31:*.t7z=01;31:*.zip=01;31:*.z=01;31:*.dz=01;31:*.gz=01;31:*.lrz=01;31:*.lz=01;31:*.lzo=01;31:*.xz=01;31:*.zst=01;31:*.tzst=01;31:*.bz2=01;31:*.bz=01;31:*.tbz=01;31:*.tbz2=01;31:*.tz=01;31:*.deb=01;31:*.rpm=01;31:*.jar=01;31:*.war=01;31:*.ear=01;31:*.sar=01;31:*.rar=01;31:*.alz=01;31:*.ace=01;31:*.zoo=01;31:*.cpio=01;31:*.7z=01;31:*.rz=01;31:*.cab=01;31:*.wim=01;31:*.swm=01;31:*.dwm=01;31:*.esd=01;31:*.avif=01;35:*.jpg=01;35:*.jpeg=01;35:*.mjpg=01;35:*.mjpeg=01;35:*.gif=01;35:*.bmp=01;35:*.pbm=01;35:*.pgm=01;35:*.ppm=01;35:*.tga=01;35:*.xbm=01;35:*.xpm=01;35:*.tif=01;35:*.tiff=01;35:*.png=01;35:*.svg=01;35:*.svgz=01;35:*.mng=01;35:*.pcx=01;35:*.mov=01;35:*.mpg=01;35:*.mpeg=01;35:*.m2v=01;35:*.mkv=01;35:*.webm=01;35:*.webp=01;35:*.ogm=01;35:*.mp4=01;35:*.m4v=01;35:*.mp4v=01;35:*.vob=01;35:*.qt=01;35:*.nuv=01;35:*.wmv=01;35:*.asf=01;35:*.rm=01;35:*.rmvb=01;35:*.flc=01;35:*.avi=01;35:*.fli=01;35:*.flv=01;35:*.gl=01;35:*.dl=01;35:*.xcf=01;35:*.xwd=01;35:*.yuv=01;35:*.cgm=01;35:*.emf=01;35:*.ogv=01;35:*.ogx=01;35:*.aac=00;36:*.au=00;36:*.flac=00;36:*.m4a=00;36:*.mid=00;36:*.midi=00;36:*.mka=00;36:*.mp3=00;36:*.mpc=00;36:*.ogg=00;36:*.ra=00;36:*.wav=00;36:*.oga=00;36:*.opus=00;36:*.spx=00;36:*.xspf=00;36:*~=00;90:*#=00;90:*.bak=00;90:*.crdownload=00;90:*.dpkg-dist=00;90:*.dpkg-new=00;90:*.dpkg-old=00;90:*.dpkg-tmp=00;90:*.old=00;90:*.orig=00;90:*.part=00;90:*.rej=00;90:*.rpmnew=00;90:*.rpmorig=00;90:*.rpmsave=00;90:*.swp=00;90:*.tmp=00;90:*.ucf-dist=00;90:*.ucf-new=00;90:*.ucf-old=00;90:', 'GNOME_TERMINAL_SERVICE': ':1.103', 'SSH_AUTH_SOCK': '/run/user/1002/keyring/ssh', 'AMENT_PREFIX_PATH': '/opt/ros/jazzy', 'SHELL': '/bin/bash', 'QT_ACCESSIBILITY': '1', 'GDMSESSION': 'ubuntu', 'LESSCLOSE': '/usr/bin/lesspipe %s %s', 'ROS_AUTOMATIC_DISCOVERY_RANGE': 'SUBNET', 'QT_IM_MODULE': 'ibus', 'PWD': '/home/csanimatronics/CS_Animatronics/build/dynamixel_sdk_custom_interfaces', 'XDG_CONFIG_DIRS': '/etc/xdg/xdg-ubuntu:/etc/xdg', 'XDG_DATA_DIRS': '/usr/share/ubuntu:/usr/share/gnome:/usr/local/share/:/usr/share/:/var/lib/snapd/desktop', 'PYTHONPATH': '/opt/ros/jazzy/lib/python3.12/site-packages', 'COLCON': '1', 'MEMORY_PRESSURE_WRITE': 'c29tZSAyMDAwMDAgMjAwMDAwMAA=', 'VTE_VERSION': '7600', 'CMAKE_PREFIX_PATH': '/opt/ros/jazzy/opt/gz_math_vendor:/opt/ros/jazzy/opt/gz_utils_vendor:/opt/ros/jazzy/opt/gz_cmake_vendor:/opt/ros/jazzy'}), 'shell': False}
[0.101607] (-) TimerEvent: {}
[0.202377] (-) TimerEvent: {}
[0.245461] (dynamixel_sdk) StdoutLine: {'line': b'-- The C compiler identification is GNU 13.3.0\n'}
[0.248655] (motor_commands) StdoutLine: {'line': b'-- The C compiler identification is GNU 13.3.0\n'}
[0.255661] (dynamixel_sdk_custom_interfaces) StdoutLine: {'line': b'-- The C compiler identification is GNU 13.3.0\n'}
[0.302537] (-) TimerEvent: {}
[0.405948] (-) TimerEvent: {}
[0.426678] (dynamixel_sdk) StdoutLine: {'line': b'-- The CXX compiler identification is GNU 13.3.0\n'}
[0.430956] (motor_commands) StdoutLine: {'line': b'-- The CXX compiler identification is GNU 13.3.0\n'}
[0.440521] (dynamixel_sdk_custom_interfaces) StdoutLine: {'line': b'-- The CXX compiler identification is GNU 13.3.0\n'}
[0.457561] (dynamixel_sdk) StdoutLine: {'line': b'-- Detecting C compiler ABI info\n'}
[0.464435] (motor_commands) StdoutLine: {'line': b'-- Detecting C compiler ABI info\n'}
[0.472673] (dynamixel_sdk_custom_interfaces) StdoutLine: {'line': b'-- Detecting C compiler ABI info\n'}
[0.506085] (-) TimerEvent: {}
[0.606674] (-) TimerEvent: {}
[0.709989] (-) TimerEvent: {}
[0.720348] (dynamixel_sdk) StdoutLine: {'line': b'-- Detecting C compiler ABI info - done\n'}
[0.737352] (motor_commands) StdoutLine: {'line': b'-- Detecting C compiler ABI info - done\n'}
[0.741735] (dynamixel_sdk_custom_interfaces) StdoutLine: {'line': b'-- Detecting C compiler ABI info - done\n'}
[0.743170] (dynamixel_sdk) StdoutLine: {'line': b'-- Check for working C compiler: /usr/bin/cc - skipped\n'}
[0.744745] (dynamixel_sdk) StdoutLine: {'line': b'-- Detecting C compile features\n'}
[0.745135] (dynamixel_sdk) StdoutLine: {'line': b'-- Detecting C compile features - done\n'}
[0.755431] (motor_commands) StdoutLine: {'line': b'-- Check for working C compiler: /usr/bin/cc - skipped\n'}
[0.755755] (motor_commands) StdoutLine: {'line': b'-- Detecting C compile features\n'}
[0.756544] (motor_commands) StdoutLine: {'line': b'-- Detecting C compile features - done\n'}
[0.759577] (dynamixel_sdk_custom_interfaces) StdoutLine: {'line': b'-- Check for working C compiler: /usr/bin/cc - skipped\n'}
[0.759977] (dynamixel_sdk_custom_interfaces) StdoutLine: {'line': b'-- Detecting C compile features\n'}
[0.760104] (dynamixel_sdk_custom_interfaces) StdoutLine: {'line': b'-- Detecting C compile features - done\n'}
[0.763059] (dynamixel_sdk) StdoutLine: {'line': b'-- Detecting CXX compiler ABI info\n'}
[0.775996] (motor_commands) StdoutLine: {'line': b'-- Detecting CXX compiler ABI info\n'}
[0.778077] (dynamixel_sdk_custom_interfaces) StdoutLine: {'line': b'-- Detecting CXX compiler ABI info\n'}
[0.812622] (-) TimerEvent: {}
[0.913103] (-) TimerEvent: {}
[1.013815] (-) TimerEvent: {}
[1.054791] (dynamixel_sdk) StdoutLine: {'line': b'-- Detecting CXX compiler ABI info - done\n'}
[1.055977] (motor_commands) StdoutLine: {'line': b'-- Detecting CXX compiler ABI info - done\n'}
[1.058711] (dynamixel_sdk_custom_interfaces) StdoutLine: {'line': b'-- Detecting CXX compiler ABI info - done\n'}
[1.071185] (dynamixel_sdk) StdoutLine: {'line': b'-- Check for working CXX compiler: /usr/bin/c++ - skipped\n'}
[1.071485] (motor_commands) StdoutLine: {'line': b'-- Check for working CXX compiler: /usr/bin/c++ - skipped\n'}
[1.071860] (motor_commands) StdoutLine: {'line': b'-- Detecting CXX compile features\n'}
[1.072391] (dynamixel_sdk) StdoutLine: {'line': b'-- Detecting CXX compile features\n'}
[1.073533] (motor_commands) StdoutLine: {'line': b'-- Detecting CXX compile features - done\n'}
[1.073734] (dynamixel_sdk) StdoutLine: {'line': b'-- Detecting CXX compile features - done\n'}
[1.074558] (dynamixel_sdk_custom_interfaces) StdoutLine: {'line': b'-- Check for working CXX compiler: /usr/bin/c++ - skipped\n'}
[1.074995] (dynamixel_sdk_custom_interfaces) StdoutLine: {'line': b'-- Detecting CXX compile features\n'}
[1.075835] (dynamixel_sdk_custom_interfaces) StdoutLine: {'line': b'-- Detecting CXX compile features - done\n'}
[1.076320] (motor_commands) StdoutLine: {'line': b'-- Found ament_cmake: 2.5.3 (/opt/ros/jazzy/share/ament_cmake/cmake)\n'}
[1.078591] (dynamixel_sdk) StdoutLine: {'line': b'-- Found ament_cmake: 2.5.3 (/opt/ros/jazzy/share/ament_cmake/cmake)\n'}
[1.079090] (dynamixel_sdk_custom_interfaces) StdoutLine: {'line': b'-- Found ament_cmake: 2.5.3 (/opt/ros/jazzy/share/ament_cmake/cmake)\n'}
[1.115598] (-) TimerEvent: {}
[1.216018] (-) TimerEvent: {}
[1.316647] (-) TimerEvent: {}
[1.417120] (-) TimerEvent: {}
[1.433636] (dynamixel_sdk) StdoutLine: {'line': b'-- Found Python3: /usr/bin/python3 (found version "3.12.3") found components: Interpreter \n'}
[1.449960] (dynamixel_sdk_custom_interfaces) StdoutLine: {'line': b'-- Found Python3: /usr/bin/python3 (found version "3.12.3") found components: Interpreter \n'}
[1.454595] (motor_commands) StdoutLine: {'line': b'-- Found Python3: /usr/bin/python3 (found version "3.12.3") found components: Interpreter \n'}
[1.517245] (-) TimerEvent: {}
[1.620982] (-) TimerEvent: {}
[1.707616] (motor_commands) StdoutLine: {'line': b'-- Found builtin_interfaces: 2.0.2 (/opt/ros/jazzy/share/builtin_interfaces/cmake)\n'}
[1.708049] (dynamixel_sdk_custom_interfaces) StdoutLine: {'line': b'-- Found builtin_interfaces: 2.0.2 (/opt/ros/jazzy/share/builtin_interfaces/cmake)\n'}
[1.721068] (-) TimerEvent: {}
[1.774421] (motor_commands) StdoutLine: {'line': b'-- Found rosidl_generator_c: 4.6.5 (/opt/ros/jazzy/share/rosidl_generator_c/cmake)\n'}
[1.774914] (dynamixel_sdk_custom_interfaces) StdoutLine: {'line': b'-- Found rosidl_generator_c: 4.6.5 (/opt/ros/jazzy/share/rosidl_generator_c/cmake)\n'}
[1.796415] (dynamixel_sdk_custom_interfaces) StdoutLine: {'line': b'-- Found rosidl_generator_cpp: 4.6.5 (/opt/ros/jazzy/share/rosidl_generator_cpp/cmake)\n'}
[1.796831] (motor_commands) StdoutLine: {'line': b'-- Found rosidl_generator_cpp: 4.6.5 (/opt/ros/jazzy/share/rosidl_generator_cpp/cmake)\n'}
[1.821176] (-) TimerEvent: {}
[1.824630] (dynamixel_sdk_custom_interfaces) StdoutLine: {'line': b'-- Using all available rosidl_typesupport_c: rosidl_typesupport_fastrtps_c;rosidl_typesupport_introspection_c\n'}
[1.825606] (motor_commands) StdoutLine: {'line': b'-- Using all available rosidl_typesupport_c: rosidl_typesupport_fastrtps_c;rosidl_typesupport_introspection_c\n'}
[1.864235] (dynamixel_sdk_custom_interfaces) StdoutLine: {'line': b'-- Using all available rosidl_typesupport_cpp: rosidl_typesupport_fastrtps_cpp;rosidl_typesupport_introspection_cpp\n'}
[1.869591] (motor_commands) StdoutLine: {'line': b'-- Using all available rosidl_typesupport_cpp: rosidl_typesupport_fastrtps_cpp;rosidl_typesupport_introspection_cpp\n'}
[1.893658] (dynamixel_sdk_custom_interfaces) StdoutLine: {'line': b'-- Found rosidl_default_generators: 1.6.0 (/opt/ros/jazzy/share/rosidl_default_generators/cmake)\n'}
[1.893948] (dynamixel_sdk) StdoutLine: {'line': b'-- Configuring done (1.8s)\n'}
[1.896104] (motor_commands) StdoutLine: {'line': b'-- Found rosidl_default_generators: 1.6.0 (/opt/ros/jazzy/share/rosidl_default_generators/cmake)\n'}
[1.901639] (dynamixel_sdk) StdoutLine: {'line': b'-- Generating done (0.0s)\n'}
[1.905828] (dynamixel_sdk) StdoutLine: {'line': b'-- Build files have been written to: /home/csanimatronics/CS_Animatronics/build/dynamixel_sdk\n'}
[1.916070] (dynamixel_sdk_custom_interfaces) StdoutLine: {'line': b'-- Found rosidl_adapter: 4.6.5 (/opt/ros/jazzy/share/rosidl_adapter/cmake)\n'}
[1.917557] (motor_commands) StdoutLine: {'line': b'-- Found rosidl_adapter: 4.6.5 (/opt/ros/jazzy/share/rosidl_adapter/cmake)\n'}
[1.922542] (dynamixel_sdk) CommandEnded: {'returncode': 0}
[1.923010] (-) TimerEvent: {}
[1.923226] (dynamixel_sdk) JobProgress: {'identifier': 'dynamixel_sdk', 'progress': 'build'}
[1.923258] (dynamixel_sdk) Command: {'cmd': ['/usr/bin/cmake', '--build', '/home/csanimatronics/CS_Animatronics/build/dynamixel_sdk', '--', '-j4', '-l4'], 'cwd': '/home/csanimatronics/CS_Animatronics/build/dynamixel_sdk', 'env': OrderedDict({'LESSOPEN': '| /usr/bin/lesspipe %s', 'USER': 'csanimatronics', 'XDG_SESSION_TYPE': 'wayland', 'SHLVL': '1', 'LD_LIBRARY_PATH': '/opt/ros/jazzy/opt/rviz_ogre_vendor/lib:/opt/ros/jazzy/lib/aarch64-linux-gnu:/opt/ros/jazzy/opt/gz_math_vendor/lib:/opt/ros/jazzy/opt/gz_utils_vendor/lib:/opt/ros/jazzy/opt/gz_cmake_vendor/lib:/opt/ros/jazzy/lib', 'HOME': '/home/csanimatronics', 'OLDPWD': '/home/csanimatronics', 'DESKTOP_SESSION': 'ubuntu', 'ROS_PYTHON_VERSION': '3', 'GNOME_SHELL_SESSION_MODE': 'ubuntu', 'GTK_MODULES': 'gail:atk-bridge', 'SYSTEMD_EXEC_PID': '1641', 'GSM_SKIP_SSH_AGENT_WORKAROUND': 'true', 'DBUS_SESSION_BUS_ADDRESS': 'unix:path=/run/user/1002/bus', 'COLORTERM': 'truecolor', 'DEBUGINFOD_URLS': 'https://debuginfod.ubuntu.com', 'IM_CONFIG_PHASE': '1', 'WAYLAND_DISPLAY': 'wayland-0', 'ROS_DISTRO': 'jazzy', 'LOGNAME': 'csanimatronics', '_': '/usr/bin/colcon', 'ROS_VERSION': '2', 'MEMORY_PRESSURE_WATCH': '/sys/fs/cgroup/user.slice/user-1002.slice/user@1002.service/session.slice/org.gnome.Shell@wayland.service/memory.pressure', 'XDG_SESSION_CLASS': 'user', 'USERNAME': 'csanimatronics', 'TERM': 'xterm-256color', 'GNOME_DESKTOP_SESSION_ID': 'this-is-deprecated', 'PATH': '/opt/ros/jazzy/bin:/usr/local/sbin:/usr/local/bin:/usr/sbin:/usr/bin:/sbin:/bin:/usr/games:/usr/local/games:/snap/bin:/snap/bin', 'SESSION_MANAGER': 'local/csanimatronics-desktop:@/tmp/.ICE-unix/1612,unix/csanimatronics-desktop:/tmp/.ICE-unix/1612', 'XDG_MENU_PREFIX': 'gnome-', 'GNOME_TERMINAL_SCREEN': '/org/gnome/Terminal/screen/60df07e8_ecb9_42f0_a6bb_660d9ed876dc', 'GNOME_SETUP_DISPLAY': ':1', 'XDG_RUNTIME_DIR': '/run/user/1002', 'DISPLAY': ':0', 'LANG': 'C.UTF-8', 'XDG_CURRENT_DESKTOP': 'ubuntu:GNOME', 'XMODIFIERS': '@im=ibus', 'XDG_SESSION_DESKTOP': 'ubuntu', 'XAUTHORITY': '/run/user/1002/.mutter-Xwaylandauth.N7O212', 'LS_COLORS': 'rs=0:di=01;34:ln=01;36:mh=00:pi=40;33:so=01;35:do=01;35:bd=40;33;01:cd=40;33;01:or=40;31;01:mi=00:su=37;41:sg=30;43:ca=00:tw=30;42:ow=34;42:st=37;44:ex=01;32:*.tar=01;31:*.tgz=01;31:*.arc=01;31:*.arj=01;31:*.taz=01;31:*.lha=01;31:*.lz4=01;31:*.lzh=01;31:*.lzma=01;31:*.tlz=01;31:*.txz=01;31:*.tzo=01;31:*.t7z=01;31:*.zip=01;31:*.z=01;31:*.dz=01;31:*.gz=01;31:*.lrz=01;31:*.lz=01;31:*.lzo=01;31:*.xz=01;31:*.zst=01;31:*.tzst=01;31:*.bz2=01;31:*.bz=01;31:*.tbz=01;31:*.tbz2=01;31:*.tz=01;31:*.deb=01;31:*.rpm=01;31:*.jar=01;31:*.war=01;31:*.ear=01;31:*.sar=01;31:*.rar=01;31:*.alz=01;31:*.ace=01;31:*.zoo=01;31:*.cpio=01;31:*.7z=01;31:*.rz=01;31:*.cab=01;31:*.wim=01;31:*.swm=01;31:*.dwm=01;31:*.esd=01;31:*.avif=01;35:*.jpg=01;35:*.jpeg=01;35:*.mjpg=01;35:*.mjpeg=01;35:*.gif=01;35:*.bmp=01;35:*.pbm=01;35:*.pgm=01;35:*.ppm=01;35:*.tga=01;35:*.xbm=01;35:*.xpm=01;35:*.tif=01;35:*.tiff=01;35:*.png=01;35:*.svg=01;35:*.svgz=01;35:*.mng=01;35:*.pcx=01;35:*.mov=01;35:*.mpg=01;35:*.mpeg=01;35:*.m2v=01;35:*.mkv=01;35:*.webm=01;35:*.webp=01;35:*.ogm=01;35:*.mp4=01;35:*.m4v=01;35:*.mp4v=01;35:*.vob=01;35:*.qt=01;35:*.nuv=01;35:*.wmv=01;35:*.asf=01;35:*.rm=01;35:*.rmvb=01;35:*.flc=01;35:*.avi=01;35:*.fli=01;35:*.flv=01;35:*.gl=01;35:*.dl=01;35:*.xcf=01;35:*.xwd=01;35:*.yuv=01;35:*.cgm=01;35:*.emf=01;35:*.ogv=01;35:*.ogx=01;35:*.aac=00;36:*.au=00;36:*.flac=00;36:*.m4a=00;36:*.mid=00;36:*.midi=00;36:*.mka=00;36:*.mp3=00;36:*.mpc=00;36:*.ogg=00;36:*.ra=00;36:*.wav=00;36:*.oga=00;36:*.opus=00;36:*.spx=00;36:*.xspf=00;36:*~=00;90:*#=00;90:*.bak=00;90:*.crdownload=00;90:*.dpkg-dist=00;90:*.dpkg-new=00;90:*.dpkg-old=00;90:*.dpkg-tmp=00;90:*.old=00;90:*.orig=00;90:*.part=00;90:*.rej=00;90:*.rpmnew=00;90:*.rpmorig=00;90:*.rpmsave=00;90:*.swp=00;90:*.tmp=00;90:*.ucf-dist=00;90:*.ucf-new=00;90:*.ucf-old=00;90:', 'GNOME_TERMINAL_SERVICE': ':1.103', 'SSH_AUTH_SOCK': '/run/user/1002/keyring/ssh', 'AMENT_PREFIX_PATH': '/opt/ros/jazzy', 'SHELL': '/bin/bash', 'QT_ACCESSIBILITY': '1', 'GDMSESSION': 'ubuntu', 'LESSCLOSE': '/usr/bin/lesspipe %s %s', 'ROS_AUTOMATIC_DISCOVERY_RANGE': 'SUBNET', 'QT_IM_MODULE': 'ibus', 'PWD': '/home/csanimatronics/CS_Animatronics/build/dynamixel_sdk', 'XDG_CONFIG_DIRS': '/etc/xdg/xdg-ubuntu:/etc/xdg', 'XDG_DATA_DIRS': '/usr/share/ubuntu:/usr/share/gnome:/usr/local/share/:/usr/share/:/var/lib/snapd/desktop', 'PYTHONPATH': '/opt/ros/jazzy/lib/python3.12/site-packages', 'COLCON': '1', 'MEMORY_PRESSURE_WRITE': 'c29tZSAyMDAwMDAgMjAwMDAwMAA=', 'VTE_VERSION': '7600', 'CMAKE_PREFIX_PATH': '/opt/ros/jazzy/opt/gz_math_vendor:/opt/ros/jazzy/opt/gz_utils_vendor:/opt/ros/jazzy/opt/gz_cmake_vendor:/opt/ros/jazzy'}), 'shell': False}
[2.023898] (-) TimerEvent: {}
[2.068932] (dynamixel_sdk) StdoutLine: {'line': b'[ 10%] \x1b[32mBuilding CXX object CMakeFiles/dynamixel_sdk.dir/src/dynamixel_sdk/packet_handler.cpp.o\x1b[0m\n'}
[2.084425] (dynamixel_sdk) StdoutLine: {'line': b'[ 30%] \x1b[32mBuilding CXX object CMakeFiles/dynamixel_sdk.dir/src/dynamixel_sdk/group_sync_read.cpp.o\x1b[0m\n'}
[2.086607] (dynamixel_sdk) StdoutLine: {'line': b'[ 30%] \x1b[32mBuilding CXX object CMakeFiles/dynamixel_sdk.dir/src/dynamixel_sdk/protocol1_packet_handler.cpp.o\x1b[0m\n'}
[2.090575] (dynamixel_sdk) StdoutLine: {'line': b'[ 40%] \x1b[32mBuilding CXX object CMakeFiles/dynamixel_sdk.dir/src/dynamixel_sdk/protocol2_packet_handler.cpp.o\x1b[0m\n'}
[2.128625] (-) TimerEvent: {}
[2.229153] (-) TimerEvent: {}
[2.329621] (-) TimerEvent: {}
[2.430101] (-) TimerEvent: {}
[2.513491] (controller_publisher) Command: {'cmd': ['/usr/bin/python3', '-W', 'ignore:setup.py install is deprecated', '-W', 'ignore:easy_install command is deprecated', 'setup.py', 'egg_info', '--egg-base', '../../build/controller_publisher', 'build', '--build-base', '/home/csanimatronics/CS_Animatronics/build/controller_publisher/build', 'install', '--record', '/home/csanimatronics/CS_Animatronics/build/controller_publisher/install.log', '--single-version-externally-managed', 'install_data'], 'cwd': '/home/csanimatronics/CS_Animatronics/src/controller_publisher', 'env': {'LESSOPEN': '| /usr/bin/lesspipe %s', 'USER': 'csanimatronics', 'XDG_SESSION_TYPE': 'wayland', 'SHLVL': '1', 'LD_LIBRARY_PATH': '/opt/ros/jazzy/opt/rviz_ogre_vendor/lib:/opt/ros/jazzy/lib/aarch64-linux-gnu:/opt/ros/jazzy/opt/gz_math_vendor/lib:/opt/ros/jazzy/opt/gz_utils_vendor/lib:/opt/ros/jazzy/opt/gz_cmake_vendor/lib:/opt/ros/jazzy/lib', 'HOME': '/home/csanimatronics', 'OLDPWD': '/home/csanimatronics', 'DESKTOP_SESSION': 'ubuntu', 'ROS_PYTHON_VERSION': '3', 'GNOME_SHELL_SESSION_MODE': 'ubuntu', 'GTK_MODULES': 'gail:atk-bridge', 'SYSTEMD_EXEC_PID': '1641', 'GSM_SKIP_SSH_AGENT_WORKAROUND': 'true', 'DBUS_SESSION_BUS_ADDRESS': 'unix:path=/run/user/1002/bus', 'COLORTERM': 'truecolor', 'DEBUGINFOD_URLS': 'https://debuginfod.ubuntu.com', 'IM_CONFIG_PHASE': '1', 'WAYLAND_DISPLAY': 'wayland-0', 'ROS_DISTRO': 'jazzy', 'LOGNAME': 'csanimatronics', '_': '/usr/bin/colcon', 'ROS_VERSION': '2', 'MEMORY_PRESSURE_WATCH': '/sys/fs/cgroup/user.slice/user-1002.slice/user@1002.service/session.slice/org.gnome.Shell@wayland.service/memory.pressure', 'XDG_SESSION_CLASS': 'user', 'USERNAME': 'csanimatronics', 'TERM': 'xterm-256color', 'GNOME_DESKTOP_SESSION_ID': 'this-is-deprecated', 'PATH': '/opt/ros/jazzy/bin:/usr/local/sbin:/usr/local/bin:/usr/sbin:/usr/bin:/sbin:/bin:/usr/games:/usr/local/games:/snap/bin:/snap/bin', 'SESSION_MANAGER': 'local/csanimatronics-desktop:@/tmp/.ICE-unix/1612,unix/csanimatronics-desktop:/tmp/.ICE-unix/1612', 'XDG_MENU_PREFIX': 'gnome-', 'GNOME_TERMINAL_SCREEN': '/org/gnome/Terminal/screen/60df07e8_ecb9_42f0_a6bb_660d9ed876dc', 'GNOME_SETUP_DISPLAY': ':1', 'XDG_RUNTIME_DIR': '/run/user/1002', 'DISPLAY': ':0', 'LANG': 'C.UTF-8', 'XDG_CURRENT_DESKTOP': 'ubuntu:GNOME', 'XMODIFIERS': '@im=ibus', 'XDG_SESSION_DESKTOP': 'ubuntu', 'XAUTHORITY': '/run/user/1002/.mutter-Xwaylandauth.N7O212', 'LS_COLORS': 'rs=0:di=01;34:ln=01;36:mh=00:pi=40;33:so=01;35:do=01;35:bd=40;33;01:cd=40;33;01:or=40;31;01:mi=00:su=37;41:sg=30;43:ca=00:tw=30;42:ow=34;42:st=37;44:ex=01;32:*.tar=01;31:*.tgz=01;31:*.arc=01;31:*.arj=01;31:*.taz=01;31:*.lha=01;31:*.lz4=01;31:*.lzh=01;31:*.lzma=01;31:*.tlz=01;31:*.txz=01;31:*.tzo=01;31:*.t7z=01;31:*.zip=01;31:*.z=01;31:*.dz=01;31:*.gz=01;31:*.lrz=01;31:*.lz=01;31:*.lzo=01;31:*.xz=01;31:*.zst=01;31:*.tzst=01;31:*.bz2=01;31:*.bz=01;31:*.tbz=01;31:*.tbz2=01;31:*.tz=01;31:*.deb=01;31:*.rpm=01;31:*.jar=01;31:*.war=01;31:*.ear=01;31:*.sar=01;31:*.rar=01;31:*.alz=01;31:*.ace=01;31:*.zoo=01;31:*.cpio=01;31:*.7z=01;31:*.rz=01;31:*.cab=01;31:*.wim=01;31:*.swm=01;31:*.dwm=01;31:*.esd=01;31:*.avif=01;35:*.jpg=01;35:*.jpeg=01;35:*.mjpg=01;35:*.mjpeg=01;35:*.gif=01;35:*.bmp=01;35:*.pbm=01;35:*.pgm=01;35:*.ppm=01;35:*.tga=01;35:*.xbm=01;35:*.xpm=01;35:*.tif=01;35:*.tiff=01;35:*.png=01;35:*.svg=01;35:*.svgz=01;35:*.mng=01;35:*.pcx=01;35:*.mov=01;35:*.mpg=01;35:*.mpeg=01;35:*.m2v=01;35:*.mkv=01;35:*.webm=01;35:*.webp=01;35:*.ogm=01;35:*.mp4=01;35:*.m4v=01;35:*.mp4v=01;35:*.vob=01;35:*.qt=01;35:*.nuv=01;35:*.wmv=01;35:*.asf=01;35:*.rm=01;35:*.rmvb=01;35:*.flc=01;35:*.avi=01;35:*.fli=01;35:*.flv=01;35:*.gl=01;35:*.dl=01;35:*.xcf=01;35:*.xwd=01;35:*.yuv=01;35:*.cgm=01;35:*.emf=01;35:*.ogv=01;35:*.ogx=01;35:*.aac=00;36:*.au=00;36:*.flac=00;36:*.m4a=00;36:*.mid=00;36:*.midi=00;36:*.mka=00;36:*.mp3=00;36:*.mpc=00;36:*.ogg=00;36:*.ra=00;36:*.wav=00;36:*.oga=00;36:*.opus=00;36:*.spx=00;36:*.xspf=00;36:*~=00;90:*#=00;90:*.bak=00;90:*.crdownload=00;90:*.dpkg-dist=00;90:*.dpkg-new=00;90:*.dpkg-old=00;90:*.dpkg-tmp=00;90:*.old=00;90:*.orig=00;90:*.part=00;90:*.rej=00;90:*.rpmnew=00;90:*.rpmorig=00;90:*.rpmsave=00;90:*.swp=00;90:*.tmp=00;90:*.ucf-dist=00;90:*.ucf-new=00;90:*.ucf-old=00;90:', 'GNOME_TERMINAL_SERVICE': ':1.103', 'SSH_AUTH_SOCK': '/run/user/1002/keyring/ssh', 'AMENT_PREFIX_PATH': '/opt/ros/jazzy', 'SHELL': '/bin/bash', 'QT_ACCESSIBILITY': '1', 'GDMSESSION': 'ubuntu', 'LESSCLOSE': '/usr/bin/lesspipe %s %s', 'ROS_AUTOMATIC_DISCOVERY_RANGE': 'SUBNET', 'QT_IM_MODULE': 'ibus', 'PWD': '/home/csanimatronics/CS_Animatronics/build/controller_publisher', 'XDG_CONFIG_DIRS': '/etc/xdg/xdg-ubuntu:/etc/xdg', 'XDG_DATA_DIRS': '/usr/share/ubuntu:/usr/share/gnome:/usr/local/share/:/usr/share/:/var/lib/snapd/desktop', 'PYTHONPATH': '/home/csanimatronics/CS_Animatronics/build/controller_publisher/prefix_override:/usr/lib/python3/dist-packages/colcon_core/task/python/colcon_distutils_commands:/home/csanimatronics/CS_Animatronics/install/controller_publisher/lib/python3.12/site-packages:/opt/ros/jazzy/lib/python3.12/site-packages', 'COLCON': '1', 'MEMORY_PRESSURE_WRITE': 'c29tZSAyMDAwMDAgMjAwMDAwMAA=', 'VTE_VERSION': '7600', 'CMAKE_PREFIX_PATH': '/opt/ros/jazzy/opt/gz_math_vendor:/opt/ros/jazzy/opt/gz_utils_vendor:/opt/ros/jazzy/opt/gz_cmake_vendor'}, 'shell': False}
[2.531023] (-) TimerEvent: {}
[2.633623] (-) TimerEvent: {}
[2.734637] (-) TimerEvent: {}
[2.770351] (dynamixel_sdk) StdoutLine: {'line': b'[ 50%] \x1b[32mBuilding CXX object CMakeFiles/dynamixel_sdk.dir/src/dynamixel_sdk/group_sync_write.cpp.o\x1b[0m\n'}
[2.835605] (-) TimerEvent: {}
[2.938931] (-) TimerEvent: {}
[3.042890] (-) TimerEvent: {}
[3.116809] (dynamixel_sdk) StdoutLine: {'line': b'[ 60%] \x1b[32mBuilding CXX object CMakeFiles/dynamixel_sdk.dir/src/dynamixel_sdk/group_bulk_read.cpp.o\x1b[0m\n'}
[3.122188] (dynamixel_sdk) StdoutLine: {'line': b'[ 70%] \x1b[32mBuilding CXX object CMakeFiles/dynamixel_sdk.dir/src/dynamixel_sdk/group_bulk_write.cpp.o\x1b[0m\n'}
[3.143032] (-) TimerEvent: {}
[3.249585] (-) TimerEvent: {}
[3.350001] (-) TimerEvent: {}
[3.450440] (-) TimerEvent: {}
[3.550968] (-) TimerEvent: {}
[3.654893] (-) TimerEvent: {}
[3.755408] (-) TimerEvent: {}
[3.827495] (dynamixel_sdk) StdoutLine: {'line': b'[ 80%] \x1b[32mBuilding CXX object CMakeFiles/dynamixel_sdk.dir/src/dynamixel_sdk/port_handler.cpp.o\x1b[0m\n'}
[3.855555] (-) TimerEvent: {}
[3.934139] (dynamixel_sdk) StdoutLine: {'line': b'[ 90%] \x1b[32mBuilding CXX object CMakeFiles/dynamixel_sdk.dir/src/dynamixel_sdk/port_handler_linux.cpp.o\x1b[0m\n'}
[3.955681] (-) TimerEvent: {}
[4.051098] (controller_publisher) StdoutLine: {'line': b'running egg_info\n'}
[4.053668] (controller_publisher) StdoutLine: {'line': b'creating ../../build/controller_publisher/controller_publisher.egg-info\n'}
[4.058607] (-) TimerEvent: {}
[4.150576] (controller_publisher) StdoutLine: {'line': b'writing ../../build/controller_publisher/controller_publisher.egg-info/PKG-INFO\n'}
[4.152069] (controller_publisher) StdoutLine: {'line': b'writing dependency_links to ../../build/controller_publisher/controller_publisher.egg-info/dependency_links.txt\n'}
[4.153115] (controller_publisher) StdoutLine: {'line': b'writing entry points to ../../build/controller_publisher/controller_publisher.egg-info/entry_points.txt\n'}
[4.153971] (controller_publisher) StdoutLine: {'line': b'writing requirements to ../../build/controller_publisher/controller_publisher.egg-info/requires.txt\n'}
[4.155121] (controller_publisher) StdoutLine: {'line': b'writing top-level names to ../../build/controller_publisher/controller_publisher.egg-info/top_level.txt\n'}
[4.155415] (controller_publisher) StdoutLine: {'line': b"writing manifest file '../../build/controller_publisher/controller_publisher.egg-info/SOURCES.txt'\n"}
[4.158731] (-) TimerEvent: {}
[4.263823] (-) TimerEvent: {}
[4.267728] (controller_publisher) StdoutLine: {'line': b"reading manifest file '../../build/controller_publisher/controller_publisher.egg-info/SOURCES.txt'\n"}
[4.269061] (controller_publisher) StdoutLine: {'line': b"writing manifest file '../../build/controller_publisher/controller_publisher.egg-info/SOURCES.txt'\n"}
[4.272240] (controller_publisher) StdoutLine: {'line': b'running build\n'}
[4.273677] (controller_publisher) StdoutLine: {'line': b'running build_py\n'}
[4.275574] (controller_publisher) StdoutLine: {'line': b'creating /home/csanimatronics/CS_Animatronics/build/controller_publisher/build\n'}
[4.275860] (controller_publisher) StdoutLine: {'line': b'creating /home/csanimatronics/CS_Animatronics/build/controller_publisher/build/lib\n'}
[4.275991] (controller_publisher) StdoutLine: {'line': b'creating /home/csanimatronics/CS_Animatronics/build/controller_publisher/build/lib/controller_publisher\n'}
[4.276115] (controller_publisher) StdoutLine: {'line': b'copying controller_publisher/controller_publisher.py -> /home/csanimatronics/CS_Animatronics/build/controller_publisher/build/lib/controller_publisher\n'}
[4.276214] (controller_publisher) StdoutLine: {'line': b'copying controller_publisher/__init__.py -> /home/csanimatronics/CS_Animatronics/build/controller_publisher/build/lib/controller_publisher\n'}
[4.276462] (controller_publisher) StdoutLine: {'line': b'running install\n'}
[4.290012] (controller_publisher) StdoutLine: {'line': b'running install_lib\n'}
[4.341770] (controller_publisher) StdoutLine: {'line': b'creating /home/csanimatronics/CS_Animatronics/install/controller_publisher/lib/python3.12/site-packages/controller_publisher\n'}
[4.342061] (controller_publisher) StdoutLine: {'line': b'copying /home/csanimatronics/CS_Animatronics/build/controller_publisher/build/lib/controller_publisher/controller_publisher.py -> /home/csanimatronics/CS_Animatronics/install/controller_publisher/lib/python3.12/site-packages/controller_publisher\n'}
[4.342188] (controller_publisher) StdoutLine: {'line': b'copying /home/csanimatronics/CS_Animatronics/build/controller_publisher/build/lib/controller_publisher/__init__.py -> /home/csanimatronics/CS_Animatronics/install/controller_publisher/lib/python3.12/site-packages/controller_publisher\n'}
[4.345595] (controller_publisher) StdoutLine: {'line': b'byte-compiling /home/csanimatronics/CS_Animatronics/install/controller_publisher/lib/python3.12/site-packages/controller_publisher/controller_publisher.py to controller_publisher.cpython-312.pyc\n'}
[4.346023] (controller_publisher) StdoutLine: {'line': b'byte-compiling /home/csanimatronics/CS_Animatronics/install/controller_publisher/lib/python3.12/site-packages/controller_publisher/__init__.py to __init__.cpython-312.pyc\n'}
[4.346981] (controller_publisher) StdoutLine: {'line': b'running install_data\n'}
[4.347775] (controller_publisher) StdoutLine: {'line': b'creating /home/csanimatronics/CS_Animatronics/install/controller_publisher/share/ament_index\n'}
[4.348376] (controller_publisher) StdoutLine: {'line': b'creating /home/csanimatronics/CS_Animatronics/install/controller_publisher/share/ament_index/resource_index\n'}
[4.349330] (controller_publisher) StdoutLine: {'line': b'creating /home/csanimatronics/CS_Animatronics/install/controller_publisher/share/ament_index/resource_index/packages\n'}
[4.350249] (controller_publisher) StdoutLine: {'line': b'copying resource/controller_publisher -> /home/csanimatronics/CS_Animatronics/install/controller_publisher/share/ament_index/resource_index/packages\n'}
[4.351191] (controller_publisher) StdoutLine: {'line': b'copying package.xml -> /home/csanimatronics/CS_Animatronics/install/controller_publisher/share/controller_publisher\n'}
[4.351476] (controller_publisher) StdoutLine: {'line': b'running install_egg_info\n'}
[4.366608] (-) TimerEvent: {}
[4.410620] (controller_publisher) StdoutLine: {'line': b'Copying ../../build/controller_publisher/controller_publisher.egg-info to /home/csanimatronics/CS_Animatronics/install/controller_publisher/lib/python3.12/site-packages/controller_publisher-0.0.0-py3.12.egg-info\n'}
[4.412986] (controller_publisher) StdoutLine: {'line': b'running install_scripts\n'}
[4.466724] (-) TimerEvent: {}
[4.471650] (motor_commands) StdoutLine: {'line': b'-- Found ament_cmake_ros: 0.12.0 (/opt/ros/jazzy/share/ament_cmake_ros/cmake)\n'}
[4.566886] (-) TimerEvent: {}
[4.598337] (dynamixel_sdk_custom_interfaces) StdoutLine: {'line': b'-- Found ament_cmake_ros: 0.12.0 (/opt/ros/jazzy/share/ament_cmake_ros/cmake)\n'}
[4.644640] (dynamixel_sdk) StdoutLine: {'line': b'[100%] \x1b[32m\x1b[1mLinking CXX shared library libdynamixel_sdk.so\x1b[0m\n'}
[4.669609] (-) TimerEvent: {}
[4.735735] (controller_publisher) StdoutLine: {'line': b'Installing controller_publisher script to /home/csanimatronics/CS_Animatronics/install/controller_publisher/lib/controller_publisher\n'}
[4.736317] (controller_publisher) StdoutLine: {'line': b"writing list of installed files to '/home/csanimatronics/CS_Animatronics/build/controller_publisher/install.log'\n"}
[4.769809] (-) TimerEvent: {}
[4.870387] (-) TimerEvent: {}
[4.892029] (controller_publisher) CommandEnded: {'returncode': 0}
[4.892684] (dynamixel_sdk) StdoutLine: {'line': b'[100%] Built target dynamixel_sdk\n'}
[4.908769] (controller_publisher) JobEnded: {'identifier': 'controller_publisher', 'rc': 0}
[4.919754] (dynamixel_sdk) CommandEnded: {'returncode': 0}
[4.921412] (dynamixel_sdk) JobProgress: {'identifier': 'dynamixel_sdk', 'progress': 'install'}
[4.943041] (dynamixel_sdk) Command: {'cmd': ['/usr/bin/cmake', '--install', '/home/csanimatronics/CS_Animatronics/build/dynamixel_sdk'], 'cwd': '/home/csanimatronics/CS_Animatronics/build/dynamixel_sdk', 'env': OrderedDict({'LESSOPEN': '| /usr/bin/lesspipe %s', 'USER': 'csanimatronics', 'XDG_SESSION_TYPE': 'wayland', 'SHLVL': '1', 'LD_LIBRARY_PATH': '/opt/ros/jazzy/opt/rviz_ogre_vendor/lib:/opt/ros/jazzy/lib/aarch64-linux-gnu:/opt/ros/jazzy/opt/gz_math_vendor/lib:/opt/ros/jazzy/opt/gz_utils_vendor/lib:/opt/ros/jazzy/opt/gz_cmake_vendor/lib:/opt/ros/jazzy/lib', 'HOME': '/home/csanimatronics', 'OLDPWD': '/home/csanimatronics', 'DESKTOP_SESSION': 'ubuntu', 'ROS_PYTHON_VERSION': '3', 'GNOME_SHELL_SESSION_MODE': 'ubuntu', 'GTK_MODULES': 'gail:atk-bridge', 'SYSTEMD_EXEC_PID': '1641', 'GSM_SKIP_SSH_AGENT_WORKAROUND': 'true', 'DBUS_SESSION_BUS_ADDRESS': 'unix:path=/run/user/1002/bus', 'COLORTERM': 'truecolor', 'DEBUGINFOD_URLS': 'https://debuginfod.ubuntu.com', 'IM_CONFIG_PHASE': '1', 'WAYLAND_DISPLAY': 'wayland-0', 'ROS_DISTRO': 'jazzy', 'LOGNAME': 'csanimatronics', '_': '/usr/bin/colcon', 'ROS_VERSION': '2', 'MEMORY_PRESSURE_WATCH': '/sys/fs/cgroup/user.slice/user-1002.slice/user@1002.service/session.slice/org.gnome.Shell@wayland.service/memory.pressure', 'XDG_SESSION_CLASS': 'user', 'USERNAME': 'csanimatronics', 'TERM': 'xterm-256color', 'GNOME_DESKTOP_SESSION_ID': 'this-is-deprecated', 'PATH': '/opt/ros/jazzy/bin:/usr/local/sbin:/usr/local/bin:/usr/sbin:/usr/bin:/sbin:/bin:/usr/games:/usr/local/games:/snap/bin:/snap/bin', 'SESSION_MANAGER': 'local/csanimatronics-desktop:@/tmp/.ICE-unix/1612,unix/csanimatronics-desktop:/tmp/.ICE-unix/1612', 'XDG_MENU_PREFIX': 'gnome-', 'GNOME_TERMINAL_SCREEN': '/org/gnome/Terminal/screen/60df07e8_ecb9_42f0_a6bb_660d9ed876dc', 'GNOME_SETUP_DISPLAY': ':1', 'XDG_RUNTIME_DIR': '/run/user/1002', 'DISPLAY': ':0', 'LANG': 'C.UTF-8', 'XDG_CURRENT_DESKTOP': 'ubuntu:GNOME', 'XMODIFIERS': '@im=ibus', 'XDG_SESSION_DESKTOP': 'ubuntu', 'XAUTHORITY': '/run/user/1002/.mutter-Xwaylandauth.N7O212', 'LS_COLORS': 'rs=0:di=01;34:ln=01;36:mh=00:pi=40;33:so=01;35:do=01;35:bd=40;33;01:cd=40;33;01:or=40;31;01:mi=00:su=37;41:sg=30;43:ca=00:tw=30;42:ow=34;42:st=37;44:ex=01;32:*.tar=01;31:*.tgz=01;31:*.arc=01;31:*.arj=01;31:*.taz=01;31:*.lha=01;31:*.lz4=01;31:*.lzh=01;31:*.lzma=01;31:*.tlz=01;31:*.txz=01;31:*.tzo=01;31:*.t7z=01;31:*.zip=01;31:*.z=01;31:*.dz=01;31:*.gz=01;31:*.lrz=01;31:*.lz=01;31:*.lzo=01;31:*.xz=01;31:*.zst=01;31:*.tzst=01;31:*.bz2=01;31:*.bz=01;31:*.tbz=01;31:*.tbz2=01;31:*.tz=01;31:*.deb=01;31:*.rpm=01;31:*.jar=01;31:*.war=01;31:*.ear=01;31:*.sar=01;31:*.rar=01;31:*.alz=01;31:*.ace=01;31:*.zoo=01;31:*.cpio=01;31:*.7z=01;31:*.rz=01;31:*.cab=01;31:*.wim=01;31:*.swm=01;31:*.dwm=01;31:*.esd=01;31:*.avif=01;35:*.jpg=01;35:*.jpeg=01;35:*.mjpg=01;35:*.mjpeg=01;35:*.gif=01;35:*.bmp=01;35:*.pbm=01;35:*.pgm=01;35:*.ppm=01;35:*.tga=01;35:*.xbm=01;35:*.xpm=01;35:*.tif=01;35:*.tiff=01;35:*.png=01;35:*.svg=01;35:*.svgz=01;35:*.mng=01;35:*.pcx=01;35:*.mov=01;35:*.mpg=01;35:*.mpeg=01;35:*.m2v=01;35:*.mkv=01;35:*.webm=01;35:*.webp=01;35:*.ogm=01;35:*.mp4=01;35:*.m4v=01;35:*.mp4v=01;35:*.vob=01;35:*.qt=01;35:*.nuv=01;35:*.wmv=01;35:*.asf=01;35:*.rm=01;35:*.rmvb=01;35:*.flc=01;35:*.avi=01;35:*.fli=01;35:*.flv=01;35:*.gl=01;35:*.dl=01;35:*.xcf=01;35:*.xwd=01;35:*.yuv=01;35:*.cgm=01;35:*.emf=01;35:*.ogv=01;35:*.ogx=01;35:*.aac=00;36:*.au=00;36:*.flac=00;36:*.m4a=00;36:*.mid=00;36:*.midi=00;36:*.mka=00;36:*.mp3=00;36:*.mpc=00;36:*.ogg=00;36:*.ra=00;36:*.wav=00;36:*.oga=00;36:*.opus=00;36:*.spx=00;36:*.xspf=00;36:*~=00;90:*#=00;90:*.bak=00;90:*.crdownload=00;90:*.dpkg-dist=00;90:*.dpkg-new=00;90:*.dpkg-old=00;90:*.dpkg-tmp=00;90:*.old=00;90:*.orig=00;90:*.part=00;90:*.rej=00;90:*.rpmnew=00;90:*.rpmorig=00;90:*.rpmsave=00;90:*.swp=00;90:*.tmp=00;90:*.ucf-dist=00;90:*.ucf-new=00;90:*.ucf-old=00;90:', 'GNOME_TERMINAL_SERVICE': ':1.103', 'SSH_AUTH_SOCK': '/run/user/1002/keyring/ssh', 'AMENT_PREFIX_PATH': '/opt/ros/jazzy', 'SHELL': '/bin/bash', 'QT_ACCESSIBILITY': '1', 'GDMSESSION': 'ubuntu', 'LESSCLOSE': '/usr/bin/lesspipe %s %s', 'ROS_AUTOMATIC_DISCOVERY_RANGE': 'SUBNET', 'QT_IM_MODULE': 'ibus', 'PWD': '/home/csanimatronics/CS_Animatronics/build/dynamixel_sdk', 'XDG_CONFIG_DIRS': '/etc/xdg/xdg-ubuntu:/etc/xdg', 'XDG_DATA_DIRS': '/usr/share/ubuntu:/usr/share/gnome:/usr/local/share/:/usr/share/:/var/lib/snapd/desktop', 'PYTHONPATH': '/opt/ros/jazzy/lib/python3.12/site-packages', 'COLCON': '1', 'MEMORY_PRESSURE_WRITE': 'c29tZSAyMDAwMDAgMjAwMDAwMAA=', 'VTE_VERSION': '7600', 'CMAKE_PREFIX_PATH': '/opt/ros/jazzy/opt/gz_math_vendor:/opt/ros/jazzy/opt/gz_utils_vendor:/opt/ros/jazzy/opt/gz_cmake_vendor:/opt/ros/jazzy'}), 'shell': False}
[4.960963] (dynamixel_sdk) StdoutLine: {'line': b'-- Install configuration: ""\n'}
[4.961542] (dynamixel_sdk) StdoutLine: {'line': b'-- Installing: /home/csanimatronics/CS_Animatronics/install/dynamixel_sdk/include/\n'}
[4.961791] (dynamixel_sdk) StdoutLine: {'line': b'-- Installing: /home/csanimatronics/CS_Animatronics/install/dynamixel_sdk/include//dynamixel_sdk\n'}
[4.961991] (dynamixel_sdk) StdoutLine: {'line': b'-- Installing: /home/csanimatronics/CS_Animatronics/install/dynamixel_sdk/include//dynamixel_sdk/port_handler.h\n'}
[4.962122] (dynamixel_sdk) StdoutLine: {'line': b'-- Installing: /home/csanimatronics/CS_Animatronics/install/dynamixel_sdk/include//dynamixel_sdk/protocol2_packet_handler.h\n'}
[4.962371] (dynamixel_sdk) StdoutLine: {'line': b'-- Installing: /home/csanimatronics/CS_Animatronics/install/dynamixel_sdk/include//dynamixel_sdk/group_sync_read.h\n'}
[4.962607] (dynamixel_sdk) StdoutLine: {'line': b'-- Installing: /home/csanimatronics/CS_Animatronics/install/dynamixel_sdk/include//dynamixel_sdk/port_handler_arduino.h\n'}
[4.962844] (dynamixel_sdk) StdoutLine: {'line': b'-- Installing: /home/csanimatronics/CS_Animatronics/install/dynamixel_sdk/include//dynamixel_sdk/dynamixel_sdk.h\n'}
[4.963007] (dynamixel_sdk) StdoutLine: {'line': b'-- Installing: /home/csanimatronics/CS_Animatronics/install/dynamixel_sdk/include//dynamixel_sdk/group_bulk_write.h\n'}
[4.963179] (dynamixel_sdk) StdoutLine: {'line': b'-- Installing: /home/csanimatronics/CS_Animatronics/install/dynamixel_sdk/include//dynamixel_sdk/port_handler_mac.h\n'}
[4.963410] (dynamixel_sdk) StdoutLine: {'line': b'-- Installing: /home/csanimatronics/CS_Animatronics/install/dynamixel_sdk/include//dynamixel_sdk/port_handler_windows.h\n'}
[4.963707] (dynamixel_sdk) StdoutLine: {'line': b'-- Installing: /home/csanimatronics/CS_Animatronics/install/dynamixel_sdk/include//dynamixel_sdk/packet_handler.h\n'}
[4.963947] (dynamixel_sdk) StdoutLine: {'line': b'-- Installing: /home/csanimatronics/CS_Animatronics/install/dynamixel_sdk/include//dynamixel_sdk/port_handler_linux.h\n'}
[4.964127] (dynamixel_sdk) StdoutLine: {'line': b'-- Installing: /home/csanimatronics/CS_Animatronics/install/dynamixel_sdk/include//dynamixel_sdk/group_sync_write.h\n'}
[4.964250] (dynamixel_sdk) StdoutLine: {'line': b'-- Installing: /home/csanimatronics/CS_Animatronics/install/dynamixel_sdk/include//dynamixel_sdk/protocol1_packet_handler.h\n'}
[4.964417] (dynamixel_sdk) StdoutLine: {'line': b'-- Installing: /home/csanimatronics/CS_Animatronics/install/dynamixel_sdk/include//dynamixel_sdk/group_bulk_read.h\n'}
[4.964668] (dynamixel_sdk) StdoutLine: {'line': b'-- Installing: /home/csanimatronics/CS_Animatronics/install/dynamixel_sdk/lib/libdynamixel_sdk.so\n'}
[4.965564] (dynamixel_sdk) StdoutLine: {'line': b'-- Installing: /home/csanimatronics/CS_Animatronics/install/dynamixel_sdk/share/dynamixel_sdk/environment/library_path.sh\n'}
[4.965839] (dynamixel_sdk) StdoutLine: {'line': b'-- Installing: /home/csanimatronics/CS_Animatronics/install/dynamixel_sdk/share/dynamixel_sdk/environment/library_path.dsv\n'}
[4.966180] (dynamixel_sdk) StdoutLine: {'line': b'-- Installing: /home/csanimatronics/CS_Animatronics/install/dynamixel_sdk/share/ament_index/resource_index/package_run_dependencies/dynamixel_sdk\n'}
[4.966472] (dynamixel_sdk) StdoutLine: {'line': b'-- Installing: /home/csanimatronics/CS_Animatronics/install/dynamixel_sdk/share/ament_index/resource_index/parent_prefix_path/dynamixel_sdk\n'}
[4.966759] (dynamixel_sdk) StdoutLine: {'line': b'-- Installing: /home/csanimatronics/CS_Animatronics/install/dynamixel_sdk/share/dynamixel_sdk/environment/ament_prefix_path.sh\n'}
[4.966995] (dynamixel_sdk) StdoutLine: {'line': b'-- Installing: /home/csanimatronics/CS_Animatronics/install/dynamixel_sdk/share/dynamixel_sdk/environment/ament_prefix_path.dsv\n'}
[4.967279] (dynamixel_sdk) StdoutLine: {'line': b'-- Installing: /home/csanimatronics/CS_Animatronics/install/dynamixel_sdk/share/dynamixel_sdk/environment/path.sh\n'}
[4.967487] (dynamixel_sdk) StdoutLine: {'line': b'-- Installing: /home/csanimatronics/CS_Animatronics/install/dynamixel_sdk/share/dynamixel_sdk/environment/path.dsv\n'}
[4.967754] (dynamixel_sdk) StdoutLine: {'line': b'-- Installing: /home/csanimatronics/CS_Animatronics/install/dynamixel_sdk/share/dynamixel_sdk/local_setup.bash\n'}
[4.967982] (dynamixel_sdk) StdoutLine: {'line': b'-- Installing: /home/csanimatronics/CS_Animatronics/install/dynamixel_sdk/share/dynamixel_sdk/local_setup.sh\n'}
[4.968209] (dynamixel_sdk) StdoutLine: {'line': b'-- Installing: /home/csanimatronics/CS_Animatronics/install/dynamixel_sdk/share/dynamixel_sdk/local_setup.zsh\n'}
[4.968413] (dynamixel_sdk) StdoutLine: {'line': b'-- Installing: /home/csanimatronics/CS_Animatronics/install/dynamixel_sdk/share/dynamixel_sdk/local_setup.dsv\n'}
[4.968670] (dynamixel_sdk) StdoutLine: {'line': b'-- Installing: /home/csanimatronics/CS_Animatronics/install/dynamixel_sdk/share/dynamixel_sdk/package.dsv\n'}
[4.969002] (dynamixel_sdk) StdoutLine: {'line': b'-- Installing: /home/csanimatronics/CS_Animatronics/install/dynamixel_sdk/share/ament_index/resource_index/packages/dynamixel_sdk\n'}
[4.969272] (dynamixel_sdk) StdoutLine: {'line': b'-- Installing: /home/csanimatronics/CS_Animatronics/install/dynamixel_sdk/share/dynamixel_sdk/cmake/ament_cmake_export_include_directories-extras.cmake\n'}
[4.969529] (dynamixel_sdk) StdoutLine: {'line': b'-- Installing: /home/csanimatronics/CS_Animatronics/install/dynamixel_sdk/share/dynamixel_sdk/cmake/ament_cmake_export_libraries-extras.cmake\n'}
[4.969799] (dynamixel_sdk) StdoutLine: {'line': b'-- Installing: /home/csanimatronics/CS_Animatronics/install/dynamixel_sdk/share/dynamixel_sdk/cmake/dynamixel_sdkConfig.cmake\n'}
[4.969979] (dynamixel_sdk) StdoutLine: {'line': b'-- Installing: /home/csanimatronics/CS_Animatronics/install/dynamixel_sdk/share/dynamixel_sdk/cmake/dynamixel_sdkConfig-version.cmake\n'}
[4.970195] (dynamixel_sdk) StdoutLine: {'line': b'-- Installing: /home/csanimatronics/CS_Animatronics/install/dynamixel_sdk/share/dynamixel_sdk/package.xml\n'}
[4.970438] (-) TimerEvent: {}
[4.977594] (dynamixel_sdk) CommandEnded: {'returncode': 0}
[5.013990] (dynamixel_sdk) JobEnded: {'identifier': 'dynamixel_sdk', 'rc': 0}
[5.070570] (-) TimerEvent: {}
[5.170948] (-) TimerEvent: {}
[5.271342] (-) TimerEvent: {}
[5.371836] (-) TimerEvent: {}
[5.472242] (-) TimerEvent: {}
[5.572670] (-) TimerEvent: {}
[5.673085] (-) TimerEvent: {}
[5.773460] (-) TimerEvent: {}
[5.873872] (-) TimerEvent: {}
[5.958245] (motor_commands) StdoutLine: {'line': b'-- Using all available rosidl_typesupport_c: rosidl_typesupport_fastrtps_c;rosidl_typesupport_introspection_c\n'}
[5.973970] (-) TimerEvent: {}
[6.047576] (dynamixel_sdk_custom_interfaces) StdoutLine: {'line': b'-- Using all available rosidl_typesupport_c: rosidl_typesupport_fastrtps_c;rosidl_typesupport_introspection_c\n'}
[6.074079] (-) TimerEvent: {}
[6.174463] (-) TimerEvent: {}
[6.274886] (-) TimerEvent: {}
[6.375241] (-) TimerEvent: {}
[6.463598] (motor_commands) StdoutLine: {'line': b'-- Using all available rosidl_typesupport_cpp: rosidl_typesupport_fastrtps_cpp;rosidl_typesupport_introspection_cpp\n'}
[6.467733] (motor_commands) StdoutLine: {'line': b'-- Found python_cmake_module: 0.11.1 (/opt/ros/jazzy/share/python_cmake_module/cmake)\n'}
[6.475402] (-) TimerEvent: {}
[6.558878] (dynamixel_sdk_custom_interfaces) StdoutLine: {'line': b'-- Using all available rosidl_typesupport_cpp: rosidl_typesupport_fastrtps_cpp;rosidl_typesupport_introspection_cpp\n'}
[6.562992] (dynamixel_sdk_custom_interfaces) StdoutLine: {'line': b'-- Found python_cmake_module: 0.11.1 (/opt/ros/jazzy/share/python_cmake_module/cmake)\n'}
[6.575482] (-) TimerEvent: {}
[6.675957] (-) TimerEvent: {}
[6.723055] (motor_commands) StdoutLine: {'line': b'-- Found PythonExtra: /usr/bin/python3  \n'}
[6.776077] (-) TimerEvent: {}
[6.815273] (dynamixel_sdk_custom_interfaces) StdoutLine: {'line': b'-- Found PythonExtra: /usr/bin/python3  \n'}
[6.876214] (-) TimerEvent: {}
[6.976615] (-) TimerEvent: {}
[7.077082] (-) TimerEvent: {}
[7.177555] (-) TimerEvent: {}
[7.279108] (-) TimerEvent: {}
[7.379438] (-) TimerEvent: {}
[7.479820] (-) TimerEvent: {}
[7.574718] (motor_commands) StdoutLine: {'line': b'-- Found Python3: /usr/bin/python3 (found version "3.12.3") found components: Interpreter Development NumPy Development.Module Development.Embed \n'}
[7.579900] (-) TimerEvent: {}
[7.645055] (motor_commands) StdoutLine: {'line': b'-- Configuring done (7.6s)\n'}
[7.663707] (dynamixel_sdk_custom_interfaces) StdoutLine: {'line': b'-- Found Python3: /usr/bin/python3 (found version "3.12.3") found components: Interpreter Development NumPy Development.Module Development.Embed \n'}
[7.679999] (-) TimerEvent: {}
[7.708007] (motor_commands) StdoutLine: {'line': b'-- Generating done (0.1s)\n'}
[7.725222] (motor_commands) StdoutLine: {'line': b'-- Build files have been written to: /home/csanimatronics/CS_Animatronics/build/motor_commands\n'}
[7.728069] (dynamixel_sdk_custom_interfaces) StdoutLine: {'line': b'-- Configuring done (7.6s)\n'}
[7.739637] (motor_commands) CommandEnded: {'returncode': 0}
[7.740441] (motor_commands) JobProgress: {'identifier': 'motor_commands', 'progress': 'build'}
[7.741673] (motor_commands) Command: {'cmd': ['/usr/bin/cmake', '--build', '/home/csanimatronics/CS_Animatronics/build/motor_commands', '--', '-j4', '-l4'], 'cwd': '/home/csanimatronics/CS_Animatronics/build/motor_commands', 'env': OrderedDict({'LESSOPEN': '| /usr/bin/lesspipe %s', 'USER': 'csanimatronics', 'XDG_SESSION_TYPE': 'wayland', 'SHLVL': '1', 'LD_LIBRARY_PATH': '/opt/ros/jazzy/opt/rviz_ogre_vendor/lib:/opt/ros/jazzy/lib/aarch64-linux-gnu:/opt/ros/jazzy/opt/gz_math_vendor/lib:/opt/ros/jazzy/opt/gz_utils_vendor/lib:/opt/ros/jazzy/opt/gz_cmake_vendor/lib:/opt/ros/jazzy/lib', 'HOME': '/home/csanimatronics', 'OLDPWD': '/home/csanimatronics', 'DESKTOP_SESSION': 'ubuntu', 'ROS_PYTHON_VERSION': '3', 'GNOME_SHELL_SESSION_MODE': 'ubuntu', 'GTK_MODULES': 'gail:atk-bridge', 'SYSTEMD_EXEC_PID': '1641', 'GSM_SKIP_SSH_AGENT_WORKAROUND': 'true', 'DBUS_SESSION_BUS_ADDRESS': 'unix:path=/run/user/1002/bus', 'COLORTERM': 'truecolor', 'DEBUGINFOD_URLS': 'https://debuginfod.ubuntu.com', 'IM_CONFIG_PHASE': '1', 'WAYLAND_DISPLAY': 'wayland-0', 'ROS_DISTRO': 'jazzy', 'LOGNAME': 'csanimatronics', '_': '/usr/bin/colcon', 'ROS_VERSION': '2', 'MEMORY_PRESSURE_WATCH': '/sys/fs/cgroup/user.slice/user-1002.slice/user@1002.service/session.slice/org.gnome.Shell@wayland.service/memory.pressure', 'XDG_SESSION_CLASS': 'user', 'USERNAME': 'csanimatronics', 'TERM': 'xterm-256color', 'GNOME_DESKTOP_SESSION_ID': 'this-is-deprecated', 'PATH': '/opt/ros/jazzy/bin:/usr/local/sbin:/usr/local/bin:/usr/sbin:/usr/bin:/sbin:/bin:/usr/games:/usr/local/games:/snap/bin:/snap/bin', 'SESSION_MANAGER': 'local/csanimatronics-desktop:@/tmp/.ICE-unix/1612,unix/csanimatronics-desktop:/tmp/.ICE-unix/1612', 'XDG_MENU_PREFIX': 'gnome-', 'GNOME_TERMINAL_SCREEN': '/org/gnome/Terminal/screen/60df07e8_ecb9_42f0_a6bb_660d9ed876dc', 'GNOME_SETUP_DISPLAY': ':1', 'XDG_RUNTIME_DIR': '/run/user/1002', 'DISPLAY': ':0', 'LANG': 'C.UTF-8', 'XDG_CURRENT_DESKTOP': 'ubuntu:GNOME', 'XMODIFIERS': '@im=ibus', 'XDG_SESSION_DESKTOP': 'ubuntu', 'XAUTHORITY': '/run/user/1002/.mutter-Xwaylandauth.N7O212', 'LS_COLORS': 'rs=0:di=01;34:ln=01;36:mh=00:pi=40;33:so=01;35:do=01;35:bd=40;33;01:cd=40;33;01:or=40;31;01:mi=00:su=37;41:sg=30;43:ca=00:tw=30;42:ow=34;42:st=37;44:ex=01;32:*.tar=01;31:*.tgz=01;31:*.arc=01;31:*.arj=01;31:*.taz=01;31:*.lha=01;31:*.lz4=01;31:*.lzh=01;31:*.lzma=01;31:*.tlz=01;31:*.txz=01;31:*.tzo=01;31:*.t7z=01;31:*.zip=01;31:*.z=01;31:*.dz=01;31:*.gz=01;31:*.lrz=01;31:*.lz=01;31:*.lzo=01;31:*.xz=01;31:*.zst=01;31:*.tzst=01;31:*.bz2=01;31:*.bz=01;31:*.tbz=01;31:*.tbz2=01;31:*.tz=01;31:*.deb=01;31:*.rpm=01;31:*.jar=01;31:*.war=01;31:*.ear=01;31:*.sar=01;31:*.rar=01;31:*.alz=01;31:*.ace=01;31:*.zoo=01;31:*.cpio=01;31:*.7z=01;31:*.rz=01;31:*.cab=01;31:*.wim=01;31:*.swm=01;31:*.dwm=01;31:*.esd=01;31:*.avif=01;35:*.jpg=01;35:*.jpeg=01;35:*.mjpg=01;35:*.mjpeg=01;35:*.gif=01;35:*.bmp=01;35:*.pbm=01;35:*.pgm=01;35:*.ppm=01;35:*.tga=01;35:*.xbm=01;35:*.xpm=01;35:*.tif=01;35:*.tiff=01;35:*.png=01;35:*.svg=01;35:*.svgz=01;35:*.mng=01;35:*.pcx=01;35:*.mov=01;35:*.mpg=01;35:*.mpeg=01;35:*.m2v=01;35:*.mkv=01;35:*.webm=01;35:*.webp=01;35:*.ogm=01;35:*.mp4=01;35:*.m4v=01;35:*.mp4v=01;35:*.vob=01;35:*.qt=01;35:*.nuv=01;35:*.wmv=01;35:*.asf=01;35:*.rm=01;35:*.rmvb=01;35:*.flc=01;35:*.avi=01;35:*.fli=01;35:*.flv=01;35:*.gl=01;35:*.dl=01;35:*.xcf=01;35:*.xwd=01;35:*.yuv=01;35:*.cgm=01;35:*.emf=01;35:*.ogv=01;35:*.ogx=01;35:*.aac=00;36:*.au=00;36:*.flac=00;36:*.m4a=00;36:*.mid=00;36:*.midi=00;36:*.mka=00;36:*.mp3=00;36:*.mpc=00;36:*.ogg=00;36:*.ra=00;36:*.wav=00;36:*.oga=00;36:*.opus=00;36:*.spx=00;36:*.xspf=00;36:*~=00;90:*#=00;90:*.bak=00;90:*.crdownload=00;90:*.dpkg-dist=00;90:*.dpkg-new=00;90:*.dpkg-old=00;90:*.dpkg-tmp=00;90:*.old=00;90:*.orig=00;90:*.part=00;90:*.rej=00;90:*.rpmnew=00;90:*.rpmorig=00;90:*.rpmsave=00;90:*.swp=00;90:*.tmp=00;90:*.ucf-dist=00;90:*.ucf-new=00;90:*.ucf-old=00;90:', 'GNOME_TERMINAL_SERVICE': ':1.103', 'SSH_AUTH_SOCK': '/run/user/1002/keyring/ssh', 'AMENT_PREFIX_PATH': '/opt/ros/jazzy', 'SHELL': '/bin/bash', 'QT_ACCESSIBILITY': '1', 'GDMSESSION': 'ubuntu', 'LESSCLOSE': '/usr/bin/lesspipe %s %s', 'ROS_AUTOMATIC_DISCOVERY_RANGE': 'SUBNET', 'QT_IM_MODULE': 'ibus', 'PWD': '/home/csanimatronics/CS_Animatronics/build/motor_commands', 'XDG_CONFIG_DIRS': '/etc/xdg/xdg-ubuntu:/etc/xdg', 'XDG_DATA_DIRS': '/usr/share/ubuntu:/usr/share/gnome:/usr/local/share/:/usr/share/:/var/lib/snapd/desktop', 'PYTHONPATH': '/opt/ros/jazzy/lib/python3.12/site-packages', 'COLCON': '1', 'MEMORY_PRESSURE_WRITE': 'c29tZSAyMDAwMDAgMjAwMDAwMAA=', 'VTE_VERSION': '7600', 'CMAKE_PREFIX_PATH': '/opt/ros/jazzy/opt/gz_math_vendor:/opt/ros/jazzy/opt/gz_utils_vendor:/opt/ros/jazzy/opt/gz_cmake_vendor:/opt/ros/jazzy'}), 'shell': False}
[7.780155] (-) TimerEvent: {}
[7.793036] (dynamixel_sdk_custom_interfaces) StdoutLine: {'line': b'-- Generating done (0.1s)\n'}
[7.813407] (dynamixel_sdk_custom_interfaces) StdoutLine: {'line': b'-- Build files have been written to: /home/csanimatronics/CS_Animatronics/build/dynamixel_sdk_custom_interfaces\n'}
[7.829864] (dynamixel_sdk_custom_interfaces) CommandEnded: {'returncode': 0}
[7.831693] (dynamixel_sdk_custom_interfaces) JobProgress: {'identifier': 'dynamixel_sdk_custom_interfaces', 'progress': 'build'}
[7.832148] (dynamixel_sdk_custom_interfaces) Command: {'cmd': ['/usr/bin/cmake', '--build', '/home/csanimatronics/CS_Animatronics/build/dynamixel_sdk_custom_interfaces', '--', '-j4', '-l4'], 'cwd': '/home/csanimatronics/CS_Animatronics/build/dynamixel_sdk_custom_interfaces', 'env': OrderedDict({'LESSOPEN': '| /usr/bin/lesspipe %s', 'USER': 'csanimatronics', 'XDG_SESSION_TYPE': 'wayland', 'SHLVL': '1', 'LD_LIBRARY_PATH': '/opt/ros/jazzy/opt/rviz_ogre_vendor/lib:/opt/ros/jazzy/lib/aarch64-linux-gnu:/opt/ros/jazzy/opt/gz_math_vendor/lib:/opt/ros/jazzy/opt/gz_utils_vendor/lib:/opt/ros/jazzy/opt/gz_cmake_vendor/lib:/opt/ros/jazzy/lib', 'HOME': '/home/csanimatronics', 'OLDPWD': '/home/csanimatronics', 'DESKTOP_SESSION': 'ubuntu', 'ROS_PYTHON_VERSION': '3', 'GNOME_SHELL_SESSION_MODE': 'ubuntu', 'GTK_MODULES': 'gail:atk-bridge', 'SYSTEMD_EXEC_PID': '1641', 'GSM_SKIP_SSH_AGENT_WORKAROUND': 'true', 'DBUS_SESSION_BUS_ADDRESS': 'unix:path=/run/user/1002/bus', 'COLORTERM': 'truecolor', 'DEBUGINFOD_URLS': 'https://debuginfod.ubuntu.com', 'IM_CONFIG_PHASE': '1', 'WAYLAND_DISPLAY': 'wayland-0', 'ROS_DISTRO': 'jazzy', 'LOGNAME': 'csanimatronics', '_': '/usr/bin/colcon', 'ROS_VERSION': '2', 'MEMORY_PRESSURE_WATCH': '/sys/fs/cgroup/user.slice/user-1002.slice/user@1002.service/session.slice/org.gnome.Shell@wayland.service/memory.pressure', 'XDG_SESSION_CLASS': 'user', 'USERNAME': 'csanimatronics', 'TERM': 'xterm-256color', 'GNOME_DESKTOP_SESSION_ID': 'this-is-deprecated', 'PATH': '/opt/ros/jazzy/bin:/usr/local/sbin:/usr/local/bin:/usr/sbin:/usr/bin:/sbin:/bin:/usr/games:/usr/local/games:/snap/bin:/snap/bin', 'SESSION_MANAGER': 'local/csanimatronics-desktop:@/tmp/.ICE-unix/1612,unix/csanimatronics-desktop:/tmp/.ICE-unix/1612', 'XDG_MENU_PREFIX': 'gnome-', 'GNOME_TERMINAL_SCREEN': '/org/gnome/Terminal/screen/60df07e8_ecb9_42f0_a6bb_660d9ed876dc', 'GNOME_SETUP_DISPLAY': ':1', 'XDG_RUNTIME_DIR': '/run/user/1002', 'DISPLAY': ':0', 'LANG': 'C.UTF-8', 'XDG_CURRENT_DESKTOP': 'ubuntu:GNOME', 'XMODIFIERS': '@im=ibus', 'XDG_SESSION_DESKTOP': 'ubuntu', 'XAUTHORITY': '/run/user/1002/.mutter-Xwaylandauth.N7O212', 'LS_COLORS': 'rs=0:di=01;34:ln=01;36:mh=00:pi=40;33:so=01;35:do=01;35:bd=40;33;01:cd=40;33;01:or=40;31;01:mi=00:su=37;41:sg=30;43:ca=00:tw=30;42:ow=34;42:st=37;44:ex=01;32:*.tar=01;31:*.tgz=01;31:*.arc=01;31:*.arj=01;31:*.taz=01;31:*.lha=01;31:*.lz4=01;31:*.lzh=01;31:*.lzma=01;31:*.tlz=01;31:*.txz=01;31:*.tzo=01;31:*.t7z=01;31:*.zip=01;31:*.z=01;31:*.dz=01;31:*.gz=01;31:*.lrz=01;31:*.lz=01;31:*.lzo=01;31:*.xz=01;31:*.zst=01;31:*.tzst=01;31:*.bz2=01;31:*.bz=01;31:*.tbz=01;31:*.tbz2=01;31:*.tz=01;31:*.deb=01;31:*.rpm=01;31:*.jar=01;31:*.war=01;31:*.ear=01;31:*.sar=01;31:*.rar=01;31:*.alz=01;31:*.ace=01;31:*.zoo=01;31:*.cpio=01;31:*.7z=01;31:*.rz=01;31:*.cab=01;31:*.wim=01;31:*.swm=01;31:*.dwm=01;31:*.esd=01;31:*.avif=01;35:*.jpg=01;35:*.jpeg=01;35:*.mjpg=01;35:*.mjpeg=01;35:*.gif=01;35:*.bmp=01;35:*.pbm=01;35:*.pgm=01;35:*.ppm=01;35:*.tga=01;35:*.xbm=01;35:*.xpm=01;35:*.tif=01;35:*.tiff=01;35:*.png=01;35:*.svg=01;35:*.svgz=01;35:*.mng=01;35:*.pcx=01;35:*.mov=01;35:*.mpg=01;35:*.mpeg=01;35:*.m2v=01;35:*.mkv=01;35:*.webm=01;35:*.webp=01;35:*.ogm=01;35:*.mp4=01;35:*.m4v=01;35:*.mp4v=01;35:*.vob=01;35:*.qt=01;35:*.nuv=01;35:*.wmv=01;35:*.asf=01;35:*.rm=01;35:*.rmvb=01;35:*.flc=01;35:*.avi=01;35:*.fli=01;35:*.flv=01;35:*.gl=01;35:*.dl=01;35:*.xcf=01;35:*.xwd=01;35:*.yuv=01;35:*.cgm=01;35:*.emf=01;35:*.ogv=01;35:*.ogx=01;35:*.aac=00;36:*.au=00;36:*.flac=00;36:*.m4a=00;36:*.mid=00;36:*.midi=00;36:*.mka=00;36:*.mp3=00;36:*.mpc=00;36:*.ogg=00;36:*.ra=00;36:*.wav=00;36:*.oga=00;36:*.opus=00;36:*.spx=00;36:*.xspf=00;36:*~=00;90:*#=00;90:*.bak=00;90:*.crdownload=00;90:*.dpkg-dist=00;90:*.dpkg-new=00;90:*.dpkg-old=00;90:*.dpkg-tmp=00;90:*.old=00;90:*.orig=00;90:*.part=00;90:*.rej=00;90:*.rpmnew=00;90:*.rpmorig=00;90:*.rpmsave=00;90:*.swp=00;90:*.tmp=00;90:*.ucf-dist=00;90:*.ucf-new=00;90:*.ucf-old=00;90:', 'GNOME_TERMINAL_SERVICE': ':1.103', 'SSH_AUTH_SOCK': '/run/user/1002/keyring/ssh', 'AMENT_PREFIX_PATH': '/opt/ros/jazzy', 'SHELL': '/bin/bash', 'QT_ACCESSIBILITY': '1', 'GDMSESSION': 'ubuntu', 'LESSCLOSE': '/usr/bin/lesspipe %s %s', 'ROS_AUTOMATIC_DISCOVERY_RANGE': 'SUBNET', 'QT_IM_MODULE': 'ibus', 'PWD': '/home/csanimatronics/CS_Animatronics/build/dynamixel_sdk_custom_interfaces', 'XDG_CONFIG_DIRS': '/etc/xdg/xdg-ubuntu:/etc/xdg', 'XDG_DATA_DIRS': '/usr/share/ubuntu:/usr/share/gnome:/usr/local/share/:/usr/share/:/var/lib/snapd/desktop', 'PYTHONPATH': '/opt/ros/jazzy/lib/python3.12/site-packages', 'COLCON': '1', 'MEMORY_PRESSURE_WRITE': 'c29tZSAyMDAwMDAgMjAwMDAwMAA=', 'VTE_VERSION': '7600', 'CMAKE_PREFIX_PATH': '/opt/ros/jazzy/opt/gz_math_vendor:/opt/ros/jazzy/opt/gz_utils_vendor:/opt/ros/jazzy/opt/gz_cmake_vendor:/opt/ros/jazzy'}), 'shell': False}
[7.838711] (motor_commands) StdoutLine: {'line': b'[  2%] \x1b[34m\x1b[1mGenerating type hashes for ROS interfaces\x1b[0m\n'}
[7.856070] (motor_commands) StdoutLine: {'line': b'[  2%] Built target ament_cmake_python_copy_motor_commands\n'}
[7.880277] (-) TimerEvent: {}
[7.948604] (dynamixel_sdk_custom_interfaces) StdoutLine: {'line': b'[  2%] \x1b[34m\x1b[1mGenerating type hashes for ROS interfaces\x1b[0m\n'}
[7.971667] (dynamixel_sdk_custom_interfaces) StdoutLine: {'line': b'[  2%] Built target ament_cmake_python_copy_dynamixel_sdk_custom_interfaces\n'}
[7.980416] (-) TimerEvent: {}
[8.080860] (-) TimerEvent: {}
[8.181474] (-) TimerEvent: {}
[8.284584] (-) TimerEvent: {}
[8.310697] (motor_commands) StdoutLine: {'line': b'running egg_info\n'}
[8.311070] (motor_commands) StdoutLine: {'line': b'[  2%] Built target motor_commands__rosidl_generator_type_description\n'}
[8.311199] (motor_commands) StdoutLine: {'line': b'creating motor_commands.egg-info\n'}
[8.348230] (motor_commands) StdoutLine: {'line': b'writing motor_commands.egg-info/PKG-INFO\n'}
[8.348651] (motor_commands) StdoutLine: {'line': b'writing dependency_links to motor_commands.egg-info/dependency_links.txt\n'}
[8.348901] (motor_commands) StdoutLine: {'line': b'writing top-level names to motor_commands.egg-info/top_level.txt\n'}
[8.349069] (motor_commands) StdoutLine: {'line': b"writing manifest file 'motor_commands.egg-info/SOURCES.txt'\n"}
[8.353082] (motor_commands) StdoutLine: {'line': b'[  4%] \x1b[34m\x1b[1mGenerating C code for ROS interfaces\x1b[0m\n'}
[8.384721] (-) TimerEvent: {}
[8.418690] (motor_commands) StdoutLine: {'line': b'[  6%] \x1b[34m\x1b[1mGenerating C++ code for ROS interfaces\x1b[0m\n'}
[8.437967] (dynamixel_sdk_custom_interfaces) StdoutLine: {'line': b'running egg_info\n'}
[8.440665] (dynamixel_sdk_custom_interfaces) StdoutLine: {'line': b'creating dynamixel_sdk_custom_interfaces.egg-info\n'}
[8.472896] (motor_commands) StdoutLine: {'line': b"reading manifest file 'motor_commands.egg-info/SOURCES.txt'\n"}
[8.474026] (motor_commands) StdoutLine: {'line': b"writing manifest file 'motor_commands.egg-info/SOURCES.txt'\n"}
[8.484861] (-) TimerEvent: {}
[8.501698] (dynamixel_sdk_custom_interfaces) StdoutLine: {'line': b'writing dynamixel_sdk_custom_interfaces.egg-info/PKG-INFO\n'}
[8.502279] (dynamixel_sdk_custom_interfaces) StdoutLine: {'line': b'writing dependency_links to dynamixel_sdk_custom_interfaces.egg-info/dependency_links.txt\n'}
[8.503177] (dynamixel_sdk_custom_interfaces) StdoutLine: {'line': b'writing top-level names to dynamixel_sdk_custom_interfaces.egg-info/top_level.txt\n'}
[8.503493] (dynamixel_sdk_custom_interfaces) StdoutLine: {'line': b"writing manifest file 'dynamixel_sdk_custom_interfaces.egg-info/SOURCES.txt'\n"}
[8.507630] (dynamixel_sdk_custom_interfaces) StdoutLine: {'line': b'[  2%] Built target dynamixel_sdk_custom_interfaces__rosidl_generator_type_description\n'}
[8.567720] (dynamixel_sdk_custom_interfaces) StdoutLine: {'line': b'[  4%] \x1b[34m\x1b[1mGenerating C code for ROS interfaces\x1b[0m\n'}
[8.584983] (-) TimerEvent: {}
[8.611749] (motor_commands) StdoutLine: {'line': b'[  6%] Built target ament_cmake_python_build_motor_commands_egg\n'}
[8.620345] (dynamixel_sdk_custom_interfaces) StdoutLine: {'line': b'[  6%] \x1b[34m\x1b[1mGenerating C++ code for ROS interfaces\x1b[0m\n'}
[8.673065] (dynamixel_sdk_custom_interfaces) StdoutLine: {'line': b"reading manifest file 'dynamixel_sdk_custom_interfaces.egg-info/SOURCES.txt'\n"}
[8.674715] (dynamixel_sdk_custom_interfaces) StdoutLine: {'line': b"writing manifest file 'dynamixel_sdk_custom_interfaces.egg-info/SOURCES.txt'\n"}
[8.685134] (-) TimerEvent: {}
[8.787018] (-) TimerEvent: {}
[8.811147] (dynamixel_sdk_custom_interfaces) StdoutLine: {'line': b'[  6%] Built target ament_cmake_python_build_dynamixel_sdk_custom_interfaces_egg\n'}
[8.889610] (-) TimerEvent: {}
[8.990015] (-) TimerEvent: {}
[9.090465] (-) TimerEvent: {}
[9.191102] (-) TimerEvent: {}
[9.291574] (-) TimerEvent: {}
[9.333193] (motor_commands) StdoutLine: {'line': b'[  6%] Built target motor_commands__cpp\n'}
[9.391716] (-) TimerEvent: {}
[9.409792] (motor_commands) StdoutLine: {'line': b'[  9%] \x1b[32mBuilding C object CMakeFiles/motor_commands__rosidl_generator_c.dir/rosidl_generator_c/motor_commands/msg/detail/id_angle__description.c.o\x1b[0m\n'}
[9.413760] (motor_commands) StdoutLine: {'line': b'[ 11%] \x1b[32mBuilding C object CMakeFiles/motor_commands__rosidl_generator_c.dir/rosidl_generator_c/motor_commands/msg/detail/id_angle__type_support.c.o\x1b[0m\n'}
[9.418733] (motor_commands) StdoutLine: {'line': b'[ 13%] \x1b[32mBuilding C object CMakeFiles/motor_commands__rosidl_generator_c.dir/rosidl_generator_c/motor_commands/srv/detail/get_motor_states__description.c.o\x1b[0m\n'}
[9.424595] (motor_commands) StdoutLine: {'line': b'[ 15%] \x1b[32mBuilding C object CMakeFiles/motor_commands__rosidl_generator_c.dir/rosidl_generator_c/motor_commands/msg/detail/id_angle__functions.c.o\x1b[0m\n'}
[9.493624] (-) TimerEvent: {}
[9.571961] (dynamixel_sdk_custom_interfaces) StdoutLine: {'line': b'[  6%] Built target dynamixel_sdk_custom_interfaces__cpp\n'}
[9.579753] (motor_commands) StdoutLine: {'line': b'[ 18%] \x1b[32mBuilding C object CMakeFiles/motor_commands__rosidl_generator_c.dir/rosidl_generator_c/motor_commands/srv/detail/get_motor_states__functions.c.o\x1b[0m\n'}
[9.580122] (motor_commands) StdoutLine: {'line': b'[ 20%] \x1b[32mBuilding C object CMakeFiles/motor_commands__rosidl_generator_c.dir/rosidl_generator_c/motor_commands/srv/detail/get_motor_states__type_support.c.o\x1b[0m\n'}
[9.593850] (-) TimerEvent: {}
[9.696890] (-) TimerEvent: {}
[9.721079] (dynamixel_sdk_custom_interfaces) StdoutLine: {'line': b'[  9%] \x1b[32mBuilding C object CMakeFiles/dynamixel_sdk_custom_interfaces__rosidl_generator_c.dir/rosidl_generator_c/dynamixel_sdk_custom_interfaces/srv/detail/get_position__description.c.o\x1b[0m\n'}
[9.724779] (dynamixel_sdk_custom_interfaces) StdoutLine: {'line': b'[ 11%] \x1b[32mBuilding C object CMakeFiles/dynamixel_sdk_custom_interfaces__rosidl_generator_c.dir/rosidl_generator_c/dynamixel_sdk_custom_interfaces/msg/detail/set_position__functions.c.o\x1b[0m\n'}
[9.731112] (dynamixel_sdk_custom_interfaces) StdoutLine: {'line': b'[ 13%] \x1b[32mBuilding C object CMakeFiles/dynamixel_sdk_custom_interfaces__rosidl_generator_c.dir/rosidl_generator_c/dynamixel_sdk_custom_interfaces/msg/detail/set_position__type_support.c.o\x1b[0m\n'}
[9.731653] (dynamixel_sdk_custom_interfaces) StdoutLine: {'line': b'[ 15%] \x1b[32mBuilding C object CMakeFiles/dynamixel_sdk_custom_interfaces__rosidl_generator_c.dir/rosidl_generator_c/dynamixel_sdk_custom_interfaces/msg/detail/set_position__description.c.o\x1b[0m\n'}
[9.797044] (-) TimerEvent: {}
[9.817347] (motor_commands) StdoutLine: {'line': b'[ 22%] \x1b[32m\x1b[1mLinking C shared library libmotor_commands__rosidl_generator_c.so\x1b[0m\n'}
[9.832611] (dynamixel_sdk_custom_interfaces) StdoutLine: {'line': b'[ 18%] \x1b[32mBuilding C object CMakeFiles/dynamixel_sdk_custom_interfaces__rosidl_generator_c.dir/rosidl_generator_c/dynamixel_sdk_custom_interfaces/srv/detail/get_position__functions.c.o\x1b[0m\n'}
[9.858745] (dynamixel_sdk_custom_interfaces) StdoutLine: {'line': b'[ 20%] \x1b[32mBuilding C object CMakeFiles/dynamixel_sdk_custom_interfaces__rosidl_generator_c.dir/rosidl_generator_c/dynamixel_sdk_custom_interfaces/srv/detail/get_position__type_support.c.o\x1b[0m\n'}
[9.897197] (-) TimerEvent: {}
[9.921941] (motor_commands) StdoutLine: {'line': b'[ 22%] Built target motor_commands__rosidl_generator_c\n'}
[9.947847] (motor_commands) StdoutLine: {'line': b'[ 25%] \x1b[34m\x1b[1mGenerating C type support for eProsima Fast-RTPS\x1b[0m\n'}
[9.948430] (motor_commands) StdoutLine: {'line': b'[ 27%] \x1b[34m\x1b[1mGenerating C++ type support for eProsima Fast-RTPS\x1b[0m\n'}
[9.950359] (motor_commands) StdoutLine: {'line': b'[ 29%] \x1b[34m\x1b[1mGenerating C++ type support dispatch for ROS interfaces\x1b[0m\n'}
[9.962760] (motor_commands) StdoutLine: {'line': b'[ 31%] \x1b[34m\x1b[1mGenerating C introspection for ROS interfaces\x1b[0m\n'}
[9.997321] (-) TimerEvent: {}
[10.034615] (dynamixel_sdk_custom_interfaces) StdoutLine: {'line': b'[ 22%] \x1b[32m\x1b[1mLinking C shared library libdynamixel_sdk_custom_interfaces__rosidl_generator_c.so\x1b[0m\n'}
[10.097462] (-) TimerEvent: {}
[10.197933] (-) TimerEvent: {}
[10.258486] (dynamixel_sdk_custom_interfaces) StdoutLine: {'line': b'[ 22%] Built target dynamixel_sdk_custom_interfaces__rosidl_generator_c\n'}
[10.298066] (-) TimerEvent: {}
[10.306712] (dynamixel_sdk_custom_interfaces) StdoutLine: {'line': b'[ 25%] \x1b[34m\x1b[1mGenerating C++ type support for eProsima Fast-RTPS\x1b[0m\n'}
[10.312192] (dynamixel_sdk_custom_interfaces) StdoutLine: {'line': b'[ 27%] \x1b[34m\x1b[1mGenerating C type support dispatch for ROS interfaces\x1b[0m\n'}
[10.316051] (dynamixel_sdk_custom_interfaces) StdoutLine: {'line': b'[ 29%] \x1b[34m\x1b[1mGenerating C introspection for ROS interfaces\x1b[0m\n'}
[10.322700] (dynamixel_sdk_custom_interfaces) StdoutLine: {'line': b'[ 31%] \x1b[34m\x1b[1mGenerating C++ introspection for ROS interfaces\x1b[0m\n'}
[10.400587] (-) TimerEvent: {}
[10.503603] (-) TimerEvent: {}
[10.604623] (-) TimerEvent: {}
[10.705034] (-) TimerEvent: {}
[10.808610] (-) TimerEvent: {}
[10.909058] (-) TimerEvent: {}
[10.988449] (motor_commands) StdoutLine: {'line': b'[ 34%] \x1b[32mBuilding CXX object CMakeFiles/motor_commands__rosidl_typesupport_fastrtps_c.dir/rosidl_typesupport_fastrtps_c/motor_commands/msg/detail/id_angle__type_support_c.cpp.o\x1b[0m\n'}
[11.006288] (motor_commands) StdoutLine: {'line': b'[ 36%] \x1b[32mBuilding CXX object CMakeFiles/motor_commands__rosidl_typesupport_cpp.dir/rosidl_typesupport_cpp/motor_commands/msg/id_angle__type_support.cpp.o\x1b[0m\n'}
[11.009183] (-) TimerEvent: {}
[11.112853] (-) TimerEvent: {}
[11.213257] (-) TimerEvent: {}
[11.267598] (motor_commands) StdoutLine: {'line': b'[ 38%] \x1b[32mBuilding C object CMakeFiles/motor_commands__rosidl_typesupport_introspection_c.dir/rosidl_typesupport_introspection_c/motor_commands/msg/detail/id_angle__type_support.c.o\x1b[0m\n'}
[11.313377] (-) TimerEvent: {}
[11.417023] (-) TimerEvent: {}
[11.496045] (motor_commands) StdoutLine: {'line': b'[ 40%] \x1b[32mBuilding C object CMakeFiles/motor_commands__rosidl_typesupport_introspection_c.dir/rosidl_typesupport_introspection_c/motor_commands/srv/detail/get_motor_states__type_support.c.o\x1b[0m\n'}
[11.517230] (-) TimerEvent: {}
[11.575767] (motor_commands) StdoutLine: {'line': b'[ 43%] \x1b[32mBuilding CXX object CMakeFiles/motor_commands__rosidl_typesupport_fastrtps_cpp.dir/rosidl_typesupport_fastrtps_cpp/motor_commands/msg/detail/dds_fastrtps/id_angle__type_support.cpp.o\x1b[0m\n'}
[11.619642] (-) TimerEvent: {}
[11.686624] (dynamixel_sdk_custom_interfaces) StdoutLine: {'line': b'[ 34%] \x1b[32mBuilding CXX object CMakeFiles/dynamixel_sdk_custom_interfaces__rosidl_typesupport_c.dir/rosidl_typesupport_c/dynamixel_sdk_custom_interfaces/msg/set_position__type_support.cpp.o\x1b[0m\n'}
[11.719796] (-) TimerEvent: {}
[11.754229] (dynamixel_sdk_custom_interfaces) StdoutLine: {'line': b'[ 36%] \x1b[32mBuilding C object CMakeFiles/dynamixel_sdk_custom_interfaces__rosidl_typesupport_introspection_c.dir/rosidl_typesupport_introspection_c/dynamixel_sdk_custom_interfaces/msg/detail/set_position__type_support.c.o\x1b[0m\n'}
[11.822631] (-) TimerEvent: {}
[11.850720] (dynamixel_sdk_custom_interfaces) StdoutLine: {'line': b'[ 38%] \x1b[32mBuilding CXX object CMakeFiles/dynamixel_sdk_custom_interfaces__rosidl_typesupport_introspection_cpp.dir/rosidl_typesupport_introspection_cpp/dynamixel_sdk_custom_interfaces/msg/detail/set_position__type_support.cpp.o\x1b[0m\n'}
[11.868575] (motor_commands) StdoutLine: {'line': b'[ 45%] \x1b[32m\x1b[1mLinking C shared library libmotor_commands__rosidl_typesupport_introspection_c.so\x1b[0m\n'}
[11.891277] (dynamixel_sdk_custom_interfaces) StdoutLine: {'line': b'[ 40%] \x1b[32mBuilding CXX object CMakeFiles/dynamixel_sdk_custom_interfaces__rosidl_typesupport_c.dir/rosidl_typesupport_c/dynamixel_sdk_custom_interfaces/srv/get_position__type_support.cpp.o\x1b[0m\n'}
[11.925625] (-) TimerEvent: {}
[11.971723] (dynamixel_sdk_custom_interfaces) StdoutLine: {'line': b'[ 43%] \x1b[32mBuilding C object CMakeFiles/dynamixel_sdk_custom_interfaces__rosidl_typesupport_introspection_c.dir/rosidl_typesupport_introspection_c/dynamixel_sdk_custom_interfaces/srv/detail/get_position__type_support.c.o\x1b[0m\n'}
[12.028645] (-) TimerEvent: {}
[12.044048] (motor_commands) StdoutLine: {'line': b'[ 45%] Built target motor_commands__rosidl_typesupport_introspection_c\n'}
[12.076871] (motor_commands) StdoutLine: {'line': b'[ 47%] \x1b[32mBuilding CXX object CMakeFiles/motor_commands__rosidl_typesupport_fastrtps_c.dir/rosidl_typesupport_fastrtps_c/motor_commands/srv/detail/get_motor_states__type_support_c.cpp.o\x1b[0m\n'}
[12.102732] (dynamixel_sdk_custom_interfaces) StdoutLine: {'line': b'[ 45%] \x1b[32mBuilding CXX object CMakeFiles/dynamixel_sdk_custom_interfaces__rosidl_typesupport_fastrtps_cpp.dir/rosidl_typesupport_fastrtps_cpp/dynamixel_sdk_custom_interfaces/msg/detail/dds_fastrtps/set_position__type_support.cpp.o\x1b[0m\n'}
[12.128808] (-) TimerEvent: {}
[12.186004] (dynamixel_sdk_custom_interfaces) StdoutLine: {'line': b'[ 47%] \x1b[32m\x1b[1mLinking CXX shared library libdynamixel_sdk_custom_interfaces__rosidl_typesupport_c.so\x1b[0m\n'}
[12.214345] (dynamixel_sdk_custom_interfaces) StdoutLine: {'line': b'[ 50%] \x1b[32m\x1b[1mLinking C shared library libdynamixel_sdk_custom_interfaces__rosidl_typesupport_introspection_c.so\x1b[0m\n'}
[12.228962] (-) TimerEvent: {}
[12.329451] (-) TimerEvent: {}
[12.362678] (dynamixel_sdk_custom_interfaces) StdoutLine: {'line': b'[ 50%] Built target dynamixel_sdk_custom_interfaces__rosidl_typesupport_introspection_c\n'}
[12.405138] (dynamixel_sdk_custom_interfaces) StdoutLine: {'line': b'[ 52%] \x1b[34m\x1b[1mGenerating C++ type support dispatch for ROS interfaces\x1b[0m\n'}
[12.417720] (dynamixel_sdk_custom_interfaces) StdoutLine: {'line': b'[ 52%] Built target dynamixel_sdk_custom_interfaces__rosidl_typesupport_c\n'}
[12.429630] (-) TimerEvent: {}
[12.461965] (dynamixel_sdk_custom_interfaces) StdoutLine: {'line': b'[ 54%] \x1b[32mBuilding CXX object CMakeFiles/dynamixel_sdk_custom_interfaces__rosidl_typesupport_introspection_cpp.dir/rosidl_typesupport_introspection_cpp/dynamixel_sdk_custom_interfaces/srv/detail/get_position__type_support.cpp.o\x1b[0m\n'}
[12.531634] (-) TimerEvent: {}
[12.557768] (motor_commands) StdoutLine: {'line': b'[ 50%] \x1b[32mBuilding CXX object CMakeFiles/motor_commands__rosidl_typesupport_cpp.dir/rosidl_typesupport_cpp/motor_commands/srv/get_motor_states__type_support.cpp.o\x1b[0m\n'}
[12.631775] (-) TimerEvent: {}
[12.732240] (-) TimerEvent: {}
[12.835639] (-) TimerEvent: {}
[12.938610] (-) TimerEvent: {}
[13.039035] (-) TimerEvent: {}
[13.139474] (-) TimerEvent: {}
[13.237616] (dynamixel_sdk_custom_interfaces) StdoutLine: {'line': b'[ 56%] \x1b[32mBuilding CXX object CMakeFiles/dynamixel_sdk_custom_interfaces__rosidl_typesupport_fastrtps_cpp.dir/rosidl_typesupport_fastrtps_cpp/dynamixel_sdk_custom_interfaces/srv/detail/dds_fastrtps/get_position__type_support.cpp.o\x1b[0m\n'}
[13.239628] (-) TimerEvent: {}
[13.340108] (-) TimerEvent: {}
[13.441640] (-) TimerEvent: {}
[13.461968] (motor_commands) StdoutLine: {'line': b'[ 52%] \x1b[32mBuilding CXX object CMakeFiles/motor_commands__rosidl_typesupport_fastrtps_cpp.dir/rosidl_typesupport_fastrtps_cpp/motor_commands/srv/detail/dds_fastrtps/get_motor_states__type_support.cpp.o\x1b[0m\n'}
[13.545618] (-) TimerEvent: {}
[13.608729] (motor_commands) StdoutLine: {'line': b'[ 54%] \x1b[34m\x1b[1mGenerating C type support dispatch for ROS interfaces\x1b[0m\n'}
[13.645757] (-) TimerEvent: {}
[13.735968] (dynamixel_sdk_custom_interfaces) StdoutLine: {'line': b'[ 59%] \x1b[32mBuilding CXX object CMakeFiles/dynamixel_sdk_custom_interfaces__rosidl_typesupport_cpp.dir/rosidl_typesupport_cpp/dynamixel_sdk_custom_interfaces/msg/set_position__type_support.cpp.o\x1b[0m\n'}
[13.747626] (-) TimerEvent: {}
[13.850625] (-) TimerEvent: {}
[13.920204] (dynamixel_sdk_custom_interfaces) StdoutLine: {'line': b'[ 61%] \x1b[32mBuilding CXX object CMakeFiles/dynamixel_sdk_custom_interfaces__rosidl_typesupport_cpp.dir/rosidl_typesupport_cpp/dynamixel_sdk_custom_interfaces/srv/get_position__type_support.cpp.o\x1b[0m\n'}
[13.952634] (-) TimerEvent: {}
[14.053136] (-) TimerEvent: {}
[14.156622] (-) TimerEvent: {}
[14.257123] (-) TimerEvent: {}
[14.357611] (-) TimerEvent: {}
[14.458035] (-) TimerEvent: {}
[14.537698] (dynamixel_sdk_custom_interfaces) StdoutLine: {'line': b'[ 63%] \x1b[32m\x1b[1mLinking CXX shared library libdynamixel_sdk_custom_interfaces__rosidl_typesupport_introspection_cpp.so\x1b[0m\n'}
[14.558175] (-) TimerEvent: {}
[14.566837] (motor_commands) StdoutLine: {'line': b'[ 56%] \x1b[32m\x1b[1mLinking CXX shared library libmotor_commands__rosidl_typesupport_fastrtps_c.so\x1b[0m\n'}
[14.662198] (-) TimerEvent: {}
[14.726813] (motor_commands) StdoutLine: {'line': b'[ 56%] Built target motor_commands__rosidl_typesupport_fastrtps_c\n'}
[14.762382] (-) TimerEvent: {}
[14.802002] (motor_commands) StdoutLine: {'line': b'[ 59%] \x1b[34m\x1b[1mGenerating C++ introspection for ROS interfaces\x1b[0m\n'}
[14.846147] (motor_commands) StdoutLine: {'line': b'[ 61%] \x1b[32mBuilding CXX object CMakeFiles/motor_commands__rosidl_typesupport_c.dir/rosidl_typesupport_c/motor_commands/msg/id_angle__type_support.cpp.o\x1b[0m\n'}
[14.862537] (-) TimerEvent: {}
[14.926326] (dynamixel_sdk_custom_interfaces) StdoutLine: {'line': b'[ 63%] Built target dynamixel_sdk_custom_interfaces__rosidl_typesupport_introspection_cpp\n'}
[14.963644] (-) TimerEvent: {}
[14.988453] (dynamixel_sdk_custom_interfaces) StdoutLine: {'line': b'[ 65%] \x1b[34m\x1b[1mGenerating C type support for eProsima Fast-RTPS\x1b[0m\n'}
[15.073875] (motor_commands) StdoutLine: {'line': b'[ 63%] \x1b[32mBuilding CXX object CMakeFiles/motor_commands__rosidl_typesupport_c.dir/rosidl_typesupport_c/motor_commands/srv/get_motor_states__type_support.cpp.o\x1b[0m\n'}
[15.074191] (-) TimerEvent: {}
[15.140206] (motor_commands) StdoutLine: {'line': b'[ 65%] \x1b[32m\x1b[1mLinking CXX shared library libmotor_commands__rosidl_typesupport_cpp.so\x1b[0m\n'}
[15.174385] (-) TimerEvent: {}
[15.278604] (-) TimerEvent: {}
[15.285265] (motor_commands) StdoutLine: {'line': b'[ 68%] \x1b[32m\x1b[1mLinking CXX shared library libmotor_commands__rosidl_typesupport_c.so\x1b[0m\n'}
[15.380623] (-) TimerEvent: {}
[15.481154] (-) TimerEvent: {}
[15.510398] (motor_commands) StdoutLine: {'line': b'[ 68%] Built target motor_commands__rosidl_typesupport_c\n'}
[15.564989] (motor_commands) StdoutLine: {'line': b'[ 68%] Built target motor_commands__rosidl_typesupport_cpp\n'}
[15.581304] (-) TimerEvent: {}
[15.681786] (-) TimerEvent: {}
[15.769627] (dynamixel_sdk_custom_interfaces) StdoutLine: {'line': b'[ 68%] \x1b[32m\x1b[1mLinking CXX shared library libdynamixel_sdk_custom_interfaces__rosidl_typesupport_fastrtps_cpp.so\x1b[0m\n'}
[15.781919] (-) TimerEvent: {}
[15.829024] (dynamixel_sdk_custom_interfaces) StdoutLine: {'line': b'[ 70%] \x1b[32m\x1b[1mLinking CXX shared library libdynamixel_sdk_custom_interfaces__rosidl_typesupport_cpp.so\x1b[0m\n'}
[15.882096] (-) TimerEvent: {}
[15.984122] (-) TimerEvent: {}
[16.084748] (-) TimerEvent: {}
[16.097893] (dynamixel_sdk_custom_interfaces) StdoutLine: {'line': b'[ 70%] Built target dynamixel_sdk_custom_interfaces__rosidl_typesupport_cpp\n'}
[16.124701] (motor_commands) StdoutLine: {'line': b'[ 70%] \x1b[32mBuilding CXX object CMakeFiles/motor_commands__rosidl_typesupport_introspection_cpp.dir/rosidl_typesupport_introspection_cpp/motor_commands/srv/detail/get_motor_states__type_support.cpp.o\x1b[0m\n'}
[16.137679] (dynamixel_sdk_custom_interfaces) StdoutLine: {'line': b'[ 70%] Built target dynamixel_sdk_custom_interfaces__rosidl_typesupport_fastrtps_cpp\n'}
[16.138347] (motor_commands) StdoutLine: {'line': b'[ 72%] \x1b[32mBuilding CXX object CMakeFiles/motor_commands__rosidl_typesupport_introspection_cpp.dir/rosidl_typesupport_introspection_cpp/motor_commands/msg/detail/id_angle__type_support.cpp.o\x1b[0m\n'}
[16.174863] (dynamixel_sdk_custom_interfaces) StdoutLine: {'line': b'[ 72%] \x1b[32mBuilding CXX object CMakeFiles/dynamixel_sdk_custom_interfaces__rosidl_typesupport_fastrtps_c.dir/rosidl_typesupport_fastrtps_c/dynamixel_sdk_custom_interfaces/msg/detail/set_position__type_support_c.cpp.o\x1b[0m\n'}
[16.184885] (-) TimerEvent: {}
[16.200720] (dynamixel_sdk_custom_interfaces) StdoutLine: {'line': b'[ 75%] \x1b[32mBuilding CXX object CMakeFiles/dynamixel_sdk_custom_interfaces__rosidl_typesupport_fastrtps_c.dir/rosidl_typesupport_fastrtps_c/dynamixel_sdk_custom_interfaces/srv/detail/get_position__type_support_c.cpp.o\x1b[0m\n'}
[16.285016] (-) TimerEvent: {}
[16.388904] (-) TimerEvent: {}
[16.490619] (-) TimerEvent: {}
[16.591070] (-) TimerEvent: {}
[16.691553] (-) TimerEvent: {}
[16.794939] (-) TimerEvent: {}
[16.898889] (-) TimerEvent: {}
[16.938844] (motor_commands) StdoutLine: {'line': b'[ 75%] \x1b[32m\x1b[1mLinking CXX shared library libmotor_commands__rosidl_typesupport_fastrtps_cpp.so\x1b[0m\n'}
[16.999053] (-) TimerEvent: {}
[17.099633] (-) TimerEvent: {}
[17.200828] (-) TimerEvent: {}
[17.206730] (motor_commands) StdoutLine: {'line': b'[ 75%] Built target motor_commands__rosidl_typesupport_fastrtps_cpp\n'}
[17.300956] (-) TimerEvent: {}
[17.401391] (-) TimerEvent: {}
[17.415130] (motor_commands) StdoutLine: {'line': b'[ 77%] \x1b[32m\x1b[1mLinking CXX shared library libmotor_commands__rosidl_typesupport_introspection_cpp.so\x1b[0m\n'}
[17.429923] (dynamixel_sdk_custom_interfaces) StdoutLine: {'line': b'[ 77%] \x1b[32m\x1b[1mLinking CXX shared library libdynamixel_sdk_custom_interfaces__rosidl_typesupport_fastrtps_c.so\x1b[0m\n'}
[17.501567] (-) TimerEvent: {}
[17.550663] (dynamixel_sdk_custom_interfaces) StdoutLine: {'line': b'[ 77%] Built target dynamixel_sdk_custom_interfaces__rosidl_typesupport_fastrtps_c\n'}
[17.587702] (dynamixel_sdk_custom_interfaces) StdoutLine: {'line': b'[ 77%] Built target dynamixel_sdk_custom_interfaces\n'}
[17.597871] (motor_commands) StdoutLine: {'line': b'[ 77%] Built target motor_commands__rosidl_typesupport_introspection_cpp\n'}
[17.601674] (-) TimerEvent: {}
[17.631056] (dynamixel_sdk_custom_interfaces) StdoutLine: {'line': b'[ 79%] \x1b[34m\x1b[1mGenerating Python code for ROS interfaces\x1b[0m\n'}
[17.640655] (motor_commands) StdoutLine: {'line': b'[ 77%] Built target motor_commands\n'}
[17.678770] (motor_commands) StdoutLine: {'line': b'[ 79%] \x1b[34m\x1b[1mGenerating Python code for ROS interfaces\x1b[0m\n'}
[17.701789] (-) TimerEvent: {}
[17.802172] (-) TimerEvent: {}
[17.902535] (-) TimerEvent: {}
[18.002851] (-) TimerEvent: {}
[18.103151] (-) TimerEvent: {}
[18.203482] (-) TimerEvent: {}
[18.306646] (-) TimerEvent: {}
[18.356346] (dynamixel_sdk_custom_interfaces) StdoutLine: {'line': b'[ 79%] Built target dynamixel_sdk_custom_interfaces__py\n'}
[18.408423] (-) TimerEvent: {}
[18.413903] (dynamixel_sdk_custom_interfaces) StdoutLine: {'line': b'[ 81%] \x1b[32mBuilding C object CMakeFiles/dynamixel_sdk_custom_interfaces__rosidl_generator_py.dir/rosidl_generator_py/dynamixel_sdk_custom_interfaces/msg/_set_position_s.c.o\x1b[0m\n'}
[18.421567] (dynamixel_sdk_custom_interfaces) StdoutLine: {'line': b'[ 84%] \x1b[32mBuilding C object CMakeFiles/dynamixel_sdk_custom_interfaces__rosidl_generator_py.dir/rosidl_generator_py/dynamixel_sdk_custom_interfaces/srv/_get_position_s.c.o\x1b[0m\n'}
[18.441258] (motor_commands) StdoutLine: {'line': b'[ 79%] Built target motor_commands__py\n'}
[18.480334] (motor_commands) StdoutLine: {'line': b'[ 81%] \x1b[32mBuilding C object CMakeFiles/motor_commands__rosidl_generator_py.dir/rosidl_generator_py/motor_commands/msg/_id_angle_s.c.o\x1b[0m\n'}
[18.481079] (motor_commands) StdoutLine: {'line': b'[ 84%] \x1b[32mBuilding C object CMakeFiles/motor_commands__rosidl_generator_py.dir/rosidl_generator_py/motor_commands/srv/_get_motor_states_s.c.o\x1b[0m\n'}
[18.508574] (-) TimerEvent: {}
[18.610653] (-) TimerEvent: {}
[18.711111] (-) TimerEvent: {}
[18.716689] (dynamixel_sdk_custom_interfaces) StdoutLine: {'line': b'[ 86%] \x1b[32m\x1b[1mLinking C shared library libdynamixel_sdk_custom_interfaces__rosidl_generator_py.so\x1b[0m\n'}
[18.808925] (dynamixel_sdk_custom_interfaces) StdoutLine: {'line': b'[ 86%] Built target dynamixel_sdk_custom_interfaces__rosidl_generator_py\n'}
[18.811254] (-) TimerEvent: {}
[18.869344] (dynamixel_sdk_custom_interfaces) StdoutLine: {'line': b'[ 88%] \x1b[32mBuilding C object CMakeFiles/dynamixel_sdk_custom_interfaces_s__rosidl_typesupport_fastrtps_c.dir/rosidl_generator_py/dynamixel_sdk_custom_interfaces/_dynamixel_sdk_custom_interfaces_s.ep.rosidl_typesupport_fastrtps_c.c.o\x1b[0m\n'}
[18.869746] (dynamixel_sdk_custom_interfaces) StdoutLine: {'line': b'[ 93%] \x1b[32mBuilding C object CMakeFiles/dynamixel_sdk_custom_interfaces_s__rosidl_typesupport_c.dir/rosidl_generator_py/dynamixel_sdk_custom_interfaces/_dynamixel_sdk_custom_interfaces_s.ep.rosidl_typesupport_c.c.o\x1b[0m\n'}
[18.869903] (dynamixel_sdk_custom_interfaces) StdoutLine: {'line': b'[ 93%] \x1b[32mBuilding C object CMakeFiles/dynamixel_sdk_custom_interfaces_s__rosidl_typesupport_introspection_c.dir/rosidl_generator_py/dynamixel_sdk_custom_interfaces/_dynamixel_sdk_custom_interfaces_s.ep.rosidl_typesupport_introspection_c.c.o\x1b[0m\n'}
[18.911387] (-) TimerEvent: {}
[18.930819] (motor_commands) StdoutLine: {'line': b'[ 86%] \x1b[32m\x1b[1mLinking C shared library libmotor_commands__rosidl_generator_py.so\x1b[0m\n'}
[19.011570] (-) TimerEvent: {}
[19.054935] (motor_commands) StdoutLine: {'line': b'[ 86%] Built target motor_commands__rosidl_generator_py\n'}
[19.111770] (-) TimerEvent: {}
[19.132714] (dynamixel_sdk_custom_interfaces) StdoutLine: {'line': b'[ 95%] \x1b[32m\x1b[1mLinking C shared module rosidl_generator_py/dynamixel_sdk_custom_interfaces/dynamixel_sdk_custom_interfaces_s__rosidl_typesupport_c.so\x1b[0m\n'}
[19.145686] (motor_commands) StdoutLine: {'line': b'[ 88%] \x1b[32mBuilding C object CMakeFiles/motor_commands_s__rosidl_typesupport_introspection_c.dir/rosidl_generator_py/motor_commands/_motor_commands_s.ep.rosidl_typesupport_introspection_c.c.o\x1b[0m\n'}
[19.151463] (dynamixel_sdk_custom_interfaces) StdoutLine: {'line': b'[ 97%] \x1b[32m\x1b[1mLinking C shared module rosidl_generator_py/dynamixel_sdk_custom_interfaces/dynamixel_sdk_custom_interfaces_s__rosidl_typesupport_introspection_c.so\x1b[0m\n'}
[19.154051] (motor_commands) StdoutLine: {'line': b'[ 90%] \x1b[32mBuilding C object CMakeFiles/motor_commands_s__rosidl_typesupport_c.dir/rosidl_generator_py/motor_commands/_motor_commands_s.ep.rosidl_typesupport_c.c.o\x1b[0m\n'}
[19.174726] (motor_commands) StdoutLine: {'line': b'[ 93%] \x1b[32mBuilding C object CMakeFiles/motor_commands_s__rosidl_typesupport_fastrtps_c.dir/rosidl_generator_py/motor_commands/_motor_commands_s.ep.rosidl_typesupport_fastrtps_c.c.o\x1b[0m\n'}
[19.177674] (dynamixel_sdk_custom_interfaces) StdoutLine: {'line': b'[100%] \x1b[32m\x1b[1mLinking C shared module rosidl_generator_py/dynamixel_sdk_custom_interfaces/dynamixel_sdk_custom_interfaces_s__rosidl_typesupport_fastrtps_c.so\x1b[0m\n'}
[19.211919] (-) TimerEvent: {}
[19.288722] (dynamixel_sdk_custom_interfaces) StdoutLine: {'line': b'[100%] Built target dynamixel_sdk_custom_interfaces_s__rosidl_typesupport_introspection_c\n'}
[19.290033] (dynamixel_sdk_custom_interfaces) StdoutLine: {'line': b'[100%] Built target dynamixel_sdk_custom_interfaces_s__rosidl_typesupport_fastrtps_c\n'}
[19.312086] (-) TimerEvent: {}
[19.332432] (dynamixel_sdk_custom_interfaces) StdoutLine: {'line': b'[100%] Built target dynamixel_sdk_custom_interfaces_s__rosidl_typesupport_c\n'}
[19.369117] (dynamixel_sdk_custom_interfaces) CommandEnded: {'returncode': 0}
[19.370481] (dynamixel_sdk_custom_interfaces) JobProgress: {'identifier': 'dynamixel_sdk_custom_interfaces', 'progress': 'install'}
[19.372228] (dynamixel_sdk_custom_interfaces) Command: {'cmd': ['/usr/bin/cmake', '--install', '/home/csanimatronics/CS_Animatronics/build/dynamixel_sdk_custom_interfaces'], 'cwd': '/home/csanimatronics/CS_Animatronics/build/dynamixel_sdk_custom_interfaces', 'env': OrderedDict({'LESSOPEN': '| /usr/bin/lesspipe %s', 'USER': 'csanimatronics', 'XDG_SESSION_TYPE': 'wayland', 'SHLVL': '1', 'LD_LIBRARY_PATH': '/opt/ros/jazzy/opt/rviz_ogre_vendor/lib:/opt/ros/jazzy/lib/aarch64-linux-gnu:/opt/ros/jazzy/opt/gz_math_vendor/lib:/opt/ros/jazzy/opt/gz_utils_vendor/lib:/opt/ros/jazzy/opt/gz_cmake_vendor/lib:/opt/ros/jazzy/lib', 'HOME': '/home/csanimatronics', 'OLDPWD': '/home/csanimatronics', 'DESKTOP_SESSION': 'ubuntu', 'ROS_PYTHON_VERSION': '3', 'GNOME_SHELL_SESSION_MODE': 'ubuntu', 'GTK_MODULES': 'gail:atk-bridge', 'SYSTEMD_EXEC_PID': '1641', 'GSM_SKIP_SSH_AGENT_WORKAROUND': 'true', 'DBUS_SESSION_BUS_ADDRESS': 'unix:path=/run/user/1002/bus', 'COLORTERM': 'truecolor', 'DEBUGINFOD_URLS': 'https://debuginfod.ubuntu.com', 'IM_CONFIG_PHASE': '1', 'WAYLAND_DISPLAY': 'wayland-0', 'ROS_DISTRO': 'jazzy', 'LOGNAME': 'csanimatronics', '_': '/usr/bin/colcon', 'ROS_VERSION': '2', 'MEMORY_PRESSURE_WATCH': '/sys/fs/cgroup/user.slice/user-1002.slice/user@1002.service/session.slice/org.gnome.Shell@wayland.service/memory.pressure', 'XDG_SESSION_CLASS': 'user', 'USERNAME': 'csanimatronics', 'TERM': 'xterm-256color', 'GNOME_DESKTOP_SESSION_ID': 'this-is-deprecated', 'PATH': '/opt/ros/jazzy/bin:/usr/local/sbin:/usr/local/bin:/usr/sbin:/usr/bin:/sbin:/bin:/usr/games:/usr/local/games:/snap/bin:/snap/bin', 'SESSION_MANAGER': 'local/csanimatronics-desktop:@/tmp/.ICE-unix/1612,unix/csanimatronics-desktop:/tmp/.ICE-unix/1612', 'XDG_MENU_PREFIX': 'gnome-', 'GNOME_TERMINAL_SCREEN': '/org/gnome/Terminal/screen/60df07e8_ecb9_42f0_a6bb_660d9ed876dc', 'GNOME_SETUP_DISPLAY': ':1', 'XDG_RUNTIME_DIR': '/run/user/1002', 'DISPLAY': ':0', 'LANG': 'C.UTF-8', 'XDG_CURRENT_DESKTOP': 'ubuntu:GNOME', 'XMODIFIERS': '@im=ibus', 'XDG_SESSION_DESKTOP': 'ubuntu', 'XAUTHORITY': '/run/user/1002/.mutter-Xwaylandauth.N7O212', 'LS_COLORS': 'rs=0:di=01;34:ln=01;36:mh=00:pi=40;33:so=01;35:do=01;35:bd=40;33;01:cd=40;33;01:or=40;31;01:mi=00:su=37;41:sg=30;43:ca=00:tw=30;42:ow=34;42:st=37;44:ex=01;32:*.tar=01;31:*.tgz=01;31:*.arc=01;31:*.arj=01;31:*.taz=01;31:*.lha=01;31:*.lz4=01;31:*.lzh=01;31:*.lzma=01;31:*.tlz=01;31:*.txz=01;31:*.tzo=01;31:*.t7z=01;31:*.zip=01;31:*.z=01;31:*.dz=01;31:*.gz=01;31:*.lrz=01;31:*.lz=01;31:*.lzo=01;31:*.xz=01;31:*.zst=01;31:*.tzst=01;31:*.bz2=01;31:*.bz=01;31:*.tbz=01;31:*.tbz2=01;31:*.tz=01;31:*.deb=01;31:*.rpm=01;31:*.jar=01;31:*.war=01;31:*.ear=01;31:*.sar=01;31:*.rar=01;31:*.alz=01;31:*.ace=01;31:*.zoo=01;31:*.cpio=01;31:*.7z=01;31:*.rz=01;31:*.cab=01;31:*.wim=01;31:*.swm=01;31:*.dwm=01;31:*.esd=01;31:*.avif=01;35:*.jpg=01;35:*.jpeg=01;35:*.mjpg=01;35:*.mjpeg=01;35:*.gif=01;35:*.bmp=01;35:*.pbm=01;35:*.pgm=01;35:*.ppm=01;35:*.tga=01;35:*.xbm=01;35:*.xpm=01;35:*.tif=01;35:*.tiff=01;35:*.png=01;35:*.svg=01;35:*.svgz=01;35:*.mng=01;35:*.pcx=01;35:*.mov=01;35:*.mpg=01;35:*.mpeg=01;35:*.m2v=01;35:*.mkv=01;35:*.webm=01;35:*.webp=01;35:*.ogm=01;35:*.mp4=01;35:*.m4v=01;35:*.mp4v=01;35:*.vob=01;35:*.qt=01;35:*.nuv=01;35:*.wmv=01;35:*.asf=01;35:*.rm=01;35:*.rmvb=01;35:*.flc=01;35:*.avi=01;35:*.fli=01;35:*.flv=01;35:*.gl=01;35:*.dl=01;35:*.xcf=01;35:*.xwd=01;35:*.yuv=01;35:*.cgm=01;35:*.emf=01;35:*.ogv=01;35:*.ogx=01;35:*.aac=00;36:*.au=00;36:*.flac=00;36:*.m4a=00;36:*.mid=00;36:*.midi=00;36:*.mka=00;36:*.mp3=00;36:*.mpc=00;36:*.ogg=00;36:*.ra=00;36:*.wav=00;36:*.oga=00;36:*.opus=00;36:*.spx=00;36:*.xspf=00;36:*~=00;90:*#=00;90:*.bak=00;90:*.crdownload=00;90:*.dpkg-dist=00;90:*.dpkg-new=00;90:*.dpkg-old=00;90:*.dpkg-tmp=00;90:*.old=00;90:*.orig=00;90:*.part=00;90:*.rej=00;90:*.rpmnew=00;90:*.rpmorig=00;90:*.rpmsave=00;90:*.swp=00;90:*.tmp=00;90:*.ucf-dist=00;90:*.ucf-new=00;90:*.ucf-old=00;90:', 'GNOME_TERMINAL_SERVICE': ':1.103', 'SSH_AUTH_SOCK': '/run/user/1002/keyring/ssh', 'AMENT_PREFIX_PATH': '/opt/ros/jazzy', 'SHELL': '/bin/bash', 'QT_ACCESSIBILITY': '1', 'GDMSESSION': 'ubuntu', 'LESSCLOSE': '/usr/bin/lesspipe %s %s', 'ROS_AUTOMATIC_DISCOVERY_RANGE': 'SUBNET', 'QT_IM_MODULE': 'ibus', 'PWD': '/home/csanimatronics/CS_Animatronics/build/dynamixel_sdk_custom_interfaces', 'XDG_CONFIG_DIRS': '/etc/xdg/xdg-ubuntu:/etc/xdg', 'XDG_DATA_DIRS': '/usr/share/ubuntu:/usr/share/gnome:/usr/local/share/:/usr/share/:/var/lib/snapd/desktop', 'PYTHONPATH': '/opt/ros/jazzy/lib/python3.12/site-packages', 'COLCON': '1', 'MEMORY_PRESSURE_WRITE': 'c29tZSAyMDAwMDAgMjAwMDAwMAA=', 'VTE_VERSION': '7600', 'CMAKE_PREFIX_PATH': '/opt/ros/jazzy/opt/gz_math_vendor:/opt/ros/jazzy/opt/gz_utils_vendor:/opt/ros/jazzy/opt/gz_cmake_vendor:/opt/ros/jazzy'}), 'shell': False}
[19.393407] (dynamixel_sdk_custom_interfaces) StdoutLine: {'line': b'-- Install configuration: ""\n'}
[19.394620] (dynamixel_sdk_custom_interfaces) StdoutLine: {'line': b'-- Installing: /home/csanimatronics/CS_Animatronics/install/dynamixel_sdk_custom_interfaces/share/ament_index/resource_index/rosidl_interfaces/dynamixel_sdk_custom_interfaces\n'}
[19.396235] (dynamixel_sdk_custom_interfaces) StdoutLine: {'line': b'-- Installing: /home/csanimatronics/CS_Animatronics/install/dynamixel_sdk_custom_interfaces/share/dynamixel_sdk_custom_interfaces/msg/SetPosition.json\n'}
[19.400689] (dynamixel_sdk_custom_interfaces) StdoutLine: {'line': b'-- Installing: /home/csanimatronics/CS_Animatronics/install/dynamixel_sdk_custom_interfaces/share/dynamixel_sdk_custom_interfaces/srv/GetPosition.json\n'}
[19.400978] (dynamixel_sdk_custom_interfaces) StdoutLine: {'line': b'-- Installing: /home/csanimatronics/CS_Animatronics/install/dynamixel_sdk_custom_interfaces/include/dynamixel_sdk_custom_interfaces/dynamixel_sdk_custom_interfaces\n'}
[19.401121] (dynamixel_sdk_custom_interfaces) StdoutLine: {'line': b'-- Installing: /home/csanimatronics/CS_Animatronics/install/dynamixel_sdk_custom_interfaces/include/dynamixel_sdk_custom_interfaces/dynamixel_sdk_custom_interfaces/srv\n'}
[19.401307] (dynamixel_sdk_custom_interfaces) StdoutLine: {'line': b'-- Installing: /home/csanimatronics/CS_Animatronics/install/dynamixel_sdk_custom_interfaces/include/dynamixel_sdk_custom_interfaces/dynamixel_sdk_custom_interfaces/srv/detail\n'}
[19.401471] (dynamixel_sdk_custom_interfaces) StdoutLine: {'line': b'-- Installing: /home/csanimatronics/CS_Animatronics/install/dynamixel_sdk_custom_interfaces/include/dynamixel_sdk_custom_interfaces/dynamixel_sdk_custom_interfaces/srv/detail/get_position__description.c\n'}
[19.401786] (dynamixel_sdk_custom_interfaces) StdoutLine: {'line': b'-- Installing: /home/csanimatronics/CS_Animatronics/install/dynamixel_sdk_custom_interfaces/include/dynamixel_sdk_custom_interfaces/dynamixel_sdk_custom_interfaces/srv/detail/get_position__functions.c\n'}
[19.401926] (dynamixel_sdk_custom_interfaces) StdoutLine: {'line': b'-- Installing: /home/csanimatronics/CS_Animatronics/install/dynamixel_sdk_custom_interfaces/include/dynamixel_sdk_custom_interfaces/dynamixel_sdk_custom_interfaces/srv/detail/get_position__struct.h\n'}
[19.402143] (dynamixel_sdk_custom_interfaces) StdoutLine: {'line': b'-- Installing: /home/csanimatronics/CS_Animatronics/install/dynamixel_sdk_custom_interfaces/include/dynamixel_sdk_custom_interfaces/dynamixel_sdk_custom_interfaces/srv/detail/get_position__type_support.c\n'}
[19.402250] (dynamixel_sdk_custom_interfaces) StdoutLine: {'line': b'-- Installing: /home/csanimatronics/CS_Animatronics/install/dynamixel_sdk_custom_interfaces/include/dynamixel_sdk_custom_interfaces/dynamixel_sdk_custom_interfaces/srv/detail/get_position__functions.h\n'}
[19.402348] (dynamixel_sdk_custom_interfaces) StdoutLine: {'line': b'-- Installing: /home/csanimatronics/CS_Animatronics/install/dynamixel_sdk_custom_interfaces/include/dynamixel_sdk_custom_interfaces/dynamixel_sdk_custom_interfaces/srv/detail/get_position__type_support.h\n'}
[19.402487] (dynamixel_sdk_custom_interfaces) StdoutLine: {'line': b'-- Installing: /home/csanimatronics/CS_Animatronics/install/dynamixel_sdk_custom_interfaces/include/dynamixel_sdk_custom_interfaces/dynamixel_sdk_custom_interfaces/srv/get_position.h\n'}
[19.402641] (dynamixel_sdk_custom_interfaces) StdoutLine: {'line': b'-- Installing: /home/csanimatronics/CS_Animatronics/install/dynamixel_sdk_custom_interfaces/include/dynamixel_sdk_custom_interfaces/dynamixel_sdk_custom_interfaces/msg\n'}
[19.402804] (dynamixel_sdk_custom_interfaces) StdoutLine: {'line': b'-- Installing: /home/csanimatronics/CS_Animatronics/install/dynamixel_sdk_custom_interfaces/include/dynamixel_sdk_custom_interfaces/dynamixel_sdk_custom_interfaces/msg/rosidl_generator_c__visibility_control.h\n'}
[19.403140] (dynamixel_sdk_custom_interfaces) StdoutLine: {'line': b'-- Installing: /home/csanimatronics/CS_Animatronics/install/dynamixel_sdk_custom_interfaces/include/dynamixel_sdk_custom_interfaces/dynamixel_sdk_custom_interfaces/msg/detail\n'}
[19.403391] (dynamixel_sdk_custom_interfaces) StdoutLine: {'line': b'-- Installing: /home/csanimatronics/CS_Animatronics/install/dynamixel_sdk_custom_interfaces/include/dynamixel_sdk_custom_interfaces/dynamixel_sdk_custom_interfaces/msg/detail/set_position__description.c\n'}
[19.403677] (dynamixel_sdk_custom_interfaces) StdoutLine: {'line': b'-- Installing: /home/csanimatronics/CS_Animatronics/install/dynamixel_sdk_custom_interfaces/include/dynamixel_sdk_custom_interfaces/dynamixel_sdk_custom_interfaces/msg/detail/set_position__type_support.h\n'}
[19.403872] (dynamixel_sdk_custom_interfaces) StdoutLine: {'line': b'-- Installing: /home/csanimatronics/CS_Animatronics/install/dynamixel_sdk_custom_interfaces/include/dynamixel_sdk_custom_interfaces/dynamixel_sdk_custom_interfaces/msg/detail/set_position__functions.c\n'}
[19.405319] (dynamixel_sdk_custom_interfaces) StdoutLine: {'line': b'-- Installing: /home/csanimatronics/CS_Animatronics/install/dynamixel_sdk_custom_interfaces/include/dynamixel_sdk_custom_interfaces/dynamixel_sdk_custom_interfaces/msg/detail/set_position__functions.h\n'}
[19.405634] (dynamixel_sdk_custom_interfaces) StdoutLine: {'line': b'-- Installing: /home/csanimatronics/CS_Animatronics/install/dynamixel_sdk_custom_interfaces/include/dynamixel_sdk_custom_interfaces/dynamixel_sdk_custom_interfaces/msg/detail/set_position__type_support.c\n'}
[19.406779] (dynamixel_sdk_custom_interfaces) StdoutLine: {'line': b'-- Installing: /home/csanimatronics/CS_Animatronics/install/dynamixel_sdk_custom_interfaces/include/dynamixel_sdk_custom_interfaces/dynamixel_sdk_custom_interfaces/msg/detail/set_position__struct.h\n'}
[19.407001] (dynamixel_sdk_custom_interfaces) StdoutLine: {'line': b'-- Installing: /home/csanimatronics/CS_Animatronics/install/dynamixel_sdk_custom_interfaces/include/dynamixel_sdk_custom_interfaces/dynamixel_sdk_custom_interfaces/msg/set_position.h\n'}
[19.407100] (dynamixel_sdk_custom_interfaces) StdoutLine: {'line': b'-- Installing: /home/csanimatronics/CS_Animatronics/install/dynamixel_sdk_custom_interfaces/share/dynamixel_sdk_custom_interfaces/environment/library_path.sh\n'}
[19.408027] (dynamixel_sdk_custom_interfaces) StdoutLine: {'line': b'-- Installing: /home/csanimatronics/CS_Animatronics/install/dynamixel_sdk_custom_interfaces/share/dynamixel_sdk_custom_interfaces/environment/library_path.dsv\n'}
[19.408260] (dynamixel_sdk_custom_interfaces) StdoutLine: {'line': b'-- Installing: /home/csanimatronics/CS_Animatronics/install/dynamixel_sdk_custom_interfaces/lib/libdynamixel_sdk_custom_interfaces__rosidl_generator_c.so\n'}
[19.410058] (dynamixel_sdk_custom_interfaces) StdoutLine: {'line': b'-- Set non-toolchain portion of runtime path of "/home/csanimatronics/CS_Animatronics/install/dynamixel_sdk_custom_interfaces/lib/libdynamixel_sdk_custom_interfaces__rosidl_generator_c.so" to ""\n'}
[19.411425] (dynamixel_sdk_custom_interfaces) StdoutLine: {'line': b'-- Up-to-date: /home/csanimatronics/CS_Animatronics/install/dynamixel_sdk_custom_interfaces/include/dynamixel_sdk_custom_interfaces/dynamixel_sdk_custom_interfaces\n'}
[19.412215] (-) TimerEvent: {}
[19.417787] (dynamixel_sdk_custom_interfaces) StdoutLine: {'line': b'-- Up-to-date: /home/csanimatronics/CS_Animatronics/install/dynamixel_sdk_custom_interfaces/include/dynamixel_sdk_custom_interfaces/dynamixel_sdk_custom_interfaces/srv\n'}
[19.418256] (dynamixel_sdk_custom_interfaces) StdoutLine: {'line': b'-- Up-to-date: /home/csanimatronics/CS_Animatronics/install/dynamixel_sdk_custom_interfaces/include/dynamixel_sdk_custom_interfaces/dynamixel_sdk_custom_interfaces/srv/detail\n'}
[19.418395] (dynamixel_sdk_custom_interfaces) StdoutLine: {'line': b'-- Installing: /home/csanimatronics/CS_Animatronics/install/dynamixel_sdk_custom_interfaces/include/dynamixel_sdk_custom_interfaces/dynamixel_sdk_custom_interfaces/srv/detail/get_position__rosidl_typesupport_fastrtps_c.h\n'}
[19.418636] (dynamixel_sdk_custom_interfaces) StdoutLine: {'line': b'-- Up-to-date: /home/csanimatronics/CS_Animatronics/install/dynamixel_sdk_custom_interfaces/include/dynamixel_sdk_custom_interfaces/dynamixel_sdk_custom_interfaces/msg\n'}
[19.418792] (dynamixel_sdk_custom_interfaces) StdoutLine: {'line': b'-- Installing: /home/csanimatronics/CS_Animatronics/install/dynamixel_sdk_custom_interfaces/include/dynamixel_sdk_custom_interfaces/dynamixel_sdk_custom_interfaces/msg/rosidl_typesupport_fastrtps_c__visibility_control.h\n'}
[19.418913] (dynamixel_sdk_custom_interfaces) StdoutLine: {'line': b'-- Up-to-date: /home/csanimatronics/CS_Animatronics/install/dynamixel_sdk_custom_interfaces/include/dynamixel_sdk_custom_interfaces/dynamixel_sdk_custom_interfaces/msg/detail\n'}
[19.419037] (dynamixel_sdk_custom_interfaces) StdoutLine: {'line': b'-- Installing: /home/csanimatronics/CS_Animatronics/install/dynamixel_sdk_custom_interfaces/include/dynamixel_sdk_custom_interfaces/dynamixel_sdk_custom_interfaces/msg/detail/set_position__rosidl_typesupport_fastrtps_c.h\n'}
[19.421129] (dynamixel_sdk_custom_interfaces) StdoutLine: {'line': b'-- Installing: /home/csanimatronics/CS_Animatronics/install/dynamixel_sdk_custom_interfaces/lib/libdynamixel_sdk_custom_interfaces__rosidl_typesupport_fastrtps_c.so\n'}
[19.422651] (dynamixel_sdk_custom_interfaces) StdoutLine: {'line': b'-- Set non-toolchain portion of runtime path of "/home/csanimatronics/CS_Animatronics/install/dynamixel_sdk_custom_interfaces/lib/libdynamixel_sdk_custom_interfaces__rosidl_typesupport_fastrtps_c.so" to ""\n'}
[19.423098] (dynamixel_sdk_custom_interfaces) StdoutLine: {'line': b'-- Up-to-date: /home/csanimatronics/CS_Animatronics/install/dynamixel_sdk_custom_interfaces/include/dynamixel_sdk_custom_interfaces/dynamixel_sdk_custom_interfaces\n'}
[19.423249] (dynamixel_sdk_custom_interfaces) StdoutLine: {'line': b'-- Up-to-date: /home/csanimatronics/CS_Animatronics/install/dynamixel_sdk_custom_interfaces/include/dynamixel_sdk_custom_interfaces/dynamixel_sdk_custom_interfaces/srv\n'}
[19.423453] (dynamixel_sdk_custom_interfaces) StdoutLine: {'line': b'-- Installing: /home/csanimatronics/CS_Animatronics/install/dynamixel_sdk_custom_interfaces/include/dynamixel_sdk_custom_interfaces/dynamixel_sdk_custom_interfaces/srv/get_position.hpp\n'}
[19.423633] (dynamixel_sdk_custom_interfaces) StdoutLine: {'line': b'-- Up-to-date: /home/csanimatronics/CS_Animatronics/install/dynamixel_sdk_custom_interfaces/include/dynamixel_sdk_custom_interfaces/dynamixel_sdk_custom_interfaces/srv/detail\n'}
[19.423783] (dynamixel_sdk_custom_interfaces) StdoutLine: {'line': b'-- Installing: /home/csanimatronics/CS_Animatronics/install/dynamixel_sdk_custom_interfaces/include/dynamixel_sdk_custom_interfaces/dynamixel_sdk_custom_interfaces/srv/detail/get_position__traits.hpp\n'}
[19.424068] (dynamixel_sdk_custom_interfaces) StdoutLine: {'line': b'-- Installing: /home/csanimatronics/CS_Animatronics/install/dynamixel_sdk_custom_interfaces/include/dynamixel_sdk_custom_interfaces/dynamixel_sdk_custom_interfaces/srv/detail/get_position__struct.hpp\n'}
[19.424317] (dynamixel_sdk_custom_interfaces) StdoutLine: {'line': b'-- Installing: /home/csanimatronics/CS_Animatronics/install/dynamixel_sdk_custom_interfaces/include/dynamixel_sdk_custom_interfaces/dynamixel_sdk_custom_interfaces/srv/detail/get_position__builder.hpp\n'}
[19.424660] (dynamixel_sdk_custom_interfaces) StdoutLine: {'line': b'-- Installing: /home/csanimatronics/CS_Animatronics/install/dynamixel_sdk_custom_interfaces/include/dynamixel_sdk_custom_interfaces/dynamixel_sdk_custom_interfaces/srv/detail/get_position__type_support.hpp\n'}
[19.425004] (dynamixel_sdk_custom_interfaces) StdoutLine: {'line': b'-- Up-to-date: /home/csanimatronics/CS_Animatronics/install/dynamixel_sdk_custom_interfaces/include/dynamixel_sdk_custom_interfaces/dynamixel_sdk_custom_interfaces/msg\n'}
[19.425608] (dynamixel_sdk_custom_interfaces) StdoutLine: {'line': b'-- Up-to-date: /home/csanimatronics/CS_Animatronics/install/dynamixel_sdk_custom_interfaces/include/dynamixel_sdk_custom_interfaces/dynamixel_sdk_custom_interfaces/msg/detail\n'}
[19.425972] (dynamixel_sdk_custom_interfaces) StdoutLine: {'line': b'-- Installing: /home/csanimatronics/CS_Animatronics/install/dynamixel_sdk_custom_interfaces/include/dynamixel_sdk_custom_interfaces/dynamixel_sdk_custom_interfaces/msg/detail/set_position__type_support.hpp\n'}
[19.426281] (dynamixel_sdk_custom_interfaces) StdoutLine: {'line': b'-- Installing: /home/csanimatronics/CS_Animatronics/install/dynamixel_sdk_custom_interfaces/include/dynamixel_sdk_custom_interfaces/dynamixel_sdk_custom_interfaces/msg/detail/set_position__builder.hpp\n'}
[19.426474] (dynamixel_sdk_custom_interfaces) StdoutLine: {'line': b'-- Installing: /home/csanimatronics/CS_Animatronics/install/dynamixel_sdk_custom_interfaces/include/dynamixel_sdk_custom_interfaces/dynamixel_sdk_custom_interfaces/msg/detail/set_position__struct.hpp\n'}
[19.428625] (dynamixel_sdk_custom_interfaces) StdoutLine: {'line': b'-- Installing: /home/csanimatronics/CS_Animatronics/install/dynamixel_sdk_custom_interfaces/include/dynamixel_sdk_custom_interfaces/dynamixel_sdk_custom_interfaces/msg/detail/set_position__traits.hpp\n'}
[19.428758] (dynamixel_sdk_custom_interfaces) StdoutLine: {'line': b'-- Installing: /home/csanimatronics/CS_Animatronics/install/dynamixel_sdk_custom_interfaces/include/dynamixel_sdk_custom_interfaces/dynamixel_sdk_custom_interfaces/msg/rosidl_generator_cpp__visibility_control.hpp\n'}
[19.428891] (dynamixel_sdk_custom_interfaces) StdoutLine: {'line': b'-- Installing: /home/csanimatronics/CS_Animatronics/install/dynamixel_sdk_custom_interfaces/include/dynamixel_sdk_custom_interfaces/dynamixel_sdk_custom_interfaces/msg/set_position.hpp\n'}
[19.429101] (dynamixel_sdk_custom_interfaces) StdoutLine: {'line': b'-- Up-to-date: /home/csanimatronics/CS_Animatronics/install/dynamixel_sdk_custom_interfaces/include/dynamixel_sdk_custom_interfaces/dynamixel_sdk_custom_interfaces\n'}
[19.429234] (dynamixel_sdk_custom_interfaces) StdoutLine: {'line': b'-- Up-to-date: /home/csanimatronics/CS_Animatronics/install/dynamixel_sdk_custom_interfaces/include/dynamixel_sdk_custom_interfaces/dynamixel_sdk_custom_interfaces/srv\n'}
[19.429329] (dynamixel_sdk_custom_interfaces) StdoutLine: {'line': b'-- Up-to-date: /home/csanimatronics/CS_Animatronics/install/dynamixel_sdk_custom_interfaces/include/dynamixel_sdk_custom_interfaces/dynamixel_sdk_custom_interfaces/srv/detail\n'}
[19.430243] (dynamixel_sdk_custom_interfaces) StdoutLine: {'line': b'-- Installing: /home/csanimatronics/CS_Animatronics/install/dynamixel_sdk_custom_interfaces/include/dynamixel_sdk_custom_interfaces/dynamixel_sdk_custom_interfaces/srv/detail/dds_fastrtps\n'}
[19.430894] (dynamixel_sdk_custom_interfaces) StdoutLine: {'line': b'-- Installing: /home/csanimatronics/CS_Animatronics/install/dynamixel_sdk_custom_interfaces/include/dynamixel_sdk_custom_interfaces/dynamixel_sdk_custom_interfaces/srv/detail/get_position__rosidl_typesupport_fastrtps_cpp.hpp\n'}
[19.432332] (dynamixel_sdk_custom_interfaces) StdoutLine: {'line': b'-- Up-to-date: /home/csanimatronics/CS_Animatronics/install/dynamixel_sdk_custom_interfaces/include/dynamixel_sdk_custom_interfaces/dynamixel_sdk_custom_interfaces/msg\n'}
[19.432993] (dynamixel_sdk_custom_interfaces) StdoutLine: {'line': b'-- Up-to-date: /home/csanimatronics/CS_Animatronics/install/dynamixel_sdk_custom_interfaces/include/dynamixel_sdk_custom_interfaces/dynamixel_sdk_custom_interfaces/msg/detail\n'}
[19.439948] (dynamixel_sdk_custom_interfaces) StdoutLine: {'line': b'-- Installing: /home/csanimatronics/CS_Animatronics/install/dynamixel_sdk_custom_interfaces/include/dynamixel_sdk_custom_interfaces/dynamixel_sdk_custom_interfaces/msg/detail/dds_fastrtps\n'}
[19.440452] (dynamixel_sdk_custom_interfaces) StdoutLine: {'line': b'-- Installing: /home/csanimatronics/CS_Animatronics/install/dynamixel_sdk_custom_interfaces/include/dynamixel_sdk_custom_interfaces/dynamixel_sdk_custom_interfaces/msg/detail/set_position__rosidl_typesupport_fastrtps_cpp.hpp\n'}
[19.441354] (dynamixel_sdk_custom_interfaces) StdoutLine: {'line': b'-- Installing: /home/csanimatronics/CS_Animatronics/install/dynamixel_sdk_custom_interfaces/include/dynamixel_sdk_custom_interfaces/dynamixel_sdk_custom_interfaces/msg/rosidl_typesupport_fastrtps_cpp__visibility_control.h\n'}
[19.441679] (dynamixel_sdk_custom_interfaces) StdoutLine: {'line': b'-- Installing: /home/csanimatronics/CS_Animatronics/install/dynamixel_sdk_custom_interfaces/lib/libdynamixel_sdk_custom_interfaces__rosidl_typesupport_fastrtps_cpp.so\n'}
[19.441984] (dynamixel_sdk_custom_interfaces) StdoutLine: {'line': b'-- Set non-toolchain portion of runtime path of "/home/csanimatronics/CS_Animatronics/install/dynamixel_sdk_custom_interfaces/lib/libdynamixel_sdk_custom_interfaces__rosidl_typesupport_fastrtps_cpp.so" to ""\n'}
[19.442189] (dynamixel_sdk_custom_interfaces) StdoutLine: {'line': b'-- Up-to-date: /home/csanimatronics/CS_Animatronics/install/dynamixel_sdk_custom_interfaces/include/dynamixel_sdk_custom_interfaces/dynamixel_sdk_custom_interfaces\n'}
[19.442439] (dynamixel_sdk_custom_interfaces) StdoutLine: {'line': b'-- Up-to-date: /home/csanimatronics/CS_Animatronics/install/dynamixel_sdk_custom_interfaces/include/dynamixel_sdk_custom_interfaces/dynamixel_sdk_custom_interfaces/srv\n'}
[19.442771] (dynamixel_sdk_custom_interfaces) StdoutLine: {'line': b'-- Up-to-date: /home/csanimatronics/CS_Animatronics/install/dynamixel_sdk_custom_interfaces/include/dynamixel_sdk_custom_interfaces/dynamixel_sdk_custom_interfaces/srv/detail\n'}
[19.442945] (dynamixel_sdk_custom_interfaces) StdoutLine: {'line': b'-- Installing: /home/csanimatronics/CS_Animatronics/install/dynamixel_sdk_custom_interfaces/include/dynamixel_sdk_custom_interfaces/dynamixel_sdk_custom_interfaces/srv/detail/get_position__rosidl_typesupport_introspection_c.h\n'}
[19.443092] (dynamixel_sdk_custom_interfaces) StdoutLine: {'line': b'-- Installing: /home/csanimatronics/CS_Animatronics/install/dynamixel_sdk_custom_interfaces/include/dynamixel_sdk_custom_interfaces/dynamixel_sdk_custom_interfaces/srv/detail/get_position__type_support.c\n'}
[19.443208] (dynamixel_sdk_custom_interfaces) StdoutLine: {'line': b'-- Up-to-date: /home/csanimatronics/CS_Animatronics/install/dynamixel_sdk_custom_interfaces/include/dynamixel_sdk_custom_interfaces/dynamixel_sdk_custom_interfaces/msg\n'}
[19.443317] (dynamixel_sdk_custom_interfaces) StdoutLine: {'line': b'-- Up-to-date: /home/csanimatronics/CS_Animatronics/install/dynamixel_sdk_custom_interfaces/include/dynamixel_sdk_custom_interfaces/dynamixel_sdk_custom_interfaces/msg/detail\n'}
[19.443732] (dynamixel_sdk_custom_interfaces) StdoutLine: {'line': b'-- Installing: /home/csanimatronics/CS_Animatronics/install/dynamixel_sdk_custom_interfaces/include/dynamixel_sdk_custom_interfaces/dynamixel_sdk_custom_interfaces/msg/detail/set_position__rosidl_typesupport_introspection_c.h\n'}
[19.443929] (dynamixel_sdk_custom_interfaces) StdoutLine: {'line': b'-- Installing: /home/csanimatronics/CS_Animatronics/install/dynamixel_sdk_custom_interfaces/include/dynamixel_sdk_custom_interfaces/dynamixel_sdk_custom_interfaces/msg/detail/set_position__type_support.c\n'}
[19.444089] (dynamixel_sdk_custom_interfaces) StdoutLine: {'line': b'-- Installing: /home/csanimatronics/CS_Animatronics/install/dynamixel_sdk_custom_interfaces/include/dynamixel_sdk_custom_interfaces/dynamixel_sdk_custom_interfaces/msg/rosidl_typesupport_introspection_c__visibility_control.h\n'}
[19.444203] (dynamixel_sdk_custom_interfaces) StdoutLine: {'line': b'-- Installing: /home/csanimatronics/CS_Animatronics/install/dynamixel_sdk_custom_interfaces/lib/libdynamixel_sdk_custom_interfaces__rosidl_typesupport_introspection_c.so\n'}
[19.444316] (dynamixel_sdk_custom_interfaces) StdoutLine: {'line': b'-- Set non-toolchain portion of runtime path of "/home/csanimatronics/CS_Animatronics/install/dynamixel_sdk_custom_interfaces/lib/libdynamixel_sdk_custom_interfaces__rosidl_typesupport_introspection_c.so" to ""\n'}
[19.444435] (motor_commands) StdoutLine: {'line': b'[ 95%] \x1b[32m\x1b[1mLinking C shared module rosidl_generator_py/motor_commands/motor_commands_s__rosidl_typesupport_c.so\x1b[0m\n'}
[19.444928] (dynamixel_sdk_custom_interfaces) StdoutLine: {'line': b'-- Installing: /home/csanimatronics/CS_Animatronics/install/dynamixel_sdk_custom_interfaces/lib/libdynamixel_sdk_custom_interfaces__rosidl_typesupport_c.so\n'}
[19.446439] (dynamixel_sdk_custom_interfaces) StdoutLine: {'line': b'-- Set non-toolchain portion of runtime path of "/home/csanimatronics/CS_Animatronics/install/dynamixel_sdk_custom_interfaces/lib/libdynamixel_sdk_custom_interfaces__rosidl_typesupport_c.so" to ""\n'}
[19.447024] (dynamixel_sdk_custom_interfaces) StdoutLine: {'line': b'-- Up-to-date: /home/csanimatronics/CS_Animatronics/install/dynamixel_sdk_custom_interfaces/include/dynamixel_sdk_custom_interfaces/dynamixel_sdk_custom_interfaces\n'}
[19.447237] (dynamixel_sdk_custom_interfaces) StdoutLine: {'line': b'-- Up-to-date: /home/csanimatronics/CS_Animatronics/install/dynamixel_sdk_custom_interfaces/include/dynamixel_sdk_custom_interfaces/dynamixel_sdk_custom_interfaces/srv\n'}
[19.447747] (dynamixel_sdk_custom_interfaces) StdoutLine: {'line': b'-- Up-to-date: /home/csanimatronics/CS_Animatronics/install/dynamixel_sdk_custom_interfaces/include/dynamixel_sdk_custom_interfaces/dynamixel_sdk_custom_interfaces/srv/detail\n'}
[19.447996] (dynamixel_sdk_custom_interfaces) StdoutLine: {'line': b'-- Installing: /home/csanimatronics/CS_Animatronics/install/dynamixel_sdk_custom_interfaces/include/dynamixel_sdk_custom_interfaces/dynamixel_sdk_custom_interfaces/srv/detail/get_position__rosidl_typesupport_introspection_cpp.hpp\n'}
[19.448139] (dynamixel_sdk_custom_interfaces) StdoutLine: {'line': b'-- Installing: /home/csanimatronics/CS_Animatronics/install/dynamixel_sdk_custom_interfaces/include/dynamixel_sdk_custom_interfaces/dynamixel_sdk_custom_interfaces/srv/detail/get_position__type_support.cpp\n'}
[19.448271] (dynamixel_sdk_custom_interfaces) StdoutLine: {'line': b'-- Up-to-date: /home/csanimatronics/CS_Animatronics/install/dynamixel_sdk_custom_interfaces/include/dynamixel_sdk_custom_interfaces/dynamixel_sdk_custom_interfaces/msg\n'}
[19.448395] (dynamixel_sdk_custom_interfaces) StdoutLine: {'line': b'-- Up-to-date: /home/csanimatronics/CS_Animatronics/install/dynamixel_sdk_custom_interfaces/include/dynamixel_sdk_custom_interfaces/dynamixel_sdk_custom_interfaces/msg/detail\n'}
[19.448617] (dynamixel_sdk_custom_interfaces) StdoutLine: {'line': b'-- Installing: /home/csanimatronics/CS_Animatronics/install/dynamixel_sdk_custom_interfaces/include/dynamixel_sdk_custom_interfaces/dynamixel_sdk_custom_interfaces/msg/detail/set_position__rosidl_typesupport_introspection_cpp.hpp\n'}
[19.448780] (dynamixel_sdk_custom_interfaces) StdoutLine: {'line': b'-- Installing: /home/csanimatronics/CS_Animatronics/install/dynamixel_sdk_custom_interfaces/include/dynamixel_sdk_custom_interfaces/dynamixel_sdk_custom_interfaces/msg/detail/set_position__type_support.cpp\n'}
[19.449642] (dynamixel_sdk_custom_interfaces) StdoutLine: {'line': b'-- Installing: /home/csanimatronics/CS_Animatronics/install/dynamixel_sdk_custom_interfaces/lib/libdynamixel_sdk_custom_interfaces__rosidl_typesupport_introspection_cpp.so\n'}
[19.450024] (dynamixel_sdk_custom_interfaces) StdoutLine: {'line': b'-- Set non-toolchain portion of runtime path of "/home/csanimatronics/CS_Animatronics/install/dynamixel_sdk_custom_interfaces/lib/libdynamixel_sdk_custom_interfaces__rosidl_typesupport_introspection_cpp.so" to ""\n'}
[19.450201] (dynamixel_sdk_custom_interfaces) StdoutLine: {'line': b'-- Installing: /home/csanimatronics/CS_Animatronics/install/dynamixel_sdk_custom_interfaces/lib/libdynamixel_sdk_custom_interfaces__rosidl_typesupport_cpp.so\n'}
[19.450897] (dynamixel_sdk_custom_interfaces) StdoutLine: {'line': b'-- Set non-toolchain portion of runtime path of "/home/csanimatronics/CS_Animatronics/install/dynamixel_sdk_custom_interfaces/lib/libdynamixel_sdk_custom_interfaces__rosidl_typesupport_cpp.so" to ""\n'}
[19.451200] (dynamixel_sdk_custom_interfaces) StdoutLine: {'line': b'-- Installing: /home/csanimatronics/CS_Animatronics/install/dynamixel_sdk_custom_interfaces/share/dynamixel_sdk_custom_interfaces/environment/pythonpath.sh\n'}
[19.451453] (dynamixel_sdk_custom_interfaces) StdoutLine: {'line': b'-- Installing: /home/csanimatronics/CS_Animatronics/install/dynamixel_sdk_custom_interfaces/share/dynamixel_sdk_custom_interfaces/environment/pythonpath.dsv\n'}
[19.451726] (dynamixel_sdk_custom_interfaces) StdoutLine: {'line': b'-- Installing: /home/csanimatronics/CS_Animatronics/install/dynamixel_sdk_custom_interfaces/lib/python3.12/site-packages/dynamixel_sdk_custom_interfaces-3.7.60-py3.12.egg-info\n'}
[19.451956] (dynamixel_sdk_custom_interfaces) StdoutLine: {'line': b'-- Installing: /home/csanimatronics/CS_Animatronics/install/dynamixel_sdk_custom_interfaces/lib/python3.12/site-packages/dynamixel_sdk_custom_interfaces-3.7.60-py3.12.egg-info/dependency_links.txt\n'}
[19.452170] (dynamixel_sdk_custom_interfaces) StdoutLine: {'line': b'-- Installing: /home/csanimatronics/CS_Animatronics/install/dynamixel_sdk_custom_interfaces/lib/python3.12/site-packages/dynamixel_sdk_custom_interfaces-3.7.60-py3.12.egg-info/PKG-INFO\n'}
[19.452366] (dynamixel_sdk_custom_interfaces) StdoutLine: {'line': b'-- Installing: /home/csanimatronics/CS_Animatronics/install/dynamixel_sdk_custom_interfaces/lib/python3.12/site-packages/dynamixel_sdk_custom_interfaces-3.7.60-py3.12.egg-info/top_level.txt\n'}
[19.452554] (dynamixel_sdk_custom_interfaces) StdoutLine: {'line': b'-- Installing: /home/csanimatronics/CS_Animatronics/install/dynamixel_sdk_custom_interfaces/lib/python3.12/site-packages/dynamixel_sdk_custom_interfaces-3.7.60-py3.12.egg-info/SOURCES.txt\n'}
[19.453671] (dynamixel_sdk_custom_interfaces) StdoutLine: {'line': b'-- Installing: /home/csanimatronics/CS_Animatronics/install/dynamixel_sdk_custom_interfaces/lib/python3.12/site-packages/dynamixel_sdk_custom_interfaces\n'}
[19.454133] (dynamixel_sdk_custom_interfaces) StdoutLine: {'line': b'-- Installing: /home/csanimatronics/CS_Animatronics/install/dynamixel_sdk_custom_interfaces/lib/python3.12/site-packages/dynamixel_sdk_custom_interfaces/dynamixel_sdk_custom_interfaces_s__rosidl_typesupport_fastrtps_c.so\n'}
[19.454309] (dynamixel_sdk_custom_interfaces) StdoutLine: {'line': b'-- Installing: /home/csanimatronics/CS_Animatronics/install/dynamixel_sdk_custom_interfaces/lib/python3.12/site-packages/dynamixel_sdk_custom_interfaces/_dynamixel_sdk_custom_interfaces_s.ep.rosidl_typesupport_introspection_c.c\n'}
[19.454574] (dynamixel_sdk_custom_interfaces) StdoutLine: {'line': b'-- Installing: /home/csanimatronics/CS_Animatronics/install/dynamixel_sdk_custom_interfaces/lib/python3.12/site-packages/dynamixel_sdk_custom_interfaces/_dynamixel_sdk_custom_interfaces_s.ep.rosidl_typesupport_fastrtps_c.c\n'}
[19.455713] (dynamixel_sdk_custom_interfaces) StdoutLine: {'line': b'-- Installing: /home/csanimatronics/CS_Animatronics/install/dynamixel_sdk_custom_interfaces/lib/python3.12/site-packages/dynamixel_sdk_custom_interfaces/srv\n'}
[19.455924] (dynamixel_sdk_custom_interfaces) StdoutLine: {'line': b'-- Installing: /home/csanimatronics/CS_Animatronics/install/dynamixel_sdk_custom_interfaces/lib/python3.12/site-packages/dynamixel_sdk_custom_interfaces/srv/_get_position.py\n'}
[19.456082] (dynamixel_sdk_custom_interfaces) StdoutLine: {'line': b'-- Installing: /home/csanimatronics/CS_Animatronics/install/dynamixel_sdk_custom_interfaces/lib/python3.12/site-packages/dynamixel_sdk_custom_interfaces/srv/_get_position_s.c\n'}
[19.456220] (motor_commands) StdoutLine: {'line': b'[ 97%] \x1b[32m\x1b[1mLinking C shared module rosidl_generator_py/motor_commands/motor_commands_s__rosidl_typesupport_introspection_c.so\x1b[0m\n'}
[19.456450] (dynamixel_sdk_custom_interfaces) StdoutLine: {'line': b'-- Installing: /home/csanimatronics/CS_Animatronics/install/dynamixel_sdk_custom_interfaces/lib/python3.12/site-packages/dynamixel_sdk_custom_interfaces/srv/__init__.py\n'}
[19.456657] (dynamixel_sdk_custom_interfaces) StdoutLine: {'line': b'-- Installing: /home/csanimatronics/CS_Animatronics/install/dynamixel_sdk_custom_interfaces/lib/python3.12/site-packages/dynamixel_sdk_custom_interfaces/_dynamixel_sdk_custom_interfaces_s.ep.rosidl_typesupport_c.c\n'}
[19.456799] (dynamixel_sdk_custom_interfaces) StdoutLine: {'line': b'-- Installing: /home/csanimatronics/CS_Animatronics/install/dynamixel_sdk_custom_interfaces/lib/python3.12/site-packages/dynamixel_sdk_custom_interfaces/dynamixel_sdk_custom_interfaces_s__rosidl_typesupport_c.so\n'}
[19.458716] (dynamixel_sdk_custom_interfaces) StdoutLine: {'line': b'-- Installing: /home/csanimatronics/CS_Animatronics/install/dynamixel_sdk_custom_interfaces/lib/python3.12/site-packages/dynamixel_sdk_custom_interfaces/__init__.py\n'}
[19.459159] (dynamixel_sdk_custom_interfaces) StdoutLine: {'line': b'-- Installing: /home/csanimatronics/CS_Animatronics/install/dynamixel_sdk_custom_interfaces/lib/python3.12/site-packages/dynamixel_sdk_custom_interfaces/msg\n'}
[19.459438] (dynamixel_sdk_custom_interfaces) StdoutLine: {'line': b'-- Installing: /home/csanimatronics/CS_Animatronics/install/dynamixel_sdk_custom_interfaces/lib/python3.12/site-packages/dynamixel_sdk_custom_interfaces/msg/_set_position_s.c\n'}
[19.459612] (dynamixel_sdk_custom_interfaces) StdoutLine: {'line': b'-- Installing: /home/csanimatronics/CS_Animatronics/install/dynamixel_sdk_custom_interfaces/lib/python3.12/site-packages/dynamixel_sdk_custom_interfaces/msg/_set_position.py\n'}
[19.459714] (dynamixel_sdk_custom_interfaces) StdoutLine: {'line': b'-- Installing: /home/csanimatronics/CS_Animatronics/install/dynamixel_sdk_custom_interfaces/lib/python3.12/site-packages/dynamixel_sdk_custom_interfaces/msg/__init__.py\n'}
[19.459810] (dynamixel_sdk_custom_interfaces) StdoutLine: {'line': b'-- Installing: /home/csanimatronics/CS_Animatronics/install/dynamixel_sdk_custom_interfaces/lib/python3.12/site-packages/dynamixel_sdk_custom_interfaces/dynamixel_sdk_custom_interfaces_s__rosidl_typesupport_introspection_c.so\n'}
[19.491145] (motor_commands) StdoutLine: {'line': b'[100%] \x1b[32m\x1b[1mLinking C shared module rosidl_generator_py/motor_commands/motor_commands_s__rosidl_typesupport_fastrtps_c.so\x1b[0m\n'}
[19.513598] (-) TimerEvent: {}
[19.527825] (motor_commands) StdoutLine: {'line': b'[100%] Built target motor_commands_s__rosidl_typesupport_c\n'}
[19.544736] (motor_commands) StdoutLine: {'line': b'[100%] Built target motor_commands_s__rosidl_typesupport_introspection_c\n'}
[19.561537] (dynamixel_sdk_custom_interfaces) StdoutLine: {'line': b"Listing '/home/csanimatronics/CS_Animatronics/install/dynamixel_sdk_custom_interfaces/lib/python3.12/site-packages/dynamixel_sdk_custom_interfaces'...\n"}
[19.569138] (dynamixel_sdk_custom_interfaces) StdoutLine: {'line': b"Compiling '/home/csanimatronics/CS_Animatronics/install/dynamixel_sdk_custom_interfaces/lib/python3.12/site-packages/dynamixel_sdk_custom_interfaces/__init__.py'...\n"}
[19.569304] (dynamixel_sdk_custom_interfaces) StdoutLine: {'line': b"Listing '/home/csanimatronics/CS_Animatronics/install/dynamixel_sdk_custom_interfaces/lib/python3.12/site-packages/dynamixel_sdk_custom_interfaces/msg'...\n"}
[19.569459] (dynamixel_sdk_custom_interfaces) StdoutLine: {'line': b"Compiling '/home/csanimatronics/CS_Animatronics/install/dynamixel_sdk_custom_interfaces/lib/python3.12/site-packages/dynamixel_sdk_custom_interfaces/msg/__init__.py'...\n"}
[19.569620] (dynamixel_sdk_custom_interfaces) StdoutLine: {'line': b"Compiling '/home/csanimatronics/CS_Animatronics/install/dynamixel_sdk_custom_interfaces/lib/python3.12/site-packages/dynamixel_sdk_custom_interfaces/msg/_set_position.py'...\n"}
[19.569724] (dynamixel_sdk_custom_interfaces) StdoutLine: {'line': b"Listing '/home/csanimatronics/CS_Animatronics/install/dynamixel_sdk_custom_interfaces/lib/python3.12/site-packages/dynamixel_sdk_custom_interfaces/srv'...\n"}
[19.569810] (dynamixel_sdk_custom_interfaces) StdoutLine: {'line': b"Compiling '/home/csanimatronics/CS_Animatronics/install/dynamixel_sdk_custom_interfaces/lib/python3.12/site-packages/dynamixel_sdk_custom_interfaces/srv/__init__.py'...\n"}
[19.569894] (dynamixel_sdk_custom_interfaces) StdoutLine: {'line': b"Compiling '/home/csanimatronics/CS_Animatronics/install/dynamixel_sdk_custom_interfaces/lib/python3.12/site-packages/dynamixel_sdk_custom_interfaces/srv/_get_position.py'...\n"}
[19.571448] (motor_commands) StdoutLine: {'line': b'[100%] Built target motor_commands_s__rosidl_typesupport_fastrtps_c\n'}
[19.578348] (dynamixel_sdk_custom_interfaces) StdoutLine: {'line': b'-- Installing: /home/csanimatronics/CS_Animatronics/install/dynamixel_sdk_custom_interfaces/lib/python3.12/site-packages/dynamixel_sdk_custom_interfaces/dynamixel_sdk_custom_interfaces_s__rosidl_typesupport_fastrtps_c.so\n'}
[19.579020] (dynamixel_sdk_custom_interfaces) StdoutLine: {'line': b'-- Set non-toolchain portion of runtime path of "/home/csanimatronics/CS_Animatronics/install/dynamixel_sdk_custom_interfaces/lib/python3.12/site-packages/dynamixel_sdk_custom_interfaces/dynamixel_sdk_custom_interfaces_s__rosidl_typesupport_fastrtps_c.so" to ""\n'}
[19.579408] (dynamixel_sdk_custom_interfaces) StdoutLine: {'line': b'-- Installing: /home/csanimatronics/CS_Animatronics/install/dynamixel_sdk_custom_interfaces/lib/python3.12/site-packages/dynamixel_sdk_custom_interfaces/dynamixel_sdk_custom_interfaces_s__rosidl_typesupport_introspection_c.so\n'}
[19.580032] (dynamixel_sdk_custom_interfaces) StdoutLine: {'line': b'-- Set non-toolchain portion of runtime path of "/home/csanimatronics/CS_Animatronics/install/dynamixel_sdk_custom_interfaces/lib/python3.12/site-packages/dynamixel_sdk_custom_interfaces/dynamixel_sdk_custom_interfaces_s__rosidl_typesupport_introspection_c.so" to ""\n'}
[19.580406] (dynamixel_sdk_custom_interfaces) StdoutLine: {'line': b'-- Installing: /home/csanimatronics/CS_Animatronics/install/dynamixel_sdk_custom_interfaces/lib/python3.12/site-packages/dynamixel_sdk_custom_interfaces/dynamixel_sdk_custom_interfaces_s__rosidl_typesupport_c.so\n'}
[19.581026] (dynamixel_sdk_custom_interfaces) StdoutLine: {'line': b'-- Set non-toolchain portion of runtime path of "/home/csanimatronics/CS_Animatronics/install/dynamixel_sdk_custom_interfaces/lib/python3.12/site-packages/dynamixel_sdk_custom_interfaces/dynamixel_sdk_custom_interfaces_s__rosidl_typesupport_c.so" to ""\n'}
[19.581212] (dynamixel_sdk_custom_interfaces) StdoutLine: {'line': b'-- Installing: /home/csanimatronics/CS_Animatronics/install/dynamixel_sdk_custom_interfaces/lib/libdynamixel_sdk_custom_interfaces__rosidl_generator_py.so\n'}
[19.581884] (dynamixel_sdk_custom_interfaces) StdoutLine: {'line': b'-- Set non-toolchain portion of runtime path of "/home/csanimatronics/CS_Animatronics/install/dynamixel_sdk_custom_interfaces/lib/libdynamixel_sdk_custom_interfaces__rosidl_generator_py.so" to ""\n'}
[19.582193] (dynamixel_sdk_custom_interfaces) StdoutLine: {'line': b'-- Installing: /home/csanimatronics/CS_Animatronics/install/dynamixel_sdk_custom_interfaces/share/dynamixel_sdk_custom_interfaces/msg/SetPosition.idl\n'}
[19.582415] (dynamixel_sdk_custom_interfaces) StdoutLine: {'line': b'-- Installing: /home/csanimatronics/CS_Animatronics/install/dynamixel_sdk_custom_interfaces/share/dynamixel_sdk_custom_interfaces/srv/GetPosition.idl\n'}
[19.582635] (dynamixel_sdk_custom_interfaces) StdoutLine: {'line': b'-- Installing: /home/csanimatronics/CS_Animatronics/install/dynamixel_sdk_custom_interfaces/share/dynamixel_sdk_custom_interfaces/msg/SetPosition.msg\n'}
[19.582886] (dynamixel_sdk_custom_interfaces) StdoutLine: {'line': b'-- Installing: /home/csanimatronics/CS_Animatronics/install/dynamixel_sdk_custom_interfaces/share/dynamixel_sdk_custom_interfaces/srv/GetPosition.srv\n'}
[19.583173] (dynamixel_sdk_custom_interfaces) StdoutLine: {'line': b'-- Installing: /home/csanimatronics/CS_Animatronics/install/dynamixel_sdk_custom_interfaces/share/ament_index/resource_index/package_run_dependencies/dynamixel_sdk_custom_interfaces\n'}
[19.583454] (dynamixel_sdk_custom_interfaces) StdoutLine: {'line': b'-- Installing: /home/csanimatronics/CS_Animatronics/install/dynamixel_sdk_custom_interfaces/share/ament_index/resource_index/parent_prefix_path/dynamixel_sdk_custom_interfaces\n'}
[19.583692] (dynamixel_sdk_custom_interfaces) StdoutLine: {'line': b'-- Installing: /home/csanimatronics/CS_Animatronics/install/dynamixel_sdk_custom_interfaces/share/dynamixel_sdk_custom_interfaces/environment/ament_prefix_path.sh\n'}
[19.583932] (dynamixel_sdk_custom_interfaces) StdoutLine: {'line': b'-- Installing: /home/csanimatronics/CS_Animatronics/install/dynamixel_sdk_custom_interfaces/share/dynamixel_sdk_custom_interfaces/environment/ament_prefix_path.dsv\n'}
[19.584127] (dynamixel_sdk_custom_interfaces) StdoutLine: {'line': b'-- Installing: /home/csanimatronics/CS_Animatronics/install/dynamixel_sdk_custom_interfaces/share/dynamixel_sdk_custom_interfaces/environment/path.sh\n'}
[19.584366] (dynamixel_sdk_custom_interfaces) StdoutLine: {'line': b'-- Installing: /home/csanimatronics/CS_Animatronics/install/dynamixel_sdk_custom_interfaces/share/dynamixel_sdk_custom_interfaces/environment/path.dsv\n'}
[19.584621] (dynamixel_sdk_custom_interfaces) StdoutLine: {'line': b'-- Installing: /home/csanimatronics/CS_Animatronics/install/dynamixel_sdk_custom_interfaces/share/dynamixel_sdk_custom_interfaces/local_setup.bash\n'}
[19.584820] (dynamixel_sdk_custom_interfaces) StdoutLine: {'line': b'-- Installing: /home/csanimatronics/CS_Animatronics/install/dynamixel_sdk_custom_interfaces/share/dynamixel_sdk_custom_interfaces/local_setup.sh\n'}
[19.585030] (dynamixel_sdk_custom_interfaces) StdoutLine: {'line': b'-- Installing: /home/csanimatronics/CS_Animatronics/install/dynamixel_sdk_custom_interfaces/share/dynamixel_sdk_custom_interfaces/local_setup.zsh\n'}
[19.585243] (dynamixel_sdk_custom_interfaces) StdoutLine: {'line': b'-- Installing: /home/csanimatronics/CS_Animatronics/install/dynamixel_sdk_custom_interfaces/share/dynamixel_sdk_custom_interfaces/local_setup.dsv\n'}
[19.585435] (dynamixel_sdk_custom_interfaces) StdoutLine: {'line': b'-- Installing: /home/csanimatronics/CS_Animatronics/install/dynamixel_sdk_custom_interfaces/share/dynamixel_sdk_custom_interfaces/package.dsv\n'}
[19.585720] (dynamixel_sdk_custom_interfaces) StdoutLine: {'line': b'-- Installing: /home/csanimatronics/CS_Animatronics/install/dynamixel_sdk_custom_interfaces/share/ament_index/resource_index/packages/dynamixel_sdk_custom_interfaces\n'}
[19.585991] (dynamixel_sdk_custom_interfaces) StdoutLine: {'line': b'-- Installing: /home/csanimatronics/CS_Animatronics/install/dynamixel_sdk_custom_interfaces/share/dynamixel_sdk_custom_interfaces/cmake/export_dynamixel_sdk_custom_interfaces__rosidl_generator_cExport.cmake\n'}
[19.586227] (dynamixel_sdk_custom_interfaces) StdoutLine: {'line': b'-- Installing: /home/csanimatronics/CS_Animatronics/install/dynamixel_sdk_custom_interfaces/share/dynamixel_sdk_custom_interfaces/cmake/export_dynamixel_sdk_custom_interfaces__rosidl_generator_cExport-noconfig.cmake\n'}
[19.586453] (dynamixel_sdk_custom_interfaces) StdoutLine: {'line': b'-- Installing: /home/csanimatronics/CS_Animatronics/install/dynamixel_sdk_custom_interfaces/share/dynamixel_sdk_custom_interfaces/cmake/export_dynamixel_sdk_custom_interfaces__rosidl_typesupport_fastrtps_cExport.cmake\n'}
[19.586758] (dynamixel_sdk_custom_interfaces) StdoutLine: {'line': b'-- Installing: /home/csanimatronics/CS_Animatronics/install/dynamixel_sdk_custom_interfaces/share/dynamixel_sdk_custom_interfaces/cmake/export_dynamixel_sdk_custom_interfaces__rosidl_typesupport_fastrtps_cExport-noconfig.cmake\n'}
[19.587005] (dynamixel_sdk_custom_interfaces) StdoutLine: {'line': b'-- Installing: /home/csanimatronics/CS_Animatronics/install/dynamixel_sdk_custom_interfaces/share/dynamixel_sdk_custom_interfaces/cmake/export_dynamixel_sdk_custom_interfaces__rosidl_generator_cppExport.cmake\n'}
[19.587253] (dynamixel_sdk_custom_interfaces) StdoutLine: {'line': b'-- Installing: /home/csanimatronics/CS_Animatronics/install/dynamixel_sdk_custom_interfaces/share/dynamixel_sdk_custom_interfaces/cmake/export_dynamixel_sdk_custom_interfaces__rosidl_typesupport_fastrtps_cppExport.cmake\n'}
[19.587460] (dynamixel_sdk_custom_interfaces) StdoutLine: {'line': b'-- Installing: /home/csanimatronics/CS_Animatronics/install/dynamixel_sdk_custom_interfaces/share/dynamixel_sdk_custom_interfaces/cmake/export_dynamixel_sdk_custom_interfaces__rosidl_typesupport_fastrtps_cppExport-noconfig.cmake\n'}
[19.587705] (dynamixel_sdk_custom_interfaces) StdoutLine: {'line': b'-- Installing: /home/csanimatronics/CS_Animatronics/install/dynamixel_sdk_custom_interfaces/share/dynamixel_sdk_custom_interfaces/cmake/dynamixel_sdk_custom_interfaces__rosidl_typesupport_introspection_cExport.cmake\n'}
[19.587923] (dynamixel_sdk_custom_interfaces) StdoutLine: {'line': b'-- Installing: /home/csanimatronics/CS_Animatronics/install/dynamixel_sdk_custom_interfaces/share/dynamixel_sdk_custom_interfaces/cmake/dynamixel_sdk_custom_interfaces__rosidl_typesupport_introspection_cExport-noconfig.cmake\n'}
[19.588132] (dynamixel_sdk_custom_interfaces) StdoutLine: {'line': b'-- Installing: /home/csanimatronics/CS_Animatronics/install/dynamixel_sdk_custom_interfaces/share/dynamixel_sdk_custom_interfaces/cmake/dynamixel_sdk_custom_interfaces__rosidl_typesupport_cExport.cmake\n'}
[19.588327] (dynamixel_sdk_custom_interfaces) StdoutLine: {'line': b'-- Installing: /home/csanimatronics/CS_Animatronics/install/dynamixel_sdk_custom_interfaces/share/dynamixel_sdk_custom_interfaces/cmake/dynamixel_sdk_custom_interfaces__rosidl_typesupport_cExport-noconfig.cmake\n'}
[19.588579] (dynamixel_sdk_custom_interfaces) StdoutLine: {'line': b'-- Installing: /home/csanimatronics/CS_Animatronics/install/dynamixel_sdk_custom_interfaces/share/dynamixel_sdk_custom_interfaces/cmake/dynamixel_sdk_custom_interfaces__rosidl_typesupport_introspection_cppExport.cmake\n'}
[19.588837] (dynamixel_sdk_custom_interfaces) StdoutLine: {'line': b'-- Installing: /home/csanimatronics/CS_Animatronics/install/dynamixel_sdk_custom_interfaces/share/dynamixel_sdk_custom_interfaces/cmake/dynamixel_sdk_custom_interfaces__rosidl_typesupport_introspection_cppExport-noconfig.cmake\n'}
[19.589029] (dynamixel_sdk_custom_interfaces) StdoutLine: {'line': b'-- Installing: /home/csanimatronics/CS_Animatronics/install/dynamixel_sdk_custom_interfaces/share/dynamixel_sdk_custom_interfaces/cmake/dynamixel_sdk_custom_interfaces__rosidl_typesupport_cppExport.cmake\n'}
[19.589238] (dynamixel_sdk_custom_interfaces) StdoutLine: {'line': b'-- Installing: /home/csanimatronics/CS_Animatronics/install/dynamixel_sdk_custom_interfaces/share/dynamixel_sdk_custom_interfaces/cmake/dynamixel_sdk_custom_interfaces__rosidl_typesupport_cppExport-noconfig.cmake\n'}
[19.589437] (dynamixel_sdk_custom_interfaces) StdoutLine: {'line': b'-- Installing: /home/csanimatronics/CS_Animatronics/install/dynamixel_sdk_custom_interfaces/share/dynamixel_sdk_custom_interfaces/cmake/export_dynamixel_sdk_custom_interfaces__rosidl_generator_pyExport.cmake\n'}
[19.589634] (dynamixel_sdk_custom_interfaces) StdoutLine: {'line': b'-- Installing: /home/csanimatronics/CS_Animatronics/install/dynamixel_sdk_custom_interfaces/share/dynamixel_sdk_custom_interfaces/cmake/export_dynamixel_sdk_custom_interfaces__rosidl_generator_pyExport-noconfig.cmake\n'}
[19.589814] (dynamixel_sdk_custom_interfaces) StdoutLine: {'line': b'-- Installing: /home/csanimatronics/CS_Animatronics/install/dynamixel_sdk_custom_interfaces/share/dynamixel_sdk_custom_interfaces/cmake/rosidl_cmake-extras.cmake\n'}
[19.589993] (dynamixel_sdk_custom_interfaces) StdoutLine: {'line': b'-- Installing: /home/csanimatronics/CS_Animatronics/install/dynamixel_sdk_custom_interfaces/share/dynamixel_sdk_custom_interfaces/cmake/ament_cmake_export_dependencies-extras.cmake\n'}
[19.590176] (dynamixel_sdk_custom_interfaces) StdoutLine: {'line': b'-- Installing: /home/csanimatronics/CS_Animatronics/install/dynamixel_sdk_custom_interfaces/share/dynamixel_sdk_custom_interfaces/cmake/ament_cmake_export_include_directories-extras.cmake\n'}
[19.590353] (dynamixel_sdk_custom_interfaces) StdoutLine: {'line': b'-- Installing: /home/csanimatronics/CS_Animatronics/install/dynamixel_sdk_custom_interfaces/share/dynamixel_sdk_custom_interfaces/cmake/ament_cmake_export_libraries-extras.cmake\n'}
[19.590573] (dynamixel_sdk_custom_interfaces) StdoutLine: {'line': b'-- Installing: /home/csanimatronics/CS_Animatronics/install/dynamixel_sdk_custom_interfaces/share/dynamixel_sdk_custom_interfaces/cmake/ament_cmake_export_targets-extras.cmake\n'}
[19.590771] (dynamixel_sdk_custom_interfaces) StdoutLine: {'line': b'-- Installing: /home/csanimatronics/CS_Animatronics/install/dynamixel_sdk_custom_interfaces/share/dynamixel_sdk_custom_interfaces/cmake/rosidl_cmake_export_typesupport_targets-extras.cmake\n'}
[19.590968] (dynamixel_sdk_custom_interfaces) StdoutLine: {'line': b'-- Installing: /home/csanimatronics/CS_Animatronics/install/dynamixel_sdk_custom_interfaces/share/dynamixel_sdk_custom_interfaces/cmake/rosidl_cmake_export_typesupport_libraries-extras.cmake\n'}
[19.591207] (dynamixel_sdk_custom_interfaces) StdoutLine: {'line': b'-- Installing: /home/csanimatronics/CS_Animatronics/install/dynamixel_sdk_custom_interfaces/share/dynamixel_sdk_custom_interfaces/cmake/dynamixel_sdk_custom_interfacesConfig.cmake\n'}
[19.591376] (dynamixel_sdk_custom_interfaces) StdoutLine: {'line': b'-- Installing: /home/csanimatronics/CS_Animatronics/install/dynamixel_sdk_custom_interfaces/share/dynamixel_sdk_custom_interfaces/cmake/dynamixel_sdk_custom_interfacesConfig-version.cmake\n'}
[19.591584] (dynamixel_sdk_custom_interfaces) StdoutLine: {'line': b'-- Installing: /home/csanimatronics/CS_Animatronics/install/dynamixel_sdk_custom_interfaces/share/dynamixel_sdk_custom_interfaces/package.xml\n'}
[19.595364] (dynamixel_sdk_custom_interfaces) CommandEnded: {'returncode': 0}
[19.613678] (-) TimerEvent: {}
[19.627048] (dynamixel_sdk_custom_interfaces) JobEnded: {'identifier': 'dynamixel_sdk_custom_interfaces', 'rc': 0}
[19.628451] (motor_commands) CommandEnded: {'returncode': 0}
[19.629197] (motor_commands) JobProgress: {'identifier': 'motor_commands', 'progress': 'install'}
[19.629482] (motor_commands) Command: {'cmd': ['/usr/bin/cmake', '--install', '/home/csanimatronics/CS_Animatronics/build/motor_commands'], 'cwd': '/home/csanimatronics/CS_Animatronics/build/motor_commands', 'env': OrderedDict({'LESSOPEN': '| /usr/bin/lesspipe %s', 'USER': 'csanimatronics', 'XDG_SESSION_TYPE': 'wayland', 'SHLVL': '1', 'LD_LIBRARY_PATH': '/opt/ros/jazzy/opt/rviz_ogre_vendor/lib:/opt/ros/jazzy/lib/aarch64-linux-gnu:/opt/ros/jazzy/opt/gz_math_vendor/lib:/opt/ros/jazzy/opt/gz_utils_vendor/lib:/opt/ros/jazzy/opt/gz_cmake_vendor/lib:/opt/ros/jazzy/lib', 'HOME': '/home/csanimatronics', 'OLDPWD': '/home/csanimatronics', 'DESKTOP_SESSION': 'ubuntu', 'ROS_PYTHON_VERSION': '3', 'GNOME_SHELL_SESSION_MODE': 'ubuntu', 'GTK_MODULES': 'gail:atk-bridge', 'SYSTEMD_EXEC_PID': '1641', 'GSM_SKIP_SSH_AGENT_WORKAROUND': 'true', 'DBUS_SESSION_BUS_ADDRESS': 'unix:path=/run/user/1002/bus', 'COLORTERM': 'truecolor', 'DEBUGINFOD_URLS': 'https://debuginfod.ubuntu.com', 'IM_CONFIG_PHASE': '1', 'WAYLAND_DISPLAY': 'wayland-0', 'ROS_DISTRO': 'jazzy', 'LOGNAME': 'csanimatronics', '_': '/usr/bin/colcon', 'ROS_VERSION': '2', 'MEMORY_PRESSURE_WATCH': '/sys/fs/cgroup/user.slice/user-1002.slice/user@1002.service/session.slice/org.gnome.Shell@wayland.service/memory.pressure', 'XDG_SESSION_CLASS': 'user', 'USERNAME': 'csanimatronics', 'TERM': 'xterm-256color', 'GNOME_DESKTOP_SESSION_ID': 'this-is-deprecated', 'PATH': '/opt/ros/jazzy/bin:/usr/local/sbin:/usr/local/bin:/usr/sbin:/usr/bin:/sbin:/bin:/usr/games:/usr/local/games:/snap/bin:/snap/bin', 'SESSION_MANAGER': 'local/csanimatronics-desktop:@/tmp/.ICE-unix/1612,unix/csanimatronics-desktop:/tmp/.ICE-unix/1612', 'XDG_MENU_PREFIX': 'gnome-', 'GNOME_TERMINAL_SCREEN': '/org/gnome/Terminal/screen/60df07e8_ecb9_42f0_a6bb_660d9ed876dc', 'GNOME_SETUP_DISPLAY': ':1', 'XDG_RUNTIME_DIR': '/run/user/1002', 'DISPLAY': ':0', 'LANG': 'C.UTF-8', 'XDG_CURRENT_DESKTOP': 'ubuntu:GNOME', 'XMODIFIERS': '@im=ibus', 'XDG_SESSION_DESKTOP': 'ubuntu', 'XAUTHORITY': '/run/user/1002/.mutter-Xwaylandauth.N7O212', 'LS_COLORS': 'rs=0:di=01;34:ln=01;36:mh=00:pi=40;33:so=01;35:do=01;35:bd=40;33;01:cd=40;33;01:or=40;31;01:mi=00:su=37;41:sg=30;43:ca=00:tw=30;42:ow=34;42:st=37;44:ex=01;32:*.tar=01;31:*.tgz=01;31:*.arc=01;31:*.arj=01;31:*.taz=01;31:*.lha=01;31:*.lz4=01;31:*.lzh=01;31:*.lzma=01;31:*.tlz=01;31:*.txz=01;31:*.tzo=01;31:*.t7z=01;31:*.zip=01;31:*.z=01;31:*.dz=01;31:*.gz=01;31:*.lrz=01;31:*.lz=01;31:*.lzo=01;31:*.xz=01;31:*.zst=01;31:*.tzst=01;31:*.bz2=01;31:*.bz=01;31:*.tbz=01;31:*.tbz2=01;31:*.tz=01;31:*.deb=01;31:*.rpm=01;31:*.jar=01;31:*.war=01;31:*.ear=01;31:*.sar=01;31:*.rar=01;31:*.alz=01;31:*.ace=01;31:*.zoo=01;31:*.cpio=01;31:*.7z=01;31:*.rz=01;31:*.cab=01;31:*.wim=01;31:*.swm=01;31:*.dwm=01;31:*.esd=01;31:*.avif=01;35:*.jpg=01;35:*.jpeg=01;35:*.mjpg=01;35:*.mjpeg=01;35:*.gif=01;35:*.bmp=01;35:*.pbm=01;35:*.pgm=01;35:*.ppm=01;35:*.tga=01;35:*.xbm=01;35:*.xpm=01;35:*.tif=01;35:*.tiff=01;35:*.png=01;35:*.svg=01;35:*.svgz=01;35:*.mng=01;35:*.pcx=01;35:*.mov=01;35:*.mpg=01;35:*.mpeg=01;35:*.m2v=01;35:*.mkv=01;35:*.webm=01;35:*.webp=01;35:*.ogm=01;35:*.mp4=01;35:*.m4v=01;35:*.mp4v=01;35:*.vob=01;35:*.qt=01;35:*.nuv=01;35:*.wmv=01;35:*.asf=01;35:*.rm=01;35:*.rmvb=01;35:*.flc=01;35:*.avi=01;35:*.fli=01;35:*.flv=01;35:*.gl=01;35:*.dl=01;35:*.xcf=01;35:*.xwd=01;35:*.yuv=01;35:*.cgm=01;35:*.emf=01;35:*.ogv=01;35:*.ogx=01;35:*.aac=00;36:*.au=00;36:*.flac=00;36:*.m4a=00;36:*.mid=00;36:*.midi=00;36:*.mka=00;36:*.mp3=00;36:*.mpc=00;36:*.ogg=00;36:*.ra=00;36:*.wav=00;36:*.oga=00;36:*.opus=00;36:*.spx=00;36:*.xspf=00;36:*~=00;90:*#=00;90:*.bak=00;90:*.crdownload=00;90:*.dpkg-dist=00;90:*.dpkg-new=00;90:*.dpkg-old=00;90:*.dpkg-tmp=00;90:*.old=00;90:*.orig=00;90:*.part=00;90:*.rej=00;90:*.rpmnew=00;90:*.rpmorig=00;90:*.rpmsave=00;90:*.swp=00;90:*.tmp=00;90:*.ucf-dist=00;90:*.ucf-new=00;90:*.ucf-old=00;90:', 'GNOME_TERMINAL_SERVICE': ':1.103', 'SSH_AUTH_SOCK': '/run/user/1002/keyring/ssh', 'AMENT_PREFIX_PATH': '/opt/ros/jazzy', 'SHELL': '/bin/bash', 'QT_ACCESSIBILITY': '1', 'GDMSESSION': 'ubuntu', 'LESSCLOSE': '/usr/bin/lesspipe %s %s', 'ROS_AUTOMATIC_DISCOVERY_RANGE': 'SUBNET', 'QT_IM_MODULE': 'ibus', 'PWD': '/home/csanimatronics/CS_Animatronics/build/motor_commands', 'XDG_CONFIG_DIRS': '/etc/xdg/xdg-ubuntu:/etc/xdg', 'XDG_DATA_DIRS': '/usr/share/ubuntu:/usr/share/gnome:/usr/local/share/:/usr/share/:/var/lib/snapd/desktop', 'PYTHONPATH': '/opt/ros/jazzy/lib/python3.12/site-packages', 'COLCON': '1', 'MEMORY_PRESSURE_WRITE': 'c29tZSAyMDAwMDAgMjAwMDAwMAA=', 'VTE_VERSION': '7600', 'CMAKE_PREFIX_PATH': '/opt/ros/jazzy/opt/gz_math_vendor:/opt/ros/jazzy/opt/gz_utils_vendor:/opt/ros/jazzy/opt/gz_cmake_vendor:/opt/ros/jazzy'}), 'shell': False}
[19.648601] (motor_commands) StdoutLine: {'line': b'-- Install configuration: ""\n'}
[19.648945] (motor_commands) StdoutLine: {'line': b'-- Installing: /home/csanimatronics/CS_Animatronics/install/motor_commands/share/ament_index/resource_index/rosidl_interfaces/motor_commands\n'}
[19.649234] (motor_commands) StdoutLine: {'line': b'-- Installing: /home/csanimatronics/CS_Animatronics/install/motor_commands/share/motor_commands/msg/IdAngle.json\n'}
[19.649462] (motor_commands) StdoutLine: {'line': b'-- Installing: /home/csanimatronics/CS_Animatronics/install/motor_commands/share/motor_commands/srv/GetMotorStates.json\n'}
[19.649679] (motor_commands) StdoutLine: {'line': b'-- Installing: /home/csanimatronics/CS_Animatronics/install/motor_commands/include/motor_commands/motor_commands\n'}
[19.649851] (motor_commands) StdoutLine: {'line': b'-- Installing: /home/csanimatronics/CS_Animatronics/install/motor_commands/include/motor_commands/motor_commands/srv\n'}
[19.649969] (motor_commands) StdoutLine: {'line': b'-- Installing: /home/csanimatronics/CS_Animatronics/install/motor_commands/include/motor_commands/motor_commands/srv/detail\n'}
[19.650076] (motor_commands) StdoutLine: {'line': b'-- Installing: /home/csanimatronics/CS_Animatronics/install/motor_commands/include/motor_commands/motor_commands/srv/detail/get_motor_states__functions.h\n'}
[19.650235] (motor_commands) StdoutLine: {'line': b'-- Installing: /home/csanimatronics/CS_Animatronics/install/motor_commands/include/motor_commands/motor_commands/srv/detail/get_motor_states__type_support.h\n'}
[19.650379] (motor_commands) StdoutLine: {'line': b'-- Installing: /home/csanimatronics/CS_Animatronics/install/motor_commands/include/motor_commands/motor_commands/srv/detail/get_motor_states__functions.c\n'}
[19.650824] (motor_commands) StdoutLine: {'line': b'-- Installing: /home/csanimatronics/CS_Animatronics/install/motor_commands/include/motor_commands/motor_commands/srv/detail/get_motor_states__type_support.c\n'}
[19.650968] (motor_commands) StdoutLine: {'line': b'-- Installing: /home/csanimatronics/CS_Animatronics/install/motor_commands/include/motor_commands/motor_commands/srv/detail/get_motor_states__description.c\n'}
[19.651127] (motor_commands) StdoutLine: {'line': b'-- Installing: /home/csanimatronics/CS_Animatronics/install/motor_commands/include/motor_commands/motor_commands/srv/detail/get_motor_states__struct.h\n'}
[19.651254] (motor_commands) StdoutLine: {'line': b'-- Installing: /home/csanimatronics/CS_Animatronics/install/motor_commands/include/motor_commands/motor_commands/srv/get_motor_states.h\n'}
[19.651375] (motor_commands) StdoutLine: {'line': b'-- Installing: /home/csanimatronics/CS_Animatronics/install/motor_commands/include/motor_commands/motor_commands/msg\n'}
[19.651472] (motor_commands) StdoutLine: {'line': b'-- Installing: /home/csanimatronics/CS_Animatronics/install/motor_commands/include/motor_commands/motor_commands/msg/rosidl_generator_c__visibility_control.h\n'}
[19.651613] (motor_commands) StdoutLine: {'line': b'-- Installing: /home/csanimatronics/CS_Animatronics/install/motor_commands/include/motor_commands/motor_commands/msg/detail\n'}
[19.651709] (motor_commands) StdoutLine: {'line': b'-- Installing: /home/csanimatronics/CS_Animatronics/install/motor_commands/include/motor_commands/motor_commands/msg/detail/id_angle__type_support.h\n'}
[19.651839] (motor_commands) StdoutLine: {'line': b'-- Installing: /home/csanimatronics/CS_Animatronics/install/motor_commands/include/motor_commands/motor_commands/msg/detail/id_angle__functions.h\n'}
[19.651988] (motor_commands) StdoutLine: {'line': b'-- Installing: /home/csanimatronics/CS_Animatronics/install/motor_commands/include/motor_commands/motor_commands/msg/detail/id_angle__functions.c\n'}
[19.652122] (motor_commands) StdoutLine: {'line': b'-- Installing: /home/csanimatronics/CS_Animatronics/install/motor_commands/include/motor_commands/motor_commands/msg/detail/id_angle__description.c\n'}
[19.652246] (motor_commands) StdoutLine: {'line': b'-- Installing: /home/csanimatronics/CS_Animatronics/install/motor_commands/include/motor_commands/motor_commands/msg/detail/id_angle__type_support.c\n'}
[19.652370] (motor_commands) StdoutLine: {'line': b'-- Installing: /home/csanimatronics/CS_Animatronics/install/motor_commands/include/motor_commands/motor_commands/msg/detail/id_angle__struct.h\n'}
[19.652491] (motor_commands) StdoutLine: {'line': b'-- Installing: /home/csanimatronics/CS_Animatronics/install/motor_commands/include/motor_commands/motor_commands/msg/id_angle.h\n'}
[19.652750] (motor_commands) StdoutLine: {'line': b'-- Installing: /home/csanimatronics/CS_Animatronics/install/motor_commands/share/motor_commands/environment/library_path.sh\n'}
[19.652918] (motor_commands) StdoutLine: {'line': b'-- Installing: /home/csanimatronics/CS_Animatronics/install/motor_commands/share/motor_commands/environment/library_path.dsv\n'}
[19.653151] (motor_commands) StdoutLine: {'line': b'-- Installing: /home/csanimatronics/CS_Animatronics/install/motor_commands/lib/libmotor_commands__rosidl_generator_c.so\n'}
[19.653777] (motor_commands) StdoutLine: {'line': b'-- Set non-toolchain portion of runtime path of "/home/csanimatronics/CS_Animatronics/install/motor_commands/lib/libmotor_commands__rosidl_generator_c.so" to ""\n'}
[19.653893] (motor_commands) StdoutLine: {'line': b'-- Up-to-date: /home/csanimatronics/CS_Animatronics/install/motor_commands/include/motor_commands/motor_commands\n'}
[19.654020] (motor_commands) StdoutLine: {'line': b'-- Up-to-date: /home/csanimatronics/CS_Animatronics/install/motor_commands/include/motor_commands/motor_commands/srv\n'}
[19.654100] (motor_commands) StdoutLine: {'line': b'-- Up-to-date: /home/csanimatronics/CS_Animatronics/install/motor_commands/include/motor_commands/motor_commands/srv/detail\n'}
[19.654179] (motor_commands) StdoutLine: {'line': b'-- Installing: /home/csanimatronics/CS_Animatronics/install/motor_commands/include/motor_commands/motor_commands/srv/detail/get_motor_states__rosidl_typesupport_fastrtps_c.h\n'}
[19.654292] (motor_commands) StdoutLine: {'line': b'-- Up-to-date: /home/csanimatronics/CS_Animatronics/install/motor_commands/include/motor_commands/motor_commands/msg\n'}
[19.654390] (motor_commands) StdoutLine: {'line': b'-- Installing: /home/csanimatronics/CS_Animatronics/install/motor_commands/include/motor_commands/motor_commands/msg/rosidl_typesupport_fastrtps_c__visibility_control.h\n'}
[19.654476] (motor_commands) StdoutLine: {'line': b'-- Up-to-date: /home/csanimatronics/CS_Animatronics/install/motor_commands/include/motor_commands/motor_commands/msg/detail\n'}
[19.654609] (motor_commands) StdoutLine: {'line': b'-- Installing: /home/csanimatronics/CS_Animatronics/install/motor_commands/include/motor_commands/motor_commands/msg/detail/id_angle__rosidl_typesupport_fastrtps_c.h\n'}
[19.654690] (motor_commands) StdoutLine: {'line': b'-- Installing: /home/csanimatronics/CS_Animatronics/install/motor_commands/lib/libmotor_commands__rosidl_typesupport_fastrtps_c.so\n'}
[19.655124] (motor_commands) StdoutLine: {'line': b'-- Set non-toolchain portion of runtime path of "/home/csanimatronics/CS_Animatronics/install/motor_commands/lib/libmotor_commands__rosidl_typesupport_fastrtps_c.so" to ""\n'}
[19.655237] (motor_commands) StdoutLine: {'line': b'-- Up-to-date: /home/csanimatronics/CS_Animatronics/install/motor_commands/include/motor_commands/motor_commands\n'}
[19.655319] (motor_commands) StdoutLine: {'line': b'-- Up-to-date: /home/csanimatronics/CS_Animatronics/install/motor_commands/include/motor_commands/motor_commands/srv\n'}
[19.655433] (motor_commands) StdoutLine: {'line': b'-- Up-to-date: /home/csanimatronics/CS_Animatronics/install/motor_commands/include/motor_commands/motor_commands/srv/detail\n'}
[19.655541] (motor_commands) StdoutLine: {'line': b'-- Installing: /home/csanimatronics/CS_Animatronics/install/motor_commands/include/motor_commands/motor_commands/srv/detail/get_motor_states__builder.hpp\n'}
[19.655633] (motor_commands) StdoutLine: {'line': b'-- Installing: /home/csanimatronics/CS_Animatronics/install/motor_commands/include/motor_commands/motor_commands/srv/detail/get_motor_states__type_support.hpp\n'}
[19.655888] (motor_commands) StdoutLine: {'line': b'-- Installing: /home/csanimatronics/CS_Animatronics/install/motor_commands/include/motor_commands/motor_commands/srv/detail/get_motor_states__traits.hpp\n'}
[19.656053] (motor_commands) StdoutLine: {'line': b'-- Installing: /home/csanimatronics/CS_Animatronics/install/motor_commands/include/motor_commands/motor_commands/srv/detail/get_motor_states__struct.hpp\n'}
[19.656202] (motor_commands) StdoutLine: {'line': b'-- Installing: /home/csanimatronics/CS_Animatronics/install/motor_commands/include/motor_commands/motor_commands/srv/get_motor_states.hpp\n'}
[19.656327] (motor_commands) StdoutLine: {'line': b'-- Up-to-date: /home/csanimatronics/CS_Animatronics/install/motor_commands/include/motor_commands/motor_commands/msg\n'}
[19.656432] (motor_commands) StdoutLine: {'line': b'-- Installing: /home/csanimatronics/CS_Animatronics/install/motor_commands/include/motor_commands/motor_commands/msg/id_angle.hpp\n'}
[19.656544] (motor_commands) StdoutLine: {'line': b'-- Up-to-date: /home/csanimatronics/CS_Animatronics/install/motor_commands/include/motor_commands/motor_commands/msg/detail\n'}
[19.656644] (motor_commands) StdoutLine: {'line': b'-- Installing: /home/csanimatronics/CS_Animatronics/install/motor_commands/include/motor_commands/motor_commands/msg/detail/id_angle__type_support.hpp\n'}
[19.656747] (motor_commands) StdoutLine: {'line': b'-- Installing: /home/csanimatronics/CS_Animatronics/install/motor_commands/include/motor_commands/motor_commands/msg/detail/id_angle__struct.hpp\n'}
[19.656841] (motor_commands) StdoutLine: {'line': b'-- Installing: /home/csanimatronics/CS_Animatronics/install/motor_commands/include/motor_commands/motor_commands/msg/detail/id_angle__builder.hpp\n'}
[19.656959] (motor_commands) StdoutLine: {'line': b'-- Installing: /home/csanimatronics/CS_Animatronics/install/motor_commands/include/motor_commands/motor_commands/msg/detail/id_angle__traits.hpp\n'}
[19.657089] (motor_commands) StdoutLine: {'line': b'-- Installing: /home/csanimatronics/CS_Animatronics/install/motor_commands/include/motor_commands/motor_commands/msg/rosidl_generator_cpp__visibility_control.hpp\n'}
[19.657273] (motor_commands) StdoutLine: {'line': b'-- Up-to-date: /home/csanimatronics/CS_Animatronics/install/motor_commands/include/motor_commands/motor_commands\n'}
[19.657387] (motor_commands) StdoutLine: {'line': b'-- Up-to-date: /home/csanimatronics/CS_Animatronics/install/motor_commands/include/motor_commands/motor_commands/srv\n'}
[19.657472] (motor_commands) StdoutLine: {'line': b'-- Up-to-date: /home/csanimatronics/CS_Animatronics/install/motor_commands/include/motor_commands/motor_commands/srv/detail\n'}
[19.657602] (motor_commands) StdoutLine: {'line': b'-- Installing: /home/csanimatronics/CS_Animatronics/install/motor_commands/include/motor_commands/motor_commands/srv/detail/get_motor_states__rosidl_typesupport_fastrtps_cpp.hpp\n'}
[19.657686] (motor_commands) StdoutLine: {'line': b'-- Installing: /home/csanimatronics/CS_Animatronics/install/motor_commands/include/motor_commands/motor_commands/srv/detail/dds_fastrtps\n'}
[19.657799] (motor_commands) StdoutLine: {'line': b'-- Up-to-date: /home/csanimatronics/CS_Animatronics/install/motor_commands/include/motor_commands/motor_commands/msg\n'}
[19.657888] (motor_commands) StdoutLine: {'line': b'-- Up-to-date: /home/csanimatronics/CS_Animatronics/install/motor_commands/include/motor_commands/motor_commands/msg/detail\n'}
[19.657965] (motor_commands) StdoutLine: {'line': b'-- Installing: /home/csanimatronics/CS_Animatronics/install/motor_commands/include/motor_commands/motor_commands/msg/detail/dds_fastrtps\n'}
[19.658043] (motor_commands) StdoutLine: {'line': b'-- Installing: /home/csanimatronics/CS_Animatronics/install/motor_commands/include/motor_commands/motor_commands/msg/detail/id_angle__rosidl_typesupport_fastrtps_cpp.hpp\n'}
[19.658145] (motor_commands) StdoutLine: {'line': b'-- Installing: /home/csanimatronics/CS_Animatronics/install/motor_commands/include/motor_commands/motor_commands/msg/rosidl_typesupport_fastrtps_cpp__visibility_control.h\n'}
[19.658260] (motor_commands) StdoutLine: {'line': b'-- Installing: /home/csanimatronics/CS_Animatronics/install/motor_commands/lib/libmotor_commands__rosidl_typesupport_fastrtps_cpp.so\n'}
[19.658979] (motor_commands) StdoutLine: {'line': b'-- Set non-toolchain portion of runtime path of "/home/csanimatronics/CS_Animatronics/install/motor_commands/lib/libmotor_commands__rosidl_typesupport_fastrtps_cpp.so" to ""\n'}
[19.659095] (motor_commands) StdoutLine: {'line': b'-- Up-to-date: /home/csanimatronics/CS_Animatronics/install/motor_commands/include/motor_commands/motor_commands\n'}
[19.659212] (motor_commands) StdoutLine: {'line': b'-- Up-to-date: /home/csanimatronics/CS_Animatronics/install/motor_commands/include/motor_commands/motor_commands/srv\n'}
[19.659292] (motor_commands) StdoutLine: {'line': b'-- Up-to-date: /home/csanimatronics/CS_Animatronics/install/motor_commands/include/motor_commands/motor_commands/srv/detail\n'}
[19.659371] (motor_commands) StdoutLine: {'line': b'-- Installing: /home/csanimatronics/CS_Animatronics/install/motor_commands/include/motor_commands/motor_commands/srv/detail/get_motor_states__rosidl_typesupport_introspection_c.h\n'}
[19.659476] (motor_commands) StdoutLine: {'line': b'-- Installing: /home/csanimatronics/CS_Animatronics/install/motor_commands/include/motor_commands/motor_commands/srv/detail/get_motor_states__type_support.c\n'}
[19.659601] (motor_commands) StdoutLine: {'line': b'-- Up-to-date: /home/csanimatronics/CS_Animatronics/install/motor_commands/include/motor_commands/motor_commands/msg\n'}
[19.659687] (motor_commands) StdoutLine: {'line': b'-- Up-to-date: /home/csanimatronics/CS_Animatronics/install/motor_commands/include/motor_commands/motor_commands/msg/detail\n'}
[19.659798] (motor_commands) StdoutLine: {'line': b'-- Installing: /home/csanimatronics/CS_Animatronics/install/motor_commands/include/motor_commands/motor_commands/msg/detail/id_angle__rosidl_typesupport_introspection_c.h\n'}
[19.659877] (motor_commands) StdoutLine: {'line': b'-- Installing: /home/csanimatronics/CS_Animatronics/install/motor_commands/include/motor_commands/motor_commands/msg/detail/id_angle__type_support.c\n'}
[19.659975] (motor_commands) StdoutLine: {'line': b'-- Installing: /home/csanimatronics/CS_Animatronics/install/motor_commands/include/motor_commands/motor_commands/msg/rosidl_typesupport_introspection_c__visibility_control.h\n'}
[19.660146] (motor_commands) StdoutLine: {'line': b'-- Installing: /home/csanimatronics/CS_Animatronics/install/motor_commands/lib/libmotor_commands__rosidl_typesupport_introspection_c.so\n'}
[19.660716] (motor_commands) StdoutLine: {'line': b'-- Set non-toolchain portion of runtime path of "/home/csanimatronics/CS_Animatronics/install/motor_commands/lib/libmotor_commands__rosidl_typesupport_introspection_c.so" to ""\n'}
[19.660829] (motor_commands) StdoutLine: {'line': b'-- Installing: /home/csanimatronics/CS_Animatronics/install/motor_commands/lib/libmotor_commands__rosidl_typesupport_c.so\n'}
[19.661336] (motor_commands) StdoutLine: {'line': b'-- Set non-toolchain portion of runtime path of "/home/csanimatronics/CS_Animatronics/install/motor_commands/lib/libmotor_commands__rosidl_typesupport_c.so" to ""\n'}
[19.661450] (motor_commands) StdoutLine: {'line': b'-- Up-to-date: /home/csanimatronics/CS_Animatronics/install/motor_commands/include/motor_commands/motor_commands\n'}
[19.661567] (motor_commands) StdoutLine: {'line': b'-- Up-to-date: /home/csanimatronics/CS_Animatronics/install/motor_commands/include/motor_commands/motor_commands/srv\n'}
[19.661656] (motor_commands) StdoutLine: {'line': b'-- Up-to-date: /home/csanimatronics/CS_Animatronics/install/motor_commands/include/motor_commands/motor_commands/srv/detail\n'}
[19.661770] (motor_commands) StdoutLine: {'line': b'-- Installing: /home/csanimatronics/CS_Animatronics/install/motor_commands/include/motor_commands/motor_commands/srv/detail/get_motor_states__rosidl_typesupport_introspection_cpp.hpp\n'}
[19.661862] (motor_commands) StdoutLine: {'line': b'-- Installing: /home/csanimatronics/CS_Animatronics/install/motor_commands/include/motor_commands/motor_commands/srv/detail/get_motor_states__type_support.cpp\n'}
[19.661982] (motor_commands) StdoutLine: {'line': b'-- Up-to-date: /home/csanimatronics/CS_Animatronics/install/motor_commands/include/motor_commands/motor_commands/msg\n'}
[19.662060] (motor_commands) StdoutLine: {'line': b'-- Up-to-date: /home/csanimatronics/CS_Animatronics/install/motor_commands/include/motor_commands/motor_commands/msg/detail\n'}
[19.662159] (motor_commands) StdoutLine: {'line': b'-- Installing: /home/csanimatronics/CS_Animatronics/install/motor_commands/include/motor_commands/motor_commands/msg/detail/id_angle__type_support.cpp\n'}
[19.662236] (motor_commands) StdoutLine: {'line': b'-- Installing: /home/csanimatronics/CS_Animatronics/install/motor_commands/include/motor_commands/motor_commands/msg/detail/id_angle__rosidl_typesupport_introspection_cpp.hpp\n'}
[19.662335] (motor_commands) StdoutLine: {'line': b'-- Installing: /home/csanimatronics/CS_Animatronics/install/motor_commands/lib/libmotor_commands__rosidl_typesupport_introspection_cpp.so\n'}
[19.663122] (motor_commands) StdoutLine: {'line': b'-- Set non-toolchain portion of runtime path of "/home/csanimatronics/CS_Animatronics/install/motor_commands/lib/libmotor_commands__rosidl_typesupport_introspection_cpp.so" to ""\n'}
[19.663237] (motor_commands) StdoutLine: {'line': b'-- Installing: /home/csanimatronics/CS_Animatronics/install/motor_commands/lib/libmotor_commands__rosidl_typesupport_cpp.so\n'}
[19.663923] (motor_commands) StdoutLine: {'line': b'-- Set non-toolchain portion of runtime path of "/home/csanimatronics/CS_Animatronics/install/motor_commands/lib/libmotor_commands__rosidl_typesupport_cpp.so" to ""\n'}
[19.664037] (motor_commands) StdoutLine: {'line': b'-- Installing: /home/csanimatronics/CS_Animatronics/install/motor_commands/share/motor_commands/environment/pythonpath.sh\n'}
[19.664162] (motor_commands) StdoutLine: {'line': b'-- Installing: /home/csanimatronics/CS_Animatronics/install/motor_commands/share/motor_commands/environment/pythonpath.dsv\n'}
[19.664318] (motor_commands) StdoutLine: {'line': b'-- Installing: /home/csanimatronics/CS_Animatronics/install/motor_commands/lib/python3.12/site-packages/motor_commands-0.0.0-py3.12.egg-info\n'}
[19.664479] (motor_commands) StdoutLine: {'line': b'-- Installing: /home/csanimatronics/CS_Animatronics/install/motor_commands/lib/python3.12/site-packages/motor_commands-0.0.0-py3.12.egg-info/dependency_links.txt\n'}
[19.664624] (motor_commands) StdoutLine: {'line': b'-- Installing: /home/csanimatronics/CS_Animatronics/install/motor_commands/lib/python3.12/site-packages/motor_commands-0.0.0-py3.12.egg-info/PKG-INFO\n'}
[19.664746] (motor_commands) StdoutLine: {'line': b'-- Installing: /home/csanimatronics/CS_Animatronics/install/motor_commands/lib/python3.12/site-packages/motor_commands-0.0.0-py3.12.egg-info/top_level.txt\n'}
[19.664867] (motor_commands) StdoutLine: {'line': b'-- Installing: /home/csanimatronics/CS_Animatronics/install/motor_commands/lib/python3.12/site-packages/motor_commands-0.0.0-py3.12.egg-info/SOURCES.txt\n'}
[19.665036] (motor_commands) StdoutLine: {'line': b'-- Installing: /home/csanimatronics/CS_Animatronics/install/motor_commands/lib/python3.12/site-packages/motor_commands\n'}
[19.665147] (motor_commands) StdoutLine: {'line': b'-- Installing: /home/csanimatronics/CS_Animatronics/install/motor_commands/lib/python3.12/site-packages/motor_commands/_motor_commands_s.ep.rosidl_typesupport_fastrtps_c.c\n'}
[19.665323] (motor_commands) StdoutLine: {'line': b'-- Installing: /home/csanimatronics/CS_Animatronics/install/motor_commands/lib/python3.12/site-packages/motor_commands/_motor_commands_s.ep.rosidl_typesupport_introspection_c.c\n'}
[19.665488] (motor_commands) StdoutLine: {'line': b'-- Installing: /home/csanimatronics/CS_Animatronics/install/motor_commands/lib/python3.12/site-packages/motor_commands/motor_commands_s__rosidl_typesupport_introspection_c.so\n'}
[19.665754] (motor_commands) StdoutLine: {'line': b'-- Installing: /home/csanimatronics/CS_Animatronics/install/motor_commands/lib/python3.12/site-packages/motor_commands/srv\n'}
[19.665858] (motor_commands) StdoutLine: {'line': b'-- Installing: /home/csanimatronics/CS_Animatronics/install/motor_commands/lib/python3.12/site-packages/motor_commands/srv/_get_motor_states_s.c\n'}
[19.666035] (motor_commands) StdoutLine: {'line': b'-- Installing: /home/csanimatronics/CS_Animatronics/install/motor_commands/lib/python3.12/site-packages/motor_commands/srv/__init__.py\n'}
[19.666163] (motor_commands) StdoutLine: {'line': b'-- Installing: /home/csanimatronics/CS_Animatronics/install/motor_commands/lib/python3.12/site-packages/motor_commands/srv/_get_motor_states.py\n'}
[19.666350] (motor_commands) StdoutLine: {'line': b'-- Installing: /home/csanimatronics/CS_Animatronics/install/motor_commands/lib/python3.12/site-packages/motor_commands/_motor_commands_s.ep.rosidl_typesupport_c.c\n'}
[19.666518] (motor_commands) StdoutLine: {'line': b'-- Installing: /home/csanimatronics/CS_Animatronics/install/motor_commands/lib/python3.12/site-packages/motor_commands/motor_commands_s__rosidl_typesupport_fastrtps_c.so\n'}
[19.666786] (motor_commands) StdoutLine: {'line': b'-- Installing: /home/csanimatronics/CS_Animatronics/install/motor_commands/lib/python3.12/site-packages/motor_commands/__init__.py\n'}
[19.666896] (motor_commands) StdoutLine: {'line': b'-- Installing: /home/csanimatronics/CS_Animatronics/install/motor_commands/lib/python3.12/site-packages/motor_commands/msg\n'}
[19.666989] (motor_commands) StdoutLine: {'line': b'-- Installing: /home/csanimatronics/CS_Animatronics/install/motor_commands/lib/python3.12/site-packages/motor_commands/msg/_id_angle.py\n'}
[19.667133] (motor_commands) StdoutLine: {'line': b'-- Installing: /home/csanimatronics/CS_Animatronics/install/motor_commands/lib/python3.12/site-packages/motor_commands/msg/_id_angle_s.c\n'}
[19.667265] (motor_commands) StdoutLine: {'line': b'-- Installing: /home/csanimatronics/CS_Animatronics/install/motor_commands/lib/python3.12/site-packages/motor_commands/msg/__init__.py\n'}
[19.667392] (motor_commands) StdoutLine: {'line': b'-- Installing: /home/csanimatronics/CS_Animatronics/install/motor_commands/lib/python3.12/site-packages/motor_commands/motor_commands_s__rosidl_typesupport_c.so\n'}
[19.713782] (-) TimerEvent: {}
[19.735569] (motor_commands) StdoutLine: {'line': b"Listing '/home/csanimatronics/CS_Animatronics/install/motor_commands/lib/python3.12/site-packages/motor_commands'...\n"}
[19.735886] (motor_commands) StdoutLine: {'line': b"Compiling '/home/csanimatronics/CS_Animatronics/install/motor_commands/lib/python3.12/site-packages/motor_commands/__init__.py'...\n"}
[19.735980] (motor_commands) StdoutLine: {'line': b"Listing '/home/csanimatronics/CS_Animatronics/install/motor_commands/lib/python3.12/site-packages/motor_commands/msg'...\n"}
[19.736061] (motor_commands) StdoutLine: {'line': b"Compiling '/home/csanimatronics/CS_Animatronics/install/motor_commands/lib/python3.12/site-packages/motor_commands/msg/__init__.py'...\n"}
[19.736160] (motor_commands) StdoutLine: {'line': b"Compiling '/home/csanimatronics/CS_Animatronics/install/motor_commands/lib/python3.12/site-packages/motor_commands/msg/_id_angle.py'...\n"}
[19.736250] (motor_commands) StdoutLine: {'line': b"Listing '/home/csanimatronics/CS_Animatronics/install/motor_commands/lib/python3.12/site-packages/motor_commands/srv'...\n"}
[19.736333] (motor_commands) StdoutLine: {'line': b"Compiling '/home/csanimatronics/CS_Animatronics/install/motor_commands/lib/python3.12/site-packages/motor_commands/srv/__init__.py'...\n"}
[19.736413] (motor_commands) StdoutLine: {'line': b"Compiling '/home/csanimatronics/CS_Animatronics/install/motor_commands/lib/python3.12/site-packages/motor_commands/srv/_get_motor_states.py'...\n"}
[19.749007] (motor_commands) StdoutLine: {'line': b'-- Installing: /home/csanimatronics/CS_Animatronics/install/motor_commands/lib/python3.12/site-packages/motor_commands/motor_commands_s__rosidl_typesupport_fastrtps_c.so\n'}
[19.749561] (motor_commands) StdoutLine: {'line': b'-- Set non-toolchain portion of runtime path of "/home/csanimatronics/CS_Animatronics/install/motor_commands/lib/python3.12/site-packages/motor_commands/motor_commands_s__rosidl_typesupport_fastrtps_c.so" to ""\n'}
[19.749891] (motor_commands) StdoutLine: {'line': b'-- Installing: /home/csanimatronics/CS_Animatronics/install/motor_commands/lib/python3.12/site-packages/motor_commands/motor_commands_s__rosidl_typesupport_introspection_c.so\n'}
[19.750424] (motor_commands) StdoutLine: {'line': b'-- Set non-toolchain portion of runtime path of "/home/csanimatronics/CS_Animatronics/install/motor_commands/lib/python3.12/site-packages/motor_commands/motor_commands_s__rosidl_typesupport_introspection_c.so" to ""\n'}
[19.750741] (motor_commands) StdoutLine: {'line': b'-- Installing: /home/csanimatronics/CS_Animatronics/install/motor_commands/lib/python3.12/site-packages/motor_commands/motor_commands_s__rosidl_typesupport_c.so\n'}
[19.751255] (motor_commands) StdoutLine: {'line': b'-- Set non-toolchain portion of runtime path of "/home/csanimatronics/CS_Animatronics/install/motor_commands/lib/python3.12/site-packages/motor_commands/motor_commands_s__rosidl_typesupport_c.so" to ""\n'}
[19.751369] (motor_commands) StdoutLine: {'line': b'-- Installing: /home/csanimatronics/CS_Animatronics/install/motor_commands/lib/libmotor_commands__rosidl_generator_py.so\n'}
[19.751949] (motor_commands) StdoutLine: {'line': b'-- Set non-toolchain portion of runtime path of "/home/csanimatronics/CS_Animatronics/install/motor_commands/lib/libmotor_commands__rosidl_generator_py.so" to ""\n'}
[19.752058] (motor_commands) StdoutLine: {'line': b'-- Installing: /home/csanimatronics/CS_Animatronics/install/motor_commands/share/motor_commands/msg/IdAngle.idl\n'}
[19.752202] (motor_commands) StdoutLine: {'line': b'-- Installing: /home/csanimatronics/CS_Animatronics/install/motor_commands/share/motor_commands/srv/GetMotorStates.idl\n'}
[19.752363] (motor_commands) StdoutLine: {'line': b'-- Installing: /home/csanimatronics/CS_Animatronics/install/motor_commands/share/motor_commands/msg/IdAngle.msg\n'}
[19.752530] (motor_commands) StdoutLine: {'line': b'-- Installing: /home/csanimatronics/CS_Animatronics/install/motor_commands/share/motor_commands/srv/GetMotorStates.srv\n'}
[19.752766] (motor_commands) StdoutLine: {'line': b'-- Installing: /home/csanimatronics/CS_Animatronics/install/motor_commands/share/ament_index/resource_index/package_run_dependencies/motor_commands\n'}
[19.752983] (motor_commands) StdoutLine: {'line': b'-- Installing: /home/csanimatronics/CS_Animatronics/install/motor_commands/share/ament_index/resource_index/parent_prefix_path/motor_commands\n'}
[19.753160] (motor_commands) StdoutLine: {'line': b'-- Installing: /home/csanimatronics/CS_Animatronics/install/motor_commands/share/motor_commands/environment/ament_prefix_path.sh\n'}
[19.753326] (motor_commands) StdoutLine: {'line': b'-- Installing: /home/csanimatronics/CS_Animatronics/install/motor_commands/share/motor_commands/environment/ament_prefix_path.dsv\n'}
[19.753489] (motor_commands) StdoutLine: {'line': b'-- Installing: /home/csanimatronics/CS_Animatronics/install/motor_commands/share/motor_commands/environment/path.sh\n'}
[19.753659] (motor_commands) StdoutLine: {'line': b'-- Installing: /home/csanimatronics/CS_Animatronics/install/motor_commands/share/motor_commands/environment/path.dsv\n'}
[19.753819] (motor_commands) StdoutLine: {'line': b'-- Installing: /home/csanimatronics/CS_Animatronics/install/motor_commands/share/motor_commands/local_setup.bash\n'}
[19.753981] (motor_commands) StdoutLine: {'line': b'-- Installing: /home/csanimatronics/CS_Animatronics/install/motor_commands/share/motor_commands/local_setup.sh\n'}
[19.754152] (motor_commands) StdoutLine: {'line': b'-- Installing: /home/csanimatronics/CS_Animatronics/install/motor_commands/share/motor_commands/local_setup.zsh\n'}
[19.754316] (motor_commands) StdoutLine: {'line': b'-- Installing: /home/csanimatronics/CS_Animatronics/install/motor_commands/share/motor_commands/local_setup.dsv\n'}
[19.754485] (motor_commands) StdoutLine: {'line': b'-- Installing: /home/csanimatronics/CS_Animatronics/install/motor_commands/share/motor_commands/package.dsv\n'}
[19.754711] (motor_commands) StdoutLine: {'line': b'-- Installing: /home/csanimatronics/CS_Animatronics/install/motor_commands/share/ament_index/resource_index/packages/motor_commands\n'}
[19.754928] (motor_commands) StdoutLine: {'line': b'-- Installing: /home/csanimatronics/CS_Animatronics/install/motor_commands/share/motor_commands/cmake/export_motor_commands__rosidl_generator_cExport.cmake\n'}
[19.755117] (motor_commands) StdoutLine: {'line': b'-- Installing: /home/csanimatronics/CS_Animatronics/install/motor_commands/share/motor_commands/cmake/export_motor_commands__rosidl_generator_cExport-noconfig.cmake\n'}
[19.755319] (motor_commands) StdoutLine: {'line': b'-- Installing: /home/csanimatronics/CS_Animatronics/install/motor_commands/share/motor_commands/cmake/export_motor_commands__rosidl_typesupport_fastrtps_cExport.cmake\n'}
[19.755534] (motor_commands) StdoutLine: {'line': b'-- Installing: /home/csanimatronics/CS_Animatronics/install/motor_commands/share/motor_commands/cmake/export_motor_commands__rosidl_typesupport_fastrtps_cExport-noconfig.cmake\n'}
[19.755766] (motor_commands) StdoutLine: {'line': b'-- Installing: /home/csanimatronics/CS_Animatronics/install/motor_commands/share/motor_commands/cmake/export_motor_commands__rosidl_generator_cppExport.cmake\n'}
[19.755987] (motor_commands) StdoutLine: {'line': b'-- Installing: /home/csanimatronics/CS_Animatronics/install/motor_commands/share/motor_commands/cmake/export_motor_commands__rosidl_typesupport_fastrtps_cppExport.cmake\n'}
[19.756190] (motor_commands) StdoutLine: {'line': b'-- Installing: /home/csanimatronics/CS_Animatronics/install/motor_commands/share/motor_commands/cmake/export_motor_commands__rosidl_typesupport_fastrtps_cppExport-noconfig.cmake\n'}
[19.756415] (motor_commands) StdoutLine: {'line': b'-- Installing: /home/csanimatronics/CS_Animatronics/install/motor_commands/share/motor_commands/cmake/motor_commands__rosidl_typesupport_introspection_cExport.cmake\n'}
[19.756635] (motor_commands) StdoutLine: {'line': b'-- Installing: /home/csanimatronics/CS_Animatronics/install/motor_commands/share/motor_commands/cmake/motor_commands__rosidl_typesupport_introspection_cExport-noconfig.cmake\n'}
[19.756855] (motor_commands) StdoutLine: {'line': b'-- Installing: /home/csanimatronics/CS_Animatronics/install/motor_commands/share/motor_commands/cmake/motor_commands__rosidl_typesupport_cExport.cmake\n'}
[19.757074] (motor_commands) StdoutLine: {'line': b'-- Installing: /home/csanimatronics/CS_Animatronics/install/motor_commands/share/motor_commands/cmake/motor_commands__rosidl_typesupport_cExport-noconfig.cmake\n'}
[19.757292] (motor_commands) StdoutLine: {'line': b'-- Installing: /home/csanimatronics/CS_Animatronics/install/motor_commands/share/motor_commands/cmake/motor_commands__rosidl_typesupport_introspection_cppExport.cmake\n'}
[19.757499] (motor_commands) StdoutLine: {'line': b'-- Installing: /home/csanimatronics/CS_Animatronics/install/motor_commands/share/motor_commands/cmake/motor_commands__rosidl_typesupport_introspection_cppExport-noconfig.cmake\n'}
[19.757779] (motor_commands) StdoutLine: {'line': b'-- Installing: /home/csanimatronics/CS_Animatronics/install/motor_commands/share/motor_commands/cmake/motor_commands__rosidl_typesupport_cppExport.cmake\n'}
[19.757985] (motor_commands) StdoutLine: {'line': b'-- Installing: /home/csanimatronics/CS_Animatronics/install/motor_commands/share/motor_commands/cmake/motor_commands__rosidl_typesupport_cppExport-noconfig.cmake\n'}
[19.758204] (motor_commands) StdoutLine: {'line': b'-- Installing: /home/csanimatronics/CS_Animatronics/install/motor_commands/share/motor_commands/cmake/export_motor_commands__rosidl_generator_pyExport.cmake\n'}
[19.758400] (motor_commands) StdoutLine: {'line': b'-- Installing: /home/csanimatronics/CS_Animatronics/install/motor_commands/share/motor_commands/cmake/export_motor_commands__rosidl_generator_pyExport-noconfig.cmake\n'}
[19.758640] (motor_commands) StdoutLine: {'line': b'-- Installing: /home/csanimatronics/CS_Animatronics/install/motor_commands/share/motor_commands/cmake/rosidl_cmake-extras.cmake\n'}
[19.758843] (motor_commands) StdoutLine: {'line': b'-- Installing: /home/csanimatronics/CS_Animatronics/install/motor_commands/share/motor_commands/cmake/ament_cmake_export_dependencies-extras.cmake\n'}
[19.759045] (motor_commands) StdoutLine: {'line': b'-- Installing: /home/csanimatronics/CS_Animatronics/install/motor_commands/share/motor_commands/cmake/ament_cmake_export_include_directories-extras.cmake\n'}
[19.759240] (motor_commands) StdoutLine: {'line': b'-- Installing: /home/csanimatronics/CS_Animatronics/install/motor_commands/share/motor_commands/cmake/ament_cmake_export_libraries-extras.cmake\n'}
[19.759444] (motor_commands) StdoutLine: {'line': b'-- Installing: /home/csanimatronics/CS_Animatronics/install/motor_commands/share/motor_commands/cmake/ament_cmake_export_targets-extras.cmake\n'}
[19.759653] (motor_commands) StdoutLine: {'line': b'-- Installing: /home/csanimatronics/CS_Animatronics/install/motor_commands/share/motor_commands/cmake/rosidl_cmake_export_typesupport_targets-extras.cmake\n'}
[19.759854] (motor_commands) StdoutLine: {'line': b'-- Installing: /home/csanimatronics/CS_Animatronics/install/motor_commands/share/motor_commands/cmake/rosidl_cmake_export_typesupport_libraries-extras.cmake\n'}
[19.760051] (motor_commands) StdoutLine: {'line': b'-- Installing: /home/csanimatronics/CS_Animatronics/install/motor_commands/share/motor_commands/cmake/motor_commandsConfig.cmake\n'}
[19.760219] (motor_commands) StdoutLine: {'line': b'-- Installing: /home/csanimatronics/CS_Animatronics/install/motor_commands/share/motor_commands/cmake/motor_commandsConfig-version.cmake\n'}
[19.760417] (motor_commands) StdoutLine: {'line': b'-- Installing: /home/csanimatronics/CS_Animatronics/install/motor_commands/share/motor_commands/package.xml\n'}
[19.764411] (motor_commands) CommandEnded: {'returncode': 0}
[19.786579] (motor_commands) JobEnded: {'identifier': 'motor_commands', 'rc': 0}
[19.787969] (motion_editor) JobStarted: {'identifier': 'motion_editor'}
[19.799890] (motor_controller) JobStarted: {'identifier': 'motor_controller'}
[19.814217] (-) TimerEvent: {}
[19.819378] (system_controller) JobStarted: {'identifier': 'system_controller'}
[19.914316] (-) TimerEvent: {}
[20.014660] (-) TimerEvent: {}
[20.115005] (-) TimerEvent: {}
[20.215362] (-) TimerEvent: {}
[20.315702] (-) TimerEvent: {}
[20.416021] (-) TimerEvent: {}
[20.516357] (-) TimerEvent: {}
[20.616834] (-) TimerEvent: {}
[20.717161] (-) TimerEvent: {}
[20.817528] (-) TimerEvent: {}
[20.917960] (-) TimerEvent: {}
[21.018346] (-) TimerEvent: {}
[21.118715] (-) TimerEvent: {}
[21.219044] (-) TimerEvent: {}
[21.319409] (-) TimerEvent: {}
[21.422734] (-) TimerEvent: {}
[21.523042] (-) TimerEvent: {}
[21.623367] (-) TimerEvent: {}
[21.723781] (-) TimerEvent: {}
[21.824378] (-) TimerEvent: {}
[21.892662] (system_controller) Command: {'cmd': ['/usr/bin/python3', '-W', 'ignore:setup.py install is deprecated', '-W', 'ignore:easy_install command is deprecated', 'setup.py', 'egg_info', '--egg-base', '../../build/system_controller', 'build', '--build-base', '/home/csanimatronics/CS_Animatronics/build/system_controller/build', 'install', '--record', '/home/csanimatronics/CS_Animatronics/build/system_controller/install.log', '--single-version-externally-managed', 'install_data'], 'cwd': '/home/csanimatronics/CS_Animatronics/src/system_controller', 'env': {'LESSOPEN': '| /usr/bin/lesspipe %s', 'USER': 'csanimatronics', 'XDG_SESSION_TYPE': 'wayland', 'SHLVL': '1', 'LD_LIBRARY_PATH': '/home/csanimatronics/CS_Animatronics/install/motor_commands/lib:/opt/ros/jazzy/opt/rviz_ogre_vendor/lib:/opt/ros/jazzy/lib/aarch64-linux-gnu:/opt/ros/jazzy/opt/gz_math_vendor/lib:/opt/ros/jazzy/opt/gz_utils_vendor/lib:/opt/ros/jazzy/opt/gz_cmake_vendor/lib:/opt/ros/jazzy/lib', 'HOME': '/home/csanimatronics', 'OLDPWD': '/home/csanimatronics', 'DESKTOP_SESSION': 'ubuntu', 'ROS_PYTHON_VERSION': '3', 'GNOME_SHELL_SESSION_MODE': 'ubuntu', 'GTK_MODULES': 'gail:atk-bridge', 'SYSTEMD_EXEC_PID': '1641', 'GSM_SKIP_SSH_AGENT_WORKAROUND': 'true', 'DBUS_SESSION_BUS_ADDRESS': 'unix:path=/run/user/1002/bus', 'COLORTERM': 'truecolor', 'DEBUGINFOD_URLS': 'https://debuginfod.ubuntu.com', 'IM_CONFIG_PHASE': '1', 'WAYLAND_DISPLAY': 'wayland-0', 'ROS_DISTRO': 'jazzy', 'LOGNAME': 'csanimatronics', '_': '/usr/bin/colcon', 'ROS_VERSION': '2', 'MEMORY_PRESSURE_WATCH': '/sys/fs/cgroup/user.slice/user-1002.slice/user@1002.service/session.slice/org.gnome.Shell@wayland.service/memory.pressure', 'XDG_SESSION_CLASS': 'user', 'USERNAME': 'csanimatronics', 'TERM': 'xterm-256color', 'GNOME_DESKTOP_SESSION_ID': 'this-is-deprecated', 'PATH': '/opt/ros/jazzy/bin:/usr/local/sbin:/usr/local/bin:/usr/sbin:/usr/bin:/sbin:/bin:/usr/games:/usr/local/games:/snap/bin:/snap/bin', 'SESSION_MANAGER': 'local/csanimatronics-desktop:@/tmp/.ICE-unix/1612,unix/csanimatronics-desktop:/tmp/.ICE-unix/1612', 'XDG_MENU_PREFIX': 'gnome-', 'GNOME_TERMINAL_SCREEN': '/org/gnome/Terminal/screen/60df07e8_ecb9_42f0_a6bb_660d9ed876dc', 'GNOME_SETUP_DISPLAY': ':1', 'XDG_RUNTIME_DIR': '/run/user/1002', 'DISPLAY': ':0', 'LANG': 'C.UTF-8', 'XDG_CURRENT_DESKTOP': 'ubuntu:GNOME', 'XMODIFIERS': '@im=ibus', 'XDG_SESSION_DESKTOP': 'ubuntu', 'XAUTHORITY': '/run/user/1002/.mutter-Xwaylandauth.N7O212', 'LS_COLORS': 'rs=0:di=01;34:ln=01;36:mh=00:pi=40;33:so=01;35:do=01;35:bd=40;33;01:cd=40;33;01:or=40;31;01:mi=00:su=37;41:sg=30;43:ca=00:tw=30;42:ow=34;42:st=37;44:ex=01;32:*.tar=01;31:*.tgz=01;31:*.arc=01;31:*.arj=01;31:*.taz=01;31:*.lha=01;31:*.lz4=01;31:*.lzh=01;31:*.lzma=01;31:*.tlz=01;31:*.txz=01;31:*.tzo=01;31:*.t7z=01;31:*.zip=01;31:*.z=01;31:*.dz=01;31:*.gz=01;31:*.lrz=01;31:*.lz=01;31:*.lzo=01;31:*.xz=01;31:*.zst=01;31:*.tzst=01;31:*.bz2=01;31:*.bz=01;31:*.tbz=01;31:*.tbz2=01;31:*.tz=01;31:*.deb=01;31:*.rpm=01;31:*.jar=01;31:*.war=01;31:*.ear=01;31:*.sar=01;31:*.rar=01;31:*.alz=01;31:*.ace=01;31:*.zoo=01;31:*.cpio=01;31:*.7z=01;31:*.rz=01;31:*.cab=01;31:*.wim=01;31:*.swm=01;31:*.dwm=01;31:*.esd=01;31:*.avif=01;35:*.jpg=01;35:*.jpeg=01;35:*.mjpg=01;35:*.mjpeg=01;35:*.gif=01;35:*.bmp=01;35:*.pbm=01;35:*.pgm=01;35:*.ppm=01;35:*.tga=01;35:*.xbm=01;35:*.xpm=01;35:*.tif=01;35:*.tiff=01;35:*.png=01;35:*.svg=01;35:*.svgz=01;35:*.mng=01;35:*.pcx=01;35:*.mov=01;35:*.mpg=01;35:*.mpeg=01;35:*.m2v=01;35:*.mkv=01;35:*.webm=01;35:*.webp=01;35:*.ogm=01;35:*.mp4=01;35:*.m4v=01;35:*.mp4v=01;35:*.vob=01;35:*.qt=01;35:*.nuv=01;35:*.wmv=01;35:*.asf=01;35:*.rm=01;35:*.rmvb=01;35:*.flc=01;35:*.avi=01;35:*.fli=01;35:*.flv=01;35:*.gl=01;35:*.dl=01;35:*.xcf=01;35:*.xwd=01;35:*.yuv=01;35:*.cgm=01;35:*.emf=01;35:*.ogv=01;35:*.ogx=01;35:*.aac=00;36:*.au=00;36:*.flac=00;36:*.m4a=00;36:*.mid=00;36:*.midi=00;36:*.mka=00;36:*.mp3=00;36:*.mpc=00;36:*.ogg=00;36:*.ra=00;36:*.wav=00;36:*.oga=00;36:*.opus=00;36:*.spx=00;36:*.xspf=00;36:*~=00;90:*#=00;90:*.bak=00;90:*.crdownload=00;90:*.dpkg-dist=00;90:*.dpkg-new=00;90:*.dpkg-old=00;90:*.dpkg-tmp=00;90:*.old=00;90:*.orig=00;90:*.part=00;90:*.rej=00;90:*.rpmnew=00;90:*.rpmorig=00;90:*.rpmsave=00;90:*.swp=00;90:*.tmp=00;90:*.ucf-dist=00;90:*.ucf-new=00;90:*.ucf-old=00;90:', 'GNOME_TERMINAL_SERVICE': ':1.103', 'SSH_AUTH_SOCK': '/run/user/1002/keyring/ssh', 'AMENT_PREFIX_PATH': '/home/csanimatronics/CS_Animatronics/install/motor_commands:/opt/ros/jazzy', 'SHELL': '/bin/bash', 'QT_ACCESSIBILITY': '1', 'GDMSESSION': 'ubuntu', 'LESSCLOSE': '/usr/bin/lesspipe %s %s', 'ROS_AUTOMATIC_DISCOVERY_RANGE': 'SUBNET', 'QT_IM_MODULE': 'ibus', 'PWD': '/home/csanimatronics/CS_Animatronics/build/system_controller', 'XDG_CONFIG_DIRS': '/etc/xdg/xdg-ubuntu:/etc/xdg', 'XDG_DATA_DIRS': '/usr/share/ubuntu:/usr/share/gnome:/usr/local/share/:/usr/share/:/var/lib/snapd/desktop', 'PYTHONPATH': '/home/csanimatronics/CS_Animatronics/build/system_controller/prefix_override:/usr/lib/python3/dist-packages/colcon_core/task/python/colcon_distutils_commands:/home/csanimatronics/CS_Animatronics/install/system_controller/lib/python3.12/site-packages:/home/csanimatronics/CS_Animatronics/install/motor_commands/lib/python3.12/site-packages:/opt/ros/jazzy/lib/python3.12/site-packages', 'COLCON': '1', 'MEMORY_PRESSURE_WRITE': 'c29tZSAyMDAwMDAgMjAwMDAwMAA=', 'VTE_VERSION': '7600', 'CMAKE_PREFIX_PATH': '/home/csanimatronics/CS_Animatronics/install/motor_commands:/opt/ros/jazzy/opt/gz_math_vendor:/opt/ros/jazzy/opt/gz_utils_vendor:/opt/ros/jazzy/opt/gz_cmake_vendor'}, 'shell': False}
[21.897221] (motion_editor) Command: {'cmd': ['/usr/bin/python3', '-W', 'ignore:setup.py install is deprecated', '-W', 'ignore:easy_install command is deprecated', 'setup.py', 'egg_info', '--egg-base', '../../build/motion_editor', 'build', '--build-base', '/home/csanimatronics/CS_Animatronics/build/motion_editor/build', 'install', '--record', '/home/csanimatronics/CS_Animatronics/build/motion_editor/install.log', '--single-version-externally-managed', 'install_data'], 'cwd': '/home/csanimatronics/CS_Animatronics/src/motion_editor', 'env': {'LESSOPEN': '| /usr/bin/lesspipe %s', 'USER': 'csanimatronics', 'XDG_SESSION_TYPE': 'wayland', 'SHLVL': '1', 'LD_LIBRARY_PATH': '/home/csanimatronics/CS_Animatronics/install/motor_commands/lib:/opt/ros/jazzy/opt/rviz_ogre_vendor/lib:/opt/ros/jazzy/lib/aarch64-linux-gnu:/opt/ros/jazzy/opt/gz_math_vendor/lib:/opt/ros/jazzy/opt/gz_utils_vendor/lib:/opt/ros/jazzy/opt/gz_cmake_vendor/lib:/opt/ros/jazzy/lib', 'HOME': '/home/csanimatronics', 'OLDPWD': '/home/csanimatronics', 'DESKTOP_SESSION': 'ubuntu', 'ROS_PYTHON_VERSION': '3', 'GNOME_SHELL_SESSION_MODE': 'ubuntu', 'GTK_MODULES': 'gail:atk-bridge', 'SYSTEMD_EXEC_PID': '1641', 'GSM_SKIP_SSH_AGENT_WORKAROUND': 'true', 'DBUS_SESSION_BUS_ADDRESS': 'unix:path=/run/user/1002/bus', 'COLORTERM': 'truecolor', 'DEBUGINFOD_URLS': 'https://debuginfod.ubuntu.com', 'IM_CONFIG_PHASE': '1', 'WAYLAND_DISPLAY': 'wayland-0', 'ROS_DISTRO': 'jazzy', 'LOGNAME': 'csanimatronics', '_': '/usr/bin/colcon', 'ROS_VERSION': '2', 'MEMORY_PRESSURE_WATCH': '/sys/fs/cgroup/user.slice/user-1002.slice/user@1002.service/session.slice/org.gnome.Shell@wayland.service/memory.pressure', 'XDG_SESSION_CLASS': 'user', 'USERNAME': 'csanimatronics', 'TERM': 'xterm-256color', 'GNOME_DESKTOP_SESSION_ID': 'this-is-deprecated', 'PATH': '/opt/ros/jazzy/bin:/usr/local/sbin:/usr/local/bin:/usr/sbin:/usr/bin:/sbin:/bin:/usr/games:/usr/local/games:/snap/bin:/snap/bin', 'SESSION_MANAGER': 'local/csanimatronics-desktop:@/tmp/.ICE-unix/1612,unix/csanimatronics-desktop:/tmp/.ICE-unix/1612', 'XDG_MENU_PREFIX': 'gnome-', 'GNOME_TERMINAL_SCREEN': '/org/gnome/Terminal/screen/60df07e8_ecb9_42f0_a6bb_660d9ed876dc', 'GNOME_SETUP_DISPLAY': ':1', 'XDG_RUNTIME_DIR': '/run/user/1002', 'DISPLAY': ':0', 'LANG': 'C.UTF-8', 'XDG_CURRENT_DESKTOP': 'ubuntu:GNOME', 'XMODIFIERS': '@im=ibus', 'XDG_SESSION_DESKTOP': 'ubuntu', 'XAUTHORITY': '/run/user/1002/.mutter-Xwaylandauth.N7O212', 'LS_COLORS': 'rs=0:di=01;34:ln=01;36:mh=00:pi=40;33:so=01;35:do=01;35:bd=40;33;01:cd=40;33;01:or=40;31;01:mi=00:su=37;41:sg=30;43:ca=00:tw=30;42:ow=34;42:st=37;44:ex=01;32:*.tar=01;31:*.tgz=01;31:*.arc=01;31:*.arj=01;31:*.taz=01;31:*.lha=01;31:*.lz4=01;31:*.lzh=01;31:*.lzma=01;31:*.tlz=01;31:*.txz=01;31:*.tzo=01;31:*.t7z=01;31:*.zip=01;31:*.z=01;31:*.dz=01;31:*.gz=01;31:*.lrz=01;31:*.lz=01;31:*.lzo=01;31:*.xz=01;31:*.zst=01;31:*.tzst=01;31:*.bz2=01;31:*.bz=01;31:*.tbz=01;31:*.tbz2=01;31:*.tz=01;31:*.deb=01;31:*.rpm=01;31:*.jar=01;31:*.war=01;31:*.ear=01;31:*.sar=01;31:*.rar=01;31:*.alz=01;31:*.ace=01;31:*.zoo=01;31:*.cpio=01;31:*.7z=01;31:*.rz=01;31:*.cab=01;31:*.wim=01;31:*.swm=01;31:*.dwm=01;31:*.esd=01;31:*.avif=01;35:*.jpg=01;35:*.jpeg=01;35:*.mjpg=01;35:*.mjpeg=01;35:*.gif=01;35:*.bmp=01;35:*.pbm=01;35:*.pgm=01;35:*.ppm=01;35:*.tga=01;35:*.xbm=01;35:*.xpm=01;35:*.tif=01;35:*.tiff=01;35:*.png=01;35:*.svg=01;35:*.svgz=01;35:*.mng=01;35:*.pcx=01;35:*.mov=01;35:*.mpg=01;35:*.mpeg=01;35:*.m2v=01;35:*.mkv=01;35:*.webm=01;35:*.webp=01;35:*.ogm=01;35:*.mp4=01;35:*.m4v=01;35:*.mp4v=01;35:*.vob=01;35:*.qt=01;35:*.nuv=01;35:*.wmv=01;35:*.asf=01;35:*.rm=01;35:*.rmvb=01;35:*.flc=01;35:*.avi=01;35:*.fli=01;35:*.flv=01;35:*.gl=01;35:*.dl=01;35:*.xcf=01;35:*.xwd=01;35:*.yuv=01;35:*.cgm=01;35:*.emf=01;35:*.ogv=01;35:*.ogx=01;35:*.aac=00;36:*.au=00;36:*.flac=00;36:*.m4a=00;36:*.mid=00;36:*.midi=00;36:*.mka=00;36:*.mp3=00;36:*.mpc=00;36:*.ogg=00;36:*.ra=00;36:*.wav=00;36:*.oga=00;36:*.opus=00;36:*.spx=00;36:*.xspf=00;36:*~=00;90:*#=00;90:*.bak=00;90:*.crdownload=00;90:*.dpkg-dist=00;90:*.dpkg-new=00;90:*.dpkg-old=00;90:*.dpkg-tmp=00;90:*.old=00;90:*.orig=00;90:*.part=00;90:*.rej=00;90:*.rpmnew=00;90:*.rpmorig=00;90:*.rpmsave=00;90:*.swp=00;90:*.tmp=00;90:*.ucf-dist=00;90:*.ucf-new=00;90:*.ucf-old=00;90:', 'GNOME_TERMINAL_SERVICE': ':1.103', 'SSH_AUTH_SOCK': '/run/user/1002/keyring/ssh', 'AMENT_PREFIX_PATH': '/home/csanimatronics/CS_Animatronics/install/motor_commands:/opt/ros/jazzy', 'SHELL': '/bin/bash', 'QT_ACCESSIBILITY': '1', 'GDMSESSION': 'ubuntu', 'LESSCLOSE': '/usr/bin/lesspipe %s %s', 'ROS_AUTOMATIC_DISCOVERY_RANGE': 'SUBNET', 'QT_IM_MODULE': 'ibus', 'PWD': '/home/csanimatronics/CS_Animatronics/build/motion_editor', 'XDG_CONFIG_DIRS': '/etc/xdg/xdg-ubuntu:/etc/xdg', 'XDG_DATA_DIRS': '/usr/share/ubuntu:/usr/share/gnome:/usr/local/share/:/usr/share/:/var/lib/snapd/desktop', 'PYTHONPATH': '/home/csanimatronics/CS_Animatronics/build/motion_editor/prefix_override:/usr/lib/python3/dist-packages/colcon_core/task/python/colcon_distutils_commands:/home/csanimatronics/CS_Animatronics/install/motion_editor/lib/python3.12/site-packages:/home/csanimatronics/CS_Animatronics/install/motor_commands/lib/python3.12/site-packages:/opt/ros/jazzy/lib/python3.12/site-packages', 'COLCON': '1', 'MEMORY_PRESSURE_WRITE': 'c29tZSAyMDAwMDAgMjAwMDAwMAA=', 'VTE_VERSION': '7600', 'CMAKE_PREFIX_PATH': '/home/csanimatronics/CS_Animatronics/install/motor_commands:/opt/ros/jazzy/opt/gz_math_vendor:/opt/ros/jazzy/opt/gz_utils_vendor:/opt/ros/jazzy/opt/gz_cmake_vendor'}, 'shell': False}
[21.902211] (motor_controller) Command: {'cmd': ['/usr/bin/python3', '-W', 'ignore:setup.py install is deprecated', '-W', 'ignore:easy_install command is deprecated', 'setup.py', 'egg_info', '--egg-base', '../../build/motor_controller', 'build', '--build-base', '/home/csanimatronics/CS_Animatronics/build/motor_controller/build', 'install', '--record', '/home/csanimatronics/CS_Animatronics/build/motor_controller/install.log', '--single-version-externally-managed', 'install_data'], 'cwd': '/home/csanimatronics/CS_Animatronics/src/motor_controller', 'env': {'LESSOPEN': '| /usr/bin/lesspipe %s', 'USER': 'csanimatronics', 'XDG_SESSION_TYPE': 'wayland', 'SHLVL': '1', 'LD_LIBRARY_PATH': '/home/csanimatronics/CS_Animatronics/install/motor_commands/lib:/home/csanimatronics/CS_Animatronics/install/dynamixel_sdk_custom_interfaces/lib:/home/csanimatronics/CS_Animatronics/install/dynamixel_sdk/lib:/opt/ros/jazzy/opt/rviz_ogre_vendor/lib:/opt/ros/jazzy/lib/aarch64-linux-gnu:/opt/ros/jazzy/opt/gz_math_vendor/lib:/opt/ros/jazzy/opt/gz_utils_vendor/lib:/opt/ros/jazzy/opt/gz_cmake_vendor/lib:/opt/ros/jazzy/lib', 'HOME': '/home/csanimatronics', 'OLDPWD': '/home/csanimatronics', 'DESKTOP_SESSION': 'ubuntu', 'ROS_PYTHON_VERSION': '3', 'GNOME_SHELL_SESSION_MODE': 'ubuntu', 'GTK_MODULES': 'gail:atk-bridge', 'SYSTEMD_EXEC_PID': '1641', 'GSM_SKIP_SSH_AGENT_WORKAROUND': 'true', 'DBUS_SESSION_BUS_ADDRESS': 'unix:path=/run/user/1002/bus', 'COLORTERM': 'truecolor', 'DEBUGINFOD_URLS': 'https://debuginfod.ubuntu.com', 'IM_CONFIG_PHASE': '1', 'WAYLAND_DISPLAY': 'wayland-0', 'ROS_DISTRO': 'jazzy', 'LOGNAME': 'csanimatronics', '_': '/usr/bin/colcon', 'ROS_VERSION': '2', 'MEMORY_PRESSURE_WATCH': '/sys/fs/cgroup/user.slice/user-1002.slice/user@1002.service/session.slice/org.gnome.Shell@wayland.service/memory.pressure', 'XDG_SESSION_CLASS': 'user', 'USERNAME': 'csanimatronics', 'TERM': 'xterm-256color', 'GNOME_DESKTOP_SESSION_ID': 'this-is-deprecated', 'PATH': '/opt/ros/jazzy/bin:/usr/local/sbin:/usr/local/bin:/usr/sbin:/usr/bin:/sbin:/bin:/usr/games:/usr/local/games:/snap/bin:/snap/bin', 'SESSION_MANAGER': 'local/csanimatronics-desktop:@/tmp/.ICE-unix/1612,unix/csanimatronics-desktop:/tmp/.ICE-unix/1612', 'XDG_MENU_PREFIX': 'gnome-', 'GNOME_TERMINAL_SCREEN': '/org/gnome/Terminal/screen/60df07e8_ecb9_42f0_a6bb_660d9ed876dc', 'GNOME_SETUP_DISPLAY': ':1', 'XDG_RUNTIME_DIR': '/run/user/1002', 'DISPLAY': ':0', 'LANG': 'C.UTF-8', 'XDG_CURRENT_DESKTOP': 'ubuntu:GNOME', 'XMODIFIERS': '@im=ibus', 'XDG_SESSION_DESKTOP': 'ubuntu', 'XAUTHORITY': '/run/user/1002/.mutter-Xwaylandauth.N7O212', 'LS_COLORS': 'rs=0:di=01;34:ln=01;36:mh=00:pi=40;33:so=01;35:do=01;35:bd=40;33;01:cd=40;33;01:or=40;31;01:mi=00:su=37;41:sg=30;43:ca=00:tw=30;42:ow=34;42:st=37;44:ex=01;32:*.tar=01;31:*.tgz=01;31:*.arc=01;31:*.arj=01;31:*.taz=01;31:*.lha=01;31:*.lz4=01;31:*.lzh=01;31:*.lzma=01;31:*.tlz=01;31:*.txz=01;31:*.tzo=01;31:*.t7z=01;31:*.zip=01;31:*.z=01;31:*.dz=01;31:*.gz=01;31:*.lrz=01;31:*.lz=01;31:*.lzo=01;31:*.xz=01;31:*.zst=01;31:*.tzst=01;31:*.bz2=01;31:*.bz=01;31:*.tbz=01;31:*.tbz2=01;31:*.tz=01;31:*.deb=01;31:*.rpm=01;31:*.jar=01;31:*.war=01;31:*.ear=01;31:*.sar=01;31:*.rar=01;31:*.alz=01;31:*.ace=01;31:*.zoo=01;31:*.cpio=01;31:*.7z=01;31:*.rz=01;31:*.cab=01;31:*.wim=01;31:*.swm=01;31:*.dwm=01;31:*.esd=01;31:*.avif=01;35:*.jpg=01;35:*.jpeg=01;35:*.mjpg=01;35:*.mjpeg=01;35:*.gif=01;35:*.bmp=01;35:*.pbm=01;35:*.pgm=01;35:*.ppm=01;35:*.tga=01;35:*.xbm=01;35:*.xpm=01;35:*.tif=01;35:*.tiff=01;35:*.png=01;35:*.svg=01;35:*.svgz=01;35:*.mng=01;35:*.pcx=01;35:*.mov=01;35:*.mpg=01;35:*.mpeg=01;35:*.m2v=01;35:*.mkv=01;35:*.webm=01;35:*.webp=01;35:*.ogm=01;35:*.mp4=01;35:*.m4v=01;35:*.mp4v=01;35:*.vob=01;35:*.qt=01;35:*.nuv=01;35:*.wmv=01;35:*.asf=01;35:*.rm=01;35:*.rmvb=01;35:*.flc=01;35:*.avi=01;35:*.fli=01;35:*.flv=01;35:*.gl=01;35:*.dl=01;35:*.xcf=01;35:*.xwd=01;35:*.yuv=01;35:*.cgm=01;35:*.emf=01;35:*.ogv=01;35:*.ogx=01;35:*.aac=00;36:*.au=00;36:*.flac=00;36:*.m4a=00;36:*.mid=00;36:*.midi=00;36:*.mka=00;36:*.mp3=00;36:*.mpc=00;36:*.ogg=00;36:*.ra=00;36:*.wav=00;36:*.oga=00;36:*.opus=00;36:*.spx=00;36:*.xspf=00;36:*~=00;90:*#=00;90:*.bak=00;90:*.crdownload=00;90:*.dpkg-dist=00;90:*.dpkg-new=00;90:*.dpkg-old=00;90:*.dpkg-tmp=00;90:*.old=00;90:*.orig=00;90:*.part=00;90:*.rej=00;90:*.rpmnew=00;90:*.rpmorig=00;90:*.rpmsave=00;90:*.swp=00;90:*.tmp=00;90:*.ucf-dist=00;90:*.ucf-new=00;90:*.ucf-old=00;90:', 'GNOME_TERMINAL_SERVICE': ':1.103', 'SSH_AUTH_SOCK': '/run/user/1002/keyring/ssh', 'AMENT_PREFIX_PATH': '/home/csanimatronics/CS_Animatronics/install/motor_commands:/home/csanimatronics/CS_Animatronics/install/dynamixel_sdk_custom_interfaces:/home/csanimatronics/CS_Animatronics/install/dynamixel_sdk:/opt/ros/jazzy', 'SHELL': '/bin/bash', 'QT_ACCESSIBILITY': '1', 'GDMSESSION': 'ubuntu', 'LESSCLOSE': '/usr/bin/lesspipe %s %s', 'ROS_AUTOMATIC_DISCOVERY_RANGE': 'SUBNET', 'QT_IM_MODULE': 'ibus', 'PWD': '/home/csanimatronics/CS_Animatronics/build/motor_controller', 'XDG_CONFIG_DIRS': '/etc/xdg/xdg-ubuntu:/etc/xdg', 'XDG_DATA_DIRS': '/usr/share/ubuntu:/usr/share/gnome:/usr/local/share/:/usr/share/:/var/lib/snapd/desktop', 'PYTHONPATH': '/home/csanimatronics/CS_Animatronics/build/motor_controller/prefix_override:/usr/lib/python3/dist-packages/colcon_core/task/python/colcon_distutils_commands:/home/csanimatronics/CS_Animatronics/install/motor_controller/lib/python3.12/site-packages:/home/csanimatronics/CS_Animatronics/install/motor_commands/lib/python3.12/site-packages:/home/csanimatronics/CS_Animatronics/install/dynamixel_sdk_custom_interfaces/lib/python3.12/site-packages:/opt/ros/jazzy/lib/python3.12/site-packages', 'COLCON': '1', 'MEMORY_PRESSURE_WRITE': 'c29tZSAyMDAwMDAgMjAwMDAwMAA=', 'VTE_VERSION': '7600', 'CMAKE_PREFIX_PATH': '/home/csanimatronics/CS_Animatronics/install/motor_commands:/home/csanimatronics/CS_Animatronics/install/dynamixel_sdk_custom_interfaces:/home/csanimatronics/CS_Animatronics/install/dynamixel_sdk:/opt/ros/jazzy/opt/gz_math_vendor:/opt/ros/jazzy/opt/gz_utils_vendor:/opt/ros/jazzy/opt/gz_cmake_vendor'}, 'shell': False}
[21.924462] (-) TimerEvent: {}
[22.027838] (-) TimerEvent: {}
[22.128252] (-) TimerEvent: {}
[22.228584] (-) TimerEvent: {}
[22.313831] (motion_editor) StdoutLine: {'line': b'running egg_info\n'}
[22.314151] (system_controller) StdoutLine: {'line': b'running egg_info\n'}
[22.314424] (system_controller) StdoutLine: {'line': b'creating ../../build/system_controller/system_controller.egg-info\n'}
[22.314596] (motion_editor) StdoutLine: {'line': b'creating ../../build/motion_editor/motion_editor.egg-info\n'}
[22.324769] (motor_controller) StdoutLine: {'line': b'running egg_info\n'}
[22.325393] (motor_controller) StdoutLine: {'line': b'creating ../../build/motor_controller/motor_controller.egg-info\n'}
[22.328654] (-) TimerEvent: {}
[22.342943] (motion_editor) StdoutLine: {'line': b'writing ../../build/motion_editor/motion_editor.egg-info/PKG-INFO\n'}
[22.343296] (system_controller) StdoutLine: {'line': b'writing ../../build/system_controller/system_controller.egg-info/PKG-INFO\n'}
[22.343491] (motion_editor) StdoutLine: {'line': b'writing dependency_links to ../../build/motion_editor/motion_editor.egg-info/dependency_links.txt\n'}
[22.343715] (motion_editor) StdoutLine: {'line': b'writing entry points to ../../build/motion_editor/motion_editor.egg-info/entry_points.txt\n'}
[22.343869] (system_controller) StdoutLine: {'line': b'writing dependency_links to ../../build/system_controller/system_controller.egg-info/dependency_links.txt\n'}
[22.344079] (motion_editor) StdoutLine: {'line': b'writing requirements to ../../build/motion_editor/motion_editor.egg-info/requires.txt\n'}
[22.344313] (system_controller) StdoutLine: {'line': b'writing entry points to ../../build/system_controller/system_controller.egg-info/entry_points.txt\n'}
[22.344427] (motion_editor) StdoutLine: {'line': b'writing top-level names to ../../build/motion_editor/motion_editor.egg-info/top_level.txt\n'}
[22.344522] (motion_editor) StdoutLine: {'line': b"writing manifest file '../../build/motion_editor/motion_editor.egg-info/SOURCES.txt'\n"}
[22.344619] (system_controller) StdoutLine: {'line': b'writing requirements to ../../build/system_controller/system_controller.egg-info/requires.txt\n'}
[22.344705] (system_controller) StdoutLine: {'line': b'writing top-level names to ../../build/system_controller/system_controller.egg-info/top_level.txt\n'}
[22.344827] (system_controller) StdoutLine: {'line': b"writing manifest file '../../build/system_controller/system_controller.egg-info/SOURCES.txt'\n"}
[22.354425] (motor_controller) StdoutLine: {'line': b'writing ../../build/motor_controller/motor_controller.egg-info/PKG-INFO\n'}
[22.354853] (motor_controller) StdoutLine: {'line': b'writing dependency_links to ../../build/motor_controller/motor_controller.egg-info/dependency_links.txt\n'}
[22.355101] (motor_controller) StdoutLine: {'line': b'writing entry points to ../../build/motor_controller/motor_controller.egg-info/entry_points.txt\n'}
[22.355270] (motor_controller) StdoutLine: {'line': b'writing requirements to ../../build/motor_controller/motor_controller.egg-info/requires.txt\n'}
[22.355416] (motor_controller) StdoutLine: {'line': b'writing top-level names to ../../build/motor_controller/motor_controller.egg-info/top_level.txt\n'}
[22.355611] (motor_controller) StdoutLine: {'line': b"writing manifest file '../../build/motor_controller/motor_controller.egg-info/SOURCES.txt'\n"}
[22.396444] (motion_editor) StdoutLine: {'line': b"reading manifest file '../../build/motion_editor/motion_editor.egg-info/SOURCES.txt'\n"}
[22.396680] (system_controller) StdoutLine: {'line': b"reading manifest file '../../build/system_controller/system_controller.egg-info/SOURCES.txt'\n"}
[22.397400] (system_controller) StdoutLine: {'line': b"writing manifest file '../../build/system_controller/system_controller.egg-info/SOURCES.txt'\n"}
[22.397584] (motion_editor) StdoutLine: {'line': b"writing manifest file '../../build/motion_editor/motion_editor.egg-info/SOURCES.txt'\n"}
[22.397809] (motion_editor) StdoutLine: {'line': b'running build\n'}
[22.397896] (motion_editor) StdoutLine: {'line': b'running build_py\n'}
[22.398159] (system_controller) StdoutLine: {'line': b'running build\n'}
[22.399003] (system_controller) StdoutLine: {'line': b'running build_py\n'}
[22.399115] (motion_editor) StdoutLine: {'line': b'creating /home/csanimatronics/CS_Animatronics/build/motion_editor/build\n'}
[22.399244] (system_controller) StdoutLine: {'line': b'creating /home/csanimatronics/CS_Animatronics/build/system_controller/build\n'}
[22.399333] (system_controller) StdoutLine: {'line': b'creating /home/csanimatronics/CS_Animatronics/build/system_controller/build/lib\n'}
[22.399409] (motion_editor) StdoutLine: {'line': b'creating /home/csanimatronics/CS_Animatronics/build/motion_editor/build/lib\n'}
[22.399489] (system_controller) StdoutLine: {'line': b'creating /home/csanimatronics/CS_Animatronics/build/system_controller/build/lib/system_controller\n'}
[22.399621] (motion_editor) StdoutLine: {'line': b'creating /home/csanimatronics/CS_Animatronics/build/motion_editor/build/lib/motion_editor\n'}
[22.399715] (system_controller) StdoutLine: {'line': b'copying system_controller/system_controller.py -> /home/csanimatronics/CS_Animatronics/build/system_controller/build/lib/system_controller\n'}
[22.399799] (motion_editor) StdoutLine: {'line': b'copying motion_editor/motion_editor.py -> /home/csanimatronics/CS_Animatronics/build/motion_editor/build/lib/motion_editor\n'}
[22.399881] (motion_editor) StdoutLine: {'line': b'copying motion_editor/__init__.py -> /home/csanimatronics/CS_Animatronics/build/motion_editor/build/lib/motion_editor\n'}
[22.399971] (system_controller) StdoutLine: {'line': b'copying system_controller/__init__.py -> /home/csanimatronics/CS_Animatronics/build/system_controller/build/lib/system_controller\n'}
[22.400061] (system_controller) StdoutLine: {'line': b'running install\n'}
[22.400149] (motion_editor) StdoutLine: {'line': b'running install\n'}
[22.408897] (system_controller) StdoutLine: {'line': b'running install_lib\n'}
[22.409207] (motion_editor) StdoutLine: {'line': b'running install_lib\n'}
[22.409325] (motor_controller) StdoutLine: {'line': b"reading manifest file '../../build/motor_controller/motor_controller.egg-info/SOURCES.txt'\n"}
[22.410019] (motor_controller) StdoutLine: {'line': b"writing manifest file '../../build/motor_controller/motor_controller.egg-info/SOURCES.txt'\n"}
[22.410256] (motor_controller) StdoutLine: {'line': b'running build\n'}
[22.410392] (motor_controller) StdoutLine: {'line': b'running build_py\n'}
[22.410648] (motor_controller) StdoutLine: {'line': b'creating /home/csanimatronics/CS_Animatronics/build/motor_controller/build\n'}
[22.410806] (motor_controller) StdoutLine: {'line': b'creating /home/csanimatronics/CS_Animatronics/build/motor_controller/build/lib\n'}
[22.410944] (motor_controller) StdoutLine: {'line': b'creating /home/csanimatronics/CS_Animatronics/build/motor_controller/build/lib/motor_controller\n'}
[22.411062] (motor_controller) StdoutLine: {'line': b'copying motor_controller/motor_controller.py -> /home/csanimatronics/CS_Animatronics/build/motor_controller/build/lib/motor_controller\n'}
[22.411235] (motor_controller) StdoutLine: {'line': b'copying motor_controller/__init__.py -> /home/csanimatronics/CS_Animatronics/build/motor_controller/build/lib/motor_controller\n'}
[22.411526] (motor_controller) StdoutLine: {'line': b'running install\n'}
[22.421070] (motor_controller) StdoutLine: {'line': b'running install_lib\n'}
[22.428734] (-) TimerEvent: {}
[22.439085] (motion_editor) StdoutLine: {'line': b'creating /home/csanimatronics/CS_Animatronics/install/motion_editor/lib/python3.12/site-packages/motion_editor\n'}
[22.439637] (motion_editor) StdoutLine: {'line': b'copying /home/csanimatronics/CS_Animatronics/build/motion_editor/build/lib/motion_editor/motion_editor.py -> /home/csanimatronics/CS_Animatronics/install/motion_editor/lib/python3.12/site-packages/motion_editor\n'}
[22.439766] (motion_editor) StdoutLine: {'line': b'copying /home/csanimatronics/CS_Animatronics/build/motion_editor/build/lib/motion_editor/__init__.py -> /home/csanimatronics/CS_Animatronics/install/motion_editor/lib/python3.12/site-packages/motion_editor\n'}
[22.439854] (system_controller) StdoutLine: {'line': b'creating /home/csanimatronics/CS_Animatronics/install/system_controller/lib/python3.12/site-packages/system_controller\n'}
[22.439989] (system_controller) StdoutLine: {'line': b'copying /home/csanimatronics/CS_Animatronics/build/system_controller/build/lib/system_controller/system_controller.py -> /home/csanimatronics/CS_Animatronics/install/system_controller/lib/python3.12/site-packages/system_controller\n'}
[22.440150] (system_controller) StdoutLine: {'line': b'copying /home/csanimatronics/CS_Animatronics/build/system_controller/build/lib/system_controller/__init__.py -> /home/csanimatronics/CS_Animatronics/install/system_controller/lib/python3.12/site-packages/system_controller\n'}
[22.440368] (motion_editor) StdoutLine: {'line': b'byte-compiling /home/csanimatronics/CS_Animatronics/install/motion_editor/lib/python3.12/site-packages/motion_editor/motion_editor.py to motion_editor.cpython-312.pyc\n'}
[22.440556] (system_controller) StdoutLine: {'line': b'byte-compiling /home/csanimatronics/CS_Animatronics/install/system_controller/lib/python3.12/site-packages/system_controller/system_controller.py to system_controller.cpython-312.pyc\n'}
[22.441149] (motion_editor) StderrLine: {'line': b'  File "/home/csanimatronics/CS_Animatronics/install/motion_editor/lib/python3.12/site-packages/motion_editor/motion_editor.py", line 48\n'}
[22.441336] (motion_editor) StderrLine: {'line': b'    self.get_logger().info(f"Recived motor states\\nIDs: {response.id}"\\nPositions: {response.positions}) \n'}
[22.441439] (motion_editor) StderrLine: {'line': b'                                                                       ^\n'}
[22.441556] (motion_editor) StderrLine: {'line': b'SyntaxError: unexpected character after line continuation character\n'}
[22.441663] (motion_editor) StderrLine: {'line': b'\n'}
[22.441825] (motion_editor) StdoutLine: {'line': b'byte-compiling /home/csanimatronics/CS_Animatronics/install/motion_editor/lib/python3.12/site-packages/motion_editor/__init__.py to __init__.cpython-312.pyc\n'}
[22.442018] (motion_editor) StdoutLine: {'line': b'running install_data\n'}
[22.442206] (motion_editor) StdoutLine: {'line': b'creating /home/csanimatronics/CS_Animatronics/install/motion_editor/share/ament_index\n'}
[22.442339] (motion_editor) StdoutLine: {'line': b'creating /home/csanimatronics/CS_Animatronics/install/motion_editor/share/ament_index/resource_index\n'}
[22.442465] (motion_editor) StdoutLine: {'line': b'creating /home/csanimatronics/CS_Animatronics/install/motion_editor/share/ament_index/resource_index/packages\n'}
[22.442671] (motion_editor) StdoutLine: {'line': b'copying resource/motion_editor -> /home/csanimatronics/CS_Animatronics/install/motion_editor/share/ament_index/resource_index/packages\n'}
[22.442778] (motion_editor) StdoutLine: {'line': b'copying package.xml -> /home/csanimatronics/CS_Animatronics/install/motion_editor/share/motion_editor\n'}
[22.442864] (motion_editor) StdoutLine: {'line': b'running install_egg_info\n'}
[22.445568] (system_controller) StdoutLine: {'line': b'byte-compiling /home/csanimatronics/CS_Animatronics/install/system_controller/lib/python3.12/site-packages/system_controller/__init__.py to __init__.cpython-312.pyc\n'}
[22.445884] (system_controller) StdoutLine: {'line': b'running install_data\n'}
[22.446041] (system_controller) StdoutLine: {'line': b'creating /home/csanimatronics/CS_Animatronics/install/system_controller/share/ament_index\n'}
[22.446178] (system_controller) StdoutLine: {'line': b'creating /home/csanimatronics/CS_Animatronics/install/system_controller/share/ament_index/resource_index\n'}
[22.446314] (system_controller) StdoutLine: {'line': b'creating /home/csanimatronics/CS_Animatronics/install/system_controller/share/ament_index/resource_index/packages\n'}
[22.446464] (system_controller) StdoutLine: {'line': b'copying resource/system_controller -> /home/csanimatronics/CS_Animatronics/install/system_controller/share/ament_index/resource_index/packages\n'}
[22.446631] (system_controller) StdoutLine: {'line': b'copying package.xml -> /home/csanimatronics/CS_Animatronics/install/system_controller/share/system_controller\n'}
[22.446757] (system_controller) StdoutLine: {'line': b'creating /home/csanimatronics/CS_Animatronics/install/system_controller/share/system_controller/msg\n'}
[22.446913] (system_controller) StdoutLine: {'line': b'running install_egg_info\n'}
[22.452817] (motor_controller) StdoutLine: {'line': b'creating /home/csanimatronics/CS_Animatronics/install/motor_controller/lib/python3.12/site-packages/motor_controller\n'}
[22.453046] (motor_controller) StdoutLine: {'line': b'copying /home/csanimatronics/CS_Animatronics/build/motor_controller/build/lib/motor_controller/motor_controller.py -> /home/csanimatronics/CS_Animatronics/install/motor_controller/lib/python3.12/site-packages/motor_controller\n'}
[22.453224] (motor_controller) StdoutLine: {'line': b'copying /home/csanimatronics/CS_Animatronics/build/motor_controller/build/lib/motor_controller/__init__.py -> /home/csanimatronics/CS_Animatronics/install/motor_controller/lib/python3.12/site-packages/motor_controller\n'}
[22.454092] (motor_controller) StdoutLine: {'line': b'byte-compiling /home/csanimatronics/CS_Animatronics/install/motor_controller/lib/python3.12/site-packages/motor_controller/motor_controller.py to motor_controller.cpython-312.pyc\n'}
[22.458971] (motor_controller) StdoutLine: {'line': b'byte-compiling /home/csanimatronics/CS_Animatronics/install/motor_controller/lib/python3.12/site-packages/motor_controller/__init__.py to __init__.cpython-312.pyc\n'}
[22.459259] (motor_controller) StdoutLine: {'line': b'running install_data\n'}
[22.459417] (motor_controller) StdoutLine: {'line': b'creating /home/csanimatronics/CS_Animatronics/install/motor_controller/share/ament_index\n'}
[22.459576] (motor_controller) StdoutLine: {'line': b'creating /home/csanimatronics/CS_Animatronics/install/motor_controller/share/ament_index/resource_index\n'}
[22.459731] (motor_controller) StdoutLine: {'line': b'creating /home/csanimatronics/CS_Animatronics/install/motor_controller/share/ament_index/resource_index/packages\n'}
[22.459864] (motor_controller) StdoutLine: {'line': b'copying resource/motor_controller -> /home/csanimatronics/CS_Animatronics/install/motor_controller/share/ament_index/resource_index/packages\n'}
[22.459993] (motor_controller) StdoutLine: {'line': b'copying package.xml -> /home/csanimatronics/CS_Animatronics/install/motor_controller/share/motor_controller\n'}
[22.460124] (motor_controller) StdoutLine: {'line': b'creating /home/csanimatronics/CS_Animatronics/install/motor_controller/share/motor_controller/msg\n'}
[22.460254] (motor_controller) StdoutLine: {'line': b'creating /home/csanimatronics/CS_Animatronics/install/motor_controller/share/motor_controller/srv\n'}
[22.460382] (motor_controller) StdoutLine: {'line': b'running install_egg_info\n'}
[22.471463] (motion_editor) StdoutLine: {'line': b'Copying ../../build/motion_editor/motion_editor.egg-info to /home/csanimatronics/CS_Animatronics/install/motion_editor/lib/python3.12/site-packages/motion_editor-0.0.0-py3.12.egg-info\n'}
[22.472841] (motion_editor) StdoutLine: {'line': b'running install_scripts\n'}
[22.475516] (system_controller) StdoutLine: {'line': b'Copying ../../build/system_controller/system_controller.egg-info to /home/csanimatronics/CS_Animatronics/install/system_controller/lib/python3.12/site-packages/system_controller-0.0.0-py3.12.egg-info\n'}
[22.476745] (system_controller) StdoutLine: {'line': b'running install_scripts\n'}
[22.488714] (motor_controller) StdoutLine: {'line': b'Copying ../../build/motor_controller/motor_controller.egg-info to /home/csanimatronics/CS_Animatronics/install/motor_controller/lib/python3.12/site-packages/motor_controller-0.0.0-py3.12.egg-info\n'}
[22.489951] (motor_controller) StdoutLine: {'line': b'running install_scripts\n'}
[22.528841] (-) TimerEvent: {}
[22.629238] (-) TimerEvent: {}
[22.672863] (motion_editor) StdoutLine: {'line': b'Installing motion_editor script to /home/csanimatronics/CS_Animatronics/install/motion_editor/lib/motion_editor\n'}
[22.673253] (motion_editor) StdoutLine: {'line': b'Installing system_controller script to /home/csanimatronics/CS_Animatronics/install/motion_editor/lib/motion_editor\n'}
[22.673766] (motion_editor) StdoutLine: {'line': b"writing list of installed files to '/home/csanimatronics/CS_Animatronics/build/motion_editor/install.log'\n"}
[22.679713] (system_controller) StdoutLine: {'line': b'Installing controller_publisher script to /home/csanimatronics/CS_Animatronics/install/system_controller/lib/system_controller\n'}
[22.680102] (system_controller) StdoutLine: {'line': b'Installing system_controller script to /home/csanimatronics/CS_Animatronics/install/system_controller/lib/system_controller\n'}
[22.680774] (system_controller) StdoutLine: {'line': b"writing list of installed files to '/home/csanimatronics/CS_Animatronics/build/system_controller/install.log'\n"}
[22.703857] (motor_controller) StdoutLine: {'line': b'Installing motion_editor script to /home/csanimatronics/CS_Animatronics/install/motor_controller/lib/motor_controller\n'}
[22.704304] (motor_controller) StdoutLine: {'line': b'Installing motor_controller script to /home/csanimatronics/CS_Animatronics/install/motor_controller/lib/motor_controller\n'}
[22.704595] (motor_controller) StdoutLine: {'line': b'Installing system_controller script to /home/csanimatronics/CS_Animatronics/install/motor_controller/lib/motor_controller\n'}
[22.705312] (motor_controller) StdoutLine: {'line': b"writing list of installed files to '/home/csanimatronics/CS_Animatronics/build/motor_controller/install.log'\n"}
[22.729383] (-) TimerEvent: {}
[22.816607] (motion_editor) CommandEnded: {'returncode': 0}
[22.826472] (motion_editor) JobEnded: {'identifier': 'motion_editor', 'rc': 0}
[22.829577] (-) TimerEvent: {}
[22.833595] (system_controller) CommandEnded: {'returncode': 0}
[22.853192] (system_controller) JobEnded: {'identifier': 'system_controller', 'rc': 0}
[22.858616] (motor_controller) CommandEnded: {'returncode': 0}
[22.865734] (motor_controller) JobEnded: {'identifier': 'motor_controller', 'rc': 0}
[22.866549] (-) EventReactorShutdown: {}
