[0.000000] (-) TimerEvent: {}
[0.000240] (controller_publisher) JobQueued: {'identifier': 'controller_publisher', 'dependencies': OrderedDict()}
[0.000288] (dynamixel_sdk) JobQueued: {'identifier': 'dynamixel_sdk', 'dependencies': OrderedDict()}
[0.000313] (dynamixel_sdk_custom_interfaces) JobQueued: {'identifier': 'dynamixel_sdk_custom_interfaces', 'dependencies': OrderedDict()}
[0.000333] (motor_commands) JobQueued: {'identifier': 'motor_commands', 'dependencies': OrderedDict()}
[0.000352] (motion_editor) JobQueued: {'identifier': 'motion_editor', 'dependencies': OrderedDict({'motor_commands': '/home/csanimatronics/CS_Animatronics/install/motor_commands'})}
[0.000378] (motor_controller) JobQueued: {'identifier': 'motor_controller', 'dependencies': OrderedDict({'dynamixel_sdk': '/home/csanimatronics/CS_Animatronics/install/dynamixel_sdk', 'dynamixel_sdk_custom_interfaces': '/home/csanimatronics/CS_Animatronics/install/dynamixel_sdk_custom_interfaces', 'motor_commands': '/home/csanimatronics/CS_Animatronics/install/motor_commands'})}
[0.000407] (system_controller) JobQueued: {'identifier': 'system_controller', 'dependencies': OrderedDict({'motor_commands': '/home/csanimatronics/CS_Animatronics/install/motor_commands'})}
[0.001686] (motor_commands) JobStarted: {'identifier': 'motor_commands'}
[0.015729] (dynamixel_sdk) JobStarted: {'identifier': 'dynamixel_sdk'}
[0.026327] (dynamixel_sdk_custom_interfaces) JobStarted: {'identifier': 'dynamixel_sdk_custom_interfaces'}
[0.033578] (controller_publisher) JobStarted: {'identifier': 'controller_publisher'}
[0.042764] (motor_commands) JobProgress: {'identifier': 'motor_commands', 'progress': 'cmake'}
[0.044084] (motor_commands) Command: {'cmd': ['/usr/bin/cmake', '/home/csanimatronics/CS_Animatronics/src/motor_commands', '-DCMAKE_INSTALL_PREFIX=/home/csanimatronics/CS_Animatronics/install/motor_commands'], 'cwd': '/home/csanimatronics/CS_Animatronics/build/motor_commands', 'env': OrderedDict({'LESSOPEN': '| /usr/bin/lesspipe %s', 'USER': 'csanimatronics', 'XDG_SESSION_TYPE': 'wayland', 'SHLVL': '1', 'LD_LIBRARY_PATH': '/opt/ros/jazzy/opt/rviz_ogre_vendor/lib:/opt/ros/jazzy/lib/aarch64-linux-gnu:/opt/ros/jazzy/opt/gz_math_vendor/lib:/opt/ros/jazzy/opt/gz_utils_vendor/lib:/opt/ros/jazzy/opt/gz_cmake_vendor/lib:/opt/ros/jazzy/lib', 'HOME': '/home/csanimatronics', 'OLDPWD': '/home/csanimatronics', 'DESKTOP_SESSION': 'ubuntu', 'ROS_PYTHON_VERSION': '3', 'GNOME_SHELL_SESSION_MODE': 'ubuntu', 'GTK_MODULES': 'gail:atk-bridge', 'SYSTEMD_EXEC_PID': '1641', 'GSM_SKIP_SSH_AGENT_WORKAROUND': 'true', 'DBUS_SESSION_BUS_ADDRESS': 'unix:path=/run/user/1002/bus', 'COLORTERM': 'truecolor', 'DEBUGINFOD_URLS': 'https://debuginfod.ubuntu.com', 'IM_CONFIG_PHASE': '1', 'WAYLAND_DISPLAY': 'wayland-0', 'ROS_DISTRO': 'jazzy', 'LOGNAME': 'csanimatronics', '_': '/usr/bin/colcon', 'ROS_VERSION': '2', 'MEMORY_PRESSURE_WATCH': '/sys/fs/cgroup/user.slice/user-1002.slice/user@1002.service/session.slice/org.gnome.Shell@wayland.service/memory.pressure', 'XDG_SESSION_CLASS': 'user', 'USERNAME': 'csanimatronics', 'TERM': 'xterm-256color', 'GNOME_DESKTOP_SESSION_ID': 'this-is-deprecated', 'PATH': '/opt/ros/jazzy/bin:/usr/local/sbin:/usr/local/bin:/usr/sbin:/usr/bin:/sbin:/bin:/usr/games:/usr/local/games:/snap/bin:/snap/bin', 'SESSION_MANAGER': 'local/csanimatronics-desktop:@/tmp/.ICE-unix/1612,unix/csanimatronics-desktop:/tmp/.ICE-unix/1612', 'XDG_MENU_PREFIX': 'gnome-', 'GNOME_TERMINAL_SCREEN': '/org/gnome/Terminal/screen/8dd0bfd5_2e0a_4ff1_8cc1_409d80fc8058', 'GNOME_SETUP_DISPLAY': ':1', 'XDG_RUNTIME_DIR': '/run/user/1002', 'DISPLAY': ':0', 'LANG': 'C.UTF-8', 'XDG_CURRENT_DESKTOP': 'ubuntu:GNOME', 'XMODIFIERS': '@im=ibus', 'XDG_SESSION_DESKTOP': 'ubuntu', 'XAUTHORITY': '/run/user/1002/.mutter-Xwaylandauth.N7O212', 'LS_COLORS': 'rs=0:di=01;34:ln=01;36:mh=00:pi=40;33:so=01;35:do=01;35:bd=40;33;01:cd=40;33;01:or=40;31;01:mi=00:su=37;41:sg=30;43:ca=00:tw=30;42:ow=34;42:st=37;44:ex=01;32:*.tar=01;31:*.tgz=01;31:*.arc=01;31:*.arj=01;31:*.taz=01;31:*.lha=01;31:*.lz4=01;31:*.lzh=01;31:*.lzma=01;31:*.tlz=01;31:*.txz=01;31:*.tzo=01;31:*.t7z=01;31:*.zip=01;31:*.z=01;31:*.dz=01;31:*.gz=01;31:*.lrz=01;31:*.lz=01;31:*.lzo=01;31:*.xz=01;31:*.zst=01;31:*.tzst=01;31:*.bz2=01;31:*.bz=01;31:*.tbz=01;31:*.tbz2=01;31:*.tz=01;31:*.deb=01;31:*.rpm=01;31:*.jar=01;31:*.war=01;31:*.ear=01;31:*.sar=01;31:*.rar=01;31:*.alz=01;31:*.ace=01;31:*.zoo=01;31:*.cpio=01;31:*.7z=01;31:*.rz=01;31:*.cab=01;31:*.wim=01;31:*.swm=01;31:*.dwm=01;31:*.esd=01;31:*.avif=01;35:*.jpg=01;35:*.jpeg=01;35:*.mjpg=01;35:*.mjpeg=01;35:*.gif=01;35:*.bmp=01;35:*.pbm=01;35:*.pgm=01;35:*.ppm=01;35:*.tga=01;35:*.xbm=01;35:*.xpm=01;35:*.tif=01;35:*.tiff=01;35:*.png=01;35:*.svg=01;35:*.svgz=01;35:*.mng=01;35:*.pcx=01;35:*.mov=01;35:*.mpg=01;35:*.mpeg=01;35:*.m2v=01;35:*.mkv=01;35:*.webm=01;35:*.webp=01;35:*.ogm=01;35:*.mp4=01;35:*.m4v=01;35:*.mp4v=01;35:*.vob=01;35:*.qt=01;35:*.nuv=01;35:*.wmv=01;35:*.asf=01;35:*.rm=01;35:*.rmvb=01;35:*.flc=01;35:*.avi=01;35:*.fli=01;35:*.flv=01;35:*.gl=01;35:*.dl=01;35:*.xcf=01;35:*.xwd=01;35:*.yuv=01;35:*.cgm=01;35:*.emf=01;35:*.ogv=01;35:*.ogx=01;35:*.aac=00;36:*.au=00;36:*.flac=00;36:*.m4a=00;36:*.mid=00;36:*.midi=00;36:*.mka=00;36:*.mp3=00;36:*.mpc=00;36:*.ogg=00;36:*.ra=00;36:*.wav=00;36:*.oga=00;36:*.opus=00;36:*.spx=00;36:*.xspf=00;36:*~=00;90:*#=00;90:*.bak=00;90:*.crdownload=00;90:*.dpkg-dist=00;90:*.dpkg-new=00;90:*.dpkg-old=00;90:*.dpkg-tmp=00;90:*.old=00;90:*.orig=00;90:*.part=00;90:*.rej=00;90:*.rpmnew=00;90:*.rpmorig=00;90:*.rpmsave=00;90:*.swp=00;90:*.tmp=00;90:*.ucf-dist=00;90:*.ucf-new=00;90:*.ucf-old=00;90:', 'GNOME_TERMINAL_SERVICE': ':1.103', 'SSH_AUTH_SOCK': '/run/user/1002/keyring/ssh', 'AMENT_PREFIX_PATH': '/opt/ros/jazzy', 'SHELL': '/bin/bash', 'QT_ACCESSIBILITY': '1', 'GDMSESSION': 'ubuntu', 'LESSCLOSE': '/usr/bin/lesspipe %s %s', 'ROS_AUTOMATIC_DISCOVERY_RANGE': 'SUBNET', 'QT_IM_MODULE': 'ibus', 'PWD': '/home/csanimatronics/CS_Animatronics/build/motor_commands', 'XDG_CONFIG_DIRS': '/etc/xdg/xdg-ubuntu:/etc/xdg', 'XDG_DATA_DIRS': '/usr/share/ubuntu:/usr/share/gnome:/usr/local/share/:/usr/share/:/var/lib/snapd/desktop', 'PYTHONPATH': '/opt/ros/jazzy/lib/python3.12/site-packages', 'COLCON': '1', 'MEMORY_PRESSURE_WRITE': 'c29tZSAyMDAwMDAgMjAwMDAwMAA=', 'VTE_VERSION': '7600', 'CMAKE_PREFIX_PATH': '/opt/ros/jazzy/opt/gz_math_vendor:/opt/ros/jazzy/opt/gz_utils_vendor:/opt/ros/jazzy/opt/gz_cmake_vendor:/opt/ros/jazzy'}), 'shell': False}
[0.054599] (dynamixel_sdk) JobProgress: {'identifier': 'dynamixel_sdk', 'progress': 'cmake'}
[0.055607] (dynamixel_sdk) Command: {'cmd': ['/usr/bin/cmake', '/home/csanimatronics/CS_Animatronics/src/dynamixel_sdk', '-DCMAKE_INSTALL_PREFIX=/home/csanimatronics/CS_Animatronics/install/dynamixel_sdk'], 'cwd': '/home/csanimatronics/CS_Animatronics/build/dynamixel_sdk', 'env': OrderedDict({'LESSOPEN': '| /usr/bin/lesspipe %s', 'USER': 'csanimatronics', 'XDG_SESSION_TYPE': 'wayland', 'SHLVL': '1', 'LD_LIBRARY_PATH': '/opt/ros/jazzy/opt/rviz_ogre_vendor/lib:/opt/ros/jazzy/lib/aarch64-linux-gnu:/opt/ros/jazzy/opt/gz_math_vendor/lib:/opt/ros/jazzy/opt/gz_utils_vendor/lib:/opt/ros/jazzy/opt/gz_cmake_vendor/lib:/opt/ros/jazzy/lib', 'HOME': '/home/csanimatronics', 'OLDPWD': '/home/csanimatronics', 'DESKTOP_SESSION': 'ubuntu', 'ROS_PYTHON_VERSION': '3', 'GNOME_SHELL_SESSION_MODE': 'ubuntu', 'GTK_MODULES': 'gail:atk-bridge', 'SYSTEMD_EXEC_PID': '1641', 'GSM_SKIP_SSH_AGENT_WORKAROUND': 'true', 'DBUS_SESSION_BUS_ADDRESS': 'unix:path=/run/user/1002/bus', 'COLORTERM': 'truecolor', 'DEBUGINFOD_URLS': 'https://debuginfod.ubuntu.com', 'IM_CONFIG_PHASE': '1', 'WAYLAND_DISPLAY': 'wayland-0', 'ROS_DISTRO': 'jazzy', 'LOGNAME': 'csanimatronics', '_': '/usr/bin/colcon', 'ROS_VERSION': '2', 'MEMORY_PRESSURE_WATCH': '/sys/fs/cgroup/user.slice/user-1002.slice/user@1002.service/session.slice/org.gnome.Shell@wayland.service/memory.pressure', 'XDG_SESSION_CLASS': 'user', 'USERNAME': 'csanimatronics', 'TERM': 'xterm-256color', 'GNOME_DESKTOP_SESSION_ID': 'this-is-deprecated', 'PATH': '/opt/ros/jazzy/bin:/usr/local/sbin:/usr/local/bin:/usr/sbin:/usr/bin:/sbin:/bin:/usr/games:/usr/local/games:/snap/bin:/snap/bin', 'SESSION_MANAGER': 'local/csanimatronics-desktop:@/tmp/.ICE-unix/1612,unix/csanimatronics-desktop:/tmp/.ICE-unix/1612', 'XDG_MENU_PREFIX': 'gnome-', 'GNOME_TERMINAL_SCREEN': '/org/gnome/Terminal/screen/8dd0bfd5_2e0a_4ff1_8cc1_409d80fc8058', 'GNOME_SETUP_DISPLAY': ':1', 'XDG_RUNTIME_DIR': '/run/user/1002', 'DISPLAY': ':0', 'LANG': 'C.UTF-8', 'XDG_CURRENT_DESKTOP': 'ubuntu:GNOME', 'XMODIFIERS': '@im=ibus', 'XDG_SESSION_DESKTOP': 'ubuntu', 'XAUTHORITY': '/run/user/1002/.mutter-Xwaylandauth.N7O212', 'LS_COLORS': 'rs=0:di=01;34:ln=01;36:mh=00:pi=40;33:so=01;35:do=01;35:bd=40;33;01:cd=40;33;01:or=40;31;01:mi=00:su=37;41:sg=30;43:ca=00:tw=30;42:ow=34;42:st=37;44:ex=01;32:*.tar=01;31:*.tgz=01;31:*.arc=01;31:*.arj=01;31:*.taz=01;31:*.lha=01;31:*.lz4=01;31:*.lzh=01;31:*.lzma=01;31:*.tlz=01;31:*.txz=01;31:*.tzo=01;31:*.t7z=01;31:*.zip=01;31:*.z=01;31:*.dz=01;31:*.gz=01;31:*.lrz=01;31:*.lz=01;31:*.lzo=01;31:*.xz=01;31:*.zst=01;31:*.tzst=01;31:*.bz2=01;31:*.bz=01;31:*.tbz=01;31:*.tbz2=01;31:*.tz=01;31:*.deb=01;31:*.rpm=01;31:*.jar=01;31:*.war=01;31:*.ear=01;31:*.sar=01;31:*.rar=01;31:*.alz=01;31:*.ace=01;31:*.zoo=01;31:*.cpio=01;31:*.7z=01;31:*.rz=01;31:*.cab=01;31:*.wim=01;31:*.swm=01;31:*.dwm=01;31:*.esd=01;31:*.avif=01;35:*.jpg=01;35:*.jpeg=01;35:*.mjpg=01;35:*.mjpeg=01;35:*.gif=01;35:*.bmp=01;35:*.pbm=01;35:*.pgm=01;35:*.ppm=01;35:*.tga=01;35:*.xbm=01;35:*.xpm=01;35:*.tif=01;35:*.tiff=01;35:*.png=01;35:*.svg=01;35:*.svgz=01;35:*.mng=01;35:*.pcx=01;35:*.mov=01;35:*.mpg=01;35:*.mpeg=01;35:*.m2v=01;35:*.mkv=01;35:*.webm=01;35:*.webp=01;35:*.ogm=01;35:*.mp4=01;35:*.m4v=01;35:*.mp4v=01;35:*.vob=01;35:*.qt=01;35:*.nuv=01;35:*.wmv=01;35:*.asf=01;35:*.rm=01;35:*.rmvb=01;35:*.flc=01;35:*.avi=01;35:*.fli=01;35:*.flv=01;35:*.gl=01;35:*.dl=01;35:*.xcf=01;35:*.xwd=01;35:*.yuv=01;35:*.cgm=01;35:*.emf=01;35:*.ogv=01;35:*.ogx=01;35:*.aac=00;36:*.au=00;36:*.flac=00;36:*.m4a=00;36:*.mid=00;36:*.midi=00;36:*.mka=00;36:*.mp3=00;36:*.mpc=00;36:*.ogg=00;36:*.ra=00;36:*.wav=00;36:*.oga=00;36:*.opus=00;36:*.spx=00;36:*.xspf=00;36:*~=00;90:*#=00;90:*.bak=00;90:*.crdownload=00;90:*.dpkg-dist=00;90:*.dpkg-new=00;90:*.dpkg-old=00;90:*.dpkg-tmp=00;90:*.old=00;90:*.orig=00;90:*.part=00;90:*.rej=00;90:*.rpmnew=00;90:*.rpmorig=00;90:*.rpmsave=00;90:*.swp=00;90:*.tmp=00;90:*.ucf-dist=00;90:*.ucf-new=00;90:*.ucf-old=00;90:', 'GNOME_TERMINAL_SERVICE': ':1.103', 'SSH_AUTH_SOCK': '/run/user/1002/keyring/ssh', 'AMENT_PREFIX_PATH': '/opt/ros/jazzy', 'SHELL': '/bin/bash', 'QT_ACCESSIBILITY': '1', 'GDMSESSION': 'ubuntu', 'LESSCLOSE': '/usr/bin/lesspipe %s %s', 'ROS_AUTOMATIC_DISCOVERY_RANGE': 'SUBNET', 'QT_IM_MODULE': 'ibus', 'PWD': '/home/csanimatronics/CS_Animatronics/build/dynamixel_sdk', 'XDG_CONFIG_DIRS': '/etc/xdg/xdg-ubuntu:/etc/xdg', 'XDG_DATA_DIRS': '/usr/share/ubuntu:/usr/share/gnome:/usr/local/share/:/usr/share/:/var/lib/snapd/desktop', 'PYTHONPATH': '/opt/ros/jazzy/lib/python3.12/site-packages', 'COLCON': '1', 'MEMORY_PRESSURE_WRITE': 'c29tZSAyMDAwMDAgMjAwMDAwMAA=', 'VTE_VERSION': '7600', 'CMAKE_PREFIX_PATH': '/opt/ros/jazzy/opt/gz_math_vendor:/opt/ros/jazzy/opt/gz_utils_vendor:/opt/ros/jazzy/opt/gz_cmake_vendor:/opt/ros/jazzy'}), 'shell': False}
[0.058560] (dynamixel_sdk_custom_interfaces) JobProgress: {'identifier': 'dynamixel_sdk_custom_interfaces', 'progress': 'cmake'}
[0.062207] (dynamixel_sdk_custom_interfaces) Command: {'cmd': ['/usr/bin/cmake', '/home/csanimatronics/CS_Animatronics/src/dynamixel_sdk_custom_interfaces', '-DCMAKE_INSTALL_PREFIX=/home/csanimatronics/CS_Animatronics/install/dynamixel_sdk_custom_interfaces'], 'cwd': '/home/csanimatronics/CS_Animatronics/build/dynamixel_sdk_custom_interfaces', 'env': OrderedDict({'LESSOPEN': '| /usr/bin/lesspipe %s', 'USER': 'csanimatronics', 'XDG_SESSION_TYPE': 'wayland', 'SHLVL': '1', 'LD_LIBRARY_PATH': '/opt/ros/jazzy/opt/rviz_ogre_vendor/lib:/opt/ros/jazzy/lib/aarch64-linux-gnu:/opt/ros/jazzy/opt/gz_math_vendor/lib:/opt/ros/jazzy/opt/gz_utils_vendor/lib:/opt/ros/jazzy/opt/gz_cmake_vendor/lib:/opt/ros/jazzy/lib', 'HOME': '/home/csanimatronics', 'OLDPWD': '/home/csanimatronics', 'DESKTOP_SESSION': 'ubuntu', 'ROS_PYTHON_VERSION': '3', 'GNOME_SHELL_SESSION_MODE': 'ubuntu', 'GTK_MODULES': 'gail:atk-bridge', 'SYSTEMD_EXEC_PID': '1641', 'GSM_SKIP_SSH_AGENT_WORKAROUND': 'true', 'DBUS_SESSION_BUS_ADDRESS': 'unix:path=/run/user/1002/bus', 'COLORTERM': 'truecolor', 'DEBUGINFOD_URLS': 'https://debuginfod.ubuntu.com', 'IM_CONFIG_PHASE': '1', 'WAYLAND_DISPLAY': 'wayland-0', 'ROS_DISTRO': 'jazzy', 'LOGNAME': 'csanimatronics', '_': '/usr/bin/colcon', 'ROS_VERSION': '2', 'MEMORY_PRESSURE_WATCH': '/sys/fs/cgroup/user.slice/user-1002.slice/user@1002.service/session.slice/org.gnome.Shell@wayland.service/memory.pressure', 'XDG_SESSION_CLASS': 'user', 'USERNAME': 'csanimatronics', 'TERM': 'xterm-256color', 'GNOME_DESKTOP_SESSION_ID': 'this-is-deprecated', 'PATH': '/opt/ros/jazzy/bin:/usr/local/sbin:/usr/local/bin:/usr/sbin:/usr/bin:/sbin:/bin:/usr/games:/usr/local/games:/snap/bin:/snap/bin', 'SESSION_MANAGER': 'local/csanimatronics-desktop:@/tmp/.ICE-unix/1612,unix/csanimatronics-desktop:/tmp/.ICE-unix/1612', 'XDG_MENU_PREFIX': 'gnome-', 'GNOME_TERMINAL_SCREEN': '/org/gnome/Terminal/screen/8dd0bfd5_2e0a_4ff1_8cc1_409d80fc8058', 'GNOME_SETUP_DISPLAY': ':1', 'XDG_RUNTIME_DIR': '/run/user/1002', 'DISPLAY': ':0', 'LANG': 'C.UTF-8', 'XDG_CURRENT_DESKTOP': 'ubuntu:GNOME', 'XMODIFIERS': '@im=ibus', 'XDG_SESSION_DESKTOP': 'ubuntu', 'XAUTHORITY': '/run/user/1002/.mutter-Xwaylandauth.N7O212', 'LS_COLORS': 'rs=0:di=01;34:ln=01;36:mh=00:pi=40;33:so=01;35:do=01;35:bd=40;33;01:cd=40;33;01:or=40;31;01:mi=00:su=37;41:sg=30;43:ca=00:tw=30;42:ow=34;42:st=37;44:ex=01;32:*.tar=01;31:*.tgz=01;31:*.arc=01;31:*.arj=01;31:*.taz=01;31:*.lha=01;31:*.lz4=01;31:*.lzh=01;31:*.lzma=01;31:*.tlz=01;31:*.txz=01;31:*.tzo=01;31:*.t7z=01;31:*.zip=01;31:*.z=01;31:*.dz=01;31:*.gz=01;31:*.lrz=01;31:*.lz=01;31:*.lzo=01;31:*.xz=01;31:*.zst=01;31:*.tzst=01;31:*.bz2=01;31:*.bz=01;31:*.tbz=01;31:*.tbz2=01;31:*.tz=01;31:*.deb=01;31:*.rpm=01;31:*.jar=01;31:*.war=01;31:*.ear=01;31:*.sar=01;31:*.rar=01;31:*.alz=01;31:*.ace=01;31:*.zoo=01;31:*.cpio=01;31:*.7z=01;31:*.rz=01;31:*.cab=01;31:*.wim=01;31:*.swm=01;31:*.dwm=01;31:*.esd=01;31:*.avif=01;35:*.jpg=01;35:*.jpeg=01;35:*.mjpg=01;35:*.mjpeg=01;35:*.gif=01;35:*.bmp=01;35:*.pbm=01;35:*.pgm=01;35:*.ppm=01;35:*.tga=01;35:*.xbm=01;35:*.xpm=01;35:*.tif=01;35:*.tiff=01;35:*.png=01;35:*.svg=01;35:*.svgz=01;35:*.mng=01;35:*.pcx=01;35:*.mov=01;35:*.mpg=01;35:*.mpeg=01;35:*.m2v=01;35:*.mkv=01;35:*.webm=01;35:*.webp=01;35:*.ogm=01;35:*.mp4=01;35:*.m4v=01;35:*.mp4v=01;35:*.vob=01;35:*.qt=01;35:*.nuv=01;35:*.wmv=01;35:*.asf=01;35:*.rm=01;35:*.rmvb=01;35:*.flc=01;35:*.avi=01;35:*.fli=01;35:*.flv=01;35:*.gl=01;35:*.dl=01;35:*.xcf=01;35:*.xwd=01;35:*.yuv=01;35:*.cgm=01;35:*.emf=01;35:*.ogv=01;35:*.ogx=01;35:*.aac=00;36:*.au=00;36:*.flac=00;36:*.m4a=00;36:*.mid=00;36:*.midi=00;36:*.mka=00;36:*.mp3=00;36:*.mpc=00;36:*.ogg=00;36:*.ra=00;36:*.wav=00;36:*.oga=00;36:*.opus=00;36:*.spx=00;36:*.xspf=00;36:*~=00;90:*#=00;90:*.bak=00;90:*.crdownload=00;90:*.dpkg-dist=00;90:*.dpkg-new=00;90:*.dpkg-old=00;90:*.dpkg-tmp=00;90:*.old=00;90:*.orig=00;90:*.part=00;90:*.rej=00;90:*.rpmnew=00;90:*.rpmorig=00;90:*.rpmsave=00;90:*.swp=00;90:*.tmp=00;90:*.ucf-dist=00;90:*.ucf-new=00;90:*.ucf-old=00;90:', 'GNOME_TERMINAL_SERVICE': ':1.103', 'SSH_AUTH_SOCK': '/run/user/1002/keyring/ssh', 'AMENT_PREFIX_PATH': '/opt/ros/jazzy', 'SHELL': '/bin/bash', 'QT_ACCESSIBILITY': '1', 'GDMSESSION': 'ubuntu', 'LESSCLOSE': '/usr/bin/lesspipe %s %s', 'ROS_AUTOMATIC_DISCOVERY_RANGE': 'SUBNET', 'QT_IM_MODULE': 'ibus', 'PWD': '/home/csanimatronics/CS_Animatronics/build/dynamixel_sdk_custom_interfaces', 'XDG_CONFIG_DIRS': '/etc/xdg/xdg-ubuntu:/etc/xdg', 'XDG_DATA_DIRS': '/usr/share/ubuntu:/usr/share/gnome:/usr/local/share/:/usr/share/:/var/lib/snapd/desktop', 'PYTHONPATH': '/opt/ros/jazzy/lib/python3.12/site-packages', 'COLCON': '1', 'MEMORY_PRESSURE_WRITE': 'c29tZSAyMDAwMDAgMjAwMDAwMAA=', 'VTE_VERSION': '7600', 'CMAKE_PREFIX_PATH': '/opt/ros/jazzy/opt/gz_math_vendor:/opt/ros/jazzy/opt/gz_utils_vendor:/opt/ros/jazzy/opt/gz_cmake_vendor:/opt/ros/jazzy'}), 'shell': False}
[0.101046] (-) TimerEvent: {}
[0.201590] (-) TimerEvent: {}
[0.229183] (motor_commands) StdoutLine: {'line': b'-- The C compiler identification is GNU 13.3.0\n'}
[0.234976] (dynamixel_sdk) StdoutLine: {'line': b'-- The C compiler identification is GNU 13.3.0\n'}
[0.257056] (dynamixel_sdk_custom_interfaces) StdoutLine: {'line': b'-- The C compiler identification is GNU 13.3.0\n'}
[0.301728] (-) TimerEvent: {}
[0.398651] (motor_commands) StdoutLine: {'line': b'-- The CXX compiler identification is GNU 13.3.0\n'}
[0.401856] (-) TimerEvent: {}
[0.406964] (dynamixel_sdk) StdoutLine: {'line': b'-- The CXX compiler identification is GNU 13.3.0\n'}
[0.427101] (dynamixel_sdk_custom_interfaces) StdoutLine: {'line': b'-- The CXX compiler identification is GNU 13.3.0\n'}
[0.441136] (motor_commands) StdoutLine: {'line': b'-- Detecting C compiler ABI info\n'}
[0.447224] (dynamixel_sdk) StdoutLine: {'line': b'-- Detecting C compiler ABI info\n'}
[0.456373] (dynamixel_sdk_custom_interfaces) StdoutLine: {'line': b'-- Detecting C compiler ABI info\n'}
[0.502298] (-) TimerEvent: {}
[0.605783] (-) TimerEvent: {}
[0.684257] (motor_commands) StdoutLine: {'line': b'-- Detecting C compiler ABI info - done\n'}
[0.701055] (dynamixel_sdk) StdoutLine: {'line': b'-- Detecting C compiler ABI info - done\n'}
[0.705686] (motor_commands) StdoutLine: {'line': b'-- Check for working C compiler: /usr/bin/cc - skipped\n'}
[0.706050] (-) TimerEvent: {}
[0.706334] (motor_commands) StdoutLine: {'line': b'-- Detecting C compile features\n'}
[0.706515] (motor_commands) StdoutLine: {'line': b'-- Detecting C compile features - done\n'}
[0.722641] (dynamixel_sdk_custom_interfaces) StdoutLine: {'line': b'-- Detecting C compiler ABI info - done\n'}
[0.729994] (dynamixel_sdk) StdoutLine: {'line': b'-- Check for working C compiler: /usr/bin/cc - skipped\n'}
[0.730376] (dynamixel_sdk) StdoutLine: {'line': b'-- Detecting C compile features\n'}
[0.734068] (dynamixel_sdk) StdoutLine: {'line': b'-- Detecting C compile features - done\n'}
[0.734450] (motor_commands) StdoutLine: {'line': b'-- Detecting CXX compiler ABI info\n'}
[0.739699] (dynamixel_sdk_custom_interfaces) StdoutLine: {'line': b'-- Check for working C compiler: /usr/bin/cc - skipped\n'}
[0.740673] (dynamixel_sdk_custom_interfaces) StdoutLine: {'line': b'-- Detecting C compile features\n'}
[0.744127] (dynamixel_sdk_custom_interfaces) StdoutLine: {'line': b'-- Detecting C compile features - done\n'}
[0.752751] (dynamixel_sdk) StdoutLine: {'line': b'-- Detecting CXX compiler ABI info\n'}
[0.762924] (dynamixel_sdk_custom_interfaces) StdoutLine: {'line': b'-- Detecting CXX compiler ABI info\n'}
[0.807272] (-) TimerEvent: {}
[0.907979] (-) TimerEvent: {}
[0.996109] (motor_commands) StdoutLine: {'line': b'-- Detecting CXX compiler ABI info - done\n'}
[1.008157] (-) TimerEvent: {}
[1.025086] (dynamixel_sdk) StdoutLine: {'line': b'-- Detecting CXX compiler ABI info - done\n'}
[1.027261] (motor_commands) StdoutLine: {'line': b'-- Check for working CXX compiler: /usr/bin/c++ - skipped\n'}
[1.032483] (motor_commands) StdoutLine: {'line': b'-- Detecting CXX compile features\n'}
[1.034626] (motor_commands) StdoutLine: {'line': b'-- Detecting CXX compile features - done\n'}
[1.041647] (motor_commands) StdoutLine: {'line': b'-- Found ament_cmake: 2.5.3 (/opt/ros/jazzy/share/ament_cmake/cmake)\n'}
[1.045900] (dynamixel_sdk_custom_interfaces) StdoutLine: {'line': b'-- Detecting CXX compiler ABI info - done\n'}
[1.048091] (dynamixel_sdk) StdoutLine: {'line': b'-- Check for working CXX compiler: /usr/bin/c++ - skipped\n'}
[1.048572] (dynamixel_sdk) StdoutLine: {'line': b'-- Detecting CXX compile features\n'}
[1.049389] (dynamixel_sdk) StdoutLine: {'line': b'-- Detecting CXX compile features - done\n'}
[1.053349] (dynamixel_sdk) StdoutLine: {'line': b'-- Found ament_cmake: 2.5.3 (/opt/ros/jazzy/share/ament_cmake/cmake)\n'}
[1.064452] (dynamixel_sdk_custom_interfaces) StdoutLine: {'line': b'-- Check for working CXX compiler: /usr/bin/c++ - skipped\n'}
[1.065899] (dynamixel_sdk_custom_interfaces) StdoutLine: {'line': b'-- Detecting CXX compile features\n'}
[1.067264] (dynamixel_sdk_custom_interfaces) StdoutLine: {'line': b'-- Detecting CXX compile features - done\n'}
[1.071715] (dynamixel_sdk_custom_interfaces) StdoutLine: {'line': b'-- Found ament_cmake: 2.5.3 (/opt/ros/jazzy/share/ament_cmake/cmake)\n'}
[1.111083] (-) TimerEvent: {}
[1.211675] (-) TimerEvent: {}
[1.312228] (-) TimerEvent: {}
[1.407092] (motor_commands) StdoutLine: {'line': b'-- Found Python3: /usr/bin/python3 (found version "3.12.3") found components: Interpreter \n'}
[1.407765] (dynamixel_sdk) StdoutLine: {'line': b'-- Found Python3: /usr/bin/python3 (found version "3.12.3") found components: Interpreter \n'}
[1.412389] (-) TimerEvent: {}
[1.444159] (dynamixel_sdk_custom_interfaces) StdoutLine: {'line': b'-- Found Python3: /usr/bin/python3 (found version "3.12.3") found components: Interpreter \n'}
[1.512487] (-) TimerEvent: {}
[1.612930] (-) TimerEvent: {}
[1.684027] (motor_commands) StdoutLine: {'line': b'-- Found builtin_interfaces: 2.0.2 (/opt/ros/jazzy/share/builtin_interfaces/cmake)\n'}
[1.693701] (dynamixel_sdk_custom_interfaces) StdoutLine: {'line': b'-- Found builtin_interfaces: 2.0.2 (/opt/ros/jazzy/share/builtin_interfaces/cmake)\n'}
[1.713036] (-) TimerEvent: {}
[1.749554] (motor_commands) StdoutLine: {'line': b'-- Found rosidl_generator_c: 4.6.5 (/opt/ros/jazzy/share/rosidl_generator_c/cmake)\n'}
[1.754344] (dynamixel_sdk_custom_interfaces) StdoutLine: {'line': b'-- Found rosidl_generator_c: 4.6.5 (/opt/ros/jazzy/share/rosidl_generator_c/cmake)\n'}
[1.773177] (motor_commands) StdoutLine: {'line': b'-- Found rosidl_generator_cpp: 4.6.5 (/opt/ros/jazzy/share/rosidl_generator_cpp/cmake)\n'}
[1.779359] (dynamixel_sdk_custom_interfaces) StdoutLine: {'line': b'-- Found rosidl_generator_cpp: 4.6.5 (/opt/ros/jazzy/share/rosidl_generator_cpp/cmake)\n'}
[1.801274] (motor_commands) StdoutLine: {'line': b'-- Using all available rosidl_typesupport_c: rosidl_typesupport_fastrtps_c;rosidl_typesupport_introspection_c\n'}
[1.805905] (dynamixel_sdk_custom_interfaces) StdoutLine: {'line': b'-- Using all available rosidl_typesupport_c: rosidl_typesupport_fastrtps_c;rosidl_typesupport_introspection_c\n'}
[1.813170] (-) TimerEvent: {}
[1.848915] (dynamixel_sdk_custom_interfaces) StdoutLine: {'line': b'-- Using all available rosidl_typesupport_cpp: rosidl_typesupport_fastrtps_cpp;rosidl_typesupport_introspection_cpp\n'}
[1.865456] (motor_commands) StdoutLine: {'line': b'-- Using all available rosidl_typesupport_cpp: rosidl_typesupport_fastrtps_cpp;rosidl_typesupport_introspection_cpp\n'}
[1.873760] (dynamixel_sdk) StdoutLine: {'line': b'-- Configuring done (1.8s)\n'}
[1.879075] (dynamixel_sdk_custom_interfaces) StdoutLine: {'line': b'-- Found rosidl_default_generators: 1.6.0 (/opt/ros/jazzy/share/rosidl_default_generators/cmake)\n'}
[1.883518] (dynamixel_sdk) StdoutLine: {'line': b'-- Generating done (0.0s)\n'}
[1.887679] (dynamixel_sdk) StdoutLine: {'line': b'-- Build files have been written to: /home/csanimatronics/CS_Animatronics/build/dynamixel_sdk\n'}
[1.894059] (motor_commands) StdoutLine: {'line': b'-- Found rosidl_default_generators: 1.6.0 (/opt/ros/jazzy/share/rosidl_default_generators/cmake)\n'}
[1.899854] (dynamixel_sdk) CommandEnded: {'returncode': 0}
[1.900872] (dynamixel_sdk_custom_interfaces) StdoutLine: {'line': b'-- Found rosidl_adapter: 4.6.5 (/opt/ros/jazzy/share/rosidl_adapter/cmake)\n'}
[1.901324] (dynamixel_sdk) JobProgress: {'identifier': 'dynamixel_sdk', 'progress': 'build'}
[1.902135] (dynamixel_sdk) Command: {'cmd': ['/usr/bin/cmake', '--build', '/home/csanimatronics/CS_Animatronics/build/dynamixel_sdk', '--', '-j4', '-l4'], 'cwd': '/home/csanimatronics/CS_Animatronics/build/dynamixel_sdk', 'env': OrderedDict({'LESSOPEN': '| /usr/bin/lesspipe %s', 'USER': 'csanimatronics', 'XDG_SESSION_TYPE': 'wayland', 'SHLVL': '1', 'LD_LIBRARY_PATH': '/opt/ros/jazzy/opt/rviz_ogre_vendor/lib:/opt/ros/jazzy/lib/aarch64-linux-gnu:/opt/ros/jazzy/opt/gz_math_vendor/lib:/opt/ros/jazzy/opt/gz_utils_vendor/lib:/opt/ros/jazzy/opt/gz_cmake_vendor/lib:/opt/ros/jazzy/lib', 'HOME': '/home/csanimatronics', 'OLDPWD': '/home/csanimatronics', 'DESKTOP_SESSION': 'ubuntu', 'ROS_PYTHON_VERSION': '3', 'GNOME_SHELL_SESSION_MODE': 'ubuntu', 'GTK_MODULES': 'gail:atk-bridge', 'SYSTEMD_EXEC_PID': '1641', 'GSM_SKIP_SSH_AGENT_WORKAROUND': 'true', 'DBUS_SESSION_BUS_ADDRESS': 'unix:path=/run/user/1002/bus', 'COLORTERM': 'truecolor', 'DEBUGINFOD_URLS': 'https://debuginfod.ubuntu.com', 'IM_CONFIG_PHASE': '1', 'WAYLAND_DISPLAY': 'wayland-0', 'ROS_DISTRO': 'jazzy', 'LOGNAME': 'csanimatronics', '_': '/usr/bin/colcon', 'ROS_VERSION': '2', 'MEMORY_PRESSURE_WATCH': '/sys/fs/cgroup/user.slice/user-1002.slice/user@1002.service/session.slice/org.gnome.Shell@wayland.service/memory.pressure', 'XDG_SESSION_CLASS': 'user', 'USERNAME': 'csanimatronics', 'TERM': 'xterm-256color', 'GNOME_DESKTOP_SESSION_ID': 'this-is-deprecated', 'PATH': '/opt/ros/jazzy/bin:/usr/local/sbin:/usr/local/bin:/usr/sbin:/usr/bin:/sbin:/bin:/usr/games:/usr/local/games:/snap/bin:/snap/bin', 'SESSION_MANAGER': 'local/csanimatronics-desktop:@/tmp/.ICE-unix/1612,unix/csanimatronics-desktop:/tmp/.ICE-unix/1612', 'XDG_MENU_PREFIX': 'gnome-', 'GNOME_TERMINAL_SCREEN': '/org/gnome/Terminal/screen/8dd0bfd5_2e0a_4ff1_8cc1_409d80fc8058', 'GNOME_SETUP_DISPLAY': ':1', 'XDG_RUNTIME_DIR': '/run/user/1002', 'DISPLAY': ':0', 'LANG': 'C.UTF-8', 'XDG_CURRENT_DESKTOP': 'ubuntu:GNOME', 'XMODIFIERS': '@im=ibus', 'XDG_SESSION_DESKTOP': 'ubuntu', 'XAUTHORITY': '/run/user/1002/.mutter-Xwaylandauth.N7O212', 'LS_COLORS': 'rs=0:di=01;34:ln=01;36:mh=00:pi=40;33:so=01;35:do=01;35:bd=40;33;01:cd=40;33;01:or=40;31;01:mi=00:su=37;41:sg=30;43:ca=00:tw=30;42:ow=34;42:st=37;44:ex=01;32:*.tar=01;31:*.tgz=01;31:*.arc=01;31:*.arj=01;31:*.taz=01;31:*.lha=01;31:*.lz4=01;31:*.lzh=01;31:*.lzma=01;31:*.tlz=01;31:*.txz=01;31:*.tzo=01;31:*.t7z=01;31:*.zip=01;31:*.z=01;31:*.dz=01;31:*.gz=01;31:*.lrz=01;31:*.lz=01;31:*.lzo=01;31:*.xz=01;31:*.zst=01;31:*.tzst=01;31:*.bz2=01;31:*.bz=01;31:*.tbz=01;31:*.tbz2=01;31:*.tz=01;31:*.deb=01;31:*.rpm=01;31:*.jar=01;31:*.war=01;31:*.ear=01;31:*.sar=01;31:*.rar=01;31:*.alz=01;31:*.ace=01;31:*.zoo=01;31:*.cpio=01;31:*.7z=01;31:*.rz=01;31:*.cab=01;31:*.wim=01;31:*.swm=01;31:*.dwm=01;31:*.esd=01;31:*.avif=01;35:*.jpg=01;35:*.jpeg=01;35:*.mjpg=01;35:*.mjpeg=01;35:*.gif=01;35:*.bmp=01;35:*.pbm=01;35:*.pgm=01;35:*.ppm=01;35:*.tga=01;35:*.xbm=01;35:*.xpm=01;35:*.tif=01;35:*.tiff=01;35:*.png=01;35:*.svg=01;35:*.svgz=01;35:*.mng=01;35:*.pcx=01;35:*.mov=01;35:*.mpg=01;35:*.mpeg=01;35:*.m2v=01;35:*.mkv=01;35:*.webm=01;35:*.webp=01;35:*.ogm=01;35:*.mp4=01;35:*.m4v=01;35:*.mp4v=01;35:*.vob=01;35:*.qt=01;35:*.nuv=01;35:*.wmv=01;35:*.asf=01;35:*.rm=01;35:*.rmvb=01;35:*.flc=01;35:*.avi=01;35:*.fli=01;35:*.flv=01;35:*.gl=01;35:*.dl=01;35:*.xcf=01;35:*.xwd=01;35:*.yuv=01;35:*.cgm=01;35:*.emf=01;35:*.ogv=01;35:*.ogx=01;35:*.aac=00;36:*.au=00;36:*.flac=00;36:*.m4a=00;36:*.mid=00;36:*.midi=00;36:*.mka=00;36:*.mp3=00;36:*.mpc=00;36:*.ogg=00;36:*.ra=00;36:*.wav=00;36:*.oga=00;36:*.opus=00;36:*.spx=00;36:*.xspf=00;36:*~=00;90:*#=00;90:*.bak=00;90:*.crdownload=00;90:*.dpkg-dist=00;90:*.dpkg-new=00;90:*.dpkg-old=00;90:*.dpkg-tmp=00;90:*.old=00;90:*.orig=00;90:*.part=00;90:*.rej=00;90:*.rpmnew=00;90:*.rpmorig=00;90:*.rpmsave=00;90:*.swp=00;90:*.tmp=00;90:*.ucf-dist=00;90:*.ucf-new=00;90:*.ucf-old=00;90:', 'GNOME_TERMINAL_SERVICE': ':1.103', 'SSH_AUTH_SOCK': '/run/user/1002/keyring/ssh', 'AMENT_PREFIX_PATH': '/opt/ros/jazzy', 'SHELL': '/bin/bash', 'QT_ACCESSIBILITY': '1', 'GDMSESSION': 'ubuntu', 'LESSCLOSE': '/usr/bin/lesspipe %s %s', 'ROS_AUTOMATIC_DISCOVERY_RANGE': 'SUBNET', 'QT_IM_MODULE': 'ibus', 'PWD': '/home/csanimatronics/CS_Animatronics/build/dynamixel_sdk', 'XDG_CONFIG_DIRS': '/etc/xdg/xdg-ubuntu:/etc/xdg', 'XDG_DATA_DIRS': '/usr/share/ubuntu:/usr/share/gnome:/usr/local/share/:/usr/share/:/var/lib/snapd/desktop', 'PYTHONPATH': '/opt/ros/jazzy/lib/python3.12/site-packages', 'COLCON': '1', 'MEMORY_PRESSURE_WRITE': 'c29tZSAyMDAwMDAgMjAwMDAwMAA=', 'VTE_VERSION': '7600', 'CMAKE_PREFIX_PATH': '/opt/ros/jazzy/opt/gz_math_vendor:/opt/ros/jazzy/opt/gz_utils_vendor:/opt/ros/jazzy/opt/gz_cmake_vendor:/opt/ros/jazzy'}), 'shell': False}
[1.913294] (-) TimerEvent: {}
[1.915430] (motor_commands) StdoutLine: {'line': b'-- Found rosidl_adapter: 4.6.5 (/opt/ros/jazzy/share/rosidl_adapter/cmake)\n'}
[2.013450] (-) TimerEvent: {}
[2.044935] (dynamixel_sdk) StdoutLine: {'line': b'[ 10%] \x1b[32mBuilding CXX object CMakeFiles/dynamixel_sdk.dir/src/dynamixel_sdk/packet_handler.cpp.o\x1b[0m\n'}
[2.064493] (dynamixel_sdk) StdoutLine: {'line': b'[ 20%] \x1b[32mBuilding CXX object CMakeFiles/dynamixel_sdk.dir/src/dynamixel_sdk/group_sync_read.cpp.o\x1b[0m\n'}
[2.079927] (dynamixel_sdk) StdoutLine: {'line': b'[ 30%] \x1b[32mBuilding CXX object CMakeFiles/dynamixel_sdk.dir/src/dynamixel_sdk/protocol2_packet_handler.cpp.o\x1b[0m\n'}
[2.088107] (dynamixel_sdk) StdoutLine: {'line': b'[ 40%] \x1b[32mBuilding CXX object CMakeFiles/dynamixel_sdk.dir/src/dynamixel_sdk/protocol1_packet_handler.cpp.o\x1b[0m\n'}
[2.113613] (-) TimerEvent: {}
[2.214384] (-) TimerEvent: {}
[2.317671] (-) TimerEvent: {}
[2.422435] (-) TimerEvent: {}
[2.513757] (controller_publisher) Command: {'cmd': ['/usr/bin/python3', '-W', 'ignore:setup.py install is deprecated', '-W', 'ignore:easy_install command is deprecated', 'setup.py', 'egg_info', '--egg-base', '../../build/controller_publisher', 'build', '--build-base', '/home/csanimatronics/CS_Animatronics/build/controller_publisher/build', 'install', '--record', '/home/csanimatronics/CS_Animatronics/build/controller_publisher/install.log', '--single-version-externally-managed', 'install_data'], 'cwd': '/home/csanimatronics/CS_Animatronics/src/controller_publisher', 'env': {'LESSOPEN': '| /usr/bin/lesspipe %s', 'USER': 'csanimatronics', 'XDG_SESSION_TYPE': 'wayland', 'SHLVL': '1', 'LD_LIBRARY_PATH': '/opt/ros/jazzy/opt/rviz_ogre_vendor/lib:/opt/ros/jazzy/lib/aarch64-linux-gnu:/opt/ros/jazzy/opt/gz_math_vendor/lib:/opt/ros/jazzy/opt/gz_utils_vendor/lib:/opt/ros/jazzy/opt/gz_cmake_vendor/lib:/opt/ros/jazzy/lib', 'HOME': '/home/csanimatronics', 'OLDPWD': '/home/csanimatronics', 'DESKTOP_SESSION': 'ubuntu', 'ROS_PYTHON_VERSION': '3', 'GNOME_SHELL_SESSION_MODE': 'ubuntu', 'GTK_MODULES': 'gail:atk-bridge', 'SYSTEMD_EXEC_PID': '1641', 'GSM_SKIP_SSH_AGENT_WORKAROUND': 'true', 'DBUS_SESSION_BUS_ADDRESS': 'unix:path=/run/user/1002/bus', 'COLORTERM': 'truecolor', 'DEBUGINFOD_URLS': 'https://debuginfod.ubuntu.com', 'IM_CONFIG_PHASE': '1', 'WAYLAND_DISPLAY': 'wayland-0', 'ROS_DISTRO': 'jazzy', 'LOGNAME': 'csanimatronics', '_': '/usr/bin/colcon', 'ROS_VERSION': '2', 'MEMORY_PRESSURE_WATCH': '/sys/fs/cgroup/user.slice/user-1002.slice/user@1002.service/session.slice/org.gnome.Shell@wayland.service/memory.pressure', 'XDG_SESSION_CLASS': 'user', 'USERNAME': 'csanimatronics', 'TERM': 'xterm-256color', 'GNOME_DESKTOP_SESSION_ID': 'this-is-deprecated', 'PATH': '/opt/ros/jazzy/bin:/usr/local/sbin:/usr/local/bin:/usr/sbin:/usr/bin:/sbin:/bin:/usr/games:/usr/local/games:/snap/bin:/snap/bin', 'SESSION_MANAGER': 'local/csanimatronics-desktop:@/tmp/.ICE-unix/1612,unix/csanimatronics-desktop:/tmp/.ICE-unix/1612', 'XDG_MENU_PREFIX': 'gnome-', 'GNOME_TERMINAL_SCREEN': '/org/gnome/Terminal/screen/8dd0bfd5_2e0a_4ff1_8cc1_409d80fc8058', 'GNOME_SETUP_DISPLAY': ':1', 'XDG_RUNTIME_DIR': '/run/user/1002', 'DISPLAY': ':0', 'LANG': 'C.UTF-8', 'XDG_CURRENT_DESKTOP': 'ubuntu:GNOME', 'XMODIFIERS': '@im=ibus', 'XDG_SESSION_DESKTOP': 'ubuntu', 'XAUTHORITY': '/run/user/1002/.mutter-Xwaylandauth.N7O212', 'LS_COLORS': 'rs=0:di=01;34:ln=01;36:mh=00:pi=40;33:so=01;35:do=01;35:bd=40;33;01:cd=40;33;01:or=40;31;01:mi=00:su=37;41:sg=30;43:ca=00:tw=30;42:ow=34;42:st=37;44:ex=01;32:*.tar=01;31:*.tgz=01;31:*.arc=01;31:*.arj=01;31:*.taz=01;31:*.lha=01;31:*.lz4=01;31:*.lzh=01;31:*.lzma=01;31:*.tlz=01;31:*.txz=01;31:*.tzo=01;31:*.t7z=01;31:*.zip=01;31:*.z=01;31:*.dz=01;31:*.gz=01;31:*.lrz=01;31:*.lz=01;31:*.lzo=01;31:*.xz=01;31:*.zst=01;31:*.tzst=01;31:*.bz2=01;31:*.bz=01;31:*.tbz=01;31:*.tbz2=01;31:*.tz=01;31:*.deb=01;31:*.rpm=01;31:*.jar=01;31:*.war=01;31:*.ear=01;31:*.sar=01;31:*.rar=01;31:*.alz=01;31:*.ace=01;31:*.zoo=01;31:*.cpio=01;31:*.7z=01;31:*.rz=01;31:*.cab=01;31:*.wim=01;31:*.swm=01;31:*.dwm=01;31:*.esd=01;31:*.avif=01;35:*.jpg=01;35:*.jpeg=01;35:*.mjpg=01;35:*.mjpeg=01;35:*.gif=01;35:*.bmp=01;35:*.pbm=01;35:*.pgm=01;35:*.ppm=01;35:*.tga=01;35:*.xbm=01;35:*.xpm=01;35:*.tif=01;35:*.tiff=01;35:*.png=01;35:*.svg=01;35:*.svgz=01;35:*.mng=01;35:*.pcx=01;35:*.mov=01;35:*.mpg=01;35:*.mpeg=01;35:*.m2v=01;35:*.mkv=01;35:*.webm=01;35:*.webp=01;35:*.ogm=01;35:*.mp4=01;35:*.m4v=01;35:*.mp4v=01;35:*.vob=01;35:*.qt=01;35:*.nuv=01;35:*.wmv=01;35:*.asf=01;35:*.rm=01;35:*.rmvb=01;35:*.flc=01;35:*.avi=01;35:*.fli=01;35:*.flv=01;35:*.gl=01;35:*.dl=01;35:*.xcf=01;35:*.xwd=01;35:*.yuv=01;35:*.cgm=01;35:*.emf=01;35:*.ogv=01;35:*.ogx=01;35:*.aac=00;36:*.au=00;36:*.flac=00;36:*.m4a=00;36:*.mid=00;36:*.midi=00;36:*.mka=00;36:*.mp3=00;36:*.mpc=00;36:*.ogg=00;36:*.ra=00;36:*.wav=00;36:*.oga=00;36:*.opus=00;36:*.spx=00;36:*.xspf=00;36:*~=00;90:*#=00;90:*.bak=00;90:*.crdownload=00;90:*.dpkg-dist=00;90:*.dpkg-new=00;90:*.dpkg-old=00;90:*.dpkg-tmp=00;90:*.old=00;90:*.orig=00;90:*.part=00;90:*.rej=00;90:*.rpmnew=00;90:*.rpmorig=00;90:*.rpmsave=00;90:*.swp=00;90:*.tmp=00;90:*.ucf-dist=00;90:*.ucf-new=00;90:*.ucf-old=00;90:', 'GNOME_TERMINAL_SERVICE': ':1.103', 'SSH_AUTH_SOCK': '/run/user/1002/keyring/ssh', 'AMENT_PREFIX_PATH': '/opt/ros/jazzy', 'SHELL': '/bin/bash', 'QT_ACCESSIBILITY': '1', 'GDMSESSION': 'ubuntu', 'LESSCLOSE': '/usr/bin/lesspipe %s %s', 'ROS_AUTOMATIC_DISCOVERY_RANGE': 'SUBNET', 'QT_IM_MODULE': 'ibus', 'PWD': '/home/csanimatronics/CS_Animatronics/build/controller_publisher', 'XDG_CONFIG_DIRS': '/etc/xdg/xdg-ubuntu:/etc/xdg', 'XDG_DATA_DIRS': '/usr/share/ubuntu:/usr/share/gnome:/usr/local/share/:/usr/share/:/var/lib/snapd/desktop', 'PYTHONPATH': '/home/csanimatronics/CS_Animatronics/build/controller_publisher/prefix_override:/usr/lib/python3/dist-packages/colcon_core/task/python/colcon_distutils_commands:/home/csanimatronics/CS_Animatronics/install/controller_publisher/lib/python3.12/site-packages:/opt/ros/jazzy/lib/python3.12/site-packages', 'COLCON': '1', 'MEMORY_PRESSURE_WRITE': 'c29tZSAyMDAwMDAgMjAwMDAwMAA=', 'VTE_VERSION': '7600', 'CMAKE_PREFIX_PATH': '/opt/ros/jazzy/opt/gz_math_vendor:/opt/ros/jazzy/opt/gz_utils_vendor:/opt/ros/jazzy/opt/gz_cmake_vendor'}, 'shell': False}
[2.526079] (-) TimerEvent: {}
[2.626843] (-) TimerEvent: {}
[2.727411] (-) TimerEvent: {}
[2.792106] (dynamixel_sdk) StdoutLine: {'line': b'[ 50%] \x1b[32mBuilding CXX object CMakeFiles/dynamixel_sdk.dir/src/dynamixel_sdk/group_sync_write.cpp.o\x1b[0m\n'}
[2.830060] (-) TimerEvent: {}
[2.930550] (-) TimerEvent: {}
[3.031159] (-) TimerEvent: {}
[3.096900] (dynamixel_sdk) StdoutLine: {'line': b'[ 60%] \x1b[32mBuilding CXX object CMakeFiles/dynamixel_sdk.dir/src/dynamixel_sdk/group_bulk_read.cpp.o\x1b[0m\n'}
[3.131297] (-) TimerEvent: {}
[3.231756] (-) TimerEvent: {}
[3.249682] (dynamixel_sdk) StdoutLine: {'line': b'[ 70%] \x1b[32mBuilding CXX object CMakeFiles/dynamixel_sdk.dir/src/dynamixel_sdk/group_bulk_write.cpp.o\x1b[0m\n'}
[3.331913] (-) TimerEvent: {}
[3.434084] (-) TimerEvent: {}
[3.534661] (-) TimerEvent: {}
[3.640173] (-) TimerEvent: {}
[3.740659] (-) TimerEvent: {}
[3.819612] (controller_publisher) StdoutLine: {'line': b'running egg_info\n'}
[3.820324] (controller_publisher) StdoutLine: {'line': b'creating ../../build/controller_publisher/controller_publisher.egg-info\n'}
[3.843050] (-) TimerEvent: {}
[3.918628] (dynamixel_sdk) StdoutLine: {'line': b'[ 80%] \x1b[32mBuilding CXX object CMakeFiles/dynamixel_sdk.dir/src/dynamixel_sdk/port_handler.cpp.o\x1b[0m\n'}
[3.938535] (controller_publisher) StdoutLine: {'line': b'writing ../../build/controller_publisher/controller_publisher.egg-info/PKG-INFO\n'}
[3.942476] (controller_publisher) StdoutLine: {'line': b'writing dependency_links to ../../build/controller_publisher/controller_publisher.egg-info/dependency_links.txt\n'}
[3.942890] (controller_publisher) StdoutLine: {'line': b'writing entry points to ../../build/controller_publisher/controller_publisher.egg-info/entry_points.txt\n'}
[3.945322] (-) TimerEvent: {}
[3.948097] (controller_publisher) StdoutLine: {'line': b'writing requirements to ../../build/controller_publisher/controller_publisher.egg-info/requires.txt\n'}
[3.948566] (controller_publisher) StdoutLine: {'line': b'writing top-level names to ../../build/controller_publisher/controller_publisher.egg-info/top_level.txt\n'}
[3.948731] (controller_publisher) StdoutLine: {'line': b"writing manifest file '../../build/controller_publisher/controller_publisher.egg-info/SOURCES.txt'\n"}
[4.047303] (-) TimerEvent: {}
[4.073525] (dynamixel_sdk) StdoutLine: {'line': b'[ 90%] \x1b[32mBuilding CXX object CMakeFiles/dynamixel_sdk.dir/src/dynamixel_sdk/port_handler_linux.cpp.o\x1b[0m\n'}
[4.149053] (-) TimerEvent: {}
[4.203100] (dynamixel_sdk_custom_interfaces) StdoutLine: {'line': b'-- Found ament_cmake_ros: 0.12.0 (/opt/ros/jazzy/share/ament_cmake_ros/cmake)\n'}
[4.207176] (controller_publisher) StdoutLine: {'line': b"reading manifest file '../../build/controller_publisher/controller_publisher.egg-info/SOURCES.txt'\n"}
[4.209130] (controller_publisher) StdoutLine: {'line': b"writing manifest file '../../build/controller_publisher/controller_publisher.egg-info/SOURCES.txt'\n"}
[4.209482] (controller_publisher) StdoutLine: {'line': b'running build\n'}
[4.213028] (controller_publisher) StdoutLine: {'line': b'running build_py\n'}
[4.213371] (controller_publisher) StdoutLine: {'line': b'creating /home/csanimatronics/CS_Animatronics/build/controller_publisher/build\n'}
[4.213523] (controller_publisher) StdoutLine: {'line': b'creating /home/csanimatronics/CS_Animatronics/build/controller_publisher/build/lib\n'}
[4.219072] (controller_publisher) StdoutLine: {'line': b'creating /home/csanimatronics/CS_Animatronics/build/controller_publisher/build/lib/controller_publisher\n'}
[4.219475] (controller_publisher) StdoutLine: {'line': b'copying controller_publisher/controller_publisher.py -> /home/csanimatronics/CS_Animatronics/build/controller_publisher/build/lib/controller_publisher\n'}
[4.219744] (controller_publisher) StdoutLine: {'line': b'copying controller_publisher/__init__.py -> /home/csanimatronics/CS_Animatronics/build/controller_publisher/build/lib/controller_publisher\n'}
[4.219903] (controller_publisher) StdoutLine: {'line': b'running install\n'}
[4.243685] (controller_publisher) StdoutLine: {'line': b'running install_lib\n'}
[4.249179] (-) TimerEvent: {}
[4.349655] (-) TimerEvent: {}
[4.367551] (controller_publisher) StdoutLine: {'line': b'creating /home/csanimatronics/CS_Animatronics/install/controller_publisher/lib/python3.12/site-packages/controller_publisher\n'}
[4.375189] (controller_publisher) StdoutLine: {'line': b'copying /home/csanimatronics/CS_Animatronics/build/controller_publisher/build/lib/controller_publisher/controller_publisher.py -> /home/csanimatronics/CS_Animatronics/install/controller_publisher/lib/python3.12/site-packages/controller_publisher\n'}
[4.375565] (controller_publisher) StdoutLine: {'line': b'copying /home/csanimatronics/CS_Animatronics/build/controller_publisher/build/lib/controller_publisher/__init__.py -> /home/csanimatronics/CS_Animatronics/install/controller_publisher/lib/python3.12/site-packages/controller_publisher\n'}
[4.375720] (controller_publisher) StdoutLine: {'line': b'byte-compiling /home/csanimatronics/CS_Animatronics/install/controller_publisher/lib/python3.12/site-packages/controller_publisher/controller_publisher.py to controller_publisher.cpython-312.pyc\n'}
[4.379837] (controller_publisher) StdoutLine: {'line': b'byte-compiling /home/csanimatronics/CS_Animatronics/install/controller_publisher/lib/python3.12/site-packages/controller_publisher/__init__.py to __init__.cpython-312.pyc\n'}
[4.380565] (controller_publisher) StdoutLine: {'line': b'running install_data\n'}
[4.380771] (controller_publisher) StdoutLine: {'line': b'creating /home/csanimatronics/CS_Animatronics/install/controller_publisher/share/ament_index\n'}
[4.380981] (controller_publisher) StdoutLine: {'line': b'creating /home/csanimatronics/CS_Animatronics/install/controller_publisher/share/ament_index/resource_index\n'}
[4.381172] (controller_publisher) StdoutLine: {'line': b'creating /home/csanimatronics/CS_Animatronics/install/controller_publisher/share/ament_index/resource_index/packages\n'}
[4.381365] (controller_publisher) StdoutLine: {'line': b'copying resource/controller_publisher -> /home/csanimatronics/CS_Animatronics/install/controller_publisher/share/ament_index/resource_index/packages\n'}
[4.381648] (controller_publisher) StdoutLine: {'line': b'copying package.xml -> /home/csanimatronics/CS_Animatronics/install/controller_publisher/share/controller_publisher\n'}
[4.384628] (controller_publisher) StdoutLine: {'line': b'running install_egg_info\n'}
[4.449771] (-) TimerEvent: {}
[4.475553] (controller_publisher) StdoutLine: {'line': b'Copying ../../build/controller_publisher/controller_publisher.egg-info to /home/csanimatronics/CS_Animatronics/install/controller_publisher/lib/python3.12/site-packages/controller_publisher-0.0.0-py3.12.egg-info\n'}
[4.478602] (controller_publisher) StdoutLine: {'line': b'running install_scripts\n'}
[4.545050] (motor_commands) StdoutLine: {'line': b'-- Found ament_cmake_ros: 0.12.0 (/opt/ros/jazzy/share/ament_cmake_ros/cmake)\n'}
[4.549903] (-) TimerEvent: {}
[4.652533] (-) TimerEvent: {}
[4.753113] (-) TimerEvent: {}
[4.817758] (controller_publisher) StdoutLine: {'line': b'Installing controller_publisher script to /home/csanimatronics/CS_Animatronics/install/controller_publisher/lib/controller_publisher\n'}
[4.821141] (controller_publisher) StdoutLine: {'line': b"writing list of installed files to '/home/csanimatronics/CS_Animatronics/build/controller_publisher/install.log'\n"}
[4.821637] (dynamixel_sdk) StdoutLine: {'line': b'[100%] \x1b[32m\x1b[1mLinking CXX shared library libdynamixel_sdk.so\x1b[0m\n'}
[4.855044] (-) TimerEvent: {}
[4.955592] (-) TimerEvent: {}
[4.986110] (controller_publisher) CommandEnded: {'returncode': 0}
[5.005880] (controller_publisher) JobEnded: {'identifier': 'controller_publisher', 'rc': 0}
[5.055713] (-) TimerEvent: {}
[5.066149] (dynamixel_sdk) StdoutLine: {'line': b'[100%] Built target dynamixel_sdk\n'}
[5.098074] (dynamixel_sdk) CommandEnded: {'returncode': 0}
[5.099588] (dynamixel_sdk) JobProgress: {'identifier': 'dynamixel_sdk', 'progress': 'install'}
[5.120525] (dynamixel_sdk) Command: {'cmd': ['/usr/bin/cmake', '--install', '/home/csanimatronics/CS_Animatronics/build/dynamixel_sdk'], 'cwd': '/home/csanimatronics/CS_Animatronics/build/dynamixel_sdk', 'env': OrderedDict({'LESSOPEN': '| /usr/bin/lesspipe %s', 'USER': 'csanimatronics', 'XDG_SESSION_TYPE': 'wayland', 'SHLVL': '1', 'LD_LIBRARY_PATH': '/opt/ros/jazzy/opt/rviz_ogre_vendor/lib:/opt/ros/jazzy/lib/aarch64-linux-gnu:/opt/ros/jazzy/opt/gz_math_vendor/lib:/opt/ros/jazzy/opt/gz_utils_vendor/lib:/opt/ros/jazzy/opt/gz_cmake_vendor/lib:/opt/ros/jazzy/lib', 'HOME': '/home/csanimatronics', 'OLDPWD': '/home/csanimatronics', 'DESKTOP_SESSION': 'ubuntu', 'ROS_PYTHON_VERSION': '3', 'GNOME_SHELL_SESSION_MODE': 'ubuntu', 'GTK_MODULES': 'gail:atk-bridge', 'SYSTEMD_EXEC_PID': '1641', 'GSM_SKIP_SSH_AGENT_WORKAROUND': 'true', 'DBUS_SESSION_BUS_ADDRESS': 'unix:path=/run/user/1002/bus', 'COLORTERM': 'truecolor', 'DEBUGINFOD_URLS': 'https://debuginfod.ubuntu.com', 'IM_CONFIG_PHASE': '1', 'WAYLAND_DISPLAY': 'wayland-0', 'ROS_DISTRO': 'jazzy', 'LOGNAME': 'csanimatronics', '_': '/usr/bin/colcon', 'ROS_VERSION': '2', 'MEMORY_PRESSURE_WATCH': '/sys/fs/cgroup/user.slice/user-1002.slice/user@1002.service/session.slice/org.gnome.Shell@wayland.service/memory.pressure', 'XDG_SESSION_CLASS': 'user', 'USERNAME': 'csanimatronics', 'TERM': 'xterm-256color', 'GNOME_DESKTOP_SESSION_ID': 'this-is-deprecated', 'PATH': '/opt/ros/jazzy/bin:/usr/local/sbin:/usr/local/bin:/usr/sbin:/usr/bin:/sbin:/bin:/usr/games:/usr/local/games:/snap/bin:/snap/bin', 'SESSION_MANAGER': 'local/csanimatronics-desktop:@/tmp/.ICE-unix/1612,unix/csanimatronics-desktop:/tmp/.ICE-unix/1612', 'XDG_MENU_PREFIX': 'gnome-', 'GNOME_TERMINAL_SCREEN': '/org/gnome/Terminal/screen/8dd0bfd5_2e0a_4ff1_8cc1_409d80fc8058', 'GNOME_SETUP_DISPLAY': ':1', 'XDG_RUNTIME_DIR': '/run/user/1002', 'DISPLAY': ':0', 'LANG': 'C.UTF-8', 'XDG_CURRENT_DESKTOP': 'ubuntu:GNOME', 'XMODIFIERS': '@im=ibus', 'XDG_SESSION_DESKTOP': 'ubuntu', 'XAUTHORITY': '/run/user/1002/.mutter-Xwaylandauth.N7O212', 'LS_COLORS': 'rs=0:di=01;34:ln=01;36:mh=00:pi=40;33:so=01;35:do=01;35:bd=40;33;01:cd=40;33;01:or=40;31;01:mi=00:su=37;41:sg=30;43:ca=00:tw=30;42:ow=34;42:st=37;44:ex=01;32:*.tar=01;31:*.tgz=01;31:*.arc=01;31:*.arj=01;31:*.taz=01;31:*.lha=01;31:*.lz4=01;31:*.lzh=01;31:*.lzma=01;31:*.tlz=01;31:*.txz=01;31:*.tzo=01;31:*.t7z=01;31:*.zip=01;31:*.z=01;31:*.dz=01;31:*.gz=01;31:*.lrz=01;31:*.lz=01;31:*.lzo=01;31:*.xz=01;31:*.zst=01;31:*.tzst=01;31:*.bz2=01;31:*.bz=01;31:*.tbz=01;31:*.tbz2=01;31:*.tz=01;31:*.deb=01;31:*.rpm=01;31:*.jar=01;31:*.war=01;31:*.ear=01;31:*.sar=01;31:*.rar=01;31:*.alz=01;31:*.ace=01;31:*.zoo=01;31:*.cpio=01;31:*.7z=01;31:*.rz=01;31:*.cab=01;31:*.wim=01;31:*.swm=01;31:*.dwm=01;31:*.esd=01;31:*.avif=01;35:*.jpg=01;35:*.jpeg=01;35:*.mjpg=01;35:*.mjpeg=01;35:*.gif=01;35:*.bmp=01;35:*.pbm=01;35:*.pgm=01;35:*.ppm=01;35:*.tga=01;35:*.xbm=01;35:*.xpm=01;35:*.tif=01;35:*.tiff=01;35:*.png=01;35:*.svg=01;35:*.svgz=01;35:*.mng=01;35:*.pcx=01;35:*.mov=01;35:*.mpg=01;35:*.mpeg=01;35:*.m2v=01;35:*.mkv=01;35:*.webm=01;35:*.webp=01;35:*.ogm=01;35:*.mp4=01;35:*.m4v=01;35:*.mp4v=01;35:*.vob=01;35:*.qt=01;35:*.nuv=01;35:*.wmv=01;35:*.asf=01;35:*.rm=01;35:*.rmvb=01;35:*.flc=01;35:*.avi=01;35:*.fli=01;35:*.flv=01;35:*.gl=01;35:*.dl=01;35:*.xcf=01;35:*.xwd=01;35:*.yuv=01;35:*.cgm=01;35:*.emf=01;35:*.ogv=01;35:*.ogx=01;35:*.aac=00;36:*.au=00;36:*.flac=00;36:*.m4a=00;36:*.mid=00;36:*.midi=00;36:*.mka=00;36:*.mp3=00;36:*.mpc=00;36:*.ogg=00;36:*.ra=00;36:*.wav=00;36:*.oga=00;36:*.opus=00;36:*.spx=00;36:*.xspf=00;36:*~=00;90:*#=00;90:*.bak=00;90:*.crdownload=00;90:*.dpkg-dist=00;90:*.dpkg-new=00;90:*.dpkg-old=00;90:*.dpkg-tmp=00;90:*.old=00;90:*.orig=00;90:*.part=00;90:*.rej=00;90:*.rpmnew=00;90:*.rpmorig=00;90:*.rpmsave=00;90:*.swp=00;90:*.tmp=00;90:*.ucf-dist=00;90:*.ucf-new=00;90:*.ucf-old=00;90:', 'GNOME_TERMINAL_SERVICE': ':1.103', 'SSH_AUTH_SOCK': '/run/user/1002/keyring/ssh', 'AMENT_PREFIX_PATH': '/opt/ros/jazzy', 'SHELL': '/bin/bash', 'QT_ACCESSIBILITY': '1', 'GDMSESSION': 'ubuntu', 'LESSCLOSE': '/usr/bin/lesspipe %s %s', 'ROS_AUTOMATIC_DISCOVERY_RANGE': 'SUBNET', 'QT_IM_MODULE': 'ibus', 'PWD': '/home/csanimatronics/CS_Animatronics/build/dynamixel_sdk', 'XDG_CONFIG_DIRS': '/etc/xdg/xdg-ubuntu:/etc/xdg', 'XDG_DATA_DIRS': '/usr/share/ubuntu:/usr/share/gnome:/usr/local/share/:/usr/share/:/var/lib/snapd/desktop', 'PYTHONPATH': '/opt/ros/jazzy/lib/python3.12/site-packages', 'COLCON': '1', 'MEMORY_PRESSURE_WRITE': 'c29tZSAyMDAwMDAgMjAwMDAwMAA=', 'VTE_VERSION': '7600', 'CMAKE_PREFIX_PATH': '/opt/ros/jazzy/opt/gz_math_vendor:/opt/ros/jazzy/opt/gz_utils_vendor:/opt/ros/jazzy/opt/gz_cmake_vendor:/opt/ros/jazzy'}), 'shell': False}
[5.137700] (dynamixel_sdk) StdoutLine: {'line': b'-- Install configuration: ""\n'}
[5.138115] (dynamixel_sdk) StdoutLine: {'line': b'-- Installing: /home/csanimatronics/CS_Animatronics/install/dynamixel_sdk/include/\n'}
[5.138268] (dynamixel_sdk) StdoutLine: {'line': b'-- Installing: /home/csanimatronics/CS_Animatronics/install/dynamixel_sdk/include//dynamixel_sdk\n'}
[5.138390] (dynamixel_sdk) StdoutLine: {'line': b'-- Installing: /home/csanimatronics/CS_Animatronics/install/dynamixel_sdk/include//dynamixel_sdk/port_handler.h\n'}
[5.138564] (dynamixel_sdk) StdoutLine: {'line': b'-- Installing: /home/csanimatronics/CS_Animatronics/install/dynamixel_sdk/include//dynamixel_sdk/protocol2_packet_handler.h\n'}
[5.138695] (dynamixel_sdk) StdoutLine: {'line': b'-- Installing: /home/csanimatronics/CS_Animatronics/install/dynamixel_sdk/include//dynamixel_sdk/group_sync_read.h\n'}
[5.138920] (dynamixel_sdk) StdoutLine: {'line': b'-- Installing: /home/csanimatronics/CS_Animatronics/install/dynamixel_sdk/include//dynamixel_sdk/port_handler_arduino.h\n'}
[5.139233] (dynamixel_sdk) StdoutLine: {'line': b'-- Installing: /home/csanimatronics/CS_Animatronics/install/dynamixel_sdk/include//dynamixel_sdk/dynamixel_sdk.h\n'}
[5.139563] (dynamixel_sdk) StdoutLine: {'line': b'-- Installing: /home/csanimatronics/CS_Animatronics/install/dynamixel_sdk/include//dynamixel_sdk/group_bulk_write.h\n'}
[5.141684] (dynamixel_sdk) StdoutLine: {'line': b'-- Installing: /home/csanimatronics/CS_Animatronics/install/dynamixel_sdk/include//dynamixel_sdk/port_handler_mac.h\n'}
[5.142046] (dynamixel_sdk) StdoutLine: {'line': b'-- Installing: /home/csanimatronics/CS_Animatronics/install/dynamixel_sdk/include//dynamixel_sdk/port_handler_windows.h\n'}
[5.143037] (dynamixel_sdk) StdoutLine: {'line': b'-- Installing: /home/csanimatronics/CS_Animatronics/install/dynamixel_sdk/include//dynamixel_sdk/packet_handler.h\n'}
[5.144121] (dynamixel_sdk) StdoutLine: {'line': b'-- Installing: /home/csanimatronics/CS_Animatronics/install/dynamixel_sdk/include//dynamixel_sdk/port_handler_linux.h\n'}
[5.144377] (dynamixel_sdk) StdoutLine: {'line': b'-- Installing: /home/csanimatronics/CS_Animatronics/install/dynamixel_sdk/include//dynamixel_sdk/group_sync_write.h\n'}
[5.144964] (dynamixel_sdk) StdoutLine: {'line': b'-- Installing: /home/csanimatronics/CS_Animatronics/install/dynamixel_sdk/include//dynamixel_sdk/protocol1_packet_handler.h\n'}
[5.145736] (dynamixel_sdk) StdoutLine: {'line': b'-- Installing: /home/csanimatronics/CS_Animatronics/install/dynamixel_sdk/include//dynamixel_sdk/group_bulk_read.h\n'}
[5.146706] (dynamixel_sdk) StdoutLine: {'line': b'-- Installing: /home/csanimatronics/CS_Animatronics/install/dynamixel_sdk/lib/libdynamixel_sdk.so\n'}
[5.148214] (dynamixel_sdk) StdoutLine: {'line': b'-- Installing: /home/csanimatronics/CS_Animatronics/install/dynamixel_sdk/share/dynamixel_sdk/environment/library_path.sh\n'}
[5.148960] (dynamixel_sdk) StdoutLine: {'line': b'-- Installing: /home/csanimatronics/CS_Animatronics/install/dynamixel_sdk/share/dynamixel_sdk/environment/library_path.dsv\n'}
[5.149857] (dynamixel_sdk) StdoutLine: {'line': b'-- Installing: /home/csanimatronics/CS_Animatronics/install/dynamixel_sdk/share/ament_index/resource_index/package_run_dependencies/dynamixel_sdk\n'}
[5.151099] (dynamixel_sdk) StdoutLine: {'line': b'-- Installing: /home/csanimatronics/CS_Animatronics/install/dynamixel_sdk/share/ament_index/resource_index/parent_prefix_path/dynamixel_sdk\n'}
[5.151841] (dynamixel_sdk) StdoutLine: {'line': b'-- Installing: /home/csanimatronics/CS_Animatronics/install/dynamixel_sdk/share/dynamixel_sdk/environment/ament_prefix_path.sh\n'}
[5.152235] (dynamixel_sdk) StdoutLine: {'line': b'-- Installing: /home/csanimatronics/CS_Animatronics/install/dynamixel_sdk/share/dynamixel_sdk/environment/ament_prefix_path.dsv\n'}
[5.152907] (dynamixel_sdk) StdoutLine: {'line': b'-- Installing: /home/csanimatronics/CS_Animatronics/install/dynamixel_sdk/share/dynamixel_sdk/environment/path.sh\n'}
[5.153875] (dynamixel_sdk) StdoutLine: {'line': b'-- Installing: /home/csanimatronics/CS_Animatronics/install/dynamixel_sdk/share/dynamixel_sdk/environment/path.dsv\n'}
[5.154110] (dynamixel_sdk) StdoutLine: {'line': b'-- Installing: /home/csanimatronics/CS_Animatronics/install/dynamixel_sdk/share/dynamixel_sdk/local_setup.bash\n'}
[5.154935] (dynamixel_sdk) StdoutLine: {'line': b'-- Installing: /home/csanimatronics/CS_Animatronics/install/dynamixel_sdk/share/dynamixel_sdk/local_setup.sh\n'}
[5.155202] (dynamixel_sdk) StdoutLine: {'line': b'-- Installing: /home/csanimatronics/CS_Animatronics/install/dynamixel_sdk/share/dynamixel_sdk/local_setup.zsh\n'}
[5.156215] (dynamixel_sdk) StdoutLine: {'line': b'-- Installing: /home/csanimatronics/CS_Animatronics/install/dynamixel_sdk/share/dynamixel_sdk/local_setup.dsv\n'}
[5.156585] (-) TimerEvent: {}
[5.158108] (dynamixel_sdk) StdoutLine: {'line': b'-- Installing: /home/csanimatronics/CS_Animatronics/install/dynamixel_sdk/share/dynamixel_sdk/package.dsv\n'}
[5.158375] (dynamixel_sdk) StdoutLine: {'line': b'-- Installing: /home/csanimatronics/CS_Animatronics/install/dynamixel_sdk/share/ament_index/resource_index/packages/dynamixel_sdk\n'}
[5.164143] (dynamixel_sdk) StdoutLine: {'line': b'-- Installing: /home/csanimatronics/CS_Animatronics/install/dynamixel_sdk/share/dynamixel_sdk/cmake/ament_cmake_export_include_directories-extras.cmake\n'}
[5.164503] (dynamixel_sdk) StdoutLine: {'line': b'-- Installing: /home/csanimatronics/CS_Animatronics/install/dynamixel_sdk/share/dynamixel_sdk/cmake/ament_cmake_export_libraries-extras.cmake\n'}
[5.164723] (dynamixel_sdk) StdoutLine: {'line': b'-- Installing: /home/csanimatronics/CS_Animatronics/install/dynamixel_sdk/share/dynamixel_sdk/cmake/dynamixel_sdkConfig.cmake\n'}
[5.164879] (dynamixel_sdk) StdoutLine: {'line': b'-- Installing: /home/csanimatronics/CS_Animatronics/install/dynamixel_sdk/share/dynamixel_sdk/cmake/dynamixel_sdkConfig-version.cmake\n'}
[5.165042] (dynamixel_sdk) StdoutLine: {'line': b'-- Installing: /home/csanimatronics/CS_Animatronics/install/dynamixel_sdk/share/dynamixel_sdk/package.xml\n'}
[5.176464] (dynamixel_sdk) CommandEnded: {'returncode': 0}
[5.211841] (dynamixel_sdk) JobEnded: {'identifier': 'dynamixel_sdk', 'rc': 0}
[5.256714] (-) TimerEvent: {}
[5.357025] (-) TimerEvent: {}
[5.457383] (-) TimerEvent: {}
[5.557781] (-) TimerEvent: {}
[5.658158] (-) TimerEvent: {}
[5.758559] (-) TimerEvent: {}
[5.854086] (dynamixel_sdk_custom_interfaces) StdoutLine: {'line': b'-- Using all available rosidl_typesupport_c: rosidl_typesupport_fastrtps_c;rosidl_typesupport_introspection_c\n'}
[5.858667] (-) TimerEvent: {}
[5.959040] (-) TimerEvent: {}
[6.050981] (motor_commands) StdoutLine: {'line': b'-- Using all available rosidl_typesupport_c: rosidl_typesupport_fastrtps_c;rosidl_typesupport_introspection_c\n'}
[6.059148] (-) TimerEvent: {}
[6.159522] (-) TimerEvent: {}
[6.259933] (-) TimerEvent: {}
[6.354213] (dynamixel_sdk_custom_interfaces) StdoutLine: {'line': b'-- Using all available rosidl_typesupport_cpp: rosidl_typesupport_fastrtps_cpp;rosidl_typesupport_introspection_cpp\n'}
[6.358079] (dynamixel_sdk_custom_interfaces) StdoutLine: {'line': b'-- Found python_cmake_module: 0.11.1 (/opt/ros/jazzy/share/python_cmake_module/cmake)\n'}
[6.359987] (-) TimerEvent: {}
[6.460300] (-) TimerEvent: {}
[6.545878] (motor_commands) StdoutLine: {'line': b'-- Using all available rosidl_typesupport_cpp: rosidl_typesupport_fastrtps_cpp;rosidl_typesupport_introspection_cpp\n'}
[6.549710] (motor_commands) StdoutLine: {'line': b'-- Found python_cmake_module: 0.11.1 (/opt/ros/jazzy/share/python_cmake_module/cmake)\n'}
[6.560454] (-) TimerEvent: {}
[6.606567] (dynamixel_sdk_custom_interfaces) StdoutLine: {'line': b'-- Found PythonExtra: /usr/bin/python3  \n'}
[6.660557] (-) TimerEvent: {}
[6.760932] (-) TimerEvent: {}
[6.797211] (motor_commands) StdoutLine: {'line': b'-- Found PythonExtra: /usr/bin/python3  \n'}
[6.861008] (-) TimerEvent: {}
[6.961375] (-) TimerEvent: {}
[7.061814] (-) TimerEvent: {}
[7.162177] (-) TimerEvent: {}
[7.262501] (-) TimerEvent: {}
[7.362863] (-) TimerEvent: {}
[7.429194] (dynamixel_sdk_custom_interfaces) StdoutLine: {'line': b'-- Found Python3: /usr/bin/python3 (found version "3.12.3") found components: Interpreter Development NumPy Development.Module Development.Embed \n'}
[7.462978] (-) TimerEvent: {}
[7.495838] (dynamixel_sdk_custom_interfaces) StdoutLine: {'line': b'-- Configuring done (7.4s)\n'}
[7.552243] (dynamixel_sdk_custom_interfaces) StdoutLine: {'line': b'-- Generating done (0.0s)\n'}
[7.563086] (-) TimerEvent: {}
[7.577005] (dynamixel_sdk_custom_interfaces) StdoutLine: {'line': b'-- Build files have been written to: /home/csanimatronics/CS_Animatronics/build/dynamixel_sdk_custom_interfaces\n'}
[7.592172] (dynamixel_sdk_custom_interfaces) CommandEnded: {'returncode': 0}
[7.593157] (dynamixel_sdk_custom_interfaces) JobProgress: {'identifier': 'dynamixel_sdk_custom_interfaces', 'progress': 'build'}
[7.593568] (dynamixel_sdk_custom_interfaces) Command: {'cmd': ['/usr/bin/cmake', '--build', '/home/csanimatronics/CS_Animatronics/build/dynamixel_sdk_custom_interfaces', '--', '-j4', '-l4'], 'cwd': '/home/csanimatronics/CS_Animatronics/build/dynamixel_sdk_custom_interfaces', 'env': OrderedDict({'LESSOPEN': '| /usr/bin/lesspipe %s', 'USER': 'csanimatronics', 'XDG_SESSION_TYPE': 'wayland', 'SHLVL': '1', 'LD_LIBRARY_PATH': '/opt/ros/jazzy/opt/rviz_ogre_vendor/lib:/opt/ros/jazzy/lib/aarch64-linux-gnu:/opt/ros/jazzy/opt/gz_math_vendor/lib:/opt/ros/jazzy/opt/gz_utils_vendor/lib:/opt/ros/jazzy/opt/gz_cmake_vendor/lib:/opt/ros/jazzy/lib', 'HOME': '/home/csanimatronics', 'OLDPWD': '/home/csanimatronics', 'DESKTOP_SESSION': 'ubuntu', 'ROS_PYTHON_VERSION': '3', 'GNOME_SHELL_SESSION_MODE': 'ubuntu', 'GTK_MODULES': 'gail:atk-bridge', 'SYSTEMD_EXEC_PID': '1641', 'GSM_SKIP_SSH_AGENT_WORKAROUND': 'true', 'DBUS_SESSION_BUS_ADDRESS': 'unix:path=/run/user/1002/bus', 'COLORTERM': 'truecolor', 'DEBUGINFOD_URLS': 'https://debuginfod.ubuntu.com', 'IM_CONFIG_PHASE': '1', 'WAYLAND_DISPLAY': 'wayland-0', 'ROS_DISTRO': 'jazzy', 'LOGNAME': 'csanimatronics', '_': '/usr/bin/colcon', 'ROS_VERSION': '2', 'MEMORY_PRESSURE_WATCH': '/sys/fs/cgroup/user.slice/user-1002.slice/user@1002.service/session.slice/org.gnome.Shell@wayland.service/memory.pressure', 'XDG_SESSION_CLASS': 'user', 'USERNAME': 'csanimatronics', 'TERM': 'xterm-256color', 'GNOME_DESKTOP_SESSION_ID': 'this-is-deprecated', 'PATH': '/opt/ros/jazzy/bin:/usr/local/sbin:/usr/local/bin:/usr/sbin:/usr/bin:/sbin:/bin:/usr/games:/usr/local/games:/snap/bin:/snap/bin', 'SESSION_MANAGER': 'local/csanimatronics-desktop:@/tmp/.ICE-unix/1612,unix/csanimatronics-desktop:/tmp/.ICE-unix/1612', 'XDG_MENU_PREFIX': 'gnome-', 'GNOME_TERMINAL_SCREEN': '/org/gnome/Terminal/screen/8dd0bfd5_2e0a_4ff1_8cc1_409d80fc8058', 'GNOME_SETUP_DISPLAY': ':1', 'XDG_RUNTIME_DIR': '/run/user/1002', 'DISPLAY': ':0', 'LANG': 'C.UTF-8', 'XDG_CURRENT_DESKTOP': 'ubuntu:GNOME', 'XMODIFIERS': '@im=ibus', 'XDG_SESSION_DESKTOP': 'ubuntu', 'XAUTHORITY': '/run/user/1002/.mutter-Xwaylandauth.N7O212', 'LS_COLORS': 'rs=0:di=01;34:ln=01;36:mh=00:pi=40;33:so=01;35:do=01;35:bd=40;33;01:cd=40;33;01:or=40;31;01:mi=00:su=37;41:sg=30;43:ca=00:tw=30;42:ow=34;42:st=37;44:ex=01;32:*.tar=01;31:*.tgz=01;31:*.arc=01;31:*.arj=01;31:*.taz=01;31:*.lha=01;31:*.lz4=01;31:*.lzh=01;31:*.lzma=01;31:*.tlz=01;31:*.txz=01;31:*.tzo=01;31:*.t7z=01;31:*.zip=01;31:*.z=01;31:*.dz=01;31:*.gz=01;31:*.lrz=01;31:*.lz=01;31:*.lzo=01;31:*.xz=01;31:*.zst=01;31:*.tzst=01;31:*.bz2=01;31:*.bz=01;31:*.tbz=01;31:*.tbz2=01;31:*.tz=01;31:*.deb=01;31:*.rpm=01;31:*.jar=01;31:*.war=01;31:*.ear=01;31:*.sar=01;31:*.rar=01;31:*.alz=01;31:*.ace=01;31:*.zoo=01;31:*.cpio=01;31:*.7z=01;31:*.rz=01;31:*.cab=01;31:*.wim=01;31:*.swm=01;31:*.dwm=01;31:*.esd=01;31:*.avif=01;35:*.jpg=01;35:*.jpeg=01;35:*.mjpg=01;35:*.mjpeg=01;35:*.gif=01;35:*.bmp=01;35:*.pbm=01;35:*.pgm=01;35:*.ppm=01;35:*.tga=01;35:*.xbm=01;35:*.xpm=01;35:*.tif=01;35:*.tiff=01;35:*.png=01;35:*.svg=01;35:*.svgz=01;35:*.mng=01;35:*.pcx=01;35:*.mov=01;35:*.mpg=01;35:*.mpeg=01;35:*.m2v=01;35:*.mkv=01;35:*.webm=01;35:*.webp=01;35:*.ogm=01;35:*.mp4=01;35:*.m4v=01;35:*.mp4v=01;35:*.vob=01;35:*.qt=01;35:*.nuv=01;35:*.wmv=01;35:*.asf=01;35:*.rm=01;35:*.rmvb=01;35:*.flc=01;35:*.avi=01;35:*.fli=01;35:*.flv=01;35:*.gl=01;35:*.dl=01;35:*.xcf=01;35:*.xwd=01;35:*.yuv=01;35:*.cgm=01;35:*.emf=01;35:*.ogv=01;35:*.ogx=01;35:*.aac=00;36:*.au=00;36:*.flac=00;36:*.m4a=00;36:*.mid=00;36:*.midi=00;36:*.mka=00;36:*.mp3=00;36:*.mpc=00;36:*.ogg=00;36:*.ra=00;36:*.wav=00;36:*.oga=00;36:*.opus=00;36:*.spx=00;36:*.xspf=00;36:*~=00;90:*#=00;90:*.bak=00;90:*.crdownload=00;90:*.dpkg-dist=00;90:*.dpkg-new=00;90:*.dpkg-old=00;90:*.dpkg-tmp=00;90:*.old=00;90:*.orig=00;90:*.part=00;90:*.rej=00;90:*.rpmnew=00;90:*.rpmorig=00;90:*.rpmsave=00;90:*.swp=00;90:*.tmp=00;90:*.ucf-dist=00;90:*.ucf-new=00;90:*.ucf-old=00;90:', 'GNOME_TERMINAL_SERVICE': ':1.103', 'SSH_AUTH_SOCK': '/run/user/1002/keyring/ssh', 'AMENT_PREFIX_PATH': '/opt/ros/jazzy', 'SHELL': '/bin/bash', 'QT_ACCESSIBILITY': '1', 'GDMSESSION': 'ubuntu', 'LESSCLOSE': '/usr/bin/lesspipe %s %s', 'ROS_AUTOMATIC_DISCOVERY_RANGE': 'SUBNET', 'QT_IM_MODULE': 'ibus', 'PWD': '/home/csanimatronics/CS_Animatronics/build/dynamixel_sdk_custom_interfaces', 'XDG_CONFIG_DIRS': '/etc/xdg/xdg-ubuntu:/etc/xdg', 'XDG_DATA_DIRS': '/usr/share/ubuntu:/usr/share/gnome:/usr/local/share/:/usr/share/:/var/lib/snapd/desktop', 'PYTHONPATH': '/opt/ros/jazzy/lib/python3.12/site-packages', 'COLCON': '1', 'MEMORY_PRESSURE_WRITE': 'c29tZSAyMDAwMDAgMjAwMDAwMAA=', 'VTE_VERSION': '7600', 'CMAKE_PREFIX_PATH': '/opt/ros/jazzy/opt/gz_math_vendor:/opt/ros/jazzy/opt/gz_utils_vendor:/opt/ros/jazzy/opt/gz_cmake_vendor:/opt/ros/jazzy'}), 'shell': False}
[7.614614] (motor_commands) StdoutLine: {'line': b'-- Found Python3: /usr/bin/python3 (found version "3.12.3") found components: Interpreter Development NumPy Development.Module Development.Embed \n'}
[7.665073] (-) TimerEvent: {}
[7.690259] (motor_commands) StdoutLine: {'line': b'-- Configuring done (7.6s)\n'}
[7.693043] (dynamixel_sdk_custom_interfaces) StdoutLine: {'line': b'[  2%] \x1b[34m\x1b[1mGenerating type hashes for ROS interfaces\x1b[0m\n'}
[7.711130] (dynamixel_sdk_custom_interfaces) StdoutLine: {'line': b'[  2%] Built target ament_cmake_python_copy_dynamixel_sdk_custom_interfaces\n'}
[7.763069] (motor_commands) StdoutLine: {'line': b'-- Generating done (0.1s)\n'}
[7.765180] (-) TimerEvent: {}
[7.792069] (motor_commands) StdoutLine: {'line': b'-- Build files have been written to: /home/csanimatronics/CS_Animatronics/build/motor_commands\n'}
[7.809347] (motor_commands) CommandEnded: {'returncode': 0}
[7.810286] (motor_commands) JobProgress: {'identifier': 'motor_commands', 'progress': 'build'}
[7.810669] (motor_commands) Command: {'cmd': ['/usr/bin/cmake', '--build', '/home/csanimatronics/CS_Animatronics/build/motor_commands', '--', '-j4', '-l4'], 'cwd': '/home/csanimatronics/CS_Animatronics/build/motor_commands', 'env': OrderedDict({'LESSOPEN': '| /usr/bin/lesspipe %s', 'USER': 'csanimatronics', 'XDG_SESSION_TYPE': 'wayland', 'SHLVL': '1', 'LD_LIBRARY_PATH': '/opt/ros/jazzy/opt/rviz_ogre_vendor/lib:/opt/ros/jazzy/lib/aarch64-linux-gnu:/opt/ros/jazzy/opt/gz_math_vendor/lib:/opt/ros/jazzy/opt/gz_utils_vendor/lib:/opt/ros/jazzy/opt/gz_cmake_vendor/lib:/opt/ros/jazzy/lib', 'HOME': '/home/csanimatronics', 'OLDPWD': '/home/csanimatronics', 'DESKTOP_SESSION': 'ubuntu', 'ROS_PYTHON_VERSION': '3', 'GNOME_SHELL_SESSION_MODE': 'ubuntu', 'GTK_MODULES': 'gail:atk-bridge', 'SYSTEMD_EXEC_PID': '1641', 'GSM_SKIP_SSH_AGENT_WORKAROUND': 'true', 'DBUS_SESSION_BUS_ADDRESS': 'unix:path=/run/user/1002/bus', 'COLORTERM': 'truecolor', 'DEBUGINFOD_URLS': 'https://debuginfod.ubuntu.com', 'IM_CONFIG_PHASE': '1', 'WAYLAND_DISPLAY': 'wayland-0', 'ROS_DISTRO': 'jazzy', 'LOGNAME': 'csanimatronics', '_': '/usr/bin/colcon', 'ROS_VERSION': '2', 'MEMORY_PRESSURE_WATCH': '/sys/fs/cgroup/user.slice/user-1002.slice/user@1002.service/session.slice/org.gnome.Shell@wayland.service/memory.pressure', 'XDG_SESSION_CLASS': 'user', 'USERNAME': 'csanimatronics', 'TERM': 'xterm-256color', 'GNOME_DESKTOP_SESSION_ID': 'this-is-deprecated', 'PATH': '/opt/ros/jazzy/bin:/usr/local/sbin:/usr/local/bin:/usr/sbin:/usr/bin:/sbin:/bin:/usr/games:/usr/local/games:/snap/bin:/snap/bin', 'SESSION_MANAGER': 'local/csanimatronics-desktop:@/tmp/.ICE-unix/1612,unix/csanimatronics-desktop:/tmp/.ICE-unix/1612', 'XDG_MENU_PREFIX': 'gnome-', 'GNOME_TERMINAL_SCREEN': '/org/gnome/Terminal/screen/8dd0bfd5_2e0a_4ff1_8cc1_409d80fc8058', 'GNOME_SETUP_DISPLAY': ':1', 'XDG_RUNTIME_DIR': '/run/user/1002', 'DISPLAY': ':0', 'LANG': 'C.UTF-8', 'XDG_CURRENT_DESKTOP': 'ubuntu:GNOME', 'XMODIFIERS': '@im=ibus', 'XDG_SESSION_DESKTOP': 'ubuntu', 'XAUTHORITY': '/run/user/1002/.mutter-Xwaylandauth.N7O212', 'LS_COLORS': 'rs=0:di=01;34:ln=01;36:mh=00:pi=40;33:so=01;35:do=01;35:bd=40;33;01:cd=40;33;01:or=40;31;01:mi=00:su=37;41:sg=30;43:ca=00:tw=30;42:ow=34;42:st=37;44:ex=01;32:*.tar=01;31:*.tgz=01;31:*.arc=01;31:*.arj=01;31:*.taz=01;31:*.lha=01;31:*.lz4=01;31:*.lzh=01;31:*.lzma=01;31:*.tlz=01;31:*.txz=01;31:*.tzo=01;31:*.t7z=01;31:*.zip=01;31:*.z=01;31:*.dz=01;31:*.gz=01;31:*.lrz=01;31:*.lz=01;31:*.lzo=01;31:*.xz=01;31:*.zst=01;31:*.tzst=01;31:*.bz2=01;31:*.bz=01;31:*.tbz=01;31:*.tbz2=01;31:*.tz=01;31:*.deb=01;31:*.rpm=01;31:*.jar=01;31:*.war=01;31:*.ear=01;31:*.sar=01;31:*.rar=01;31:*.alz=01;31:*.ace=01;31:*.zoo=01;31:*.cpio=01;31:*.7z=01;31:*.rz=01;31:*.cab=01;31:*.wim=01;31:*.swm=01;31:*.dwm=01;31:*.esd=01;31:*.avif=01;35:*.jpg=01;35:*.jpeg=01;35:*.mjpg=01;35:*.mjpeg=01;35:*.gif=01;35:*.bmp=01;35:*.pbm=01;35:*.pgm=01;35:*.ppm=01;35:*.tga=01;35:*.xbm=01;35:*.xpm=01;35:*.tif=01;35:*.tiff=01;35:*.png=01;35:*.svg=01;35:*.svgz=01;35:*.mng=01;35:*.pcx=01;35:*.mov=01;35:*.mpg=01;35:*.mpeg=01;35:*.m2v=01;35:*.mkv=01;35:*.webm=01;35:*.webp=01;35:*.ogm=01;35:*.mp4=01;35:*.m4v=01;35:*.mp4v=01;35:*.vob=01;35:*.qt=01;35:*.nuv=01;35:*.wmv=01;35:*.asf=01;35:*.rm=01;35:*.rmvb=01;35:*.flc=01;35:*.avi=01;35:*.fli=01;35:*.flv=01;35:*.gl=01;35:*.dl=01;35:*.xcf=01;35:*.xwd=01;35:*.yuv=01;35:*.cgm=01;35:*.emf=01;35:*.ogv=01;35:*.ogx=01;35:*.aac=00;36:*.au=00;36:*.flac=00;36:*.m4a=00;36:*.mid=00;36:*.midi=00;36:*.mka=00;36:*.mp3=00;36:*.mpc=00;36:*.ogg=00;36:*.ra=00;36:*.wav=00;36:*.oga=00;36:*.opus=00;36:*.spx=00;36:*.xspf=00;36:*~=00;90:*#=00;90:*.bak=00;90:*.crdownload=00;90:*.dpkg-dist=00;90:*.dpkg-new=00;90:*.dpkg-old=00;90:*.dpkg-tmp=00;90:*.old=00;90:*.orig=00;90:*.part=00;90:*.rej=00;90:*.rpmnew=00;90:*.rpmorig=00;90:*.rpmsave=00;90:*.swp=00;90:*.tmp=00;90:*.ucf-dist=00;90:*.ucf-new=00;90:*.ucf-old=00;90:', 'GNOME_TERMINAL_SERVICE': ':1.103', 'SSH_AUTH_SOCK': '/run/user/1002/keyring/ssh', 'AMENT_PREFIX_PATH': '/opt/ros/jazzy', 'SHELL': '/bin/bash', 'QT_ACCESSIBILITY': '1', 'GDMSESSION': 'ubuntu', 'LESSCLOSE': '/usr/bin/lesspipe %s %s', 'ROS_AUTOMATIC_DISCOVERY_RANGE': 'SUBNET', 'QT_IM_MODULE': 'ibus', 'PWD': '/home/csanimatronics/CS_Animatronics/build/motor_commands', 'XDG_CONFIG_DIRS': '/etc/xdg/xdg-ubuntu:/etc/xdg', 'XDG_DATA_DIRS': '/usr/share/ubuntu:/usr/share/gnome:/usr/local/share/:/usr/share/:/var/lib/snapd/desktop', 'PYTHONPATH': '/opt/ros/jazzy/lib/python3.12/site-packages', 'COLCON': '1', 'MEMORY_PRESSURE_WRITE': 'c29tZSAyMDAwMDAgMjAwMDAwMAA=', 'VTE_VERSION': '7600', 'CMAKE_PREFIX_PATH': '/opt/ros/jazzy/opt/gz_math_vendor:/opt/ros/jazzy/opt/gz_utils_vendor:/opt/ros/jazzy/opt/gz_cmake_vendor:/opt/ros/jazzy'}), 'shell': False}
[7.865297] (-) TimerEvent: {}
[7.922199] (motor_commands) StdoutLine: {'line': b'[  2%] \x1b[34m\x1b[1mGenerating type hashes for ROS interfaces\x1b[0m\n'}
[7.945825] (motor_commands) StdoutLine: {'line': b'[  2%] Built target ament_cmake_python_copy_motor_commands\n'}
[7.965422] (-) TimerEvent: {}
[8.065885] (-) TimerEvent: {}
[8.157511] (dynamixel_sdk_custom_interfaces) StdoutLine: {'line': b'running egg_info\n'}
[8.158011] (dynamixel_sdk_custom_interfaces) StdoutLine: {'line': b'creating dynamixel_sdk_custom_interfaces.egg-info\n'}
[8.166022] (-) TimerEvent: {}
[8.198819] (dynamixel_sdk_custom_interfaces) StdoutLine: {'line': b'writing dynamixel_sdk_custom_interfaces.egg-info/PKG-INFO\n'}
[8.200073] (dynamixel_sdk_custom_interfaces) StdoutLine: {'line': b'writing dependency_links to dynamixel_sdk_custom_interfaces.egg-info/dependency_links.txt\n'}
[8.200307] (dynamixel_sdk_custom_interfaces) StdoutLine: {'line': b'writing top-level names to dynamixel_sdk_custom_interfaces.egg-info/top_level.txt\n'}
[8.203033] (dynamixel_sdk_custom_interfaces) StdoutLine: {'line': b"writing manifest file 'dynamixel_sdk_custom_interfaces.egg-info/SOURCES.txt'\n"}
[8.203417] (dynamixel_sdk_custom_interfaces) StdoutLine: {'line': b'[  2%] Built target dynamixel_sdk_custom_interfaces__rosidl_generator_type_description\n'}
[8.226734] (dynamixel_sdk_custom_interfaces) StdoutLine: {'line': b'[  4%] \x1b[34m\x1b[1mGenerating C code for ROS interfaces\x1b[0m\n'}
[8.268042] (-) TimerEvent: {}
[8.288323] (dynamixel_sdk_custom_interfaces) StdoutLine: {'line': b'[  6%] \x1b[34m\x1b[1mGenerating C++ code for ROS interfaces\x1b[0m\n'}
[8.368180] (-) TimerEvent: {}
[8.383575] (dynamixel_sdk_custom_interfaces) StdoutLine: {'line': b"reading manifest file 'dynamixel_sdk_custom_interfaces.egg-info/SOURCES.txt'\n"}
[8.383879] (dynamixel_sdk_custom_interfaces) StdoutLine: {'line': b"writing manifest file 'dynamixel_sdk_custom_interfaces.egg-info/SOURCES.txt'\n"}
[8.463354] (motor_commands) StdoutLine: {'line': b'[  2%] Built target motor_commands__rosidl_generator_type_description\n'}
[8.468371] (-) TimerEvent: {}
[8.474391] (motor_commands) StdoutLine: {'line': b'running egg_info\n'}
[8.483097] (motor_commands) StdoutLine: {'line': b'creating motor_commands.egg-info\n'}
[8.527624] (motor_commands) StdoutLine: {'line': b'writing motor_commands.egg-info/PKG-INFO\n'}
[8.528255] (motor_commands) StdoutLine: {'line': b'writing dependency_links to motor_commands.egg-info/dependency_links.txt\n'}
[8.529060] (motor_commands) StdoutLine: {'line': b'writing top-level names to motor_commands.egg-info/top_level.txt\n'}
[8.532034] (motor_commands) StdoutLine: {'line': b"writing manifest file 'motor_commands.egg-info/SOURCES.txt'\n"}
[8.532772] (dynamixel_sdk_custom_interfaces) StdoutLine: {'line': b'[  6%] Built target ament_cmake_python_build_dynamixel_sdk_custom_interfaces_egg\n'}
[8.539831] (motor_commands) StdoutLine: {'line': b'[  4%] \x1b[34m\x1b[1mGenerating C code for ROS interfaces\x1b[0m\n'}
[8.568473] (-) TimerEvent: {}
[8.581380] (motor_commands) StdoutLine: {'line': b'[  6%] \x1b[34m\x1b[1mGenerating C++ code for ROS interfaces\x1b[0m\n'}
[8.638633] (motor_commands) StdoutLine: {'line': b"reading manifest file 'motor_commands.egg-info/SOURCES.txt'\n"}
[8.642059] (motor_commands) StdoutLine: {'line': b"writing manifest file 'motor_commands.egg-info/SOURCES.txt'\n"}
[8.668619] (-) TimerEvent: {}
[8.769069] (-) TimerEvent: {}
[8.769777] (motor_commands) StdoutLine: {'line': b'[  6%] Built target ament_cmake_python_build_motor_commands_egg\n'}
[8.872018] (-) TimerEvent: {}
[8.972426] (-) TimerEvent: {}
[9.072879] (-) TimerEvent: {}
[9.176069] (-) TimerEvent: {}
[9.229606] (dynamixel_sdk_custom_interfaces) StdoutLine: {'line': b'[  9%] \x1b[32mBuilding C object CMakeFiles/dynamixel_sdk_custom_interfaces__rosidl_generator_c.dir/rosidl_generator_c/dynamixel_sdk_custom_interfaces/msg/detail/set_position__description.c.o\x1b[0m\n'}
[9.280264] (-) TimerEvent: {}
[9.289628] (dynamixel_sdk_custom_interfaces) StdoutLine: {'line': b'[ 11%] \x1b[32mBuilding C object CMakeFiles/dynamixel_sdk_custom_interfaces__rosidl_generator_c.dir/rosidl_generator_c/dynamixel_sdk_custom_interfaces/msg/detail/set_position__functions.c.o\x1b[0m\n'}
[9.318180] (dynamixel_sdk_custom_interfaces) StdoutLine: {'line': b'[ 13%] \x1b[32mBuilding C object CMakeFiles/dynamixel_sdk_custom_interfaces__rosidl_generator_c.dir/rosidl_generator_c/dynamixel_sdk_custom_interfaces/msg/detail/set_position__type_support.c.o\x1b[0m\n'}
[9.330480] (dynamixel_sdk_custom_interfaces) StdoutLine: {'line': b'[ 13%] Built target dynamixel_sdk_custom_interfaces__cpp\n'}
[9.380618] (-) TimerEvent: {}
[9.389361] (dynamixel_sdk_custom_interfaces) StdoutLine: {'line': b'[ 15%] \x1b[32mBuilding C object CMakeFiles/dynamixel_sdk_custom_interfaces__rosidl_generator_c.dir/rosidl_generator_c/dynamixel_sdk_custom_interfaces/srv/detail/get_position__description.c.o\x1b[0m\n'}
[9.432824] (dynamixel_sdk_custom_interfaces) StdoutLine: {'line': b'[ 18%] \x1b[32mBuilding C object CMakeFiles/dynamixel_sdk_custom_interfaces__rosidl_generator_c.dir/rosidl_generator_c/dynamixel_sdk_custom_interfaces/srv/detail/get_position__functions.c.o\x1b[0m\n'}
[9.468063] (dynamixel_sdk_custom_interfaces) StdoutLine: {'line': b'[ 20%] \x1b[32mBuilding C object CMakeFiles/dynamixel_sdk_custom_interfaces__rosidl_generator_c.dir/rosidl_generator_c/dynamixel_sdk_custom_interfaces/srv/detail/get_position__type_support.c.o\x1b[0m\n'}
[9.480767] (-) TimerEvent: {}
[9.581435] (-) TimerEvent: {}
[9.591122] (motor_commands) StdoutLine: {'line': b'[  9%] \x1b[32mBuilding C object CMakeFiles/motor_commands__rosidl_generator_c.dir/rosidl_generator_c/motor_commands/msg/detail/id_angle__description.c.o\x1b[0m\n'}
[9.600811] (motor_commands) StdoutLine: {'line': b'[ 13%] \x1b[32mBuilding C object CMakeFiles/motor_commands__rosidl_generator_c.dir/rosidl_generator_c/motor_commands/msg/detail/id_angle__functions.c.o\x1b[0m\n'}
[9.601345] (motor_commands) StdoutLine: {'line': b'[ 13%] \x1b[32mBuilding C object CMakeFiles/motor_commands__rosidl_generator_c.dir/rosidl_generator_c/motor_commands/msg/detail/id_angle__type_support.c.o\x1b[0m\n'}
[9.623603] (motor_commands) StdoutLine: {'line': b'[ 13%] Built target motor_commands__cpp\n'}
[9.665100] (motor_commands) StdoutLine: {'line': b'[ 15%] \x1b[32mBuilding C object CMakeFiles/motor_commands__rosidl_generator_c.dir/rosidl_generator_c/motor_commands/srv/detail/get_motor_states__description.c.o\x1b[0m\n'}
[9.681626] (-) TimerEvent: {}
[9.688241] (motor_commands) StdoutLine: {'line': b'[ 18%] \x1b[32mBuilding C object CMakeFiles/motor_commands__rosidl_generator_c.dir/rosidl_generator_c/motor_commands/srv/detail/get_motor_states__type_support.c.o\x1b[0m\n'}
[9.699918] (motor_commands) StdoutLine: {'line': b'[ 20%] \x1b[32mBuilding C object CMakeFiles/motor_commands__rosidl_generator_c.dir/rosidl_generator_c/motor_commands/srv/detail/get_motor_states__functions.c.o\x1b[0m\n'}
[9.736089] (dynamixel_sdk_custom_interfaces) StdoutLine: {'line': b'[ 22%] \x1b[32m\x1b[1mLinking C shared library libdynamixel_sdk_custom_interfaces__rosidl_generator_c.so\x1b[0m\n'}
[9.781804] (-) TimerEvent: {}
[9.826193] (dynamixel_sdk_custom_interfaces) StdoutLine: {'line': b'[ 22%] Built target dynamixel_sdk_custom_interfaces__rosidl_generator_c\n'}
[9.850305] (dynamixel_sdk_custom_interfaces) StdoutLine: {'line': b'[ 25%] \x1b[34m\x1b[1mGenerating C++ type support for eProsima Fast-RTPS\x1b[0m\n'}
[9.850705] (dynamixel_sdk_custom_interfaces) StdoutLine: {'line': b'[ 27%] \x1b[34m\x1b[1mGenerating C introspection for ROS interfaces\x1b[0m\n'}
[9.852515] (dynamixel_sdk_custom_interfaces) StdoutLine: {'line': b'[ 29%] \x1b[34m\x1b[1mGenerating C++ introspection for ROS interfaces\x1b[0m\n'}
[9.865177] (dynamixel_sdk_custom_interfaces) StdoutLine: {'line': b'[ 31%] \x1b[34m\x1b[1mGenerating C type support dispatch for ROS interfaces\x1b[0m\n'}
[9.877814] (motor_commands) StdoutLine: {'line': b'[ 22%] \x1b[32m\x1b[1mLinking C shared library libmotor_commands__rosidl_generator_c.so\x1b[0m\n'}
[9.884043] (-) TimerEvent: {}
[9.984535] (-) TimerEvent: {}
[10.080089] (motor_commands) StdoutLine: {'line': b'[ 22%] Built target motor_commands__rosidl_generator_c\n'}
[10.084677] (-) TimerEvent: {}
[10.124554] (motor_commands) StdoutLine: {'line': b'[ 25%] \x1b[34m\x1b[1mGenerating C type support for eProsima Fast-RTPS\x1b[0m\n'}
[10.135097] (motor_commands) StdoutLine: {'line': b'[ 27%] \x1b[34m\x1b[1mGenerating C++ type support for eProsima Fast-RTPS\x1b[0m\n'}
[10.140219] (motor_commands) StdoutLine: {'line': b'[ 29%] \x1b[34m\x1b[1mGenerating C++ type support dispatch for ROS interfaces\x1b[0m\n'}
[10.148617] (motor_commands) StdoutLine: {'line': b'[ 31%] \x1b[34m\x1b[1mGenerating C introspection for ROS interfaces\x1b[0m\n'}
[10.184792] (-) TimerEvent: {}
[10.287060] (-) TimerEvent: {}
[10.387450] (-) TimerEvent: {}
[10.493032] (-) TimerEvent: {}
[10.593422] (-) TimerEvent: {}
[10.681412] (dynamixel_sdk_custom_interfaces) StdoutLine: {'line': b'[ 34%] \x1b[32mBuilding CXX object CMakeFiles/dynamixel_sdk_custom_interfaces__rosidl_typesupport_c.dir/rosidl_typesupport_c/dynamixel_sdk_custom_interfaces/msg/set_position__type_support.cpp.o\x1b[0m\n'}
[10.693531] (-) TimerEvent: {}
[10.784526] (dynamixel_sdk_custom_interfaces) StdoutLine: {'line': b'[ 36%] \x1b[32mBuilding CXX object CMakeFiles/dynamixel_sdk_custom_interfaces__rosidl_typesupport_c.dir/rosidl_typesupport_c/dynamixel_sdk_custom_interfaces/srv/get_position__type_support.cpp.o\x1b[0m\n'}
[10.793655] (-) TimerEvent: {}
[10.895122] (dynamixel_sdk_custom_interfaces) StdoutLine: {'line': b'[ 38%] \x1b[32m\x1b[1mLinking CXX shared library libdynamixel_sdk_custom_interfaces__rosidl_typesupport_c.so\x1b[0m\n'}
[10.895456] (-) TimerEvent: {}
[10.995848] (-) TimerEvent: {}
[11.023031] (dynamixel_sdk_custom_interfaces) StdoutLine: {'line': b'[ 38%] Built target dynamixel_sdk_custom_interfaces__rosidl_typesupport_c\n'}
[11.073097] (dynamixel_sdk_custom_interfaces) StdoutLine: {'line': b'[ 40%] \x1b[34m\x1b[1mGenerating C++ type support dispatch for ROS interfaces\x1b[0m\n'}
[11.096035] (-) TimerEvent: {}
[11.202039] (-) TimerEvent: {}
[11.262338] (dynamixel_sdk_custom_interfaces) StdoutLine: {'line': b'[ 43%] \x1b[32mBuilding C object CMakeFiles/dynamixel_sdk_custom_interfaces__rosidl_typesupport_introspection_c.dir/rosidl_typesupport_introspection_c/dynamixel_sdk_custom_interfaces/msg/detail/set_position__type_support.c.o\x1b[0m\n'}
[11.301390] (dynamixel_sdk_custom_interfaces) StdoutLine: {'line': b'[ 45%] \x1b[32mBuilding CXX object CMakeFiles/dynamixel_sdk_custom_interfaces__rosidl_typesupport_introspection_cpp.dir/rosidl_typesupport_introspection_cpp/dynamixel_sdk_custom_interfaces/msg/detail/set_position__type_support.cpp.o\x1b[0m\n'}
[11.305082] (-) TimerEvent: {}
[11.345229] (dynamixel_sdk_custom_interfaces) StdoutLine: {'line': b'[ 47%] \x1b[32mBuilding CXX object CMakeFiles/dynamixel_sdk_custom_interfaces__rosidl_typesupport_fastrtps_cpp.dir/rosidl_typesupport_fastrtps_cpp/dynamixel_sdk_custom_interfaces/msg/detail/dds_fastrtps/set_position__type_support.cpp.o\x1b[0m\n'}
[11.405184] (-) TimerEvent: {}
[11.470182] (dynamixel_sdk_custom_interfaces) StdoutLine: {'line': b'[ 50%] \x1b[32mBuilding C object CMakeFiles/dynamixel_sdk_custom_interfaces__rosidl_typesupport_introspection_c.dir/rosidl_typesupport_introspection_c/dynamixel_sdk_custom_interfaces/srv/detail/get_position__type_support.c.o\x1b[0m\n'}
[11.508100] (-) TimerEvent: {}
[11.510643] (motor_commands) StdoutLine: {'line': b'[ 34%] \x1b[32mBuilding CXX object CMakeFiles/motor_commands__rosidl_typesupport_cpp.dir/rosidl_typesupport_cpp/motor_commands/msg/id_angle__type_support.cpp.o\x1b[0m\n'}
[11.611097] (-) TimerEvent: {}
[11.666174] (motor_commands) StdoutLine: {'line': b'[ 36%] \x1b[32mBuilding C object CMakeFiles/motor_commands__rosidl_typesupport_introspection_c.dir/rosidl_typesupport_introspection_c/motor_commands/msg/detail/id_angle__type_support.c.o\x1b[0m\n'}
[11.711242] (-) TimerEvent: {}
[11.755149] (dynamixel_sdk_custom_interfaces) StdoutLine: {'line': b'[ 52%] \x1b[32m\x1b[1mLinking C shared library libdynamixel_sdk_custom_interfaces__rosidl_typesupport_introspection_c.so\x1b[0m\n'}
[11.811417] (-) TimerEvent: {}
[11.869350] (motor_commands) StdoutLine: {'line': b'[ 38%] \x1b[32mBuilding CXX object CMakeFiles/motor_commands__rosidl_typesupport_fastrtps_cpp.dir/rosidl_typesupport_fastrtps_cpp/motor_commands/msg/detail/dds_fastrtps/id_angle__type_support.cpp.o\x1b[0m\n'}
[11.877070] (motor_commands) StdoutLine: {'line': b'[ 40%] \x1b[32mBuilding C object CMakeFiles/motor_commands__rosidl_typesupport_introspection_c.dir/rosidl_typesupport_introspection_c/motor_commands/srv/detail/get_motor_states__type_support.c.o\x1b[0m\n'}
[11.910792] (dynamixel_sdk_custom_interfaces) StdoutLine: {'line': b'[ 52%] Built target dynamixel_sdk_custom_interfaces__rosidl_typesupport_introspection_c\n'}
[11.913339] (-) TimerEvent: {}
[11.923146] (motor_commands) StdoutLine: {'line': b'[ 43%] \x1b[32mBuilding CXX object CMakeFiles/motor_commands__rosidl_typesupport_fastrtps_c.dir/rosidl_typesupport_fastrtps_c/motor_commands/msg/detail/id_angle__type_support_c.cpp.o\x1b[0m\n'}
[11.965207] (dynamixel_sdk_custom_interfaces) StdoutLine: {'line': b'[ 54%] \x1b[34m\x1b[1mGenerating C type support for eProsima Fast-RTPS\x1b[0m\n'}
[12.015059] (-) TimerEvent: {}
[12.118040] (-) TimerEvent: {}
[12.168314] (motor_commands) StdoutLine: {'line': b'[ 45%] \x1b[32m\x1b[1mLinking C shared library libmotor_commands__rosidl_typesupport_introspection_c.so\x1b[0m\n'}
[12.218204] (-) TimerEvent: {}
[12.318699] (-) TimerEvent: {}
[12.347126] (motor_commands) StdoutLine: {'line': b'[ 45%] Built target motor_commands__rosidl_typesupport_introspection_c\n'}
[12.385834] (dynamixel_sdk_custom_interfaces) StdoutLine: {'line': b'[ 56%] \x1b[32mBuilding CXX object CMakeFiles/dynamixel_sdk_custom_interfaces__rosidl_typesupport_cpp.dir/rosidl_typesupport_cpp/dynamixel_sdk_custom_interfaces/msg/set_position__type_support.cpp.o\x1b[0m\n'}
[12.401084] (motor_commands) StdoutLine: {'line': b'[ 47%] \x1b[34m\x1b[1mGenerating C type support dispatch for ROS interfaces\x1b[0m\n'}
[12.418850] (-) TimerEvent: {}
[12.521298] (-) TimerEvent: {}
[12.621791] (-) TimerEvent: {}
[12.724036] (-) TimerEvent: {}
[12.802856] (motor_commands) StdoutLine: {'line': b'[ 50%] \x1b[32mBuilding CXX object CMakeFiles/motor_commands__rosidl_typesupport_cpp.dir/rosidl_typesupport_cpp/motor_commands/srv/get_motor_states__type_support.cpp.o\x1b[0m\n'}
[12.824187] (-) TimerEvent: {}
[12.850258] (dynamixel_sdk_custom_interfaces) StdoutLine: {'line': b'[ 59%] \x1b[32mBuilding CXX object CMakeFiles/dynamixel_sdk_custom_interfaces__rosidl_typesupport_introspection_cpp.dir/rosidl_typesupport_introspection_cpp/dynamixel_sdk_custom_interfaces/srv/detail/get_position__type_support.cpp.o\x1b[0m\n'}
[12.924361] (-) TimerEvent: {}
[13.030259] (-) TimerEvent: {}
[13.130686] (-) TimerEvent: {}
[13.234032] (-) TimerEvent: {}
[13.337090] (-) TimerEvent: {}
[13.437634] (-) TimerEvent: {}
[13.538144] (-) TimerEvent: {}
[13.615178] (motor_commands) StdoutLine: {'line': b'[ 52%] \x1b[32mBuilding CXX object CMakeFiles/motor_commands__rosidl_typesupport_c.dir/rosidl_typesupport_c/motor_commands/msg/id_angle__type_support.cpp.o\x1b[0m\n'}
[13.638281] (-) TimerEvent: {}
[13.745054] (-) TimerEvent: {}
[13.793643] (dynamixel_sdk_custom_interfaces) StdoutLine: {'line': b'[ 61%] \x1b[32mBuilding CXX object CMakeFiles/dynamixel_sdk_custom_interfaces__rosidl_typesupport_fastrtps_cpp.dir/rosidl_typesupport_fastrtps_cpp/dynamixel_sdk_custom_interfaces/srv/detail/dds_fastrtps/get_position__type_support.cpp.o\x1b[0m\n'}
[13.842889] (dynamixel_sdk_custom_interfaces) StdoutLine: {'line': b'[ 63%] \x1b[32mBuilding CXX object CMakeFiles/dynamixel_sdk_custom_interfaces__rosidl_typesupport_fastrtps_c.dir/rosidl_typesupport_fastrtps_c/dynamixel_sdk_custom_interfaces/msg/detail/set_position__type_support_c.cpp.o\x1b[0m\n'}
[13.845212] (-) TimerEvent: {}
[13.909160] (motor_commands) StdoutLine: {'line': b'[ 54%] \x1b[32mBuilding CXX object CMakeFiles/motor_commands__rosidl_typesupport_c.dir/rosidl_typesupport_c/motor_commands/srv/get_motor_states__type_support.cpp.o\x1b[0m\n'}
[13.942174] (dynamixel_sdk_custom_interfaces) StdoutLine: {'line': b'[ 65%] \x1b[32mBuilding CXX object CMakeFiles/dynamixel_sdk_custom_interfaces__rosidl_typesupport_cpp.dir/rosidl_typesupport_cpp/dynamixel_sdk_custom_interfaces/srv/get_position__type_support.cpp.o\x1b[0m\n'}
[13.948077] (-) TimerEvent: {}
[14.003178] (motor_commands) StdoutLine: {'line': b'[ 56%] \x1b[32mBuilding CXX object CMakeFiles/motor_commands__rosidl_typesupport_fastrtps_cpp.dir/rosidl_typesupport_fastrtps_cpp/motor_commands/srv/detail/dds_fastrtps/get_motor_states__type_support.cpp.o\x1b[0m\n'}
[14.048236] (-) TimerEvent: {}
[14.102152] (motor_commands) StdoutLine: {'line': b'[ 59%] \x1b[32mBuilding CXX object CMakeFiles/motor_commands__rosidl_typesupport_fastrtps_c.dir/rosidl_typesupport_fastrtps_c/motor_commands/srv/detail/get_motor_states__type_support_c.cpp.o\x1b[0m\n'}
[14.137311] (motor_commands) StdoutLine: {'line': b'[ 61%] \x1b[32m\x1b[1mLinking CXX shared library libmotor_commands__rosidl_typesupport_c.so\x1b[0m\n'}
[14.148361] (-) TimerEvent: {}
[14.250626] (-) TimerEvent: {}
[14.309902] (motor_commands) StdoutLine: {'line': b'[ 61%] Built target motor_commands__rosidl_typesupport_c\n'}
[14.353049] (-) TimerEvent: {}
[14.370454] (motor_commands) StdoutLine: {'line': b'[ 63%] \x1b[34m\x1b[1mGenerating C++ introspection for ROS interfaces\x1b[0m\n'}
[14.456076] (-) TimerEvent: {}
[14.556527] (-) TimerEvent: {}
[14.629130] (dynamixel_sdk_custom_interfaces) StdoutLine: {'line': b'[ 68%] \x1b[32m\x1b[1mLinking CXX shared library libdynamixel_sdk_custom_interfaces__rosidl_typesupport_introspection_cpp.so\x1b[0m\n'}
[14.656685] (-) TimerEvent: {}
[14.758087] (-) TimerEvent: {}
[14.844185] (dynamixel_sdk_custom_interfaces) StdoutLine: {'line': b'[ 68%] Built target dynamixel_sdk_custom_interfaces__rosidl_typesupport_introspection_cpp\n'}
[14.858222] (-) TimerEvent: {}
[14.894598] (dynamixel_sdk_custom_interfaces) StdoutLine: {'line': b'[ 70%] \x1b[32mBuilding CXX object CMakeFiles/dynamixel_sdk_custom_interfaces__rosidl_typesupport_fastrtps_c.dir/rosidl_typesupport_fastrtps_c/dynamixel_sdk_custom_interfaces/srv/detail/get_position__type_support_c.cpp.o\x1b[0m\n'}
[14.961080] (-) TimerEvent: {}
[15.061565] (-) TimerEvent: {}
[15.071186] (motor_commands) StdoutLine: {'line': b'[ 65%] \x1b[32m\x1b[1mLinking CXX shared library libmotor_commands__rosidl_typesupport_cpp.so\x1b[0m\n'}
[15.161749] (-) TimerEvent: {}
[15.262317] (-) TimerEvent: {}
[15.364099] (-) TimerEvent: {}
[15.464626] (-) TimerEvent: {}
[15.483368] (motor_commands) StdoutLine: {'line': b'[ 65%] Built target motor_commands__rosidl_typesupport_cpp\n'}
[15.564764] (-) TimerEvent: {}
[15.668099] (-) TimerEvent: {}
[15.768721] (-) TimerEvent: {}
[15.869270] (-) TimerEvent: {}
[15.916147] (motor_commands) StdoutLine: {'line': b'[ 68%] \x1b[32mBuilding CXX object CMakeFiles/motor_commands__rosidl_typesupport_introspection_cpp.dir/rosidl_typesupport_introspection_cpp/motor_commands/msg/detail/id_angle__type_support.cpp.o\x1b[0m\n'}
[15.934176] (motor_commands) StdoutLine: {'line': b'[ 70%] \x1b[32mBuilding CXX object CMakeFiles/motor_commands__rosidl_typesupport_introspection_cpp.dir/rosidl_typesupport_introspection_cpp/motor_commands/srv/detail/get_motor_states__type_support.cpp.o\x1b[0m\n'}
[15.972045] (-) TimerEvent: {}
[16.072494] (-) TimerEvent: {}
[16.119042] (dynamixel_sdk_custom_interfaces) StdoutLine: {'line': b'[ 72%] \x1b[32m\x1b[1mLinking CXX shared library libdynamixel_sdk_custom_interfaces__rosidl_typesupport_cpp.so\x1b[0m\n'}
[16.172616] (-) TimerEvent: {}
[16.273064] (-) TimerEvent: {}
[16.289597] (motor_commands) StdoutLine: {'line': b'[ 72%] \x1b[32m\x1b[1mLinking CXX shared library libmotor_commands__rosidl_typesupport_fastrtps_c.so\x1b[0m\n'}
[16.373225] (-) TimerEvent: {}
[16.473741] (-) TimerEvent: {}
[16.483164] (dynamixel_sdk_custom_interfaces) StdoutLine: {'line': b'[ 72%] Built target dynamixel_sdk_custom_interfaces__rosidl_typesupport_cpp\n'}
[16.542995] (motor_commands) StdoutLine: {'line': b'[ 72%] Built target motor_commands__rosidl_typesupport_fastrtps_c\n'}
[16.573903] (-) TimerEvent: {}
[16.675224] (-) TimerEvent: {}
[16.753065] (dynamixel_sdk_custom_interfaces) StdoutLine: {'line': b'[ 75%] \x1b[32m\x1b[1mLinking CXX shared library libdynamixel_sdk_custom_interfaces__rosidl_typesupport_fastrtps_c.so\x1b[0m\n'}
[16.775372] (-) TimerEvent: {}
[16.868043] (dynamixel_sdk_custom_interfaces) StdoutLine: {'line': b'[ 77%] \x1b[32m\x1b[1mLinking CXX shared library libdynamixel_sdk_custom_interfaces__rosidl_typesupport_fastrtps_cpp.so\x1b[0m\n'}
[16.875539] (-) TimerEvent: {}
[16.958384] (dynamixel_sdk_custom_interfaces) StdoutLine: {'line': b'[ 77%] Built target dynamixel_sdk_custom_interfaces__rosidl_typesupport_fastrtps_c\n'}
[16.975720] (-) TimerEvent: {}
[17.076400] (-) TimerEvent: {}
[17.117749] (motor_commands) StdoutLine: {'line': b'[ 75%] \x1b[32m\x1b[1mLinking CXX shared library libmotor_commands__rosidl_typesupport_fastrtps_cpp.so\x1b[0m\n'}
[17.121532] (dynamixel_sdk_custom_interfaces) StdoutLine: {'line': b'[ 77%] Built target dynamixel_sdk_custom_interfaces__rosidl_typesupport_fastrtps_cpp\n'}
[17.165166] (dynamixel_sdk_custom_interfaces) StdoutLine: {'line': b'[ 77%] Built target dynamixel_sdk_custom_interfaces\n'}
[17.176677] (-) TimerEvent: {}
[17.221746] (dynamixel_sdk_custom_interfaces) StdoutLine: {'line': b'[ 79%] \x1b[34m\x1b[1mGenerating Python code for ROS interfaces\x1b[0m\n'}
[17.276762] (-) TimerEvent: {}
[17.310645] (motor_commands) StdoutLine: {'line': b'[ 75%] Built target motor_commands__rosidl_typesupport_fastrtps_cpp\n'}
[17.376872] (-) TimerEvent: {}
[17.475794] (motor_commands) StdoutLine: {'line': b'[ 77%] \x1b[32m\x1b[1mLinking CXX shared library libmotor_commands__rosidl_typesupport_introspection_cpp.so\x1b[0m\n'}
[17.476967] (-) TimerEvent: {}
[17.577272] (-) TimerEvent: {}
[17.643858] (motor_commands) StdoutLine: {'line': b'[ 77%] Built target motor_commands__rosidl_typesupport_introspection_cpp\n'}
[17.677389] (-) TimerEvent: {}
[17.681785] (motor_commands) StdoutLine: {'line': b'[ 77%] Built target motor_commands\n'}
[17.719308] (motor_commands) StdoutLine: {'line': b'[ 79%] \x1b[34m\x1b[1mGenerating Python code for ROS interfaces\x1b[0m\n'}
[17.777492] (-) TimerEvent: {}
[17.877873] (-) TimerEvent: {}
[17.973510] (dynamixel_sdk_custom_interfaces) StdoutLine: {'line': b'[ 79%] Built target dynamixel_sdk_custom_interfaces__py\n'}
[17.978000] (-) TimerEvent: {}
[18.013713] (dynamixel_sdk_custom_interfaces) StdoutLine: {'line': b'[ 84%] \x1b[32mBuilding C object CMakeFiles/dynamixel_sdk_custom_interfaces__rosidl_generator_py.dir/rosidl_generator_py/dynamixel_sdk_custom_interfaces/srv/_get_position_s.c.o\x1b[0m\n'}
[18.014047] (dynamixel_sdk_custom_interfaces) StdoutLine: {'line': b'[ 84%] \x1b[32mBuilding C object CMakeFiles/dynamixel_sdk_custom_interfaces__rosidl_generator_py.dir/rosidl_generator_py/dynamixel_sdk_custom_interfaces/msg/_set_position_s.c.o\x1b[0m\n'}
[18.078126] (-) TimerEvent: {}
[18.178538] (-) TimerEvent: {}
[18.262232] (dynamixel_sdk_custom_interfaces) StdoutLine: {'line': b'[ 86%] \x1b[32m\x1b[1mLinking C shared library libdynamixel_sdk_custom_interfaces__rosidl_generator_py.so\x1b[0m\n'}
[18.278643] (-) TimerEvent: {}
[18.344469] (dynamixel_sdk_custom_interfaces) StdoutLine: {'line': b'[ 86%] Built target dynamixel_sdk_custom_interfaces__rosidl_generator_py\n'}
[18.379521] (-) TimerEvent: {}
[18.390831] (dynamixel_sdk_custom_interfaces) StdoutLine: {'line': b'[ 88%] \x1b[32mBuilding C object CMakeFiles/dynamixel_sdk_custom_interfaces_s__rosidl_typesupport_introspection_c.dir/rosidl_generator_py/dynamixel_sdk_custom_interfaces/_dynamixel_sdk_custom_interfaces_s.ep.rosidl_typesupport_introspection_c.c.o\x1b[0m\n'}
[18.392499] (dynamixel_sdk_custom_interfaces) StdoutLine: {'line': b'[ 90%] \x1b[32mBuilding C object CMakeFiles/dynamixel_sdk_custom_interfaces_s__rosidl_typesupport_fastrtps_c.dir/rosidl_generator_py/dynamixel_sdk_custom_interfaces/_dynamixel_sdk_custom_interfaces_s.ep.rosidl_typesupport_fastrtps_c.c.o\x1b[0m\n'}
[18.395454] (dynamixel_sdk_custom_interfaces) StdoutLine: {'line': b'[ 93%] \x1b[32mBuilding C object CMakeFiles/dynamixel_sdk_custom_interfaces_s__rosidl_typesupport_c.dir/rosidl_generator_py/dynamixel_sdk_custom_interfaces/_dynamixel_sdk_custom_interfaces_s.ep.rosidl_typesupport_c.c.o\x1b[0m\n'}
[18.481061] (-) TimerEvent: {}
[18.581570] (-) TimerEvent: {}
[18.585254] (motor_commands) StdoutLine: {'line': b'[ 79%] Built target motor_commands__py\n'}
[18.642492] (motor_commands) StdoutLine: {'line': b'[ 81%] \x1b[32mBuilding C object CMakeFiles/motor_commands__rosidl_generator_py.dir/rosidl_generator_py/motor_commands/msg/_id_angle_s.c.o\x1b[0m\n'}
[18.644477] (motor_commands) StdoutLine: {'line': b'[ 84%] \x1b[32mBuilding C object CMakeFiles/motor_commands__rosidl_generator_py.dir/rosidl_generator_py/motor_commands/srv/_get_motor_states_s.c.o\x1b[0m\n'}
[18.663276] (dynamixel_sdk_custom_interfaces) StdoutLine: {'line': b'[ 95%] \x1b[32m\x1b[1mLinking C shared module rosidl_generator_py/dynamixel_sdk_custom_interfaces/dynamixel_sdk_custom_interfaces_s__rosidl_typesupport_c.so\x1b[0m\n'}
[18.669377] (dynamixel_sdk_custom_interfaces) StdoutLine: {'line': b'[ 97%] \x1b[32m\x1b[1mLinking C shared module rosidl_generator_py/dynamixel_sdk_custom_interfaces/dynamixel_sdk_custom_interfaces_s__rosidl_typesupport_introspection_c.so\x1b[0m\n'}
[18.671490] (dynamixel_sdk_custom_interfaces) StdoutLine: {'line': b'[100%] \x1b[32m\x1b[1mLinking C shared module rosidl_generator_py/dynamixel_sdk_custom_interfaces/dynamixel_sdk_custom_interfaces_s__rosidl_typesupport_fastrtps_c.so\x1b[0m\n'}
[18.685226] (-) TimerEvent: {}
[18.768232] (dynamixel_sdk_custom_interfaces) StdoutLine: {'line': b'[100%] Built target dynamixel_sdk_custom_interfaces_s__rosidl_typesupport_c\n'}
[18.769820] (dynamixel_sdk_custom_interfaces) StdoutLine: {'line': b'[100%] Built target dynamixel_sdk_custom_interfaces_s__rosidl_typesupport_introspection_c\n'}
[18.779084] (dynamixel_sdk_custom_interfaces) StdoutLine: {'line': b'[100%] Built target dynamixel_sdk_custom_interfaces_s__rosidl_typesupport_fastrtps_c\n'}
[18.785358] (-) TimerEvent: {}
[18.814636] (dynamixel_sdk_custom_interfaces) CommandEnded: {'returncode': 0}
[18.815662] (dynamixel_sdk_custom_interfaces) JobProgress: {'identifier': 'dynamixel_sdk_custom_interfaces', 'progress': 'install'}
[18.816113] (dynamixel_sdk_custom_interfaces) Command: {'cmd': ['/usr/bin/cmake', '--install', '/home/csanimatronics/CS_Animatronics/build/dynamixel_sdk_custom_interfaces'], 'cwd': '/home/csanimatronics/CS_Animatronics/build/dynamixel_sdk_custom_interfaces', 'env': OrderedDict({'LESSOPEN': '| /usr/bin/lesspipe %s', 'USER': 'csanimatronics', 'XDG_SESSION_TYPE': 'wayland', 'SHLVL': '1', 'LD_LIBRARY_PATH': '/opt/ros/jazzy/opt/rviz_ogre_vendor/lib:/opt/ros/jazzy/lib/aarch64-linux-gnu:/opt/ros/jazzy/opt/gz_math_vendor/lib:/opt/ros/jazzy/opt/gz_utils_vendor/lib:/opt/ros/jazzy/opt/gz_cmake_vendor/lib:/opt/ros/jazzy/lib', 'HOME': '/home/csanimatronics', 'OLDPWD': '/home/csanimatronics', 'DESKTOP_SESSION': 'ubuntu', 'ROS_PYTHON_VERSION': '3', 'GNOME_SHELL_SESSION_MODE': 'ubuntu', 'GTK_MODULES': 'gail:atk-bridge', 'SYSTEMD_EXEC_PID': '1641', 'GSM_SKIP_SSH_AGENT_WORKAROUND': 'true', 'DBUS_SESSION_BUS_ADDRESS': 'unix:path=/run/user/1002/bus', 'COLORTERM': 'truecolor', 'DEBUGINFOD_URLS': 'https://debuginfod.ubuntu.com', 'IM_CONFIG_PHASE': '1', 'WAYLAND_DISPLAY': 'wayland-0', 'ROS_DISTRO': 'jazzy', 'LOGNAME': 'csanimatronics', '_': '/usr/bin/colcon', 'ROS_VERSION': '2', 'MEMORY_PRESSURE_WATCH': '/sys/fs/cgroup/user.slice/user-1002.slice/user@1002.service/session.slice/org.gnome.Shell@wayland.service/memory.pressure', 'XDG_SESSION_CLASS': 'user', 'USERNAME': 'csanimatronics', 'TERM': 'xterm-256color', 'GNOME_DESKTOP_SESSION_ID': 'this-is-deprecated', 'PATH': '/opt/ros/jazzy/bin:/usr/local/sbin:/usr/local/bin:/usr/sbin:/usr/bin:/sbin:/bin:/usr/games:/usr/local/games:/snap/bin:/snap/bin', 'SESSION_MANAGER': 'local/csanimatronics-desktop:@/tmp/.ICE-unix/1612,unix/csanimatronics-desktop:/tmp/.ICE-unix/1612', 'XDG_MENU_PREFIX': 'gnome-', 'GNOME_TERMINAL_SCREEN': '/org/gnome/Terminal/screen/8dd0bfd5_2e0a_4ff1_8cc1_409d80fc8058', 'GNOME_SETUP_DISPLAY': ':1', 'XDG_RUNTIME_DIR': '/run/user/1002', 'DISPLAY': ':0', 'LANG': 'C.UTF-8', 'XDG_CURRENT_DESKTOP': 'ubuntu:GNOME', 'XMODIFIERS': '@im=ibus', 'XDG_SESSION_DESKTOP': 'ubuntu', 'XAUTHORITY': '/run/user/1002/.mutter-Xwaylandauth.N7O212', 'LS_COLORS': 'rs=0:di=01;34:ln=01;36:mh=00:pi=40;33:so=01;35:do=01;35:bd=40;33;01:cd=40;33;01:or=40;31;01:mi=00:su=37;41:sg=30;43:ca=00:tw=30;42:ow=34;42:st=37;44:ex=01;32:*.tar=01;31:*.tgz=01;31:*.arc=01;31:*.arj=01;31:*.taz=01;31:*.lha=01;31:*.lz4=01;31:*.lzh=01;31:*.lzma=01;31:*.tlz=01;31:*.txz=01;31:*.tzo=01;31:*.t7z=01;31:*.zip=01;31:*.z=01;31:*.dz=01;31:*.gz=01;31:*.lrz=01;31:*.lz=01;31:*.lzo=01;31:*.xz=01;31:*.zst=01;31:*.tzst=01;31:*.bz2=01;31:*.bz=01;31:*.tbz=01;31:*.tbz2=01;31:*.tz=01;31:*.deb=01;31:*.rpm=01;31:*.jar=01;31:*.war=01;31:*.ear=01;31:*.sar=01;31:*.rar=01;31:*.alz=01;31:*.ace=01;31:*.zoo=01;31:*.cpio=01;31:*.7z=01;31:*.rz=01;31:*.cab=01;31:*.wim=01;31:*.swm=01;31:*.dwm=01;31:*.esd=01;31:*.avif=01;35:*.jpg=01;35:*.jpeg=01;35:*.mjpg=01;35:*.mjpeg=01;35:*.gif=01;35:*.bmp=01;35:*.pbm=01;35:*.pgm=01;35:*.ppm=01;35:*.tga=01;35:*.xbm=01;35:*.xpm=01;35:*.tif=01;35:*.tiff=01;35:*.png=01;35:*.svg=01;35:*.svgz=01;35:*.mng=01;35:*.pcx=01;35:*.mov=01;35:*.mpg=01;35:*.mpeg=01;35:*.m2v=01;35:*.mkv=01;35:*.webm=01;35:*.webp=01;35:*.ogm=01;35:*.mp4=01;35:*.m4v=01;35:*.mp4v=01;35:*.vob=01;35:*.qt=01;35:*.nuv=01;35:*.wmv=01;35:*.asf=01;35:*.rm=01;35:*.rmvb=01;35:*.flc=01;35:*.avi=01;35:*.fli=01;35:*.flv=01;35:*.gl=01;35:*.dl=01;35:*.xcf=01;35:*.xwd=01;35:*.yuv=01;35:*.cgm=01;35:*.emf=01;35:*.ogv=01;35:*.ogx=01;35:*.aac=00;36:*.au=00;36:*.flac=00;36:*.m4a=00;36:*.mid=00;36:*.midi=00;36:*.mka=00;36:*.mp3=00;36:*.mpc=00;36:*.ogg=00;36:*.ra=00;36:*.wav=00;36:*.oga=00;36:*.opus=00;36:*.spx=00;36:*.xspf=00;36:*~=00;90:*#=00;90:*.bak=00;90:*.crdownload=00;90:*.dpkg-dist=00;90:*.dpkg-new=00;90:*.dpkg-old=00;90:*.dpkg-tmp=00;90:*.old=00;90:*.orig=00;90:*.part=00;90:*.rej=00;90:*.rpmnew=00;90:*.rpmorig=00;90:*.rpmsave=00;90:*.swp=00;90:*.tmp=00;90:*.ucf-dist=00;90:*.ucf-new=00;90:*.ucf-old=00;90:', 'GNOME_TERMINAL_SERVICE': ':1.103', 'SSH_AUTH_SOCK': '/run/user/1002/keyring/ssh', 'AMENT_PREFIX_PATH': '/opt/ros/jazzy', 'SHELL': '/bin/bash', 'QT_ACCESSIBILITY': '1', 'GDMSESSION': 'ubuntu', 'LESSCLOSE': '/usr/bin/lesspipe %s %s', 'ROS_AUTOMATIC_DISCOVERY_RANGE': 'SUBNET', 'QT_IM_MODULE': 'ibus', 'PWD': '/home/csanimatronics/CS_Animatronics/build/dynamixel_sdk_custom_interfaces', 'XDG_CONFIG_DIRS': '/etc/xdg/xdg-ubuntu:/etc/xdg', 'XDG_DATA_DIRS': '/usr/share/ubuntu:/usr/share/gnome:/usr/local/share/:/usr/share/:/var/lib/snapd/desktop', 'PYTHONPATH': '/opt/ros/jazzy/lib/python3.12/site-packages', 'COLCON': '1', 'MEMORY_PRESSURE_WRITE': 'c29tZSAyMDAwMDAgMjAwMDAwMAA=', 'VTE_VERSION': '7600', 'CMAKE_PREFIX_PATH': '/opt/ros/jazzy/opt/gz_math_vendor:/opt/ros/jazzy/opt/gz_utils_vendor:/opt/ros/jazzy/opt/gz_cmake_vendor:/opt/ros/jazzy'}), 'shell': False}
[18.833873] (dynamixel_sdk_custom_interfaces) StdoutLine: {'line': b'-- Install configuration: ""\n'}
[18.834337] (dynamixel_sdk_custom_interfaces) StdoutLine: {'line': b'-- Installing: /home/csanimatronics/CS_Animatronics/install/dynamixel_sdk_custom_interfaces/share/ament_index/resource_index/rosidl_interfaces/dynamixel_sdk_custom_interfaces\n'}
[18.834558] (dynamixel_sdk_custom_interfaces) StdoutLine: {'line': b'-- Installing: /home/csanimatronics/CS_Animatronics/install/dynamixel_sdk_custom_interfaces/share/dynamixel_sdk_custom_interfaces/msg/SetPosition.json\n'}
[18.834886] (dynamixel_sdk_custom_interfaces) StdoutLine: {'line': b'-- Installing: /home/csanimatronics/CS_Animatronics/install/dynamixel_sdk_custom_interfaces/share/dynamixel_sdk_custom_interfaces/srv/GetPosition.json\n'}
[18.835120] (dynamixel_sdk_custom_interfaces) StdoutLine: {'line': b'-- Installing: /home/csanimatronics/CS_Animatronics/install/dynamixel_sdk_custom_interfaces/include/dynamixel_sdk_custom_interfaces/dynamixel_sdk_custom_interfaces\n'}
[18.835315] (dynamixel_sdk_custom_interfaces) StdoutLine: {'line': b'-- Installing: /home/csanimatronics/CS_Animatronics/install/dynamixel_sdk_custom_interfaces/include/dynamixel_sdk_custom_interfaces/dynamixel_sdk_custom_interfaces/srv\n'}
[18.835471] (dynamixel_sdk_custom_interfaces) StdoutLine: {'line': b'-- Installing: /home/csanimatronics/CS_Animatronics/install/dynamixel_sdk_custom_interfaces/include/dynamixel_sdk_custom_interfaces/dynamixel_sdk_custom_interfaces/srv/detail\n'}
[18.835626] (dynamixel_sdk_custom_interfaces) StdoutLine: {'line': b'-- Installing: /home/csanimatronics/CS_Animatronics/install/dynamixel_sdk_custom_interfaces/include/dynamixel_sdk_custom_interfaces/dynamixel_sdk_custom_interfaces/srv/detail/get_position__description.c\n'}
[18.835799] (dynamixel_sdk_custom_interfaces) StdoutLine: {'line': b'-- Installing: /home/csanimatronics/CS_Animatronics/install/dynamixel_sdk_custom_interfaces/include/dynamixel_sdk_custom_interfaces/dynamixel_sdk_custom_interfaces/srv/detail/get_position__functions.c\n'}
[18.835966] (dynamixel_sdk_custom_interfaces) StdoutLine: {'line': b'-- Installing: /home/csanimatronics/CS_Animatronics/install/dynamixel_sdk_custom_interfaces/include/dynamixel_sdk_custom_interfaces/dynamixel_sdk_custom_interfaces/srv/detail/get_position__struct.h\n'}
[18.836153] (dynamixel_sdk_custom_interfaces) StdoutLine: {'line': b'-- Installing: /home/csanimatronics/CS_Animatronics/install/dynamixel_sdk_custom_interfaces/include/dynamixel_sdk_custom_interfaces/dynamixel_sdk_custom_interfaces/srv/detail/get_position__type_support.c\n'}
[18.836333] (dynamixel_sdk_custom_interfaces) StdoutLine: {'line': b'-- Installing: /home/csanimatronics/CS_Animatronics/install/dynamixel_sdk_custom_interfaces/include/dynamixel_sdk_custom_interfaces/dynamixel_sdk_custom_interfaces/srv/detail/get_position__functions.h\n'}
[18.836495] (dynamixel_sdk_custom_interfaces) StdoutLine: {'line': b'-- Installing: /home/csanimatronics/CS_Animatronics/install/dynamixel_sdk_custom_interfaces/include/dynamixel_sdk_custom_interfaces/dynamixel_sdk_custom_interfaces/srv/detail/get_position__type_support.h\n'}
[18.836668] (dynamixel_sdk_custom_interfaces) StdoutLine: {'line': b'-- Installing: /home/csanimatronics/CS_Animatronics/install/dynamixel_sdk_custom_interfaces/include/dynamixel_sdk_custom_interfaces/dynamixel_sdk_custom_interfaces/srv/get_position.h\n'}
[18.836856] (dynamixel_sdk_custom_interfaces) StdoutLine: {'line': b'-- Installing: /home/csanimatronics/CS_Animatronics/install/dynamixel_sdk_custom_interfaces/include/dynamixel_sdk_custom_interfaces/dynamixel_sdk_custom_interfaces/msg\n'}
[18.837074] (dynamixel_sdk_custom_interfaces) StdoutLine: {'line': b'-- Installing: /home/csanimatronics/CS_Animatronics/install/dynamixel_sdk_custom_interfaces/include/dynamixel_sdk_custom_interfaces/dynamixel_sdk_custom_interfaces/msg/rosidl_generator_c__visibility_control.h\n'}
[18.837268] (dynamixel_sdk_custom_interfaces) StdoutLine: {'line': b'-- Installing: /home/csanimatronics/CS_Animatronics/install/dynamixel_sdk_custom_interfaces/include/dynamixel_sdk_custom_interfaces/dynamixel_sdk_custom_interfaces/msg/detail\n'}
[18.837443] (dynamixel_sdk_custom_interfaces) StdoutLine: {'line': b'-- Installing: /home/csanimatronics/CS_Animatronics/install/dynamixel_sdk_custom_interfaces/include/dynamixel_sdk_custom_interfaces/dynamixel_sdk_custom_interfaces/msg/detail/set_position__description.c\n'}
[18.837624] (dynamixel_sdk_custom_interfaces) StdoutLine: {'line': b'-- Installing: /home/csanimatronics/CS_Animatronics/install/dynamixel_sdk_custom_interfaces/include/dynamixel_sdk_custom_interfaces/dynamixel_sdk_custom_interfaces/msg/detail/set_position__type_support.h\n'}
[18.837789] (dynamixel_sdk_custom_interfaces) StdoutLine: {'line': b'-- Installing: /home/csanimatronics/CS_Animatronics/install/dynamixel_sdk_custom_interfaces/include/dynamixel_sdk_custom_interfaces/dynamixel_sdk_custom_interfaces/msg/detail/set_position__functions.c\n'}
[18.837992] (dynamixel_sdk_custom_interfaces) StdoutLine: {'line': b'-- Installing: /home/csanimatronics/CS_Animatronics/install/dynamixel_sdk_custom_interfaces/include/dynamixel_sdk_custom_interfaces/dynamixel_sdk_custom_interfaces/msg/detail/set_position__functions.h\n'}
[18.838210] (dynamixel_sdk_custom_interfaces) StdoutLine: {'line': b'-- Installing: /home/csanimatronics/CS_Animatronics/install/dynamixel_sdk_custom_interfaces/include/dynamixel_sdk_custom_interfaces/dynamixel_sdk_custom_interfaces/msg/detail/set_position__type_support.c\n'}
[18.838314] (dynamixel_sdk_custom_interfaces) StdoutLine: {'line': b'-- Installing: /home/csanimatronics/CS_Animatronics/install/dynamixel_sdk_custom_interfaces/include/dynamixel_sdk_custom_interfaces/dynamixel_sdk_custom_interfaces/msg/detail/set_position__struct.h\n'}
[18.838472] (dynamixel_sdk_custom_interfaces) StdoutLine: {'line': b'-- Installing: /home/csanimatronics/CS_Animatronics/install/dynamixel_sdk_custom_interfaces/include/dynamixel_sdk_custom_interfaces/dynamixel_sdk_custom_interfaces/msg/set_position.h\n'}
[18.838665] (dynamixel_sdk_custom_interfaces) StdoutLine: {'line': b'-- Installing: /home/csanimatronics/CS_Animatronics/install/dynamixel_sdk_custom_interfaces/share/dynamixel_sdk_custom_interfaces/environment/library_path.sh\n'}
[18.838857] (dynamixel_sdk_custom_interfaces) StdoutLine: {'line': b'-- Installing: /home/csanimatronics/CS_Animatronics/install/dynamixel_sdk_custom_interfaces/share/dynamixel_sdk_custom_interfaces/environment/library_path.dsv\n'}
[18.839177] (dynamixel_sdk_custom_interfaces) StdoutLine: {'line': b'-- Installing: /home/csanimatronics/CS_Animatronics/install/dynamixel_sdk_custom_interfaces/lib/libdynamixel_sdk_custom_interfaces__rosidl_generator_c.so\n'}
[18.840020] (dynamixel_sdk_custom_interfaces) StdoutLine: {'line': b'-- Set non-toolchain portion of runtime path of "/home/csanimatronics/CS_Animatronics/install/dynamixel_sdk_custom_interfaces/lib/libdynamixel_sdk_custom_interfaces__rosidl_generator_c.so" to ""\n'}
[18.840313] (dynamixel_sdk_custom_interfaces) StdoutLine: {'line': b'-- Up-to-date: /home/csanimatronics/CS_Animatronics/install/dynamixel_sdk_custom_interfaces/include/dynamixel_sdk_custom_interfaces/dynamixel_sdk_custom_interfaces\n'}
[18.840463] (dynamixel_sdk_custom_interfaces) StdoutLine: {'line': b'-- Up-to-date: /home/csanimatronics/CS_Animatronics/install/dynamixel_sdk_custom_interfaces/include/dynamixel_sdk_custom_interfaces/dynamixel_sdk_custom_interfaces/srv\n'}
[18.840703] (dynamixel_sdk_custom_interfaces) StdoutLine: {'line': b'-- Up-to-date: /home/csanimatronics/CS_Animatronics/install/dynamixel_sdk_custom_interfaces/include/dynamixel_sdk_custom_interfaces/dynamixel_sdk_custom_interfaces/srv/detail\n'}
[18.840884] (dynamixel_sdk_custom_interfaces) StdoutLine: {'line': b'-- Installing: /home/csanimatronics/CS_Animatronics/install/dynamixel_sdk_custom_interfaces/include/dynamixel_sdk_custom_interfaces/dynamixel_sdk_custom_interfaces/srv/detail/get_position__rosidl_typesupport_fastrtps_c.h\n'}
[18.841055] (dynamixel_sdk_custom_interfaces) StdoutLine: {'line': b'-- Up-to-date: /home/csanimatronics/CS_Animatronics/install/dynamixel_sdk_custom_interfaces/include/dynamixel_sdk_custom_interfaces/dynamixel_sdk_custom_interfaces/msg\n'}
[18.841287] (dynamixel_sdk_custom_interfaces) StdoutLine: {'line': b'-- Installing: /home/csanimatronics/CS_Animatronics/install/dynamixel_sdk_custom_interfaces/include/dynamixel_sdk_custom_interfaces/dynamixel_sdk_custom_interfaces/msg/rosidl_typesupport_fastrtps_c__visibility_control.h\n'}
[18.841418] (dynamixel_sdk_custom_interfaces) StdoutLine: {'line': b'-- Up-to-date: /home/csanimatronics/CS_Animatronics/install/dynamixel_sdk_custom_interfaces/include/dynamixel_sdk_custom_interfaces/dynamixel_sdk_custom_interfaces/msg/detail\n'}
[18.841522] (dynamixel_sdk_custom_interfaces) StdoutLine: {'line': b'-- Installing: /home/csanimatronics/CS_Animatronics/install/dynamixel_sdk_custom_interfaces/include/dynamixel_sdk_custom_interfaces/dynamixel_sdk_custom_interfaces/msg/detail/set_position__rosidl_typesupport_fastrtps_c.h\n'}
[18.841608] (dynamixel_sdk_custom_interfaces) StdoutLine: {'line': b'-- Installing: /home/csanimatronics/CS_Animatronics/install/dynamixel_sdk_custom_interfaces/lib/libdynamixel_sdk_custom_interfaces__rosidl_typesupport_fastrtps_c.so\n'}
[18.841852] (dynamixel_sdk_custom_interfaces) StdoutLine: {'line': b'-- Set non-toolchain portion of runtime path of "/home/csanimatronics/CS_Animatronics/install/dynamixel_sdk_custom_interfaces/lib/libdynamixel_sdk_custom_interfaces__rosidl_typesupport_fastrtps_c.so" to ""\n'}
[18.842076] (dynamixel_sdk_custom_interfaces) StdoutLine: {'line': b'-- Up-to-date: /home/csanimatronics/CS_Animatronics/install/dynamixel_sdk_custom_interfaces/include/dynamixel_sdk_custom_interfaces/dynamixel_sdk_custom_interfaces\n'}
[18.842216] (dynamixel_sdk_custom_interfaces) StdoutLine: {'line': b'-- Up-to-date: /home/csanimatronics/CS_Animatronics/install/dynamixel_sdk_custom_interfaces/include/dynamixel_sdk_custom_interfaces/dynamixel_sdk_custom_interfaces/srv\n'}
[18.842436] (dynamixel_sdk_custom_interfaces) StdoutLine: {'line': b'-- Installing: /home/csanimatronics/CS_Animatronics/install/dynamixel_sdk_custom_interfaces/include/dynamixel_sdk_custom_interfaces/dynamixel_sdk_custom_interfaces/srv/get_position.hpp\n'}
[18.842618] (dynamixel_sdk_custom_interfaces) StdoutLine: {'line': b'-- Up-to-date: /home/csanimatronics/CS_Animatronics/install/dynamixel_sdk_custom_interfaces/include/dynamixel_sdk_custom_interfaces/dynamixel_sdk_custom_interfaces/srv/detail\n'}
[18.842803] (dynamixel_sdk_custom_interfaces) StdoutLine: {'line': b'-- Installing: /home/csanimatronics/CS_Animatronics/install/dynamixel_sdk_custom_interfaces/include/dynamixel_sdk_custom_interfaces/dynamixel_sdk_custom_interfaces/srv/detail/get_position__traits.hpp\n'}
[18.843003] (dynamixel_sdk_custom_interfaces) StdoutLine: {'line': b'-- Installing: /home/csanimatronics/CS_Animatronics/install/dynamixel_sdk_custom_interfaces/include/dynamixel_sdk_custom_interfaces/dynamixel_sdk_custom_interfaces/srv/detail/get_position__struct.hpp\n'}
[18.843166] (dynamixel_sdk_custom_interfaces) StdoutLine: {'line': b'-- Installing: /home/csanimatronics/CS_Animatronics/install/dynamixel_sdk_custom_interfaces/include/dynamixel_sdk_custom_interfaces/dynamixel_sdk_custom_interfaces/srv/detail/get_position__builder.hpp\n'}
[18.843362] (dynamixel_sdk_custom_interfaces) StdoutLine: {'line': b'-- Installing: /home/csanimatronics/CS_Animatronics/install/dynamixel_sdk_custom_interfaces/include/dynamixel_sdk_custom_interfaces/dynamixel_sdk_custom_interfaces/srv/detail/get_position__type_support.hpp\n'}
[18.843506] (dynamixel_sdk_custom_interfaces) StdoutLine: {'line': b'-- Up-to-date: /home/csanimatronics/CS_Animatronics/install/dynamixel_sdk_custom_interfaces/include/dynamixel_sdk_custom_interfaces/dynamixel_sdk_custom_interfaces/msg\n'}
[18.843679] (dynamixel_sdk_custom_interfaces) StdoutLine: {'line': b'-- Up-to-date: /home/csanimatronics/CS_Animatronics/install/dynamixel_sdk_custom_interfaces/include/dynamixel_sdk_custom_interfaces/dynamixel_sdk_custom_interfaces/msg/detail\n'}
[18.843849] (dynamixel_sdk_custom_interfaces) StdoutLine: {'line': b'-- Installing: /home/csanimatronics/CS_Animatronics/install/dynamixel_sdk_custom_interfaces/include/dynamixel_sdk_custom_interfaces/dynamixel_sdk_custom_interfaces/msg/detail/set_position__type_support.hpp\n'}
[18.844114] (dynamixel_sdk_custom_interfaces) StdoutLine: {'line': b'-- Installing: /home/csanimatronics/CS_Animatronics/install/dynamixel_sdk_custom_interfaces/include/dynamixel_sdk_custom_interfaces/dynamixel_sdk_custom_interfaces/msg/detail/set_position__builder.hpp\n'}
[18.844243] (dynamixel_sdk_custom_interfaces) StdoutLine: {'line': b'-- Installing: /home/csanimatronics/CS_Animatronics/install/dynamixel_sdk_custom_interfaces/include/dynamixel_sdk_custom_interfaces/dynamixel_sdk_custom_interfaces/msg/detail/set_position__struct.hpp\n'}
[18.844471] (dynamixel_sdk_custom_interfaces) StdoutLine: {'line': b'-- Installing: /home/csanimatronics/CS_Animatronics/install/dynamixel_sdk_custom_interfaces/include/dynamixel_sdk_custom_interfaces/dynamixel_sdk_custom_interfaces/msg/detail/set_position__traits.hpp\n'}
[18.844589] (dynamixel_sdk_custom_interfaces) StdoutLine: {'line': b'-- Installing: /home/csanimatronics/CS_Animatronics/install/dynamixel_sdk_custom_interfaces/include/dynamixel_sdk_custom_interfaces/dynamixel_sdk_custom_interfaces/msg/rosidl_generator_cpp__visibility_control.hpp\n'}
[18.844843] (dynamixel_sdk_custom_interfaces) StdoutLine: {'line': b'-- Installing: /home/csanimatronics/CS_Animatronics/install/dynamixel_sdk_custom_interfaces/include/dynamixel_sdk_custom_interfaces/dynamixel_sdk_custom_interfaces/msg/set_position.hpp\n'}
[18.845128] (dynamixel_sdk_custom_interfaces) StdoutLine: {'line': b'-- Up-to-date: /home/csanimatronics/CS_Animatronics/install/dynamixel_sdk_custom_interfaces/include/dynamixel_sdk_custom_interfaces/dynamixel_sdk_custom_interfaces\n'}
[18.845250] (dynamixel_sdk_custom_interfaces) StdoutLine: {'line': b'-- Up-to-date: /home/csanimatronics/CS_Animatronics/install/dynamixel_sdk_custom_interfaces/include/dynamixel_sdk_custom_interfaces/dynamixel_sdk_custom_interfaces/srv\n'}
[18.845439] (dynamixel_sdk_custom_interfaces) StdoutLine: {'line': b'-- Up-to-date: /home/csanimatronics/CS_Animatronics/install/dynamixel_sdk_custom_interfaces/include/dynamixel_sdk_custom_interfaces/dynamixel_sdk_custom_interfaces/srv/detail\n'}
[18.845638] (dynamixel_sdk_custom_interfaces) StdoutLine: {'line': b'-- Installing: /home/csanimatronics/CS_Animatronics/install/dynamixel_sdk_custom_interfaces/include/dynamixel_sdk_custom_interfaces/dynamixel_sdk_custom_interfaces/srv/detail/dds_fastrtps\n'}
[18.845796] (dynamixel_sdk_custom_interfaces) StdoutLine: {'line': b'-- Installing: /home/csanimatronics/CS_Animatronics/install/dynamixel_sdk_custom_interfaces/include/dynamixel_sdk_custom_interfaces/dynamixel_sdk_custom_interfaces/srv/detail/get_position__rosidl_typesupport_fastrtps_cpp.hpp\n'}
[18.845918] (dynamixel_sdk_custom_interfaces) StdoutLine: {'line': b'-- Up-to-date: /home/csanimatronics/CS_Animatronics/install/dynamixel_sdk_custom_interfaces/include/dynamixel_sdk_custom_interfaces/dynamixel_sdk_custom_interfaces/msg\n'}
[18.846080] (dynamixel_sdk_custom_interfaces) StdoutLine: {'line': b'-- Up-to-date: /home/csanimatronics/CS_Animatronics/install/dynamixel_sdk_custom_interfaces/include/dynamixel_sdk_custom_interfaces/dynamixel_sdk_custom_interfaces/msg/detail\n'}
[18.846191] (dynamixel_sdk_custom_interfaces) StdoutLine: {'line': b'-- Installing: /home/csanimatronics/CS_Animatronics/install/dynamixel_sdk_custom_interfaces/include/dynamixel_sdk_custom_interfaces/dynamixel_sdk_custom_interfaces/msg/detail/dds_fastrtps\n'}
[18.846299] (dynamixel_sdk_custom_interfaces) StdoutLine: {'line': b'-- Installing: /home/csanimatronics/CS_Animatronics/install/dynamixel_sdk_custom_interfaces/include/dynamixel_sdk_custom_interfaces/dynamixel_sdk_custom_interfaces/msg/detail/set_position__rosidl_typesupport_fastrtps_cpp.hpp\n'}
[18.846390] (dynamixel_sdk_custom_interfaces) StdoutLine: {'line': b'-- Installing: /home/csanimatronics/CS_Animatronics/install/dynamixel_sdk_custom_interfaces/include/dynamixel_sdk_custom_interfaces/dynamixel_sdk_custom_interfaces/msg/rosidl_typesupport_fastrtps_cpp__visibility_control.h\n'}
[18.846610] (dynamixel_sdk_custom_interfaces) StdoutLine: {'line': b'-- Installing: /home/csanimatronics/CS_Animatronics/install/dynamixel_sdk_custom_interfaces/lib/libdynamixel_sdk_custom_interfaces__rosidl_typesupport_fastrtps_cpp.so\n'}
[18.846820] (dynamixel_sdk_custom_interfaces) StdoutLine: {'line': b'-- Set non-toolchain portion of runtime path of "/home/csanimatronics/CS_Animatronics/install/dynamixel_sdk_custom_interfaces/lib/libdynamixel_sdk_custom_interfaces__rosidl_typesupport_fastrtps_cpp.so" to ""\n'}
[18.846927] (dynamixel_sdk_custom_interfaces) StdoutLine: {'line': b'-- Up-to-date: /home/csanimatronics/CS_Animatronics/install/dynamixel_sdk_custom_interfaces/include/dynamixel_sdk_custom_interfaces/dynamixel_sdk_custom_interfaces\n'}
[18.847142] (dynamixel_sdk_custom_interfaces) StdoutLine: {'line': b'-- Up-to-date: /home/csanimatronics/CS_Animatronics/install/dynamixel_sdk_custom_interfaces/include/dynamixel_sdk_custom_interfaces/dynamixel_sdk_custom_interfaces/srv\n'}
[18.847390] (dynamixel_sdk_custom_interfaces) StdoutLine: {'line': b'-- Up-to-date: /home/csanimatronics/CS_Animatronics/install/dynamixel_sdk_custom_interfaces/include/dynamixel_sdk_custom_interfaces/dynamixel_sdk_custom_interfaces/srv/detail\n'}
[18.847574] (dynamixel_sdk_custom_interfaces) StdoutLine: {'line': b'-- Installing: /home/csanimatronics/CS_Animatronics/install/dynamixel_sdk_custom_interfaces/include/dynamixel_sdk_custom_interfaces/dynamixel_sdk_custom_interfaces/srv/detail/get_position__rosidl_typesupport_introspection_c.h\n'}
[18.847759] (dynamixel_sdk_custom_interfaces) StdoutLine: {'line': b'-- Installing: /home/csanimatronics/CS_Animatronics/install/dynamixel_sdk_custom_interfaces/include/dynamixel_sdk_custom_interfaces/dynamixel_sdk_custom_interfaces/srv/detail/get_position__type_support.c\n'}
[18.847938] (dynamixel_sdk_custom_interfaces) StdoutLine: {'line': b'-- Up-to-date: /home/csanimatronics/CS_Animatronics/install/dynamixel_sdk_custom_interfaces/include/dynamixel_sdk_custom_interfaces/dynamixel_sdk_custom_interfaces/msg\n'}
[18.848179] (dynamixel_sdk_custom_interfaces) StdoutLine: {'line': b'-- Up-to-date: /home/csanimatronics/CS_Animatronics/install/dynamixel_sdk_custom_interfaces/include/dynamixel_sdk_custom_interfaces/dynamixel_sdk_custom_interfaces/msg/detail\n'}
[18.848312] (dynamixel_sdk_custom_interfaces) StdoutLine: {'line': b'-- Installing: /home/csanimatronics/CS_Animatronics/install/dynamixel_sdk_custom_interfaces/include/dynamixel_sdk_custom_interfaces/dynamixel_sdk_custom_interfaces/msg/detail/set_position__rosidl_typesupport_introspection_c.h\n'}
[18.848425] (dynamixel_sdk_custom_interfaces) StdoutLine: {'line': b'-- Installing: /home/csanimatronics/CS_Animatronics/install/dynamixel_sdk_custom_interfaces/include/dynamixel_sdk_custom_interfaces/dynamixel_sdk_custom_interfaces/msg/detail/set_position__type_support.c\n'}
[18.848566] (dynamixel_sdk_custom_interfaces) StdoutLine: {'line': b'-- Installing: /home/csanimatronics/CS_Animatronics/install/dynamixel_sdk_custom_interfaces/include/dynamixel_sdk_custom_interfaces/dynamixel_sdk_custom_interfaces/msg/rosidl_typesupport_introspection_c__visibility_control.h\n'}
[18.848735] (dynamixel_sdk_custom_interfaces) StdoutLine: {'line': b'-- Installing: /home/csanimatronics/CS_Animatronics/install/dynamixel_sdk_custom_interfaces/lib/libdynamixel_sdk_custom_interfaces__rosidl_typesupport_introspection_c.so\n'}
[18.848960] (dynamixel_sdk_custom_interfaces) StdoutLine: {'line': b'-- Set non-toolchain portion of runtime path of "/home/csanimatronics/CS_Animatronics/install/dynamixel_sdk_custom_interfaces/lib/libdynamixel_sdk_custom_interfaces__rosidl_typesupport_introspection_c.so" to ""\n'}
[18.849217] (dynamixel_sdk_custom_interfaces) StdoutLine: {'line': b'-- Installing: /home/csanimatronics/CS_Animatronics/install/dynamixel_sdk_custom_interfaces/lib/libdynamixel_sdk_custom_interfaces__rosidl_typesupport_c.so\n'}
[18.849725] (dynamixel_sdk_custom_interfaces) StdoutLine: {'line': b'-- Set non-toolchain portion of runtime path of "/home/csanimatronics/CS_Animatronics/install/dynamixel_sdk_custom_interfaces/lib/libdynamixel_sdk_custom_interfaces__rosidl_typesupport_c.so" to ""\n'}
[18.850150] (dynamixel_sdk_custom_interfaces) StdoutLine: {'line': b'-- Up-to-date: /home/csanimatronics/CS_Animatronics/install/dynamixel_sdk_custom_interfaces/include/dynamixel_sdk_custom_interfaces/dynamixel_sdk_custom_interfaces\n'}
[18.851094] (dynamixel_sdk_custom_interfaces) StdoutLine: {'line': b'-- Up-to-date: /home/csanimatronics/CS_Animatronics/install/dynamixel_sdk_custom_interfaces/include/dynamixel_sdk_custom_interfaces/dynamixel_sdk_custom_interfaces/srv\n'}
[18.852761] (dynamixel_sdk_custom_interfaces) StdoutLine: {'line': b'-- Up-to-date: /home/csanimatronics/CS_Animatronics/install/dynamixel_sdk_custom_interfaces/include/dynamixel_sdk_custom_interfaces/dynamixel_sdk_custom_interfaces/srv/detail\n'}
[18.853506] (dynamixel_sdk_custom_interfaces) StdoutLine: {'line': b'-- Installing: /home/csanimatronics/CS_Animatronics/install/dynamixel_sdk_custom_interfaces/include/dynamixel_sdk_custom_interfaces/dynamixel_sdk_custom_interfaces/srv/detail/get_position__rosidl_typesupport_introspection_cpp.hpp\n'}
[18.854167] (dynamixel_sdk_custom_interfaces) StdoutLine: {'line': b'-- Installing: /home/csanimatronics/CS_Animatronics/install/dynamixel_sdk_custom_interfaces/include/dynamixel_sdk_custom_interfaces/dynamixel_sdk_custom_interfaces/srv/detail/get_position__type_support.cpp\n'}
[18.854461] (dynamixel_sdk_custom_interfaces) StdoutLine: {'line': b'-- Up-to-date: /home/csanimatronics/CS_Animatronics/install/dynamixel_sdk_custom_interfaces/include/dynamixel_sdk_custom_interfaces/dynamixel_sdk_custom_interfaces/msg\n'}
[18.854618] (dynamixel_sdk_custom_interfaces) StdoutLine: {'line': b'-- Up-to-date: /home/csanimatronics/CS_Animatronics/install/dynamixel_sdk_custom_interfaces/include/dynamixel_sdk_custom_interfaces/dynamixel_sdk_custom_interfaces/msg/detail\n'}
[18.854718] (dynamixel_sdk_custom_interfaces) StdoutLine: {'line': b'-- Installing: /home/csanimatronics/CS_Animatronics/install/dynamixel_sdk_custom_interfaces/include/dynamixel_sdk_custom_interfaces/dynamixel_sdk_custom_interfaces/msg/detail/set_position__rosidl_typesupport_introspection_cpp.hpp\n'}
[18.855051] (dynamixel_sdk_custom_interfaces) StdoutLine: {'line': b'-- Installing: /home/csanimatronics/CS_Animatronics/install/dynamixel_sdk_custom_interfaces/include/dynamixel_sdk_custom_interfaces/dynamixel_sdk_custom_interfaces/msg/detail/set_position__type_support.cpp\n'}
[18.855262] (dynamixel_sdk_custom_interfaces) StdoutLine: {'line': b'-- Installing: /home/csanimatronics/CS_Animatronics/install/dynamixel_sdk_custom_interfaces/lib/libdynamixel_sdk_custom_interfaces__rosidl_typesupport_introspection_cpp.so\n'}
[18.855410] (dynamixel_sdk_custom_interfaces) StdoutLine: {'line': b'-- Set non-toolchain portion of runtime path of "/home/csanimatronics/CS_Animatronics/install/dynamixel_sdk_custom_interfaces/lib/libdynamixel_sdk_custom_interfaces__rosidl_typesupport_introspection_cpp.so" to ""\n'}
[18.855535] (dynamixel_sdk_custom_interfaces) StdoutLine: {'line': b'-- Installing: /home/csanimatronics/CS_Animatronics/install/dynamixel_sdk_custom_interfaces/lib/libdynamixel_sdk_custom_interfaces__rosidl_typesupport_cpp.so\n'}
[18.855883] (dynamixel_sdk_custom_interfaces) StdoutLine: {'line': b'-- Set non-toolchain portion of runtime path of "/home/csanimatronics/CS_Animatronics/install/dynamixel_sdk_custom_interfaces/lib/libdynamixel_sdk_custom_interfaces__rosidl_typesupport_cpp.so" to ""\n'}
[18.856168] (dynamixel_sdk_custom_interfaces) StdoutLine: {'line': b'-- Installing: /home/csanimatronics/CS_Animatronics/install/dynamixel_sdk_custom_interfaces/share/dynamixel_sdk_custom_interfaces/environment/pythonpath.sh\n'}
[18.856428] (dynamixel_sdk_custom_interfaces) StdoutLine: {'line': b'-- Installing: /home/csanimatronics/CS_Animatronics/install/dynamixel_sdk_custom_interfaces/share/dynamixel_sdk_custom_interfaces/environment/pythonpath.dsv\n'}
[18.856669] (dynamixel_sdk_custom_interfaces) StdoutLine: {'line': b'-- Installing: /home/csanimatronics/CS_Animatronics/install/dynamixel_sdk_custom_interfaces/lib/python3.12/site-packages/dynamixel_sdk_custom_interfaces-3.7.60-py3.12.egg-info\n'}
[18.856876] (dynamixel_sdk_custom_interfaces) StdoutLine: {'line': b'-- Installing: /home/csanimatronics/CS_Animatronics/install/dynamixel_sdk_custom_interfaces/lib/python3.12/site-packages/dynamixel_sdk_custom_interfaces-3.7.60-py3.12.egg-info/dependency_links.txt\n'}
[18.857170] (dynamixel_sdk_custom_interfaces) StdoutLine: {'line': b'-- Installing: /home/csanimatronics/CS_Animatronics/install/dynamixel_sdk_custom_interfaces/lib/python3.12/site-packages/dynamixel_sdk_custom_interfaces-3.7.60-py3.12.egg-info/PKG-INFO\n'}
[18.857378] (dynamixel_sdk_custom_interfaces) StdoutLine: {'line': b'-- Installing: /home/csanimatronics/CS_Animatronics/install/dynamixel_sdk_custom_interfaces/lib/python3.12/site-packages/dynamixel_sdk_custom_interfaces-3.7.60-py3.12.egg-info/top_level.txt\n'}
[18.857530] (dynamixel_sdk_custom_interfaces) StdoutLine: {'line': b'-- Installing: /home/csanimatronics/CS_Animatronics/install/dynamixel_sdk_custom_interfaces/lib/python3.12/site-packages/dynamixel_sdk_custom_interfaces-3.7.60-py3.12.egg-info/SOURCES.txt\n'}
[18.857865] (dynamixel_sdk_custom_interfaces) StdoutLine: {'line': b'-- Installing: /home/csanimatronics/CS_Animatronics/install/dynamixel_sdk_custom_interfaces/lib/python3.12/site-packages/dynamixel_sdk_custom_interfaces\n'}
[18.858672] (dynamixel_sdk_custom_interfaces) StdoutLine: {'line': b'-- Installing: /home/csanimatronics/CS_Animatronics/install/dynamixel_sdk_custom_interfaces/lib/python3.12/site-packages/dynamixel_sdk_custom_interfaces/dynamixel_sdk_custom_interfaces_s__rosidl_typesupport_fastrtps_c.so\n'}
[18.860110] (dynamixel_sdk_custom_interfaces) StdoutLine: {'line': b'-- Installing: /home/csanimatronics/CS_Animatronics/install/dynamixel_sdk_custom_interfaces/lib/python3.12/site-packages/dynamixel_sdk_custom_interfaces/_dynamixel_sdk_custom_interfaces_s.ep.rosidl_typesupport_introspection_c.c\n'}
[18.861749] (dynamixel_sdk_custom_interfaces) StdoutLine: {'line': b'-- Installing: /home/csanimatronics/CS_Animatronics/install/dynamixel_sdk_custom_interfaces/lib/python3.12/site-packages/dynamixel_sdk_custom_interfaces/_dynamixel_sdk_custom_interfaces_s.ep.rosidl_typesupport_fastrtps_c.c\n'}
[18.862539] (dynamixel_sdk_custom_interfaces) StdoutLine: {'line': b'-- Installing: /home/csanimatronics/CS_Animatronics/install/dynamixel_sdk_custom_interfaces/lib/python3.12/site-packages/dynamixel_sdk_custom_interfaces/srv\n'}
[18.862794] (dynamixel_sdk_custom_interfaces) StdoutLine: {'line': b'-- Installing: /home/csanimatronics/CS_Animatronics/install/dynamixel_sdk_custom_interfaces/lib/python3.12/site-packages/dynamixel_sdk_custom_interfaces/srv/_get_position.py\n'}
[18.862980] (dynamixel_sdk_custom_interfaces) StdoutLine: {'line': b'-- Installing: /home/csanimatronics/CS_Animatronics/install/dynamixel_sdk_custom_interfaces/lib/python3.12/site-packages/dynamixel_sdk_custom_interfaces/srv/_get_position_s.c\n'}
[18.863143] (dynamixel_sdk_custom_interfaces) StdoutLine: {'line': b'-- Installing: /home/csanimatronics/CS_Animatronics/install/dynamixel_sdk_custom_interfaces/lib/python3.12/site-packages/dynamixel_sdk_custom_interfaces/srv/__init__.py\n'}
[18.863394] (dynamixel_sdk_custom_interfaces) StdoutLine: {'line': b'-- Installing: /home/csanimatronics/CS_Animatronics/install/dynamixel_sdk_custom_interfaces/lib/python3.12/site-packages/dynamixel_sdk_custom_interfaces/_dynamixel_sdk_custom_interfaces_s.ep.rosidl_typesupport_c.c\n'}
[18.863682] (dynamixel_sdk_custom_interfaces) StdoutLine: {'line': b'-- Installing: /home/csanimatronics/CS_Animatronics/install/dynamixel_sdk_custom_interfaces/lib/python3.12/site-packages/dynamixel_sdk_custom_interfaces/dynamixel_sdk_custom_interfaces_s__rosidl_typesupport_c.so\n'}
[18.863895] (dynamixel_sdk_custom_interfaces) StdoutLine: {'line': b'-- Installing: /home/csanimatronics/CS_Animatronics/install/dynamixel_sdk_custom_interfaces/lib/python3.12/site-packages/dynamixel_sdk_custom_interfaces/__init__.py\n'}
[18.864147] (dynamixel_sdk_custom_interfaces) StdoutLine: {'line': b'-- Installing: /home/csanimatronics/CS_Animatronics/install/dynamixel_sdk_custom_interfaces/lib/python3.12/site-packages/dynamixel_sdk_custom_interfaces/msg\n'}
[18.864356] (dynamixel_sdk_custom_interfaces) StdoutLine: {'line': b'-- Installing: /home/csanimatronics/CS_Animatronics/install/dynamixel_sdk_custom_interfaces/lib/python3.12/site-packages/dynamixel_sdk_custom_interfaces/msg/_set_position_s.c\n'}
[18.864503] (dynamixel_sdk_custom_interfaces) StdoutLine: {'line': b'-- Installing: /home/csanimatronics/CS_Animatronics/install/dynamixel_sdk_custom_interfaces/lib/python3.12/site-packages/dynamixel_sdk_custom_interfaces/msg/_set_position.py\n'}
[18.864626] (dynamixel_sdk_custom_interfaces) StdoutLine: {'line': b'-- Installing: /home/csanimatronics/CS_Animatronics/install/dynamixel_sdk_custom_interfaces/lib/python3.12/site-packages/dynamixel_sdk_custom_interfaces/msg/__init__.py\n'}
[18.864746] (dynamixel_sdk_custom_interfaces) StdoutLine: {'line': b'-- Installing: /home/csanimatronics/CS_Animatronics/install/dynamixel_sdk_custom_interfaces/lib/python3.12/site-packages/dynamixel_sdk_custom_interfaces/dynamixel_sdk_custom_interfaces_s__rosidl_typesupport_introspection_c.so\n'}
[18.885474] (-) TimerEvent: {}
[18.949843] (dynamixel_sdk_custom_interfaces) StdoutLine: {'line': b"Listing '/home/csanimatronics/CS_Animatronics/install/dynamixel_sdk_custom_interfaces/lib/python3.12/site-packages/dynamixel_sdk_custom_interfaces'...\n"}
[18.950245] (dynamixel_sdk_custom_interfaces) StdoutLine: {'line': b"Compiling '/home/csanimatronics/CS_Animatronics/install/dynamixel_sdk_custom_interfaces/lib/python3.12/site-packages/dynamixel_sdk_custom_interfaces/__init__.py'...\n"}
[18.950406] (dynamixel_sdk_custom_interfaces) StdoutLine: {'line': b"Listing '/home/csanimatronics/CS_Animatronics/install/dynamixel_sdk_custom_interfaces/lib/python3.12/site-packages/dynamixel_sdk_custom_interfaces/msg'...\n"}
[18.950704] (dynamixel_sdk_custom_interfaces) StdoutLine: {'line': b"Compiling '/home/csanimatronics/CS_Animatronics/install/dynamixel_sdk_custom_interfaces/lib/python3.12/site-packages/dynamixel_sdk_custom_interfaces/msg/__init__.py'...\n"}
[18.950881] (dynamixel_sdk_custom_interfaces) StdoutLine: {'line': b"Compiling '/home/csanimatronics/CS_Animatronics/install/dynamixel_sdk_custom_interfaces/lib/python3.12/site-packages/dynamixel_sdk_custom_interfaces/msg/_set_position.py'...\n"}
[18.951051] (dynamixel_sdk_custom_interfaces) StdoutLine: {'line': b"Listing '/home/csanimatronics/CS_Animatronics/install/dynamixel_sdk_custom_interfaces/lib/python3.12/site-packages/dynamixel_sdk_custom_interfaces/srv'...\n"}
[18.951203] (dynamixel_sdk_custom_interfaces) StdoutLine: {'line': b"Compiling '/home/csanimatronics/CS_Animatronics/install/dynamixel_sdk_custom_interfaces/lib/python3.12/site-packages/dynamixel_sdk_custom_interfaces/srv/__init__.py'...\n"}
[18.951319] (dynamixel_sdk_custom_interfaces) StdoutLine: {'line': b"Compiling '/home/csanimatronics/CS_Animatronics/install/dynamixel_sdk_custom_interfaces/lib/python3.12/site-packages/dynamixel_sdk_custom_interfaces/srv/_get_position.py'...\n"}
[18.967835] (dynamixel_sdk_custom_interfaces) StdoutLine: {'line': b'-- Installing: /home/csanimatronics/CS_Animatronics/install/dynamixel_sdk_custom_interfaces/lib/python3.12/site-packages/dynamixel_sdk_custom_interfaces/dynamixel_sdk_custom_interfaces_s__rosidl_typesupport_fastrtps_c.so\n'}
[18.968501] (dynamixel_sdk_custom_interfaces) StdoutLine: {'line': b'-- Set non-toolchain portion of runtime path of "/home/csanimatronics/CS_Animatronics/install/dynamixel_sdk_custom_interfaces/lib/python3.12/site-packages/dynamixel_sdk_custom_interfaces/dynamixel_sdk_custom_interfaces_s__rosidl_typesupport_fastrtps_c.so" to ""\n'}
[18.968943] (dynamixel_sdk_custom_interfaces) StdoutLine: {'line': b'-- Installing: /home/csanimatronics/CS_Animatronics/install/dynamixel_sdk_custom_interfaces/lib/python3.12/site-packages/dynamixel_sdk_custom_interfaces/dynamixel_sdk_custom_interfaces_s__rosidl_typesupport_introspection_c.so\n'}
[18.969599] (dynamixel_sdk_custom_interfaces) StdoutLine: {'line': b'-- Set non-toolchain portion of runtime path of "/home/csanimatronics/CS_Animatronics/install/dynamixel_sdk_custom_interfaces/lib/python3.12/site-packages/dynamixel_sdk_custom_interfaces/dynamixel_sdk_custom_interfaces_s__rosidl_typesupport_introspection_c.so" to ""\n'}
[18.970002] (dynamixel_sdk_custom_interfaces) StdoutLine: {'line': b'-- Installing: /home/csanimatronics/CS_Animatronics/install/dynamixel_sdk_custom_interfaces/lib/python3.12/site-packages/dynamixel_sdk_custom_interfaces/dynamixel_sdk_custom_interfaces_s__rosidl_typesupport_c.so\n'}
[18.970635] (dynamixel_sdk_custom_interfaces) StdoutLine: {'line': b'-- Set non-toolchain portion of runtime path of "/home/csanimatronics/CS_Animatronics/install/dynamixel_sdk_custom_interfaces/lib/python3.12/site-packages/dynamixel_sdk_custom_interfaces/dynamixel_sdk_custom_interfaces_s__rosidl_typesupport_c.so" to ""\n'}
[18.970795] (dynamixel_sdk_custom_interfaces) StdoutLine: {'line': b'-- Installing: /home/csanimatronics/CS_Animatronics/install/dynamixel_sdk_custom_interfaces/lib/libdynamixel_sdk_custom_interfaces__rosidl_generator_py.so\n'}
[18.971436] (dynamixel_sdk_custom_interfaces) StdoutLine: {'line': b'-- Set non-toolchain portion of runtime path of "/home/csanimatronics/CS_Animatronics/install/dynamixel_sdk_custom_interfaces/lib/libdynamixel_sdk_custom_interfaces__rosidl_generator_py.so" to ""\n'}
[18.971594] (dynamixel_sdk_custom_interfaces) StdoutLine: {'line': b'-- Installing: /home/csanimatronics/CS_Animatronics/install/dynamixel_sdk_custom_interfaces/share/dynamixel_sdk_custom_interfaces/msg/SetPosition.idl\n'}
[18.971739] (dynamixel_sdk_custom_interfaces) StdoutLine: {'line': b'-- Installing: /home/csanimatronics/CS_Animatronics/install/dynamixel_sdk_custom_interfaces/share/dynamixel_sdk_custom_interfaces/srv/GetPosition.idl\n'}
[18.971936] (dynamixel_sdk_custom_interfaces) StdoutLine: {'line': b'-- Installing: /home/csanimatronics/CS_Animatronics/install/dynamixel_sdk_custom_interfaces/share/dynamixel_sdk_custom_interfaces/msg/SetPosition.msg\n'}
[18.972143] (dynamixel_sdk_custom_interfaces) StdoutLine: {'line': b'-- Installing: /home/csanimatronics/CS_Animatronics/install/dynamixel_sdk_custom_interfaces/share/dynamixel_sdk_custom_interfaces/srv/GetPosition.srv\n'}
[18.972407] (dynamixel_sdk_custom_interfaces) StdoutLine: {'line': b'-- Installing: /home/csanimatronics/CS_Animatronics/install/dynamixel_sdk_custom_interfaces/share/ament_index/resource_index/package_run_dependencies/dynamixel_sdk_custom_interfaces\n'}
[18.972655] (dynamixel_sdk_custom_interfaces) StdoutLine: {'line': b'-- Installing: /home/csanimatronics/CS_Animatronics/install/dynamixel_sdk_custom_interfaces/share/ament_index/resource_index/parent_prefix_path/dynamixel_sdk_custom_interfaces\n'}
[18.972871] (dynamixel_sdk_custom_interfaces) StdoutLine: {'line': b'-- Installing: /home/csanimatronics/CS_Animatronics/install/dynamixel_sdk_custom_interfaces/share/dynamixel_sdk_custom_interfaces/environment/ament_prefix_path.sh\n'}
[18.973129] (dynamixel_sdk_custom_interfaces) StdoutLine: {'line': b'-- Installing: /home/csanimatronics/CS_Animatronics/install/dynamixel_sdk_custom_interfaces/share/dynamixel_sdk_custom_interfaces/environment/ament_prefix_path.dsv\n'}
[18.973344] (dynamixel_sdk_custom_interfaces) StdoutLine: {'line': b'-- Installing: /home/csanimatronics/CS_Animatronics/install/dynamixel_sdk_custom_interfaces/share/dynamixel_sdk_custom_interfaces/environment/path.sh\n'}
[18.973572] (dynamixel_sdk_custom_interfaces) StdoutLine: {'line': b'-- Installing: /home/csanimatronics/CS_Animatronics/install/dynamixel_sdk_custom_interfaces/share/dynamixel_sdk_custom_interfaces/environment/path.dsv\n'}
[18.973761] (dynamixel_sdk_custom_interfaces) StdoutLine: {'line': b'-- Installing: /home/csanimatronics/CS_Animatronics/install/dynamixel_sdk_custom_interfaces/share/dynamixel_sdk_custom_interfaces/local_setup.bash\n'}
[18.973989] (dynamixel_sdk_custom_interfaces) StdoutLine: {'line': b'-- Installing: /home/csanimatronics/CS_Animatronics/install/dynamixel_sdk_custom_interfaces/share/dynamixel_sdk_custom_interfaces/local_setup.sh\n'}
[18.974229] (dynamixel_sdk_custom_interfaces) StdoutLine: {'line': b'-- Installing: /home/csanimatronics/CS_Animatronics/install/dynamixel_sdk_custom_interfaces/share/dynamixel_sdk_custom_interfaces/local_setup.zsh\n'}
[18.974461] (dynamixel_sdk_custom_interfaces) StdoutLine: {'line': b'-- Installing: /home/csanimatronics/CS_Animatronics/install/dynamixel_sdk_custom_interfaces/share/dynamixel_sdk_custom_interfaces/local_setup.dsv\n'}
[18.974678] (dynamixel_sdk_custom_interfaces) StdoutLine: {'line': b'-- Installing: /home/csanimatronics/CS_Animatronics/install/dynamixel_sdk_custom_interfaces/share/dynamixel_sdk_custom_interfaces/package.dsv\n'}
[18.974985] (dynamixel_sdk_custom_interfaces) StdoutLine: {'line': b'-- Installing: /home/csanimatronics/CS_Animatronics/install/dynamixel_sdk_custom_interfaces/share/ament_index/resource_index/packages/dynamixel_sdk_custom_interfaces\n'}
[18.975319] (dynamixel_sdk_custom_interfaces) StdoutLine: {'line': b'-- Installing: /home/csanimatronics/CS_Animatronics/install/dynamixel_sdk_custom_interfaces/share/dynamixel_sdk_custom_interfaces/cmake/export_dynamixel_sdk_custom_interfaces__rosidl_generator_cExport.cmake\n'}
[18.975564] (dynamixel_sdk_custom_interfaces) StdoutLine: {'line': b'-- Installing: /home/csanimatronics/CS_Animatronics/install/dynamixel_sdk_custom_interfaces/share/dynamixel_sdk_custom_interfaces/cmake/export_dynamixel_sdk_custom_interfaces__rosidl_generator_cExport-noconfig.cmake\n'}
[18.975826] (dynamixel_sdk_custom_interfaces) StdoutLine: {'line': b'-- Installing: /home/csanimatronics/CS_Animatronics/install/dynamixel_sdk_custom_interfaces/share/dynamixel_sdk_custom_interfaces/cmake/export_dynamixel_sdk_custom_interfaces__rosidl_typesupport_fastrtps_cExport.cmake\n'}
[18.976142] (dynamixel_sdk_custom_interfaces) StdoutLine: {'line': b'-- Installing: /home/csanimatronics/CS_Animatronics/install/dynamixel_sdk_custom_interfaces/share/dynamixel_sdk_custom_interfaces/cmake/export_dynamixel_sdk_custom_interfaces__rosidl_typesupport_fastrtps_cExport-noconfig.cmake\n'}
[18.976385] (dynamixel_sdk_custom_interfaces) StdoutLine: {'line': b'-- Installing: /home/csanimatronics/CS_Animatronics/install/dynamixel_sdk_custom_interfaces/share/dynamixel_sdk_custom_interfaces/cmake/export_dynamixel_sdk_custom_interfaces__rosidl_generator_cppExport.cmake\n'}
[18.976651] (dynamixel_sdk_custom_interfaces) StdoutLine: {'line': b'-- Installing: /home/csanimatronics/CS_Animatronics/install/dynamixel_sdk_custom_interfaces/share/dynamixel_sdk_custom_interfaces/cmake/export_dynamixel_sdk_custom_interfaces__rosidl_typesupport_fastrtps_cppExport.cmake\n'}
[18.976900] (dynamixel_sdk_custom_interfaces) StdoutLine: {'line': b'-- Installing: /home/csanimatronics/CS_Animatronics/install/dynamixel_sdk_custom_interfaces/share/dynamixel_sdk_custom_interfaces/cmake/export_dynamixel_sdk_custom_interfaces__rosidl_typesupport_fastrtps_cppExport-noconfig.cmake\n'}
[18.977209] (dynamixel_sdk_custom_interfaces) StdoutLine: {'line': b'-- Installing: /home/csanimatronics/CS_Animatronics/install/dynamixel_sdk_custom_interfaces/share/dynamixel_sdk_custom_interfaces/cmake/dynamixel_sdk_custom_interfaces__rosidl_typesupport_introspection_cExport.cmake\n'}
[18.977467] (dynamixel_sdk_custom_interfaces) StdoutLine: {'line': b'-- Installing: /home/csanimatronics/CS_Animatronics/install/dynamixel_sdk_custom_interfaces/share/dynamixel_sdk_custom_interfaces/cmake/dynamixel_sdk_custom_interfaces__rosidl_typesupport_introspection_cExport-noconfig.cmake\n'}
[18.977741] (dynamixel_sdk_custom_interfaces) StdoutLine: {'line': b'-- Installing: /home/csanimatronics/CS_Animatronics/install/dynamixel_sdk_custom_interfaces/share/dynamixel_sdk_custom_interfaces/cmake/dynamixel_sdk_custom_interfaces__rosidl_typesupport_cExport.cmake\n'}
[18.978004] (dynamixel_sdk_custom_interfaces) StdoutLine: {'line': b'-- Installing: /home/csanimatronics/CS_Animatronics/install/dynamixel_sdk_custom_interfaces/share/dynamixel_sdk_custom_interfaces/cmake/dynamixel_sdk_custom_interfaces__rosidl_typesupport_cExport-noconfig.cmake\n'}
[18.978307] (dynamixel_sdk_custom_interfaces) StdoutLine: {'line': b'-- Installing: /home/csanimatronics/CS_Animatronics/install/dynamixel_sdk_custom_interfaces/share/dynamixel_sdk_custom_interfaces/cmake/dynamixel_sdk_custom_interfaces__rosidl_typesupport_introspection_cppExport.cmake\n'}
[18.978573] (dynamixel_sdk_custom_interfaces) StdoutLine: {'line': b'-- Installing: /home/csanimatronics/CS_Animatronics/install/dynamixel_sdk_custom_interfaces/share/dynamixel_sdk_custom_interfaces/cmake/dynamixel_sdk_custom_interfaces__rosidl_typesupport_introspection_cppExport-noconfig.cmake\n'}
[18.978832] (dynamixel_sdk_custom_interfaces) StdoutLine: {'line': b'-- Installing: /home/csanimatronics/CS_Animatronics/install/dynamixel_sdk_custom_interfaces/share/dynamixel_sdk_custom_interfaces/cmake/dynamixel_sdk_custom_interfaces__rosidl_typesupport_cppExport.cmake\n'}
[18.979104] (dynamixel_sdk_custom_interfaces) StdoutLine: {'line': b'-- Installing: /home/csanimatronics/CS_Animatronics/install/dynamixel_sdk_custom_interfaces/share/dynamixel_sdk_custom_interfaces/cmake/dynamixel_sdk_custom_interfaces__rosidl_typesupport_cppExport-noconfig.cmake\n'}
[18.979390] (dynamixel_sdk_custom_interfaces) StdoutLine: {'line': b'-- Installing: /home/csanimatronics/CS_Animatronics/install/dynamixel_sdk_custom_interfaces/share/dynamixel_sdk_custom_interfaces/cmake/export_dynamixel_sdk_custom_interfaces__rosidl_generator_pyExport.cmake\n'}
[18.979645] (dynamixel_sdk_custom_interfaces) StdoutLine: {'line': b'-- Installing: /home/csanimatronics/CS_Animatronics/install/dynamixel_sdk_custom_interfaces/share/dynamixel_sdk_custom_interfaces/cmake/export_dynamixel_sdk_custom_interfaces__rosidl_generator_pyExport-noconfig.cmake\n'}
[18.979888] (dynamixel_sdk_custom_interfaces) StdoutLine: {'line': b'-- Installing: /home/csanimatronics/CS_Animatronics/install/dynamixel_sdk_custom_interfaces/share/dynamixel_sdk_custom_interfaces/cmake/rosidl_cmake-extras.cmake\n'}
[18.980180] (dynamixel_sdk_custom_interfaces) StdoutLine: {'line': b'-- Installing: /home/csanimatronics/CS_Animatronics/install/dynamixel_sdk_custom_interfaces/share/dynamixel_sdk_custom_interfaces/cmake/ament_cmake_export_dependencies-extras.cmake\n'}
[18.980438] (dynamixel_sdk_custom_interfaces) StdoutLine: {'line': b'-- Installing: /home/csanimatronics/CS_Animatronics/install/dynamixel_sdk_custom_interfaces/share/dynamixel_sdk_custom_interfaces/cmake/ament_cmake_export_include_directories-extras.cmake\n'}
[18.980635] (dynamixel_sdk_custom_interfaces) StdoutLine: {'line': b'-- Installing: /home/csanimatronics/CS_Animatronics/install/dynamixel_sdk_custom_interfaces/share/dynamixel_sdk_custom_interfaces/cmake/ament_cmake_export_libraries-extras.cmake\n'}
[18.980839] (dynamixel_sdk_custom_interfaces) StdoutLine: {'line': b'-- Installing: /home/csanimatronics/CS_Animatronics/install/dynamixel_sdk_custom_interfaces/share/dynamixel_sdk_custom_interfaces/cmake/ament_cmake_export_targets-extras.cmake\n'}
[18.981058] (dynamixel_sdk_custom_interfaces) StdoutLine: {'line': b'-- Installing: /home/csanimatronics/CS_Animatronics/install/dynamixel_sdk_custom_interfaces/share/dynamixel_sdk_custom_interfaces/cmake/rosidl_cmake_export_typesupport_targets-extras.cmake\n'}
[18.981257] (dynamixel_sdk_custom_interfaces) StdoutLine: {'line': b'-- Installing: /home/csanimatronics/CS_Animatronics/install/dynamixel_sdk_custom_interfaces/share/dynamixel_sdk_custom_interfaces/cmake/rosidl_cmake_export_typesupport_libraries-extras.cmake\n'}
[18.981436] (dynamixel_sdk_custom_interfaces) StdoutLine: {'line': b'-- Installing: /home/csanimatronics/CS_Animatronics/install/dynamixel_sdk_custom_interfaces/share/dynamixel_sdk_custom_interfaces/cmake/dynamixel_sdk_custom_interfacesConfig.cmake\n'}
[18.981578] (dynamixel_sdk_custom_interfaces) StdoutLine: {'line': b'-- Installing: /home/csanimatronics/CS_Animatronics/install/dynamixel_sdk_custom_interfaces/share/dynamixel_sdk_custom_interfaces/cmake/dynamixel_sdk_custom_interfacesConfig-version.cmake\n'}
[18.981745] (dynamixel_sdk_custom_interfaces) StdoutLine: {'line': b'-- Installing: /home/csanimatronics/CS_Animatronics/install/dynamixel_sdk_custom_interfaces/share/dynamixel_sdk_custom_interfaces/package.xml\n'}
[18.985542] (dynamixel_sdk_custom_interfaces) CommandEnded: {'returncode': 0}
[18.986660] (-) TimerEvent: {}
[19.026697] (dynamixel_sdk_custom_interfaces) JobEnded: {'identifier': 'dynamixel_sdk_custom_interfaces', 'rc': 0}
[19.072331] (motor_commands) StdoutLine: {'line': b'[ 86%] \x1b[32m\x1b[1mLinking C shared library libmotor_commands__rosidl_generator_py.so\x1b[0m\n'}
[19.086792] (-) TimerEvent: {}
[19.161376] (motor_commands) StdoutLine: {'line': b'[ 86%] Built target motor_commands__rosidl_generator_py\n'}
[19.186967] (-) TimerEvent: {}
[19.207112] (motor_commands) StdoutLine: {'line': b'[ 93%] \x1b[32mBuilding C object CMakeFiles/motor_commands_s__rosidl_typesupport_introspection_c.dir/rosidl_generator_py/motor_commands/_motor_commands_s.ep.rosidl_typesupport_introspection_c.c.o\x1b[0m\n'}
[19.207542] (motor_commands) StdoutLine: {'line': b'[ 93%] \x1b[32mBuilding C object CMakeFiles/motor_commands_s__rosidl_typesupport_fastrtps_c.dir/rosidl_generator_py/motor_commands/_motor_commands_s.ep.rosidl_typesupport_fastrtps_c.c.o\x1b[0m\n'}
[19.207702] (motor_commands) StdoutLine: {'line': b'[ 93%] \x1b[32mBuilding C object CMakeFiles/motor_commands_s__rosidl_typesupport_c.dir/rosidl_generator_py/motor_commands/_motor_commands_s.ep.rosidl_typesupport_c.c.o\x1b[0m\n'}
[19.287092] (-) TimerEvent: {}
[19.389239] (-) TimerEvent: {}
[19.424172] (motor_commands) StdoutLine: {'line': b'[ 95%] \x1b[32m\x1b[1mLinking C shared module rosidl_generator_py/motor_commands/motor_commands_s__rosidl_typesupport_c.so\x1b[0m\n'}
[19.425377] (motor_commands) StdoutLine: {'line': b'[100%] \x1b[32m\x1b[1mLinking C shared module rosidl_generator_py/motor_commands/motor_commands_s__rosidl_typesupport_introspection_c.so\x1b[0m\n'}
[19.425736] (motor_commands) StdoutLine: {'line': b'[100%] \x1b[32m\x1b[1mLinking C shared module rosidl_generator_py/motor_commands/motor_commands_s__rosidl_typesupport_fastrtps_c.so\x1b[0m\n'}
[19.485040] (motor_commands) StdoutLine: {'line': b'[100%] Built target motor_commands_s__rosidl_typesupport_c\n'}
[19.485359] (motor_commands) StdoutLine: {'line': b'[100%] Built target motor_commands_s__rosidl_typesupport_fastrtps_c\n'}
[19.485916] (motor_commands) StdoutLine: {'line': b'[100%] Built target motor_commands_s__rosidl_typesupport_introspection_c\n'}
[19.489345] (-) TimerEvent: {}
[19.510522] (motor_commands) CommandEnded: {'returncode': 0}
[19.511337] (motor_commands) JobProgress: {'identifier': 'motor_commands', 'progress': 'install'}
[19.512438] (motor_commands) Command: {'cmd': ['/usr/bin/cmake', '--install', '/home/csanimatronics/CS_Animatronics/build/motor_commands'], 'cwd': '/home/csanimatronics/CS_Animatronics/build/motor_commands', 'env': OrderedDict({'LESSOPEN': '| /usr/bin/lesspipe %s', 'USER': 'csanimatronics', 'XDG_SESSION_TYPE': 'wayland', 'SHLVL': '1', 'LD_LIBRARY_PATH': '/opt/ros/jazzy/opt/rviz_ogre_vendor/lib:/opt/ros/jazzy/lib/aarch64-linux-gnu:/opt/ros/jazzy/opt/gz_math_vendor/lib:/opt/ros/jazzy/opt/gz_utils_vendor/lib:/opt/ros/jazzy/opt/gz_cmake_vendor/lib:/opt/ros/jazzy/lib', 'HOME': '/home/csanimatronics', 'OLDPWD': '/home/csanimatronics', 'DESKTOP_SESSION': 'ubuntu', 'ROS_PYTHON_VERSION': '3', 'GNOME_SHELL_SESSION_MODE': 'ubuntu', 'GTK_MODULES': 'gail:atk-bridge', 'SYSTEMD_EXEC_PID': '1641', 'GSM_SKIP_SSH_AGENT_WORKAROUND': 'true', 'DBUS_SESSION_BUS_ADDRESS': 'unix:path=/run/user/1002/bus', 'COLORTERM': 'truecolor', 'DEBUGINFOD_URLS': 'https://debuginfod.ubuntu.com', 'IM_CONFIG_PHASE': '1', 'WAYLAND_DISPLAY': 'wayland-0', 'ROS_DISTRO': 'jazzy', 'LOGNAME': 'csanimatronics', '_': '/usr/bin/colcon', 'ROS_VERSION': '2', 'MEMORY_PRESSURE_WATCH': '/sys/fs/cgroup/user.slice/user-1002.slice/user@1002.service/session.slice/org.gnome.Shell@wayland.service/memory.pressure', 'XDG_SESSION_CLASS': 'user', 'USERNAME': 'csanimatronics', 'TERM': 'xterm-256color', 'GNOME_DESKTOP_SESSION_ID': 'this-is-deprecated', 'PATH': '/opt/ros/jazzy/bin:/usr/local/sbin:/usr/local/bin:/usr/sbin:/usr/bin:/sbin:/bin:/usr/games:/usr/local/games:/snap/bin:/snap/bin', 'SESSION_MANAGER': 'local/csanimatronics-desktop:@/tmp/.ICE-unix/1612,unix/csanimatronics-desktop:/tmp/.ICE-unix/1612', 'XDG_MENU_PREFIX': 'gnome-', 'GNOME_TERMINAL_SCREEN': '/org/gnome/Terminal/screen/8dd0bfd5_2e0a_4ff1_8cc1_409d80fc8058', 'GNOME_SETUP_DISPLAY': ':1', 'XDG_RUNTIME_DIR': '/run/user/1002', 'DISPLAY': ':0', 'LANG': 'C.UTF-8', 'XDG_CURRENT_DESKTOP': 'ubuntu:GNOME', 'XMODIFIERS': '@im=ibus', 'XDG_SESSION_DESKTOP': 'ubuntu', 'XAUTHORITY': '/run/user/1002/.mutter-Xwaylandauth.N7O212', 'LS_COLORS': 'rs=0:di=01;34:ln=01;36:mh=00:pi=40;33:so=01;35:do=01;35:bd=40;33;01:cd=40;33;01:or=40;31;01:mi=00:su=37;41:sg=30;43:ca=00:tw=30;42:ow=34;42:st=37;44:ex=01;32:*.tar=01;31:*.tgz=01;31:*.arc=01;31:*.arj=01;31:*.taz=01;31:*.lha=01;31:*.lz4=01;31:*.lzh=01;31:*.lzma=01;31:*.tlz=01;31:*.txz=01;31:*.tzo=01;31:*.t7z=01;31:*.zip=01;31:*.z=01;31:*.dz=01;31:*.gz=01;31:*.lrz=01;31:*.lz=01;31:*.lzo=01;31:*.xz=01;31:*.zst=01;31:*.tzst=01;31:*.bz2=01;31:*.bz=01;31:*.tbz=01;31:*.tbz2=01;31:*.tz=01;31:*.deb=01;31:*.rpm=01;31:*.jar=01;31:*.war=01;31:*.ear=01;31:*.sar=01;31:*.rar=01;31:*.alz=01;31:*.ace=01;31:*.zoo=01;31:*.cpio=01;31:*.7z=01;31:*.rz=01;31:*.cab=01;31:*.wim=01;31:*.swm=01;31:*.dwm=01;31:*.esd=01;31:*.avif=01;35:*.jpg=01;35:*.jpeg=01;35:*.mjpg=01;35:*.mjpeg=01;35:*.gif=01;35:*.bmp=01;35:*.pbm=01;35:*.pgm=01;35:*.ppm=01;35:*.tga=01;35:*.xbm=01;35:*.xpm=01;35:*.tif=01;35:*.tiff=01;35:*.png=01;35:*.svg=01;35:*.svgz=01;35:*.mng=01;35:*.pcx=01;35:*.mov=01;35:*.mpg=01;35:*.mpeg=01;35:*.m2v=01;35:*.mkv=01;35:*.webm=01;35:*.webp=01;35:*.ogm=01;35:*.mp4=01;35:*.m4v=01;35:*.mp4v=01;35:*.vob=01;35:*.qt=01;35:*.nuv=01;35:*.wmv=01;35:*.asf=01;35:*.rm=01;35:*.rmvb=01;35:*.flc=01;35:*.avi=01;35:*.fli=01;35:*.flv=01;35:*.gl=01;35:*.dl=01;35:*.xcf=01;35:*.xwd=01;35:*.yuv=01;35:*.cgm=01;35:*.emf=01;35:*.ogv=01;35:*.ogx=01;35:*.aac=00;36:*.au=00;36:*.flac=00;36:*.m4a=00;36:*.mid=00;36:*.midi=00;36:*.mka=00;36:*.mp3=00;36:*.mpc=00;36:*.ogg=00;36:*.ra=00;36:*.wav=00;36:*.oga=00;36:*.opus=00;36:*.spx=00;36:*.xspf=00;36:*~=00;90:*#=00;90:*.bak=00;90:*.crdownload=00;90:*.dpkg-dist=00;90:*.dpkg-new=00;90:*.dpkg-old=00;90:*.dpkg-tmp=00;90:*.old=00;90:*.orig=00;90:*.part=00;90:*.rej=00;90:*.rpmnew=00;90:*.rpmorig=00;90:*.rpmsave=00;90:*.swp=00;90:*.tmp=00;90:*.ucf-dist=00;90:*.ucf-new=00;90:*.ucf-old=00;90:', 'GNOME_TERMINAL_SERVICE': ':1.103', 'SSH_AUTH_SOCK': '/run/user/1002/keyring/ssh', 'AMENT_PREFIX_PATH': '/opt/ros/jazzy', 'SHELL': '/bin/bash', 'QT_ACCESSIBILITY': '1', 'GDMSESSION': 'ubuntu', 'LESSCLOSE': '/usr/bin/lesspipe %s %s', 'ROS_AUTOMATIC_DISCOVERY_RANGE': 'SUBNET', 'QT_IM_MODULE': 'ibus', 'PWD': '/home/csanimatronics/CS_Animatronics/build/motor_commands', 'XDG_CONFIG_DIRS': '/etc/xdg/xdg-ubuntu:/etc/xdg', 'XDG_DATA_DIRS': '/usr/share/ubuntu:/usr/share/gnome:/usr/local/share/:/usr/share/:/var/lib/snapd/desktop', 'PYTHONPATH': '/opt/ros/jazzy/lib/python3.12/site-packages', 'COLCON': '1', 'MEMORY_PRESSURE_WRITE': 'c29tZSAyMDAwMDAgMjAwMDAwMAA=', 'VTE_VERSION': '7600', 'CMAKE_PREFIX_PATH': '/opt/ros/jazzy/opt/gz_math_vendor:/opt/ros/jazzy/opt/gz_utils_vendor:/opt/ros/jazzy/opt/gz_cmake_vendor:/opt/ros/jazzy'}), 'shell': False}
[19.527969] (motor_commands) StdoutLine: {'line': b'-- Install configuration: ""\n'}
[19.528301] (motor_commands) StdoutLine: {'line': b'-- Installing: /home/csanimatronics/CS_Animatronics/install/motor_commands/share/ament_index/resource_index/rosidl_interfaces/motor_commands\n'}
[19.528585] (motor_commands) StdoutLine: {'line': b'-- Installing: /home/csanimatronics/CS_Animatronics/install/motor_commands/share/motor_commands/msg/IdAngle.json\n'}
[19.528801] (motor_commands) StdoutLine: {'line': b'-- Installing: /home/csanimatronics/CS_Animatronics/install/motor_commands/share/motor_commands/srv/GetMotorStates.json\n'}
[19.528999] (motor_commands) StdoutLine: {'line': b'-- Installing: /home/csanimatronics/CS_Animatronics/install/motor_commands/include/motor_commands/motor_commands\n'}
[19.529163] (motor_commands) StdoutLine: {'line': b'-- Installing: /home/csanimatronics/CS_Animatronics/install/motor_commands/include/motor_commands/motor_commands/srv\n'}
[19.529278] (motor_commands) StdoutLine: {'line': b'-- Installing: /home/csanimatronics/CS_Animatronics/install/motor_commands/include/motor_commands/motor_commands/srv/detail\n'}
[19.529392] (motor_commands) StdoutLine: {'line': b'-- Installing: /home/csanimatronics/CS_Animatronics/install/motor_commands/include/motor_commands/motor_commands/srv/detail/get_motor_states__functions.h\n'}
[19.529515] (motor_commands) StdoutLine: {'line': b'-- Installing: /home/csanimatronics/CS_Animatronics/install/motor_commands/include/motor_commands/motor_commands/srv/detail/get_motor_states__type_support.h\n'}
[19.529645] (motor_commands) StdoutLine: {'line': b'-- Installing: /home/csanimatronics/CS_Animatronics/install/motor_commands/include/motor_commands/motor_commands/srv/detail/get_motor_states__functions.c\n'}
[19.529825] (motor_commands) StdoutLine: {'line': b'-- Installing: /home/csanimatronics/CS_Animatronics/install/motor_commands/include/motor_commands/motor_commands/srv/detail/get_motor_states__type_support.c\n'}
[19.529963] (motor_commands) StdoutLine: {'line': b'-- Installing: /home/csanimatronics/CS_Animatronics/install/motor_commands/include/motor_commands/motor_commands/srv/detail/get_motor_states__description.c\n'}
[19.530133] (motor_commands) StdoutLine: {'line': b'-- Installing: /home/csanimatronics/CS_Animatronics/install/motor_commands/include/motor_commands/motor_commands/srv/detail/get_motor_states__struct.h\n'}
[19.530264] (motor_commands) StdoutLine: {'line': b'-- Installing: /home/csanimatronics/CS_Animatronics/install/motor_commands/include/motor_commands/motor_commands/srv/get_motor_states.h\n'}
[19.530383] (motor_commands) StdoutLine: {'line': b'-- Installing: /home/csanimatronics/CS_Animatronics/install/motor_commands/include/motor_commands/motor_commands/msg\n'}
[19.530477] (motor_commands) StdoutLine: {'line': b'-- Installing: /home/csanimatronics/CS_Animatronics/install/motor_commands/include/motor_commands/motor_commands/msg/rosidl_generator_c__visibility_control.h\n'}
[19.530610] (motor_commands) StdoutLine: {'line': b'-- Installing: /home/csanimatronics/CS_Animatronics/install/motor_commands/include/motor_commands/motor_commands/msg/detail\n'}
[19.530708] (motor_commands) StdoutLine: {'line': b'-- Installing: /home/csanimatronics/CS_Animatronics/install/motor_commands/include/motor_commands/motor_commands/msg/detail/id_angle__type_support.h\n'}
[19.530838] (motor_commands) StdoutLine: {'line': b'-- Installing: /home/csanimatronics/CS_Animatronics/install/motor_commands/include/motor_commands/motor_commands/msg/detail/id_angle__functions.h\n'}
[19.530989] (motor_commands) StdoutLine: {'line': b'-- Installing: /home/csanimatronics/CS_Animatronics/install/motor_commands/include/motor_commands/motor_commands/msg/detail/id_angle__functions.c\n'}
[19.531129] (motor_commands) StdoutLine: {'line': b'-- Installing: /home/csanimatronics/CS_Animatronics/install/motor_commands/include/motor_commands/motor_commands/msg/detail/id_angle__description.c\n'}
[19.531256] (motor_commands) StdoutLine: {'line': b'-- Installing: /home/csanimatronics/CS_Animatronics/install/motor_commands/include/motor_commands/motor_commands/msg/detail/id_angle__type_support.c\n'}
[19.531382] (motor_commands) StdoutLine: {'line': b'-- Installing: /home/csanimatronics/CS_Animatronics/install/motor_commands/include/motor_commands/motor_commands/msg/detail/id_angle__struct.h\n'}
[19.531510] (motor_commands) StdoutLine: {'line': b'-- Installing: /home/csanimatronics/CS_Animatronics/install/motor_commands/include/motor_commands/motor_commands/msg/id_angle.h\n'}
[19.531735] (motor_commands) StdoutLine: {'line': b'-- Installing: /home/csanimatronics/CS_Animatronics/install/motor_commands/share/motor_commands/environment/library_path.sh\n'}
[19.531906] (motor_commands) StdoutLine: {'line': b'-- Installing: /home/csanimatronics/CS_Animatronics/install/motor_commands/share/motor_commands/environment/library_path.dsv\n'}
[19.532161] (motor_commands) StdoutLine: {'line': b'-- Installing: /home/csanimatronics/CS_Animatronics/install/motor_commands/lib/libmotor_commands__rosidl_generator_c.so\n'}
[19.532801] (motor_commands) StdoutLine: {'line': b'-- Set non-toolchain portion of runtime path of "/home/csanimatronics/CS_Animatronics/install/motor_commands/lib/libmotor_commands__rosidl_generator_c.so" to ""\n'}
[19.532930] (motor_commands) StdoutLine: {'line': b'-- Up-to-date: /home/csanimatronics/CS_Animatronics/install/motor_commands/include/motor_commands/motor_commands\n'}
[19.533047] (motor_commands) StdoutLine: {'line': b'-- Up-to-date: /home/csanimatronics/CS_Animatronics/install/motor_commands/include/motor_commands/motor_commands/srv\n'}
[19.533138] (motor_commands) StdoutLine: {'line': b'-- Up-to-date: /home/csanimatronics/CS_Animatronics/install/motor_commands/include/motor_commands/motor_commands/srv/detail\n'}
[19.533259] (motor_commands) StdoutLine: {'line': b'-- Installing: /home/csanimatronics/CS_Animatronics/install/motor_commands/include/motor_commands/motor_commands/srv/detail/get_motor_states__rosidl_typesupport_fastrtps_c.h\n'}
[19.533342] (motor_commands) StdoutLine: {'line': b'-- Up-to-date: /home/csanimatronics/CS_Animatronics/install/motor_commands/include/motor_commands/motor_commands/msg\n'}
[19.533455] (motor_commands) StdoutLine: {'line': b'-- Installing: /home/csanimatronics/CS_Animatronics/install/motor_commands/include/motor_commands/motor_commands/msg/rosidl_typesupport_fastrtps_c__visibility_control.h\n'}
[19.533539] (motor_commands) StdoutLine: {'line': b'-- Up-to-date: /home/csanimatronics/CS_Animatronics/install/motor_commands/include/motor_commands/motor_commands/msg/detail\n'}
[19.533617] (motor_commands) StdoutLine: {'line': b'-- Installing: /home/csanimatronics/CS_Animatronics/install/motor_commands/include/motor_commands/motor_commands/msg/detail/id_angle__rosidl_typesupport_fastrtps_c.h\n'}
[19.533726] (motor_commands) StdoutLine: {'line': b'-- Installing: /home/csanimatronics/CS_Animatronics/install/motor_commands/lib/libmotor_commands__rosidl_typesupport_fastrtps_c.so\n'}
[19.534199] (motor_commands) StdoutLine: {'line': b'-- Set non-toolchain portion of runtime path of "/home/csanimatronics/CS_Animatronics/install/motor_commands/lib/libmotor_commands__rosidl_typesupport_fastrtps_c.so" to ""\n'}
[19.534323] (motor_commands) StdoutLine: {'line': b'-- Up-to-date: /home/csanimatronics/CS_Animatronics/install/motor_commands/include/motor_commands/motor_commands\n'}
[19.534405] (motor_commands) StdoutLine: {'line': b'-- Up-to-date: /home/csanimatronics/CS_Animatronics/install/motor_commands/include/motor_commands/motor_commands/srv\n'}
[19.534517] (motor_commands) StdoutLine: {'line': b'-- Up-to-date: /home/csanimatronics/CS_Animatronics/install/motor_commands/include/motor_commands/motor_commands/srv/detail\n'}
[19.534599] (motor_commands) StdoutLine: {'line': b'-- Installing: /home/csanimatronics/CS_Animatronics/install/motor_commands/include/motor_commands/motor_commands/srv/detail/get_motor_states__builder.hpp\n'}
[19.534709] (motor_commands) StdoutLine: {'line': b'-- Installing: /home/csanimatronics/CS_Animatronics/install/motor_commands/include/motor_commands/motor_commands/srv/detail/get_motor_states__type_support.hpp\n'}
[19.534798] (motor_commands) StdoutLine: {'line': b'-- Installing: /home/csanimatronics/CS_Animatronics/install/motor_commands/include/motor_commands/motor_commands/srv/detail/get_motor_states__traits.hpp\n'}
[19.534899] (motor_commands) StdoutLine: {'line': b'-- Installing: /home/csanimatronics/CS_Animatronics/install/motor_commands/include/motor_commands/motor_commands/srv/detail/get_motor_states__struct.hpp\n'}
[19.535016] (motor_commands) StdoutLine: {'line': b'-- Installing: /home/csanimatronics/CS_Animatronics/install/motor_commands/include/motor_commands/motor_commands/srv/get_motor_states.hpp\n'}
[19.535121] (motor_commands) StdoutLine: {'line': b'-- Up-to-date: /home/csanimatronics/CS_Animatronics/install/motor_commands/include/motor_commands/motor_commands/msg\n'}
[19.535224] (motor_commands) StdoutLine: {'line': b'-- Installing: /home/csanimatronics/CS_Animatronics/install/motor_commands/include/motor_commands/motor_commands/msg/id_angle.hpp\n'}
[19.535315] (motor_commands) StdoutLine: {'line': b'-- Up-to-date: /home/csanimatronics/CS_Animatronics/install/motor_commands/include/motor_commands/motor_commands/msg/detail\n'}
[19.535418] (motor_commands) StdoutLine: {'line': b'-- Installing: /home/csanimatronics/CS_Animatronics/install/motor_commands/include/motor_commands/motor_commands/msg/detail/id_angle__type_support.hpp\n'}
[19.535519] (motor_commands) StdoutLine: {'line': b'-- Installing: /home/csanimatronics/CS_Animatronics/install/motor_commands/include/motor_commands/motor_commands/msg/detail/id_angle__struct.hpp\n'}
[19.535620] (motor_commands) StdoutLine: {'line': b'-- Installing: /home/csanimatronics/CS_Animatronics/install/motor_commands/include/motor_commands/motor_commands/msg/detail/id_angle__builder.hpp\n'}
[19.535717] (motor_commands) StdoutLine: {'line': b'-- Installing: /home/csanimatronics/CS_Animatronics/install/motor_commands/include/motor_commands/motor_commands/msg/detail/id_angle__traits.hpp\n'}
[19.535829] (motor_commands) StdoutLine: {'line': b'-- Installing: /home/csanimatronics/CS_Animatronics/install/motor_commands/include/motor_commands/motor_commands/msg/rosidl_generator_cpp__visibility_control.hpp\n'}
[19.535994] (motor_commands) StdoutLine: {'line': b'-- Up-to-date: /home/csanimatronics/CS_Animatronics/install/motor_commands/include/motor_commands/motor_commands\n'}
[19.536116] (motor_commands) StdoutLine: {'line': b'-- Up-to-date: /home/csanimatronics/CS_Animatronics/install/motor_commands/include/motor_commands/motor_commands/srv\n'}
[19.536200] (motor_commands) StdoutLine: {'line': b'-- Up-to-date: /home/csanimatronics/CS_Animatronics/install/motor_commands/include/motor_commands/motor_commands/srv/detail\n'}
[19.536311] (motor_commands) StdoutLine: {'line': b'-- Installing: /home/csanimatronics/CS_Animatronics/install/motor_commands/include/motor_commands/motor_commands/srv/detail/get_motor_states__rosidl_typesupport_fastrtps_cpp.hpp\n'}
[19.536389] (motor_commands) StdoutLine: {'line': b'-- Installing: /home/csanimatronics/CS_Animatronics/install/motor_commands/include/motor_commands/motor_commands/srv/detail/dds_fastrtps\n'}
[19.536502] (motor_commands) StdoutLine: {'line': b'-- Up-to-date: /home/csanimatronics/CS_Animatronics/install/motor_commands/include/motor_commands/motor_commands/msg\n'}
[19.536599] (motor_commands) StdoutLine: {'line': b'-- Up-to-date: /home/csanimatronics/CS_Animatronics/install/motor_commands/include/motor_commands/motor_commands/msg/detail\n'}
[19.536676] (motor_commands) StdoutLine: {'line': b'-- Installing: /home/csanimatronics/CS_Animatronics/install/motor_commands/include/motor_commands/motor_commands/msg/detail/dds_fastrtps\n'}
[19.536755] (motor_commands) StdoutLine: {'line': b'-- Installing: /home/csanimatronics/CS_Animatronics/install/motor_commands/include/motor_commands/motor_commands/msg/detail/id_angle__rosidl_typesupport_fastrtps_cpp.hpp\n'}
[19.536857] (motor_commands) StdoutLine: {'line': b'-- Installing: /home/csanimatronics/CS_Animatronics/install/motor_commands/include/motor_commands/motor_commands/msg/rosidl_typesupport_fastrtps_cpp__visibility_control.h\n'}
[19.536980] (motor_commands) StdoutLine: {'line': b'-- Installing: /home/csanimatronics/CS_Animatronics/install/motor_commands/lib/libmotor_commands__rosidl_typesupport_fastrtps_cpp.so\n'}
[19.537653] (motor_commands) StdoutLine: {'line': b'-- Set non-toolchain portion of runtime path of "/home/csanimatronics/CS_Animatronics/install/motor_commands/lib/libmotor_commands__rosidl_typesupport_fastrtps_cpp.so" to ""\n'}
[19.537770] (motor_commands) StdoutLine: {'line': b'-- Up-to-date: /home/csanimatronics/CS_Animatronics/install/motor_commands/include/motor_commands/motor_commands\n'}
[19.537853] (motor_commands) StdoutLine: {'line': b'-- Up-to-date: /home/csanimatronics/CS_Animatronics/install/motor_commands/include/motor_commands/motor_commands/srv\n'}
[19.537971] (motor_commands) StdoutLine: {'line': b'-- Up-to-date: /home/csanimatronics/CS_Animatronics/install/motor_commands/include/motor_commands/motor_commands/srv/detail\n'}
[19.538061] (motor_commands) StdoutLine: {'line': b'-- Installing: /home/csanimatronics/CS_Animatronics/install/motor_commands/include/motor_commands/motor_commands/srv/detail/get_motor_states__rosidl_typesupport_introspection_c.h\n'}
[19.538164] (motor_commands) StdoutLine: {'line': b'-- Installing: /home/csanimatronics/CS_Animatronics/install/motor_commands/include/motor_commands/motor_commands/srv/detail/get_motor_states__type_support.c\n'}
[19.538262] (motor_commands) StdoutLine: {'line': b'-- Up-to-date: /home/csanimatronics/CS_Animatronics/install/motor_commands/include/motor_commands/motor_commands/msg\n'}
[19.538374] (motor_commands) StdoutLine: {'line': b'-- Up-to-date: /home/csanimatronics/CS_Animatronics/install/motor_commands/include/motor_commands/motor_commands/msg/detail\n'}
[19.538450] (motor_commands) StdoutLine: {'line': b'-- Installing: /home/csanimatronics/CS_Animatronics/install/motor_commands/include/motor_commands/motor_commands/msg/detail/id_angle__rosidl_typesupport_introspection_c.h\n'}
[19.538550] (motor_commands) StdoutLine: {'line': b'-- Installing: /home/csanimatronics/CS_Animatronics/install/motor_commands/include/motor_commands/motor_commands/msg/detail/id_angle__type_support.c\n'}
[19.538645] (motor_commands) StdoutLine: {'line': b'-- Installing: /home/csanimatronics/CS_Animatronics/install/motor_commands/include/motor_commands/motor_commands/msg/rosidl_typesupport_introspection_c__visibility_control.h\n'}
[19.538833] (motor_commands) StdoutLine: {'line': b'-- Installing: /home/csanimatronics/CS_Animatronics/install/motor_commands/lib/libmotor_commands__rosidl_typesupport_introspection_c.so\n'}
[19.539411] (motor_commands) StdoutLine: {'line': b'-- Set non-toolchain portion of runtime path of "/home/csanimatronics/CS_Animatronics/install/motor_commands/lib/libmotor_commands__rosidl_typesupport_introspection_c.so" to ""\n'}
[19.539523] (motor_commands) StdoutLine: {'line': b'-- Installing: /home/csanimatronics/CS_Animatronics/install/motor_commands/lib/libmotor_commands__rosidl_typesupport_c.so\n'}
[19.540040] (motor_commands) StdoutLine: {'line': b'-- Set non-toolchain portion of runtime path of "/home/csanimatronics/CS_Animatronics/install/motor_commands/lib/libmotor_commands__rosidl_typesupport_c.so" to ""\n'}
[19.540164] (motor_commands) StdoutLine: {'line': b'-- Up-to-date: /home/csanimatronics/CS_Animatronics/install/motor_commands/include/motor_commands/motor_commands\n'}
[19.540278] (motor_commands) StdoutLine: {'line': b'-- Up-to-date: /home/csanimatronics/CS_Animatronics/install/motor_commands/include/motor_commands/motor_commands/srv\n'}
[19.540353] (motor_commands) StdoutLine: {'line': b'-- Up-to-date: /home/csanimatronics/CS_Animatronics/install/motor_commands/include/motor_commands/motor_commands/srv/detail\n'}
[19.540431] (motor_commands) StdoutLine: {'line': b'-- Installing: /home/csanimatronics/CS_Animatronics/install/motor_commands/include/motor_commands/motor_commands/srv/detail/get_motor_states__rosidl_typesupport_introspection_cpp.hpp\n'}
[19.540529] (motor_commands) StdoutLine: {'line': b'-- Installing: /home/csanimatronics/CS_Animatronics/install/motor_commands/include/motor_commands/motor_commands/srv/detail/get_motor_states__type_support.cpp\n'}
[19.540647] (motor_commands) StdoutLine: {'line': b'-- Up-to-date: /home/csanimatronics/CS_Animatronics/install/motor_commands/include/motor_commands/motor_commands/msg\n'}
[19.540724] (motor_commands) StdoutLine: {'line': b'-- Up-to-date: /home/csanimatronics/CS_Animatronics/install/motor_commands/include/motor_commands/motor_commands/msg/detail\n'}
[19.540818] (motor_commands) StdoutLine: {'line': b'-- Installing: /home/csanimatronics/CS_Animatronics/install/motor_commands/include/motor_commands/motor_commands/msg/detail/id_angle__type_support.cpp\n'}
[19.540895] (motor_commands) StdoutLine: {'line': b'-- Installing: /home/csanimatronics/CS_Animatronics/install/motor_commands/include/motor_commands/motor_commands/msg/detail/id_angle__rosidl_typesupport_introspection_cpp.hpp\n'}
[19.540994] (motor_commands) StdoutLine: {'line': b'-- Installing: /home/csanimatronics/CS_Animatronics/install/motor_commands/lib/libmotor_commands__rosidl_typesupport_introspection_cpp.so\n'}
[19.541759] (motor_commands) StdoutLine: {'line': b'-- Set non-toolchain portion of runtime path of "/home/csanimatronics/CS_Animatronics/install/motor_commands/lib/libmotor_commands__rosidl_typesupport_introspection_cpp.so" to ""\n'}
[19.541853] (motor_commands) StdoutLine: {'line': b'-- Installing: /home/csanimatronics/CS_Animatronics/install/motor_commands/lib/libmotor_commands__rosidl_typesupport_cpp.so\n'}
[19.542610] (motor_commands) StdoutLine: {'line': b'-- Set non-toolchain portion of runtime path of "/home/csanimatronics/CS_Animatronics/install/motor_commands/lib/libmotor_commands__rosidl_typesupport_cpp.so" to ""\n'}
[19.542726] (motor_commands) StdoutLine: {'line': b'-- Installing: /home/csanimatronics/CS_Animatronics/install/motor_commands/share/motor_commands/environment/pythonpath.sh\n'}
[19.542845] (motor_commands) StdoutLine: {'line': b'-- Installing: /home/csanimatronics/CS_Animatronics/install/motor_commands/share/motor_commands/environment/pythonpath.dsv\n'}
[19.543012] (motor_commands) StdoutLine: {'line': b'-- Installing: /home/csanimatronics/CS_Animatronics/install/motor_commands/lib/python3.12/site-packages/motor_commands-0.0.0-py3.12.egg-info\n'}
[19.543178] (motor_commands) StdoutLine: {'line': b'-- Installing: /home/csanimatronics/CS_Animatronics/install/motor_commands/lib/python3.12/site-packages/motor_commands-0.0.0-py3.12.egg-info/dependency_links.txt\n'}
[19.543313] (motor_commands) StdoutLine: {'line': b'-- Installing: /home/csanimatronics/CS_Animatronics/install/motor_commands/lib/python3.12/site-packages/motor_commands-0.0.0-py3.12.egg-info/PKG-INFO\n'}
[19.543437] (motor_commands) StdoutLine: {'line': b'-- Installing: /home/csanimatronics/CS_Animatronics/install/motor_commands/lib/python3.12/site-packages/motor_commands-0.0.0-py3.12.egg-info/top_level.txt\n'}
[19.543556] (motor_commands) StdoutLine: {'line': b'-- Installing: /home/csanimatronics/CS_Animatronics/install/motor_commands/lib/python3.12/site-packages/motor_commands-0.0.0-py3.12.egg-info/SOURCES.txt\n'}
[19.543724] (motor_commands) StdoutLine: {'line': b'-- Installing: /home/csanimatronics/CS_Animatronics/install/motor_commands/lib/python3.12/site-packages/motor_commands\n'}
[19.543829] (motor_commands) StdoutLine: {'line': b'-- Installing: /home/csanimatronics/CS_Animatronics/install/motor_commands/lib/python3.12/site-packages/motor_commands/_motor_commands_s.ep.rosidl_typesupport_fastrtps_c.c\n'}
[19.544001] (motor_commands) StdoutLine: {'line': b'-- Installing: /home/csanimatronics/CS_Animatronics/install/motor_commands/lib/python3.12/site-packages/motor_commands/_motor_commands_s.ep.rosidl_typesupport_introspection_c.c\n'}
[19.544168] (motor_commands) StdoutLine: {'line': b'-- Installing: /home/csanimatronics/CS_Animatronics/install/motor_commands/lib/python3.12/site-packages/motor_commands/motor_commands_s__rosidl_typesupport_introspection_c.so\n'}
[19.544422] (motor_commands) StdoutLine: {'line': b'-- Installing: /home/csanimatronics/CS_Animatronics/install/motor_commands/lib/python3.12/site-packages/motor_commands/srv\n'}
[19.544514] (motor_commands) StdoutLine: {'line': b'-- Installing: /home/csanimatronics/CS_Animatronics/install/motor_commands/lib/python3.12/site-packages/motor_commands/srv/_get_motor_states_s.c\n'}
[19.544698] (motor_commands) StdoutLine: {'line': b'-- Installing: /home/csanimatronics/CS_Animatronics/install/motor_commands/lib/python3.12/site-packages/motor_commands/srv/__init__.py\n'}
[19.544827] (motor_commands) StdoutLine: {'line': b'-- Installing: /home/csanimatronics/CS_Animatronics/install/motor_commands/lib/python3.12/site-packages/motor_commands/srv/_get_motor_states.py\n'}
[19.545003] (motor_commands) StdoutLine: {'line': b'-- Installing: /home/csanimatronics/CS_Animatronics/install/motor_commands/lib/python3.12/site-packages/motor_commands/_motor_commands_s.ep.rosidl_typesupport_c.c\n'}
[19.545162] (motor_commands) StdoutLine: {'line': b'-- Installing: /home/csanimatronics/CS_Animatronics/install/motor_commands/lib/python3.12/site-packages/motor_commands/motor_commands_s__rosidl_typesupport_fastrtps_c.so\n'}
[19.545416] (motor_commands) StdoutLine: {'line': b'-- Installing: /home/csanimatronics/CS_Animatronics/install/motor_commands/lib/python3.12/site-packages/motor_commands/__init__.py\n'}
[19.545525] (motor_commands) StdoutLine: {'line': b'-- Installing: /home/csanimatronics/CS_Animatronics/install/motor_commands/lib/python3.12/site-packages/motor_commands/msg\n'}
[19.545618] (motor_commands) StdoutLine: {'line': b'-- Installing: /home/csanimatronics/CS_Animatronics/install/motor_commands/lib/python3.12/site-packages/motor_commands/msg/_id_angle.py\n'}
[19.545753] (motor_commands) StdoutLine: {'line': b'-- Installing: /home/csanimatronics/CS_Animatronics/install/motor_commands/lib/python3.12/site-packages/motor_commands/msg/_id_angle_s.c\n'}
[19.545883] (motor_commands) StdoutLine: {'line': b'-- Installing: /home/csanimatronics/CS_Animatronics/install/motor_commands/lib/python3.12/site-packages/motor_commands/msg/__init__.py\n'}
[19.546016] (motor_commands) StdoutLine: {'line': b'-- Installing: /home/csanimatronics/CS_Animatronics/install/motor_commands/lib/python3.12/site-packages/motor_commands/motor_commands_s__rosidl_typesupport_c.so\n'}
[19.589415] (-) TimerEvent: {}
[19.618162] (motor_commands) StdoutLine: {'line': b"Listing '/home/csanimatronics/CS_Animatronics/install/motor_commands/lib/python3.12/site-packages/motor_commands'...\n"}
[19.618476] (motor_commands) StdoutLine: {'line': b"Compiling '/home/csanimatronics/CS_Animatronics/install/motor_commands/lib/python3.12/site-packages/motor_commands/__init__.py'...\n"}
[19.618579] (motor_commands) StdoutLine: {'line': b"Listing '/home/csanimatronics/CS_Animatronics/install/motor_commands/lib/python3.12/site-packages/motor_commands/msg'...\n"}
[19.618671] (motor_commands) StdoutLine: {'line': b"Compiling '/home/csanimatronics/CS_Animatronics/install/motor_commands/lib/python3.12/site-packages/motor_commands/msg/__init__.py'...\n"}
[19.618771] (motor_commands) StdoutLine: {'line': b"Compiling '/home/csanimatronics/CS_Animatronics/install/motor_commands/lib/python3.12/site-packages/motor_commands/msg/_id_angle.py'...\n"}
[19.618872] (motor_commands) StdoutLine: {'line': b"Listing '/home/csanimatronics/CS_Animatronics/install/motor_commands/lib/python3.12/site-packages/motor_commands/srv'...\n"}
[19.618997] (motor_commands) StdoutLine: {'line': b"Compiling '/home/csanimatronics/CS_Animatronics/install/motor_commands/lib/python3.12/site-packages/motor_commands/srv/__init__.py'...\n"}
[19.619101] (motor_commands) StdoutLine: {'line': b"Compiling '/home/csanimatronics/CS_Animatronics/install/motor_commands/lib/python3.12/site-packages/motor_commands/srv/_get_motor_states.py'...\n"}
[19.632151] (motor_commands) StdoutLine: {'line': b'-- Installing: /home/csanimatronics/CS_Animatronics/install/motor_commands/lib/python3.12/site-packages/motor_commands/motor_commands_s__rosidl_typesupport_fastrtps_c.so\n'}
[19.632676] (motor_commands) StdoutLine: {'line': b'-- Set non-toolchain portion of runtime path of "/home/csanimatronics/CS_Animatronics/install/motor_commands/lib/python3.12/site-packages/motor_commands/motor_commands_s__rosidl_typesupport_fastrtps_c.so" to ""\n'}
[19.633026] (motor_commands) StdoutLine: {'line': b'-- Installing: /home/csanimatronics/CS_Animatronics/install/motor_commands/lib/python3.12/site-packages/motor_commands/motor_commands_s__rosidl_typesupport_introspection_c.so\n'}
[19.633588] (motor_commands) StdoutLine: {'line': b'-- Set non-toolchain portion of runtime path of "/home/csanimatronics/CS_Animatronics/install/motor_commands/lib/python3.12/site-packages/motor_commands/motor_commands_s__rosidl_typesupport_introspection_c.so" to ""\n'}
[19.633879] (motor_commands) StdoutLine: {'line': b'-- Installing: /home/csanimatronics/CS_Animatronics/install/motor_commands/lib/python3.12/site-packages/motor_commands/motor_commands_s__rosidl_typesupport_c.so\n'}
[19.634415] (motor_commands) StdoutLine: {'line': b'-- Set non-toolchain portion of runtime path of "/home/csanimatronics/CS_Animatronics/install/motor_commands/lib/python3.12/site-packages/motor_commands/motor_commands_s__rosidl_typesupport_c.so" to ""\n'}
[19.634531] (motor_commands) StdoutLine: {'line': b'-- Installing: /home/csanimatronics/CS_Animatronics/install/motor_commands/lib/libmotor_commands__rosidl_generator_py.so\n'}
[19.635115] (motor_commands) StdoutLine: {'line': b'-- Set non-toolchain portion of runtime path of "/home/csanimatronics/CS_Animatronics/install/motor_commands/lib/libmotor_commands__rosidl_generator_py.so" to ""\n'}
[19.635242] (motor_commands) StdoutLine: {'line': b'-- Installing: /home/csanimatronics/CS_Animatronics/install/motor_commands/share/motor_commands/msg/IdAngle.idl\n'}
[19.635395] (motor_commands) StdoutLine: {'line': b'-- Installing: /home/csanimatronics/CS_Animatronics/install/motor_commands/share/motor_commands/srv/GetMotorStates.idl\n'}
[19.635538] (motor_commands) StdoutLine: {'line': b'-- Installing: /home/csanimatronics/CS_Animatronics/install/motor_commands/share/motor_commands/msg/IdAngle.msg\n'}
[19.635703] (motor_commands) StdoutLine: {'line': b'-- Installing: /home/csanimatronics/CS_Animatronics/install/motor_commands/share/motor_commands/srv/GetMotorStates.srv\n'}
[19.635936] (motor_commands) StdoutLine: {'line': b'-- Installing: /home/csanimatronics/CS_Animatronics/install/motor_commands/share/ament_index/resource_index/package_run_dependencies/motor_commands\n'}
[19.636174] (motor_commands) StdoutLine: {'line': b'-- Installing: /home/csanimatronics/CS_Animatronics/install/motor_commands/share/ament_index/resource_index/parent_prefix_path/motor_commands\n'}
[19.636357] (motor_commands) StdoutLine: {'line': b'-- Installing: /home/csanimatronics/CS_Animatronics/install/motor_commands/share/motor_commands/environment/ament_prefix_path.sh\n'}
[19.636533] (motor_commands) StdoutLine: {'line': b'-- Installing: /home/csanimatronics/CS_Animatronics/install/motor_commands/share/motor_commands/environment/ament_prefix_path.dsv\n'}
[19.636697] (motor_commands) StdoutLine: {'line': b'-- Installing: /home/csanimatronics/CS_Animatronics/install/motor_commands/share/motor_commands/environment/path.sh\n'}
[19.636866] (motor_commands) StdoutLine: {'line': b'-- Installing: /home/csanimatronics/CS_Animatronics/install/motor_commands/share/motor_commands/environment/path.dsv\n'}
[19.637036] (motor_commands) StdoutLine: {'line': b'-- Installing: /home/csanimatronics/CS_Animatronics/install/motor_commands/share/motor_commands/local_setup.bash\n'}
[19.637221] (motor_commands) StdoutLine: {'line': b'-- Installing: /home/csanimatronics/CS_Animatronics/install/motor_commands/share/motor_commands/local_setup.sh\n'}
[19.637409] (motor_commands) StdoutLine: {'line': b'-- Installing: /home/csanimatronics/CS_Animatronics/install/motor_commands/share/motor_commands/local_setup.zsh\n'}
[19.637587] (motor_commands) StdoutLine: {'line': b'-- Installing: /home/csanimatronics/CS_Animatronics/install/motor_commands/share/motor_commands/local_setup.dsv\n'}
[19.637763] (motor_commands) StdoutLine: {'line': b'-- Installing: /home/csanimatronics/CS_Animatronics/install/motor_commands/share/motor_commands/package.dsv\n'}
[19.638050] (motor_commands) StdoutLine: {'line': b'-- Installing: /home/csanimatronics/CS_Animatronics/install/motor_commands/share/ament_index/resource_index/packages/motor_commands\n'}
[19.638295] (motor_commands) StdoutLine: {'line': b'-- Installing: /home/csanimatronics/CS_Animatronics/install/motor_commands/share/motor_commands/cmake/export_motor_commands__rosidl_generator_cExport.cmake\n'}
[19.638501] (motor_commands) StdoutLine: {'line': b'-- Installing: /home/csanimatronics/CS_Animatronics/install/motor_commands/share/motor_commands/cmake/export_motor_commands__rosidl_generator_cExport-noconfig.cmake\n'}
[19.638710] (motor_commands) StdoutLine: {'line': b'-- Installing: /home/csanimatronics/CS_Animatronics/install/motor_commands/share/motor_commands/cmake/export_motor_commands__rosidl_typesupport_fastrtps_cExport.cmake\n'}
[19.638903] (motor_commands) StdoutLine: {'line': b'-- Installing: /home/csanimatronics/CS_Animatronics/install/motor_commands/share/motor_commands/cmake/export_motor_commands__rosidl_typesupport_fastrtps_cExport-noconfig.cmake\n'}
[19.639130] (motor_commands) StdoutLine: {'line': b'-- Installing: /home/csanimatronics/CS_Animatronics/install/motor_commands/share/motor_commands/cmake/export_motor_commands__rosidl_generator_cppExport.cmake\n'}
[19.639339] (motor_commands) StdoutLine: {'line': b'-- Installing: /home/csanimatronics/CS_Animatronics/install/motor_commands/share/motor_commands/cmake/export_motor_commands__rosidl_typesupport_fastrtps_cppExport.cmake\n'}
[19.639528] (motor_commands) StdoutLine: {'line': b'-- Installing: /home/csanimatronics/CS_Animatronics/install/motor_commands/share/motor_commands/cmake/export_motor_commands__rosidl_typesupport_fastrtps_cppExport-noconfig.cmake\n'}
[19.639744] (motor_commands) StdoutLine: {'line': b'-- Installing: /home/csanimatronics/CS_Animatronics/install/motor_commands/share/motor_commands/cmake/motor_commands__rosidl_typesupport_introspection_cExport.cmake\n'}
[19.640089] (motor_commands) StdoutLine: {'line': b'-- Installing: /home/csanimatronics/CS_Animatronics/install/motor_commands/share/motor_commands/cmake/motor_commands__rosidl_typesupport_introspection_cExport-noconfig.cmake\n'}
[19.640299] (motor_commands) StdoutLine: {'line': b'-- Installing: /home/csanimatronics/CS_Animatronics/install/motor_commands/share/motor_commands/cmake/motor_commands__rosidl_typesupport_cExport.cmake\n'}
[19.640491] (motor_commands) StdoutLine: {'line': b'-- Installing: /home/csanimatronics/CS_Animatronics/install/motor_commands/share/motor_commands/cmake/motor_commands__rosidl_typesupport_cExport-noconfig.cmake\n'}
[19.640696] (motor_commands) StdoutLine: {'line': b'-- Installing: /home/csanimatronics/CS_Animatronics/install/motor_commands/share/motor_commands/cmake/motor_commands__rosidl_typesupport_introspection_cppExport.cmake\n'}
[19.640898] (motor_commands) StdoutLine: {'line': b'-- Installing: /home/csanimatronics/CS_Animatronics/install/motor_commands/share/motor_commands/cmake/motor_commands__rosidl_typesupport_introspection_cppExport-noconfig.cmake\n'}
[19.641171] (motor_commands) StdoutLine: {'line': b'-- Installing: /home/csanimatronics/CS_Animatronics/install/motor_commands/share/motor_commands/cmake/motor_commands__rosidl_typesupport_cppExport.cmake\n'}
[19.641378] (motor_commands) StdoutLine: {'line': b'-- Installing: /home/csanimatronics/CS_Animatronics/install/motor_commands/share/motor_commands/cmake/motor_commands__rosidl_typesupport_cppExport-noconfig.cmake\n'}
[19.641587] (motor_commands) StdoutLine: {'line': b'-- Installing: /home/csanimatronics/CS_Animatronics/install/motor_commands/share/motor_commands/cmake/export_motor_commands__rosidl_generator_pyExport.cmake\n'}
[19.641777] (motor_commands) StdoutLine: {'line': b'-- Installing: /home/csanimatronics/CS_Animatronics/install/motor_commands/share/motor_commands/cmake/export_motor_commands__rosidl_generator_pyExport-noconfig.cmake\n'}
[19.641979] (motor_commands) StdoutLine: {'line': b'-- Installing: /home/csanimatronics/CS_Animatronics/install/motor_commands/share/motor_commands/cmake/rosidl_cmake-extras.cmake\n'}
[19.642162] (motor_commands) StdoutLine: {'line': b'-- Installing: /home/csanimatronics/CS_Animatronics/install/motor_commands/share/motor_commands/cmake/ament_cmake_export_dependencies-extras.cmake\n'}
[19.642344] (motor_commands) StdoutLine: {'line': b'-- Installing: /home/csanimatronics/CS_Animatronics/install/motor_commands/share/motor_commands/cmake/ament_cmake_export_include_directories-extras.cmake\n'}
[19.642526] (motor_commands) StdoutLine: {'line': b'-- Installing: /home/csanimatronics/CS_Animatronics/install/motor_commands/share/motor_commands/cmake/ament_cmake_export_libraries-extras.cmake\n'}
[19.642712] (motor_commands) StdoutLine: {'line': b'-- Installing: /home/csanimatronics/CS_Animatronics/install/motor_commands/share/motor_commands/cmake/ament_cmake_export_targets-extras.cmake\n'}
[19.642888] (motor_commands) StdoutLine: {'line': b'-- Installing: /home/csanimatronics/CS_Animatronics/install/motor_commands/share/motor_commands/cmake/rosidl_cmake_export_typesupport_targets-extras.cmake\n'}
[19.643083] (motor_commands) StdoutLine: {'line': b'-- Installing: /home/csanimatronics/CS_Animatronics/install/motor_commands/share/motor_commands/cmake/rosidl_cmake_export_typesupport_libraries-extras.cmake\n'}
[19.643262] (motor_commands) StdoutLine: {'line': b'-- Installing: /home/csanimatronics/CS_Animatronics/install/motor_commands/share/motor_commands/cmake/motor_commandsConfig.cmake\n'}
[19.643401] (motor_commands) StdoutLine: {'line': b'-- Installing: /home/csanimatronics/CS_Animatronics/install/motor_commands/share/motor_commands/cmake/motor_commandsConfig-version.cmake\n'}
[19.643572] (motor_commands) StdoutLine: {'line': b'-- Installing: /home/csanimatronics/CS_Animatronics/install/motor_commands/share/motor_commands/package.xml\n'}
[19.647228] (motor_commands) CommandEnded: {'returncode': 0}
[19.669794] (motor_commands) JobEnded: {'identifier': 'motor_commands', 'rc': 0}
[19.670606] (motion_editor) JobStarted: {'identifier': 'motion_editor'}
[19.681417] (motor_controller) JobStarted: {'identifier': 'motor_controller'}
[19.691077] (-) TimerEvent: {}
[19.697874] (system_controller) JobStarted: {'identifier': 'system_controller'}
[19.791185] (-) TimerEvent: {}
[19.891496] (-) TimerEvent: {}
[19.991829] (-) TimerEvent: {}
[20.092240] (-) TimerEvent: {}
[20.192559] (-) TimerEvent: {}
[20.292891] (-) TimerEvent: {}
[20.393237] (-) TimerEvent: {}
[20.493600] (-) TimerEvent: {}
[20.593908] (-) TimerEvent: {}
[20.694265] (-) TimerEvent: {}
[20.794644] (-) TimerEvent: {}
[20.895006] (-) TimerEvent: {}
[20.995340] (-) TimerEvent: {}
[21.095668] (-) TimerEvent: {}
[21.196007] (-) TimerEvent: {}
[21.296320] (-) TimerEvent: {}
[21.396647] (-) TimerEvent: {}
[21.496981] (-) TimerEvent: {}
[21.597395] (-) TimerEvent: {}
[21.701593] (-) TimerEvent: {}
[21.764359] (motion_editor) Command: {'cmd': ['/usr/bin/python3', '-W', 'ignore:setup.py install is deprecated', '-W', 'ignore:easy_install command is deprecated', 'setup.py', 'egg_info', '--egg-base', '../../build/motion_editor', 'build', '--build-base', '/home/csanimatronics/CS_Animatronics/build/motion_editor/build', 'install', '--record', '/home/csanimatronics/CS_Animatronics/build/motion_editor/install.log', '--single-version-externally-managed', 'install_data'], 'cwd': '/home/csanimatronics/CS_Animatronics/src/motion_editor', 'env': {'LESSOPEN': '| /usr/bin/lesspipe %s', 'USER': 'csanimatronics', 'XDG_SESSION_TYPE': 'wayland', 'SHLVL': '1', 'LD_LIBRARY_PATH': '/home/csanimatronics/CS_Animatronics/install/motor_commands/lib:/opt/ros/jazzy/opt/rviz_ogre_vendor/lib:/opt/ros/jazzy/lib/aarch64-linux-gnu:/opt/ros/jazzy/opt/gz_math_vendor/lib:/opt/ros/jazzy/opt/gz_utils_vendor/lib:/opt/ros/jazzy/opt/gz_cmake_vendor/lib:/opt/ros/jazzy/lib', 'HOME': '/home/csanimatronics', 'OLDPWD': '/home/csanimatronics', 'DESKTOP_SESSION': 'ubuntu', 'ROS_PYTHON_VERSION': '3', 'GNOME_SHELL_SESSION_MODE': 'ubuntu', 'GTK_MODULES': 'gail:atk-bridge', 'SYSTEMD_EXEC_PID': '1641', 'GSM_SKIP_SSH_AGENT_WORKAROUND': 'true', 'DBUS_SESSION_BUS_ADDRESS': 'unix:path=/run/user/1002/bus', 'COLORTERM': 'truecolor', 'DEBUGINFOD_URLS': 'https://debuginfod.ubuntu.com', 'IM_CONFIG_PHASE': '1', 'WAYLAND_DISPLAY': 'wayland-0', 'ROS_DISTRO': 'jazzy', 'LOGNAME': 'csanimatronics', '_': '/usr/bin/colcon', 'ROS_VERSION': '2', 'MEMORY_PRESSURE_WATCH': '/sys/fs/cgroup/user.slice/user-1002.slice/user@1002.service/session.slice/org.gnome.Shell@wayland.service/memory.pressure', 'XDG_SESSION_CLASS': 'user', 'USERNAME': 'csanimatronics', 'TERM': 'xterm-256color', 'GNOME_DESKTOP_SESSION_ID': 'this-is-deprecated', 'PATH': '/opt/ros/jazzy/bin:/usr/local/sbin:/usr/local/bin:/usr/sbin:/usr/bin:/sbin:/bin:/usr/games:/usr/local/games:/snap/bin:/snap/bin', 'SESSION_MANAGER': 'local/csanimatronics-desktop:@/tmp/.ICE-unix/1612,unix/csanimatronics-desktop:/tmp/.ICE-unix/1612', 'XDG_MENU_PREFIX': 'gnome-', 'GNOME_TERMINAL_SCREEN': '/org/gnome/Terminal/screen/8dd0bfd5_2e0a_4ff1_8cc1_409d80fc8058', 'GNOME_SETUP_DISPLAY': ':1', 'XDG_RUNTIME_DIR': '/run/user/1002', 'DISPLAY': ':0', 'LANG': 'C.UTF-8', 'XDG_CURRENT_DESKTOP': 'ubuntu:GNOME', 'XMODIFIERS': '@im=ibus', 'XDG_SESSION_DESKTOP': 'ubuntu', 'XAUTHORITY': '/run/user/1002/.mutter-Xwaylandauth.N7O212', 'LS_COLORS': 'rs=0:di=01;34:ln=01;36:mh=00:pi=40;33:so=01;35:do=01;35:bd=40;33;01:cd=40;33;01:or=40;31;01:mi=00:su=37;41:sg=30;43:ca=00:tw=30;42:ow=34;42:st=37;44:ex=01;32:*.tar=01;31:*.tgz=01;31:*.arc=01;31:*.arj=01;31:*.taz=01;31:*.lha=01;31:*.lz4=01;31:*.lzh=01;31:*.lzma=01;31:*.tlz=01;31:*.txz=01;31:*.tzo=01;31:*.t7z=01;31:*.zip=01;31:*.z=01;31:*.dz=01;31:*.gz=01;31:*.lrz=01;31:*.lz=01;31:*.lzo=01;31:*.xz=01;31:*.zst=01;31:*.tzst=01;31:*.bz2=01;31:*.bz=01;31:*.tbz=01;31:*.tbz2=01;31:*.tz=01;31:*.deb=01;31:*.rpm=01;31:*.jar=01;31:*.war=01;31:*.ear=01;31:*.sar=01;31:*.rar=01;31:*.alz=01;31:*.ace=01;31:*.zoo=01;31:*.cpio=01;31:*.7z=01;31:*.rz=01;31:*.cab=01;31:*.wim=01;31:*.swm=01;31:*.dwm=01;31:*.esd=01;31:*.avif=01;35:*.jpg=01;35:*.jpeg=01;35:*.mjpg=01;35:*.mjpeg=01;35:*.gif=01;35:*.bmp=01;35:*.pbm=01;35:*.pgm=01;35:*.ppm=01;35:*.tga=01;35:*.xbm=01;35:*.xpm=01;35:*.tif=01;35:*.tiff=01;35:*.png=01;35:*.svg=01;35:*.svgz=01;35:*.mng=01;35:*.pcx=01;35:*.mov=01;35:*.mpg=01;35:*.mpeg=01;35:*.m2v=01;35:*.mkv=01;35:*.webm=01;35:*.webp=01;35:*.ogm=01;35:*.mp4=01;35:*.m4v=01;35:*.mp4v=01;35:*.vob=01;35:*.qt=01;35:*.nuv=01;35:*.wmv=01;35:*.asf=01;35:*.rm=01;35:*.rmvb=01;35:*.flc=01;35:*.avi=01;35:*.fli=01;35:*.flv=01;35:*.gl=01;35:*.dl=01;35:*.xcf=01;35:*.xwd=01;35:*.yuv=01;35:*.cgm=01;35:*.emf=01;35:*.ogv=01;35:*.ogx=01;35:*.aac=00;36:*.au=00;36:*.flac=00;36:*.m4a=00;36:*.mid=00;36:*.midi=00;36:*.mka=00;36:*.mp3=00;36:*.mpc=00;36:*.ogg=00;36:*.ra=00;36:*.wav=00;36:*.oga=00;36:*.opus=00;36:*.spx=00;36:*.xspf=00;36:*~=00;90:*#=00;90:*.bak=00;90:*.crdownload=00;90:*.dpkg-dist=00;90:*.dpkg-new=00;90:*.dpkg-old=00;90:*.dpkg-tmp=00;90:*.old=00;90:*.orig=00;90:*.part=00;90:*.rej=00;90:*.rpmnew=00;90:*.rpmorig=00;90:*.rpmsave=00;90:*.swp=00;90:*.tmp=00;90:*.ucf-dist=00;90:*.ucf-new=00;90:*.ucf-old=00;90:', 'GNOME_TERMINAL_SERVICE': ':1.103', 'SSH_AUTH_SOCK': '/run/user/1002/keyring/ssh', 'AMENT_PREFIX_PATH': '/home/csanimatronics/CS_Animatronics/install/motor_commands:/opt/ros/jazzy', 'SHELL': '/bin/bash', 'QT_ACCESSIBILITY': '1', 'GDMSESSION': 'ubuntu', 'LESSCLOSE': '/usr/bin/lesspipe %s %s', 'ROS_AUTOMATIC_DISCOVERY_RANGE': 'SUBNET', 'QT_IM_MODULE': 'ibus', 'PWD': '/home/csanimatronics/CS_Animatronics/build/motion_editor', 'XDG_CONFIG_DIRS': '/etc/xdg/xdg-ubuntu:/etc/xdg', 'XDG_DATA_DIRS': '/usr/share/ubuntu:/usr/share/gnome:/usr/local/share/:/usr/share/:/var/lib/snapd/desktop', 'PYTHONPATH': '/home/csanimatronics/CS_Animatronics/build/motion_editor/prefix_override:/usr/lib/python3/dist-packages/colcon_core/task/python/colcon_distutils_commands:/home/csanimatronics/CS_Animatronics/install/motion_editor/lib/python3.12/site-packages:/home/csanimatronics/CS_Animatronics/install/motor_commands/lib/python3.12/site-packages:/opt/ros/jazzy/lib/python3.12/site-packages', 'COLCON': '1', 'MEMORY_PRESSURE_WRITE': 'c29tZSAyMDAwMDAgMjAwMDAwMAA=', 'VTE_VERSION': '7600', 'CMAKE_PREFIX_PATH': '/home/csanimatronics/CS_Animatronics/install/motor_commands:/opt/ros/jazzy/opt/gz_math_vendor:/opt/ros/jazzy/opt/gz_utils_vendor:/opt/ros/jazzy/opt/gz_cmake_vendor'}, 'shell': False}
[21.767912] (system_controller) Command: {'cmd': ['/usr/bin/python3', '-W', 'ignore:setup.py install is deprecated', '-W', 'ignore:easy_install command is deprecated', 'setup.py', 'egg_info', '--egg-base', '../../build/system_controller', 'build', '--build-base', '/home/csanimatronics/CS_Animatronics/build/system_controller/build', 'install', '--record', '/home/csanimatronics/CS_Animatronics/build/system_controller/install.log', '--single-version-externally-managed', 'install_data'], 'cwd': '/home/csanimatronics/CS_Animatronics/src/system_controller', 'env': {'LESSOPEN': '| /usr/bin/lesspipe %s', 'USER': 'csanimatronics', 'XDG_SESSION_TYPE': 'wayland', 'SHLVL': '1', 'LD_LIBRARY_PATH': '/home/csanimatronics/CS_Animatronics/install/motor_commands/lib:/opt/ros/jazzy/opt/rviz_ogre_vendor/lib:/opt/ros/jazzy/lib/aarch64-linux-gnu:/opt/ros/jazzy/opt/gz_math_vendor/lib:/opt/ros/jazzy/opt/gz_utils_vendor/lib:/opt/ros/jazzy/opt/gz_cmake_vendor/lib:/opt/ros/jazzy/lib', 'HOME': '/home/csanimatronics', 'OLDPWD': '/home/csanimatronics', 'DESKTOP_SESSION': 'ubuntu', 'ROS_PYTHON_VERSION': '3', 'GNOME_SHELL_SESSION_MODE': 'ubuntu', 'GTK_MODULES': 'gail:atk-bridge', 'SYSTEMD_EXEC_PID': '1641', 'GSM_SKIP_SSH_AGENT_WORKAROUND': 'true', 'DBUS_SESSION_BUS_ADDRESS': 'unix:path=/run/user/1002/bus', 'COLORTERM': 'truecolor', 'DEBUGINFOD_URLS': 'https://debuginfod.ubuntu.com', 'IM_CONFIG_PHASE': '1', 'WAYLAND_DISPLAY': 'wayland-0', 'ROS_DISTRO': 'jazzy', 'LOGNAME': 'csanimatronics', '_': '/usr/bin/colcon', 'ROS_VERSION': '2', 'MEMORY_PRESSURE_WATCH': '/sys/fs/cgroup/user.slice/user-1002.slice/user@1002.service/session.slice/org.gnome.Shell@wayland.service/memory.pressure', 'XDG_SESSION_CLASS': 'user', 'USERNAME': 'csanimatronics', 'TERM': 'xterm-256color', 'GNOME_DESKTOP_SESSION_ID': 'this-is-deprecated', 'PATH': '/opt/ros/jazzy/bin:/usr/local/sbin:/usr/local/bin:/usr/sbin:/usr/bin:/sbin:/bin:/usr/games:/usr/local/games:/snap/bin:/snap/bin', 'SESSION_MANAGER': 'local/csanimatronics-desktop:@/tmp/.ICE-unix/1612,unix/csanimatronics-desktop:/tmp/.ICE-unix/1612', 'XDG_MENU_PREFIX': 'gnome-', 'GNOME_TERMINAL_SCREEN': '/org/gnome/Terminal/screen/8dd0bfd5_2e0a_4ff1_8cc1_409d80fc8058', 'GNOME_SETUP_DISPLAY': ':1', 'XDG_RUNTIME_DIR': '/run/user/1002', 'DISPLAY': ':0', 'LANG': 'C.UTF-8', 'XDG_CURRENT_DESKTOP': 'ubuntu:GNOME', 'XMODIFIERS': '@im=ibus', 'XDG_SESSION_DESKTOP': 'ubuntu', 'XAUTHORITY': '/run/user/1002/.mutter-Xwaylandauth.N7O212', 'LS_COLORS': 'rs=0:di=01;34:ln=01;36:mh=00:pi=40;33:so=01;35:do=01;35:bd=40;33;01:cd=40;33;01:or=40;31;01:mi=00:su=37;41:sg=30;43:ca=00:tw=30;42:ow=34;42:st=37;44:ex=01;32:*.tar=01;31:*.tgz=01;31:*.arc=01;31:*.arj=01;31:*.taz=01;31:*.lha=01;31:*.lz4=01;31:*.lzh=01;31:*.lzma=01;31:*.tlz=01;31:*.txz=01;31:*.tzo=01;31:*.t7z=01;31:*.zip=01;31:*.z=01;31:*.dz=01;31:*.gz=01;31:*.lrz=01;31:*.lz=01;31:*.lzo=01;31:*.xz=01;31:*.zst=01;31:*.tzst=01;31:*.bz2=01;31:*.bz=01;31:*.tbz=01;31:*.tbz2=01;31:*.tz=01;31:*.deb=01;31:*.rpm=01;31:*.jar=01;31:*.war=01;31:*.ear=01;31:*.sar=01;31:*.rar=01;31:*.alz=01;31:*.ace=01;31:*.zoo=01;31:*.cpio=01;31:*.7z=01;31:*.rz=01;31:*.cab=01;31:*.wim=01;31:*.swm=01;31:*.dwm=01;31:*.esd=01;31:*.avif=01;35:*.jpg=01;35:*.jpeg=01;35:*.mjpg=01;35:*.mjpeg=01;35:*.gif=01;35:*.bmp=01;35:*.pbm=01;35:*.pgm=01;35:*.ppm=01;35:*.tga=01;35:*.xbm=01;35:*.xpm=01;35:*.tif=01;35:*.tiff=01;35:*.png=01;35:*.svg=01;35:*.svgz=01;35:*.mng=01;35:*.pcx=01;35:*.mov=01;35:*.mpg=01;35:*.mpeg=01;35:*.m2v=01;35:*.mkv=01;35:*.webm=01;35:*.webp=01;35:*.ogm=01;35:*.mp4=01;35:*.m4v=01;35:*.mp4v=01;35:*.vob=01;35:*.qt=01;35:*.nuv=01;35:*.wmv=01;35:*.asf=01;35:*.rm=01;35:*.rmvb=01;35:*.flc=01;35:*.avi=01;35:*.fli=01;35:*.flv=01;35:*.gl=01;35:*.dl=01;35:*.xcf=01;35:*.xwd=01;35:*.yuv=01;35:*.cgm=01;35:*.emf=01;35:*.ogv=01;35:*.ogx=01;35:*.aac=00;36:*.au=00;36:*.flac=00;36:*.m4a=00;36:*.mid=00;36:*.midi=00;36:*.mka=00;36:*.mp3=00;36:*.mpc=00;36:*.ogg=00;36:*.ra=00;36:*.wav=00;36:*.oga=00;36:*.opus=00;36:*.spx=00;36:*.xspf=00;36:*~=00;90:*#=00;90:*.bak=00;90:*.crdownload=00;90:*.dpkg-dist=00;90:*.dpkg-new=00;90:*.dpkg-old=00;90:*.dpkg-tmp=00;90:*.old=00;90:*.orig=00;90:*.part=00;90:*.rej=00;90:*.rpmnew=00;90:*.rpmorig=00;90:*.rpmsave=00;90:*.swp=00;90:*.tmp=00;90:*.ucf-dist=00;90:*.ucf-new=00;90:*.ucf-old=00;90:', 'GNOME_TERMINAL_SERVICE': ':1.103', 'SSH_AUTH_SOCK': '/run/user/1002/keyring/ssh', 'AMENT_PREFIX_PATH': '/home/csanimatronics/CS_Animatronics/install/motor_commands:/opt/ros/jazzy', 'SHELL': '/bin/bash', 'QT_ACCESSIBILITY': '1', 'GDMSESSION': 'ubuntu', 'LESSCLOSE': '/usr/bin/lesspipe %s %s', 'ROS_AUTOMATIC_DISCOVERY_RANGE': 'SUBNET', 'QT_IM_MODULE': 'ibus', 'PWD': '/home/csanimatronics/CS_Animatronics/build/system_controller', 'XDG_CONFIG_DIRS': '/etc/xdg/xdg-ubuntu:/etc/xdg', 'XDG_DATA_DIRS': '/usr/share/ubuntu:/usr/share/gnome:/usr/local/share/:/usr/share/:/var/lib/snapd/desktop', 'PYTHONPATH': '/home/csanimatronics/CS_Animatronics/build/system_controller/prefix_override:/usr/lib/python3/dist-packages/colcon_core/task/python/colcon_distutils_commands:/home/csanimatronics/CS_Animatronics/install/system_controller/lib/python3.12/site-packages:/home/csanimatronics/CS_Animatronics/install/motor_commands/lib/python3.12/site-packages:/opt/ros/jazzy/lib/python3.12/site-packages', 'COLCON': '1', 'MEMORY_PRESSURE_WRITE': 'c29tZSAyMDAwMDAgMjAwMDAwMAA=', 'VTE_VERSION': '7600', 'CMAKE_PREFIX_PATH': '/home/csanimatronics/CS_Animatronics/install/motor_commands:/opt/ros/jazzy/opt/gz_math_vendor:/opt/ros/jazzy/opt/gz_utils_vendor:/opt/ros/jazzy/opt/gz_cmake_vendor'}, 'shell': False}
[21.800456] (motor_controller) Command: {'cmd': ['/usr/bin/python3', '-W', 'ignore:setup.py install is deprecated', '-W', 'ignore:easy_install command is deprecated', 'setup.py', 'egg_info', '--egg-base', '../../build/motor_controller', 'build', '--build-base', '/home/csanimatronics/CS_Animatronics/build/motor_controller/build', 'install', '--record', '/home/csanimatronics/CS_Animatronics/build/motor_controller/install.log', '--single-version-externally-managed', 'install_data'], 'cwd': '/home/csanimatronics/CS_Animatronics/src/motor_controller', 'env': {'LESSOPEN': '| /usr/bin/lesspipe %s', 'USER': 'csanimatronics', 'XDG_SESSION_TYPE': 'wayland', 'SHLVL': '1', 'LD_LIBRARY_PATH': '/home/csanimatronics/CS_Animatronics/install/motor_commands/lib:/home/csanimatronics/CS_Animatronics/install/dynamixel_sdk_custom_interfaces/lib:/home/csanimatronics/CS_Animatronics/install/dynamixel_sdk/lib:/opt/ros/jazzy/opt/rviz_ogre_vendor/lib:/opt/ros/jazzy/lib/aarch64-linux-gnu:/opt/ros/jazzy/opt/gz_math_vendor/lib:/opt/ros/jazzy/opt/gz_utils_vendor/lib:/opt/ros/jazzy/opt/gz_cmake_vendor/lib:/opt/ros/jazzy/lib', 'HOME': '/home/csanimatronics', 'OLDPWD': '/home/csanimatronics', 'DESKTOP_SESSION': 'ubuntu', 'ROS_PYTHON_VERSION': '3', 'GNOME_SHELL_SESSION_MODE': 'ubuntu', 'GTK_MODULES': 'gail:atk-bridge', 'SYSTEMD_EXEC_PID': '1641', 'GSM_SKIP_SSH_AGENT_WORKAROUND': 'true', 'DBUS_SESSION_BUS_ADDRESS': 'unix:path=/run/user/1002/bus', 'COLORTERM': 'truecolor', 'DEBUGINFOD_URLS': 'https://debuginfod.ubuntu.com', 'IM_CONFIG_PHASE': '1', 'WAYLAND_DISPLAY': 'wayland-0', 'ROS_DISTRO': 'jazzy', 'LOGNAME': 'csanimatronics', '_': '/usr/bin/colcon', 'ROS_VERSION': '2', 'MEMORY_PRESSURE_WATCH': '/sys/fs/cgroup/user.slice/user-1002.slice/user@1002.service/session.slice/org.gnome.Shell@wayland.service/memory.pressure', 'XDG_SESSION_CLASS': 'user', 'USERNAME': 'csanimatronics', 'TERM': 'xterm-256color', 'GNOME_DESKTOP_SESSION_ID': 'this-is-deprecated', 'PATH': '/opt/ros/jazzy/bin:/usr/local/sbin:/usr/local/bin:/usr/sbin:/usr/bin:/sbin:/bin:/usr/games:/usr/local/games:/snap/bin:/snap/bin', 'SESSION_MANAGER': 'local/csanimatronics-desktop:@/tmp/.ICE-unix/1612,unix/csanimatronics-desktop:/tmp/.ICE-unix/1612', 'XDG_MENU_PREFIX': 'gnome-', 'GNOME_TERMINAL_SCREEN': '/org/gnome/Terminal/screen/8dd0bfd5_2e0a_4ff1_8cc1_409d80fc8058', 'GNOME_SETUP_DISPLAY': ':1', 'XDG_RUNTIME_DIR': '/run/user/1002', 'DISPLAY': ':0', 'LANG': 'C.UTF-8', 'XDG_CURRENT_DESKTOP': 'ubuntu:GNOME', 'XMODIFIERS': '@im=ibus', 'XDG_SESSION_DESKTOP': 'ubuntu', 'XAUTHORITY': '/run/user/1002/.mutter-Xwaylandauth.N7O212', 'LS_COLORS': 'rs=0:di=01;34:ln=01;36:mh=00:pi=40;33:so=01;35:do=01;35:bd=40;33;01:cd=40;33;01:or=40;31;01:mi=00:su=37;41:sg=30;43:ca=00:tw=30;42:ow=34;42:st=37;44:ex=01;32:*.tar=01;31:*.tgz=01;31:*.arc=01;31:*.arj=01;31:*.taz=01;31:*.lha=01;31:*.lz4=01;31:*.lzh=01;31:*.lzma=01;31:*.tlz=01;31:*.txz=01;31:*.tzo=01;31:*.t7z=01;31:*.zip=01;31:*.z=01;31:*.dz=01;31:*.gz=01;31:*.lrz=01;31:*.lz=01;31:*.lzo=01;31:*.xz=01;31:*.zst=01;31:*.tzst=01;31:*.bz2=01;31:*.bz=01;31:*.tbz=01;31:*.tbz2=01;31:*.tz=01;31:*.deb=01;31:*.rpm=01;31:*.jar=01;31:*.war=01;31:*.ear=01;31:*.sar=01;31:*.rar=01;31:*.alz=01;31:*.ace=01;31:*.zoo=01;31:*.cpio=01;31:*.7z=01;31:*.rz=01;31:*.cab=01;31:*.wim=01;31:*.swm=01;31:*.dwm=01;31:*.esd=01;31:*.avif=01;35:*.jpg=01;35:*.jpeg=01;35:*.mjpg=01;35:*.mjpeg=01;35:*.gif=01;35:*.bmp=01;35:*.pbm=01;35:*.pgm=01;35:*.ppm=01;35:*.tga=01;35:*.xbm=01;35:*.xpm=01;35:*.tif=01;35:*.tiff=01;35:*.png=01;35:*.svg=01;35:*.svgz=01;35:*.mng=01;35:*.pcx=01;35:*.mov=01;35:*.mpg=01;35:*.mpeg=01;35:*.m2v=01;35:*.mkv=01;35:*.webm=01;35:*.webp=01;35:*.ogm=01;35:*.mp4=01;35:*.m4v=01;35:*.mp4v=01;35:*.vob=01;35:*.qt=01;35:*.nuv=01;35:*.wmv=01;35:*.asf=01;35:*.rm=01;35:*.rmvb=01;35:*.flc=01;35:*.avi=01;35:*.fli=01;35:*.flv=01;35:*.gl=01;35:*.dl=01;35:*.xcf=01;35:*.xwd=01;35:*.yuv=01;35:*.cgm=01;35:*.emf=01;35:*.ogv=01;35:*.ogx=01;35:*.aac=00;36:*.au=00;36:*.flac=00;36:*.m4a=00;36:*.mid=00;36:*.midi=00;36:*.mka=00;36:*.mp3=00;36:*.mpc=00;36:*.ogg=00;36:*.ra=00;36:*.wav=00;36:*.oga=00;36:*.opus=00;36:*.spx=00;36:*.xspf=00;36:*~=00;90:*#=00;90:*.bak=00;90:*.crdownload=00;90:*.dpkg-dist=00;90:*.dpkg-new=00;90:*.dpkg-old=00;90:*.dpkg-tmp=00;90:*.old=00;90:*.orig=00;90:*.part=00;90:*.rej=00;90:*.rpmnew=00;90:*.rpmorig=00;90:*.rpmsave=00;90:*.swp=00;90:*.tmp=00;90:*.ucf-dist=00;90:*.ucf-new=00;90:*.ucf-old=00;90:', 'GNOME_TERMINAL_SERVICE': ':1.103', 'SSH_AUTH_SOCK': '/run/user/1002/keyring/ssh', 'AMENT_PREFIX_PATH': '/home/csanimatronics/CS_Animatronics/install/motor_commands:/home/csanimatronics/CS_Animatronics/install/dynamixel_sdk_custom_interfaces:/home/csanimatronics/CS_Animatronics/install/dynamixel_sdk:/opt/ros/jazzy', 'SHELL': '/bin/bash', 'QT_ACCESSIBILITY': '1', 'GDMSESSION': 'ubuntu', 'LESSCLOSE': '/usr/bin/lesspipe %s %s', 'ROS_AUTOMATIC_DISCOVERY_RANGE': 'SUBNET', 'QT_IM_MODULE': 'ibus', 'PWD': '/home/csanimatronics/CS_Animatronics/build/motor_controller', 'XDG_CONFIG_DIRS': '/etc/xdg/xdg-ubuntu:/etc/xdg', 'XDG_DATA_DIRS': '/usr/share/ubuntu:/usr/share/gnome:/usr/local/share/:/usr/share/:/var/lib/snapd/desktop', 'PYTHONPATH': '/home/csanimatronics/CS_Animatronics/build/motor_controller/prefix_override:/usr/lib/python3/dist-packages/colcon_core/task/python/colcon_distutils_commands:/home/csanimatronics/CS_Animatronics/install/motor_controller/lib/python3.12/site-packages:/home/csanimatronics/CS_Animatronics/install/motor_commands/lib/python3.12/site-packages:/home/csanimatronics/CS_Animatronics/install/dynamixel_sdk_custom_interfaces/lib/python3.12/site-packages:/opt/ros/jazzy/lib/python3.12/site-packages', 'COLCON': '1', 'MEMORY_PRESSURE_WRITE': 'c29tZSAyMDAwMDAgMjAwMDAwMAA=', 'VTE_VERSION': '7600', 'CMAKE_PREFIX_PATH': '/home/csanimatronics/CS_Animatronics/install/motor_commands:/home/csanimatronics/CS_Animatronics/install/dynamixel_sdk_custom_interfaces:/home/csanimatronics/CS_Animatronics/install/dynamixel_sdk:/opt/ros/jazzy/opt/gz_math_vendor:/opt/ros/jazzy/opt/gz_utils_vendor:/opt/ros/jazzy/opt/gz_cmake_vendor'}, 'shell': False}
[21.802649] (-) TimerEvent: {}
[21.902992] (-) TimerEvent: {}
[22.003370] (-) TimerEvent: {}
[22.103707] (-) TimerEvent: {}
[22.192579] (motion_editor) StdoutLine: {'line': b'running egg_info\n'}
[22.193137] (motion_editor) StdoutLine: {'line': b'creating ../../build/motion_editor/motion_editor.egg-info\n'}
[22.198003] (system_controller) StdoutLine: {'line': b'running egg_info\n'}
[22.198546] (system_controller) StdoutLine: {'line': b'creating ../../build/system_controller/system_controller.egg-info\n'}
[22.203774] (-) TimerEvent: {}
[22.222697] (motion_editor) StdoutLine: {'line': b'writing ../../build/motion_editor/motion_editor.egg-info/PKG-INFO\n'}
[22.223156] (motion_editor) StdoutLine: {'line': b'writing dependency_links to ../../build/motion_editor/motion_editor.egg-info/dependency_links.txt\n'}
[22.223557] (motion_editor) StdoutLine: {'line': b'writing entry points to ../../build/motion_editor/motion_editor.egg-info/entry_points.txt\n'}
[22.223748] (motion_editor) StdoutLine: {'line': b'writing requirements to ../../build/motion_editor/motion_editor.egg-info/requires.txt\n'}
[22.223898] (motion_editor) StdoutLine: {'line': b'writing top-level names to ../../build/motion_editor/motion_editor.egg-info/top_level.txt\n'}
[22.224086] (motion_editor) StdoutLine: {'line': b"writing manifest file '../../build/motion_editor/motion_editor.egg-info/SOURCES.txt'\n"}
[22.227540] (system_controller) StdoutLine: {'line': b'writing ../../build/system_controller/system_controller.egg-info/PKG-INFO\n'}
[22.227831] (motor_controller) StdoutLine: {'line': b'running egg_info\n'}
[22.228083] (system_controller) StdoutLine: {'line': b'writing dependency_links to ../../build/system_controller/system_controller.egg-info/dependency_links.txt\n'}
[22.228311] (system_controller) StdoutLine: {'line': b'writing entry points to ../../build/system_controller/system_controller.egg-info/entry_points.txt\n'}
[22.228539] (system_controller) StdoutLine: {'line': b'writing requirements to ../../build/system_controller/system_controller.egg-info/requires.txt\n'}
[22.228665] (motor_controller) StdoutLine: {'line': b'creating ../../build/motor_controller/motor_controller.egg-info\n'}
[22.228821] (system_controller) StdoutLine: {'line': b'writing top-level names to ../../build/system_controller/system_controller.egg-info/top_level.txt\n'}
[22.228920] (system_controller) StdoutLine: {'line': b"writing manifest file '../../build/system_controller/system_controller.egg-info/SOURCES.txt'\n"}
[22.253789] (motor_controller) StdoutLine: {'line': b'writing ../../build/motor_controller/motor_controller.egg-info/PKG-INFO\n'}
[22.254301] (motor_controller) StdoutLine: {'line': b'writing dependency_links to ../../build/motor_controller/motor_controller.egg-info/dependency_links.txt\n'}
[22.254623] (motor_controller) StdoutLine: {'line': b'writing entry points to ../../build/motor_controller/motor_controller.egg-info/entry_points.txt\n'}
[22.254839] (motor_controller) StdoutLine: {'line': b'writing requirements to ../../build/motor_controller/motor_controller.egg-info/requires.txt\n'}
[22.255001] (motor_controller) StdoutLine: {'line': b'writing top-level names to ../../build/motor_controller/motor_controller.egg-info/top_level.txt\n'}
[22.255202] (motor_controller) StdoutLine: {'line': b"writing manifest file '../../build/motor_controller/motor_controller.egg-info/SOURCES.txt'\n"}
[22.277389] (motion_editor) StdoutLine: {'line': b"reading manifest file '../../build/motion_editor/motion_editor.egg-info/SOURCES.txt'\n"}
[22.278414] (motion_editor) StdoutLine: {'line': b"writing manifest file '../../build/motion_editor/motion_editor.egg-info/SOURCES.txt'\n"}
[22.278658] (motion_editor) StdoutLine: {'line': b'running build\n'}
[22.278791] (motion_editor) StdoutLine: {'line': b'running build_py\n'}
[22.279012] (motion_editor) StdoutLine: {'line': b'creating /home/csanimatronics/CS_Animatronics/build/motion_editor/build\n'}
[22.279160] (motion_editor) StdoutLine: {'line': b'creating /home/csanimatronics/CS_Animatronics/build/motion_editor/build/lib\n'}
[22.279295] (motion_editor) StdoutLine: {'line': b'creating /home/csanimatronics/CS_Animatronics/build/motion_editor/build/lib/motion_editor\n'}
[22.279433] (motion_editor) StdoutLine: {'line': b'copying motion_editor/motion_editor.py -> /home/csanimatronics/CS_Animatronics/build/motion_editor/build/lib/motion_editor\n'}
[22.279655] (motion_editor) StdoutLine: {'line': b'copying motion_editor/__init__.py -> /home/csanimatronics/CS_Animatronics/build/motion_editor/build/lib/motion_editor\n'}
[22.279989] (motion_editor) StdoutLine: {'line': b'running install\n'}
[22.281079] (system_controller) StdoutLine: {'line': b"reading manifest file '../../build/system_controller/system_controller.egg-info/SOURCES.txt'\n"}
[22.282248] (system_controller) StdoutLine: {'line': b"writing manifest file '../../build/system_controller/system_controller.egg-info/SOURCES.txt'\n"}
[22.282532] (system_controller) StdoutLine: {'line': b'running build\n'}
[22.282675] (system_controller) StdoutLine: {'line': b'running build_py\n'}
[22.282854] (system_controller) StdoutLine: {'line': b'creating /home/csanimatronics/CS_Animatronics/build/system_controller/build\n'}
[22.283009] (system_controller) StdoutLine: {'line': b'creating /home/csanimatronics/CS_Animatronics/build/system_controller/build/lib\n'}
[22.283168] (system_controller) StdoutLine: {'line': b'creating /home/csanimatronics/CS_Animatronics/build/system_controller/build/lib/system_controller\n'}
[22.283315] (system_controller) StdoutLine: {'line': b'copying system_controller/system_controller.py -> /home/csanimatronics/CS_Animatronics/build/system_controller/build/lib/system_controller\n'}
[22.283502] (system_controller) StdoutLine: {'line': b'copying system_controller/__init__.py -> /home/csanimatronics/CS_Animatronics/build/system_controller/build/lib/system_controller\n'}
[22.283814] (system_controller) StdoutLine: {'line': b'running install\n'}
[22.290323] (motion_editor) StdoutLine: {'line': b'running install_lib\n'}
[22.293349] (system_controller) StdoutLine: {'line': b'running install_lib\n'}
[22.303858] (-) TimerEvent: {}
[22.313426] (motor_controller) StdoutLine: {'line': b"reading manifest file '../../build/motor_controller/motor_controller.egg-info/SOURCES.txt'\n"}
[22.314440] (motor_controller) StdoutLine: {'line': b"writing manifest file '../../build/motor_controller/motor_controller.egg-info/SOURCES.txt'\n"}
[22.314780] (motor_controller) StdoutLine: {'line': b'running build\n'}
[22.314970] (motor_controller) StdoutLine: {'line': b'running build_py\n'}
[22.315178] (motor_controller) StdoutLine: {'line': b'creating /home/csanimatronics/CS_Animatronics/build/motor_controller/build\n'}
[22.315355] (motor_controller) StdoutLine: {'line': b'creating /home/csanimatronics/CS_Animatronics/build/motor_controller/build/lib\n'}
[22.315478] (motor_controller) StdoutLine: {'line': b'creating /home/csanimatronics/CS_Animatronics/build/motor_controller/build/lib/motor_controller\n'}
[22.315561] (motor_controller) StdoutLine: {'line': b'copying motor_controller/motor_controller.py -> /home/csanimatronics/CS_Animatronics/build/motor_controller/build/lib/motor_controller\n'}
[22.315706] (motor_controller) StdoutLine: {'line': b'copying motor_controller/__init__.py -> /home/csanimatronics/CS_Animatronics/build/motor_controller/build/lib/motor_controller\n'}
[22.316040] (motor_controller) StdoutLine: {'line': b'running install\n'}
[22.321365] (motion_editor) StdoutLine: {'line': b'creating /home/csanimatronics/CS_Animatronics/install/motion_editor/lib/python3.12/site-packages/motion_editor\n'}
[22.321623] (motion_editor) StdoutLine: {'line': b'copying /home/csanimatronics/CS_Animatronics/build/motion_editor/build/lib/motion_editor/motion_editor.py -> /home/csanimatronics/CS_Animatronics/install/motion_editor/lib/python3.12/site-packages/motion_editor\n'}
[22.321819] (motion_editor) StdoutLine: {'line': b'copying /home/csanimatronics/CS_Animatronics/build/motion_editor/build/lib/motion_editor/__init__.py -> /home/csanimatronics/CS_Animatronics/install/motion_editor/lib/python3.12/site-packages/motion_editor\n'}
[22.322716] (motion_editor) StdoutLine: {'line': b'byte-compiling /home/csanimatronics/CS_Animatronics/install/motion_editor/lib/python3.12/site-packages/motion_editor/motion_editor.py to motion_editor.cpython-312.pyc\n'}
[22.325393] (system_controller) StdoutLine: {'line': b'creating /home/csanimatronics/CS_Animatronics/install/system_controller/lib/python3.12/site-packages/system_controller\n'}
[22.325742] (system_controller) StdoutLine: {'line': b'copying /home/csanimatronics/CS_Animatronics/build/system_controller/build/lib/system_controller/system_controller.py -> /home/csanimatronics/CS_Animatronics/install/system_controller/lib/python3.12/site-packages/system_controller\n'}
[22.325922] (system_controller) StdoutLine: {'line': b'copying /home/csanimatronics/CS_Animatronics/build/system_controller/build/lib/system_controller/__init__.py -> /home/csanimatronics/CS_Animatronics/install/system_controller/lib/python3.12/site-packages/system_controller\n'}
[22.326410] (motor_controller) StdoutLine: {'line': b'running install_lib\n'}
[22.326958] (system_controller) StdoutLine: {'line': b'byte-compiling /home/csanimatronics/CS_Animatronics/install/system_controller/lib/python3.12/site-packages/system_controller/system_controller.py to system_controller.cpython-312.pyc\n'}
[22.329445] (motion_editor) StdoutLine: {'line': b'byte-compiling /home/csanimatronics/CS_Animatronics/install/motion_editor/lib/python3.12/site-packages/motion_editor/__init__.py to __init__.cpython-312.pyc\n'}
[22.329848] (motion_editor) StdoutLine: {'line': b'running install_data\n'}
[22.330107] (motion_editor) StdoutLine: {'line': b'creating /home/csanimatronics/CS_Animatronics/install/motion_editor/share/ament_index\n'}
[22.330319] (motion_editor) StdoutLine: {'line': b'creating /home/csanimatronics/CS_Animatronics/install/motion_editor/share/ament_index/resource_index\n'}
[22.330492] (motion_editor) StdoutLine: {'line': b'creating /home/csanimatronics/CS_Animatronics/install/motion_editor/share/ament_index/resource_index/packages\n'}
[22.330663] (motion_editor) StdoutLine: {'line': b'copying resource/motion_editor -> /home/csanimatronics/CS_Animatronics/install/motion_editor/share/ament_index/resource_index/packages\n'}
[22.330794] (motion_editor) StdoutLine: {'line': b'copying package.xml -> /home/csanimatronics/CS_Animatronics/install/motion_editor/share/motion_editor\n'}
[22.330992] (motion_editor) StdoutLine: {'line': b'running install_egg_info\n'}
[22.332148] (system_controller) StdoutLine: {'line': b'byte-compiling /home/csanimatronics/CS_Animatronics/install/system_controller/lib/python3.12/site-packages/system_controller/__init__.py to __init__.cpython-312.pyc\n'}
[22.332444] (system_controller) StdoutLine: {'line': b'running install_data\n'}
[22.332603] (system_controller) StdoutLine: {'line': b'creating /home/csanimatronics/CS_Animatronics/install/system_controller/share/ament_index\n'}
[22.332738] (system_controller) StdoutLine: {'line': b'creating /home/csanimatronics/CS_Animatronics/install/system_controller/share/ament_index/resource_index\n'}
[22.332871] (system_controller) StdoutLine: {'line': b'creating /home/csanimatronics/CS_Animatronics/install/system_controller/share/ament_index/resource_index/packages\n'}
[22.333051] (system_controller) StdoutLine: {'line': b'copying resource/system_controller -> /home/csanimatronics/CS_Animatronics/install/system_controller/share/ament_index/resource_index/packages\n'}
[22.333193] (system_controller) StdoutLine: {'line': b'copying package.xml -> /home/csanimatronics/CS_Animatronics/install/system_controller/share/system_controller\n'}
[22.333325] (system_controller) StdoutLine: {'line': b'creating /home/csanimatronics/CS_Animatronics/install/system_controller/share/system_controller/msg\n'}
[22.333460] (system_controller) StdoutLine: {'line': b'running install_egg_info\n'}
[22.353988] (motor_controller) StdoutLine: {'line': b'creating /home/csanimatronics/CS_Animatronics/install/motor_controller/lib/python3.12/site-packages/motor_controller\n'}
[22.354271] (motor_controller) StdoutLine: {'line': b'copying /home/csanimatronics/CS_Animatronics/build/motor_controller/build/lib/motor_controller/motor_controller.py -> /home/csanimatronics/CS_Animatronics/install/motor_controller/lib/python3.12/site-packages/motor_controller\n'}
[22.354449] (motor_controller) StdoutLine: {'line': b'copying /home/csanimatronics/CS_Animatronics/build/motor_controller/build/lib/motor_controller/__init__.py -> /home/csanimatronics/CS_Animatronics/install/motor_controller/lib/python3.12/site-packages/motor_controller\n'}
[22.355356] (motor_controller) StdoutLine: {'line': b'byte-compiling /home/csanimatronics/CS_Animatronics/install/motor_controller/lib/python3.12/site-packages/motor_controller/motor_controller.py to motor_controller.cpython-312.pyc\n'}
[22.359892] (motion_editor) StdoutLine: {'line': b'Copying ../../build/motion_editor/motion_editor.egg-info to /home/csanimatronics/CS_Animatronics/install/motion_editor/lib/python3.12/site-packages/motion_editor-0.0.0-py3.12.egg-info\n'}
[22.360816] (motor_controller) StdoutLine: {'line': b'byte-compiling /home/csanimatronics/CS_Animatronics/install/motor_controller/lib/python3.12/site-packages/motor_controller/__init__.py to __init__.cpython-312.pyc\n'}
[22.361205] (motor_controller) StdoutLine: {'line': b'running install_data\n'}
[22.361386] (motor_controller) StdoutLine: {'line': b'creating /home/csanimatronics/CS_Animatronics/install/motor_controller/share/ament_index\n'}
[22.361536] (motor_controller) StdoutLine: {'line': b'creating /home/csanimatronics/CS_Animatronics/install/motor_controller/share/ament_index/resource_index\n'}
[22.361733] (motor_controller) StdoutLine: {'line': b'creating /home/csanimatronics/CS_Animatronics/install/motor_controller/share/ament_index/resource_index/packages\n'}
[22.361841] (motor_controller) StdoutLine: {'line': b'copying resource/motor_controller -> /home/csanimatronics/CS_Animatronics/install/motor_controller/share/ament_index/resource_index/packages\n'}
[22.362045] (motion_editor) StdoutLine: {'line': b'running install_scripts\n'}
[22.362182] (motor_controller) StdoutLine: {'line': b'copying package.xml -> /home/csanimatronics/CS_Animatronics/install/motor_controller/share/motor_controller\n'}
[22.362359] (motor_controller) StdoutLine: {'line': b'creating /home/csanimatronics/CS_Animatronics/install/motor_controller/share/motor_controller/msg\n'}
[22.362511] (motor_controller) StdoutLine: {'line': b'creating /home/csanimatronics/CS_Animatronics/install/motor_controller/share/motor_controller/srv\n'}
[22.362596] (motor_controller) StdoutLine: {'line': b'running install_egg_info\n'}
[22.362677] (system_controller) StdoutLine: {'line': b'Copying ../../build/system_controller/system_controller.egg-info to /home/csanimatronics/CS_Animatronics/install/system_controller/lib/python3.12/site-packages/system_controller-0.0.0-py3.12.egg-info\n'}
[22.363609] (system_controller) StdoutLine: {'line': b'running install_scripts\n'}
[22.390956] (motor_controller) StdoutLine: {'line': b'Copying ../../build/motor_controller/motor_controller.egg-info to /home/csanimatronics/CS_Animatronics/install/motor_controller/lib/python3.12/site-packages/motor_controller-0.0.0-py3.12.egg-info\n'}
[22.392549] (motor_controller) StdoutLine: {'line': b'running install_scripts\n'}
[22.403971] (-) TimerEvent: {}
[22.504318] (-) TimerEvent: {}
[22.563007] (system_controller) StdoutLine: {'line': b'Installing controller_publisher script to /home/csanimatronics/CS_Animatronics/install/system_controller/lib/system_controller\n'}
[22.563422] (motion_editor) StdoutLine: {'line': b'Installing motion_editor script to /home/csanimatronics/CS_Animatronics/install/motion_editor/lib/motion_editor\n'}
[22.563631] (system_controller) StdoutLine: {'line': b'Installing system_controller script to /home/csanimatronics/CS_Animatronics/install/system_controller/lib/system_controller\n'}
[22.563806] (motion_editor) StdoutLine: {'line': b'Installing motor_controller script to /home/csanimatronics/CS_Animatronics/install/motion_editor/lib/motion_editor\n'}
[22.564021] (system_controller) StdoutLine: {'line': b"writing list of installed files to '/home/csanimatronics/CS_Animatronics/build/system_controller/install.log'\n"}
[22.564247] (motion_editor) StdoutLine: {'line': b'Installing system_controller script to /home/csanimatronics/CS_Animatronics/install/motion_editor/lib/motion_editor\n'}
[22.564643] (motion_editor) StdoutLine: {'line': b"writing list of installed files to '/home/csanimatronics/CS_Animatronics/build/motion_editor/install.log'\n"}
[22.604509] (-) TimerEvent: {}
[22.623497] (motor_controller) StdoutLine: {'line': b'Installing motion_editor script to /home/csanimatronics/CS_Animatronics/install/motor_controller/lib/motor_controller\n'}
[22.623870] (motor_controller) StdoutLine: {'line': b'Installing motor_controller script to /home/csanimatronics/CS_Animatronics/install/motor_controller/lib/motor_controller\n'}
[22.624104] (motor_controller) StdoutLine: {'line': b'Installing system_controller script to /home/csanimatronics/CS_Animatronics/install/motor_controller/lib/motor_controller\n'}
[22.624659] (motor_controller) StdoutLine: {'line': b"writing list of installed files to '/home/csanimatronics/CS_Animatronics/build/motor_controller/install.log'\n"}
[22.704650] (-) TimerEvent: {}
[22.710336] (system_controller) CommandEnded: {'returncode': 0}
[22.722413] (system_controller) JobEnded: {'identifier': 'system_controller', 'rc': 0}
[22.724544] (motion_editor) CommandEnded: {'returncode': 0}
[22.733158] (motion_editor) JobEnded: {'identifier': 'motion_editor', 'rc': 0}
[22.766058] (motor_controller) CommandEnded: {'returncode': 0}
[22.773468] (motor_controller) JobEnded: {'identifier': 'motor_controller', 'rc': 0}
[22.774397] (-) EventReactorShutdown: {}
