[0.277s] DEBUG:colcon:Command line arguments: ['/usr/bin/colcon', 'build']
[0.277s] DEBUG:colcon:Parsed command line arguments: Namespace(log_base=None, log_level=None, verb_name='build', build_base='build', install_base='install', merge_install=False, symlink_install=False, test_result_base=None, continue_on_error=False, executor='parallel', parallel_workers=4, event_handlers=None, ignore_user_meta=False, metas=['./colcon.meta'], base_paths=['.'], packages_ignore=None, packages_ignore_regex=None, paths=None, packages_up_to=None, packages_up_to_regex=None, packages_above=None, packages_above_and_dependencies=None, packages_above_depth=None, packages_select_by_dep=None, packages_skip_by_dep=None, packages_skip_up_to=None, packages_select_build_failed=False, packages_skip_build_finished=False, packages_select_test_failures=False, packages_skip_test_passed=False, packages_select=None, packages_skip=None, packages_select_regex=None, packages_skip_regex=None, packages_start=None, packages_end=None, allow_overriding=[], cmake_args=None, cmake_target=None, cmake_target_skip_unavailable=False, cmake_clean_cache=False, cmake_clean_first=False, cmake_force_configure=False, ament_cmake_args=None, catkin_cmake_args=None, catkin_skip_building_tests=False, mixin_files=None, mixin=None, verb_parser=<colcon_mixin.mixin.mixin_argument.MixinArgumentDecorator object at 0xffffa394b620>, verb_extension=<colcon_core.verb.build.BuildVerb object at 0xffffa3a19b80>, main=<bound method BuildVerb.main of <colcon_core.verb.build.BuildVerb object at 0xffffa3a19b80>>, mixin_verb=('build',))
[0.342s] Level 1:colcon.colcon_core.package_discovery:discover_packages(colcon_meta) check parameters
[0.342s] Level 1:colcon.colcon_core.package_discovery:discover_packages(recursive) check parameters
[0.342s] Level 1:colcon.colcon_core.package_discovery:discover_packages(ignore) check parameters
[0.343s] Level 1:colcon.colcon_core.package_discovery:discover_packages(path) check parameters
[0.343s] Level 1:colcon.colcon_core.package_discovery:discover_packages(colcon_meta) discover
[0.343s] Level 1:colcon.colcon_core.package_discovery:discover_packages(recursive) discover
[0.343s] INFO:colcon.colcon_core.package_discovery:Crawling recursively for packages in '/home/csanimatronics/CS_Animatronics'
[0.343s] Level 1:colcon.colcon_core.package_identification:_identify(.) by extensions ['ignore', 'ignore_ament_install']
[0.343s] Level 1:colcon.colcon_core.package_identification:_identify(.) by extension 'ignore'
[0.343s] Level 1:colcon.colcon_core.package_identification:_identify(.) by extension 'ignore_ament_install'
[0.343s] Level 1:colcon.colcon_core.package_identification:_identify(.) by extensions ['colcon_pkg']
[0.343s] Level 1:colcon.colcon_core.package_identification:_identify(.) by extension 'colcon_pkg'
[0.343s] Level 1:colcon.colcon_core.package_identification:_identify(.) by extensions ['colcon_meta']
[0.343s] Level 1:colcon.colcon_core.package_identification:_identify(.) by extension 'colcon_meta'
[0.343s] Level 1:colcon.colcon_core.package_identification:_identify(.) by extensions ['ros']
[0.343s] Level 1:colcon.colcon_core.package_identification:_identify(.) by extension 'ros'
[0.382s] Level 1:colcon.colcon_core.package_identification:_identify(.) by extensions ['cmake', 'python']
[0.382s] Level 1:colcon.colcon_core.package_identification:_identify(.) by extension 'cmake'
[0.382s] Level 1:colcon.colcon_core.package_identification:_identify(.) by extension 'python'
[0.382s] Level 1:colcon.colcon_core.package_identification:_identify(.) by extensions ['python_setup_py']
[0.382s] Level 1:colcon.colcon_core.package_identification:_identify(.) by extension 'python_setup_py'
[0.382s] Level 1:colcon.colcon_core.package_identification:_identify(AudioFiles) by extensions ['ignore', 'ignore_ament_install']
[0.383s] Level 1:colcon.colcon_core.package_identification:_identify(AudioFiles) by extension 'ignore'
[0.383s] Level 1:colcon.colcon_core.package_identification:_identify(AudioFiles) by extension 'ignore_ament_install'
[0.383s] Level 1:colcon.colcon_core.package_identification:_identify(AudioFiles) by extensions ['colcon_pkg']
[0.383s] Level 1:colcon.colcon_core.package_identification:_identify(AudioFiles) by extension 'colcon_pkg'
[0.383s] Level 1:colcon.colcon_core.package_identification:_identify(AudioFiles) by extensions ['colcon_meta']
[0.383s] Level 1:colcon.colcon_core.package_identification:_identify(AudioFiles) by extension 'colcon_meta'
[0.383s] Level 1:colcon.colcon_core.package_identification:_identify(AudioFiles) by extensions ['ros']
[0.383s] Level 1:colcon.colcon_core.package_identification:_identify(AudioFiles) by extension 'ros'
[0.383s] Level 1:colcon.colcon_core.package_identification:_identify(AudioFiles) by extensions ['cmake', 'python']
[0.383s] Level 1:colcon.colcon_core.package_identification:_identify(AudioFiles) by extension 'cmake'
[0.383s] Level 1:colcon.colcon_core.package_identification:_identify(AudioFiles) by extension 'python'
[0.383s] Level 1:colcon.colcon_core.package_identification:_identify(AudioFiles) by extensions ['python_setup_py']
[0.383s] Level 1:colcon.colcon_core.package_identification:_identify(AudioFiles) by extension 'python_setup_py'
[0.383s] Level 1:colcon.colcon_core.package_identification:_identify(MotionFiles) by extensions ['ignore', 'ignore_ament_install']
[0.383s] Level 1:colcon.colcon_core.package_identification:_identify(MotionFiles) by extension 'ignore'
[0.383s] Level 1:colcon.colcon_core.package_identification:_identify(MotionFiles) by extension 'ignore_ament_install'
[0.383s] Level 1:colcon.colcon_core.package_identification:_identify(MotionFiles) by extensions ['colcon_pkg']
[0.383s] Level 1:colcon.colcon_core.package_identification:_identify(MotionFiles) by extension 'colcon_pkg'
[0.383s] Level 1:colcon.colcon_core.package_identification:_identify(MotionFiles) by extensions ['colcon_meta']
[0.383s] Level 1:colcon.colcon_core.package_identification:_identify(MotionFiles) by extension 'colcon_meta'
[0.384s] Level 1:colcon.colcon_core.package_identification:_identify(MotionFiles) by extensions ['ros']
[0.384s] Level 1:colcon.colcon_core.package_identification:_identify(MotionFiles) by extension 'ros'
[0.384s] Level 1:colcon.colcon_core.package_identification:_identify(MotionFiles) by extensions ['cmake', 'python']
[0.384s] Level 1:colcon.colcon_core.package_identification:_identify(MotionFiles) by extension 'cmake'
[0.384s] Level 1:colcon.colcon_core.package_identification:_identify(MotionFiles) by extension 'python'
[0.384s] Level 1:colcon.colcon_core.package_identification:_identify(MotionFiles) by extensions ['python_setup_py']
[0.384s] Level 1:colcon.colcon_core.package_identification:_identify(MotionFiles) by extension 'python_setup_py'
[0.384s] Level 1:colcon.colcon_core.package_identification:_identify(PICO) by extensions ['ignore', 'ignore_ament_install']
[0.384s] Level 1:colcon.colcon_core.package_identification:_identify(PICO) by extension 'ignore'
[0.384s] Level 1:colcon.colcon_core.package_identification:_identify(PICO) by extension 'ignore_ament_install'
[0.384s] Level 1:colcon.colcon_core.package_identification:_identify(PICO) by extensions ['colcon_pkg']
[0.384s] Level 1:colcon.colcon_core.package_identification:_identify(PICO) by extension 'colcon_pkg'
[0.384s] Level 1:colcon.colcon_core.package_identification:_identify(PICO) by extensions ['colcon_meta']
[0.384s] Level 1:colcon.colcon_core.package_identification:_identify(PICO) by extension 'colcon_meta'
[0.384s] Level 1:colcon.colcon_core.package_identification:_identify(PICO) by extensions ['ros']
[0.384s] Level 1:colcon.colcon_core.package_identification:_identify(PICO) by extension 'ros'
[0.384s] Level 1:colcon.colcon_core.package_identification:_identify(PICO) by extensions ['cmake', 'python']
[0.384s] Level 1:colcon.colcon_core.package_identification:_identify(PICO) by extension 'cmake'
[0.384s] Level 1:colcon.colcon_core.package_identification:_identify(PICO) by extension 'python'
[0.384s] Level 1:colcon.colcon_core.package_identification:_identify(PICO) by extensions ['python_setup_py']
[0.384s] Level 1:colcon.colcon_core.package_identification:_identify(PICO) by extension 'python_setup_py'
[0.385s] Level 1:colcon.colcon_core.package_identification:_identify(RecordedLog) by extensions ['ignore', 'ignore_ament_install']
[0.385s] Level 1:colcon.colcon_core.package_identification:_identify(RecordedLog) by extension 'ignore'
[0.385s] Level 1:colcon.colcon_core.package_identification:_identify(RecordedLog) by extension 'ignore_ament_install'
[0.385s] Level 1:colcon.colcon_core.package_identification:_identify(RecordedLog) by extensions ['colcon_pkg']
[0.385s] Level 1:colcon.colcon_core.package_identification:_identify(RecordedLog) by extension 'colcon_pkg'
[0.385s] Level 1:colcon.colcon_core.package_identification:_identify(RecordedLog) by extensions ['colcon_meta']
[0.385s] Level 1:colcon.colcon_core.package_identification:_identify(RecordedLog) by extension 'colcon_meta'
[0.385s] Level 1:colcon.colcon_core.package_identification:_identify(RecordedLog) by extensions ['ros']
[0.385s] Level 1:colcon.colcon_core.package_identification:_identify(RecordedLog) by extension 'ros'
[0.385s] Level 1:colcon.colcon_core.package_identification:_identify(RecordedLog) by extensions ['cmake', 'python']
[0.385s] Level 1:colcon.colcon_core.package_identification:_identify(RecordedLog) by extension 'cmake'
[0.385s] Level 1:colcon.colcon_core.package_identification:_identify(RecordedLog) by extension 'python'
[0.385s] Level 1:colcon.colcon_core.package_identification:_identify(RecordedLog) by extensions ['python_setup_py']
[0.385s] Level 1:colcon.colcon_core.package_identification:_identify(RecordedLog) by extension 'python_setup_py'
[0.385s] Level 1:colcon.colcon_core.package_identification:_identify(__pycache__) by extensions ['ignore', 'ignore_ament_install']
[0.385s] Level 1:colcon.colcon_core.package_identification:_identify(__pycache__) by extension 'ignore'
[0.385s] Level 1:colcon.colcon_core.package_identification:_identify(__pycache__) by extension 'ignore_ament_install'
[0.385s] Level 1:colcon.colcon_core.package_identification:_identify(__pycache__) by extensions ['colcon_pkg']
[0.385s] Level 1:colcon.colcon_core.package_identification:_identify(__pycache__) by extension 'colcon_pkg'
[0.385s] Level 1:colcon.colcon_core.package_identification:_identify(__pycache__) by extensions ['colcon_meta']
[0.386s] Level 1:colcon.colcon_core.package_identification:_identify(__pycache__) by extension 'colcon_meta'
[0.386s] Level 1:colcon.colcon_core.package_identification:_identify(__pycache__) by extensions ['ros']
[0.386s] Level 1:colcon.colcon_core.package_identification:_identify(__pycache__) by extension 'ros'
[0.386s] Level 1:colcon.colcon_core.package_identification:_identify(__pycache__) by extensions ['cmake', 'python']
[0.386s] Level 1:colcon.colcon_core.package_identification:_identify(__pycache__) by extension 'cmake'
[0.386s] Level 1:colcon.colcon_core.package_identification:_identify(__pycache__) by extension 'python'
[0.386s] Level 1:colcon.colcon_core.package_identification:_identify(__pycache__) by extensions ['python_setup_py']
[0.386s] Level 1:colcon.colcon_core.package_identification:_identify(__pycache__) by extension 'python_setup_py'
[0.386s] Level 1:colcon.colcon_core.package_identification:_identify(build) by extensions ['ignore', 'ignore_ament_install']
[0.386s] Level 1:colcon.colcon_core.package_identification:_identify(build) by extension 'ignore'
[0.386s] Level 1:colcon.colcon_core.package_identification:_identify(build) ignored
[0.386s] Level 1:colcon.colcon_core.package_identification:_identify(genesiss) by extensions ['ignore', 'ignore_ament_install']
[0.386s] Level 1:colcon.colcon_core.package_identification:_identify(genesiss) by extension 'ignore'
[0.386s] Level 1:colcon.colcon_core.package_identification:_identify(genesiss) by extension 'ignore_ament_install'
[0.386s] Level 1:colcon.colcon_core.package_identification:_identify(genesiss) by extensions ['colcon_pkg']
[0.386s] Level 1:colcon.colcon_core.package_identification:_identify(genesiss) by extension 'colcon_pkg'
[0.386s] Level 1:colcon.colcon_core.package_identification:_identify(genesiss) by extensions ['colcon_meta']
[0.386s] Level 1:colcon.colcon_core.package_identification:_identify(genesiss) by extension 'colcon_meta'
[0.387s] Level 1:colcon.colcon_core.package_identification:_identify(genesiss) by extensions ['ros']
[0.387s] Level 1:colcon.colcon_core.package_identification:_identify(genesiss) by extension 'ros'
[0.387s] Level 1:colcon.colcon_core.package_identification:_identify(genesiss) by extensions ['cmake', 'python']
[0.387s] Level 1:colcon.colcon_core.package_identification:_identify(genesiss) by extension 'cmake'
[0.387s] Level 1:colcon.colcon_core.package_identification:_identify(genesiss) by extension 'python'
[0.387s] Level 1:colcon.colcon_core.package_identification:_identify(genesiss) by extensions ['python_setup_py']
[0.387s] Level 1:colcon.colcon_core.package_identification:_identify(genesiss) by extension 'python_setup_py'
[0.387s] Level 1:colcon.colcon_core.package_identification:_identify(genesiss/__pycache__) by extensions ['ignore', 'ignore_ament_install']
[0.387s] Level 1:colcon.colcon_core.package_identification:_identify(genesiss/__pycache__) by extension 'ignore'
[0.387s] Level 1:colcon.colcon_core.package_identification:_identify(genesiss/__pycache__) by extension 'ignore_ament_install'
[0.387s] Level 1:colcon.colcon_core.package_identification:_identify(genesiss/__pycache__) by extensions ['colcon_pkg']
[0.387s] Level 1:colcon.colcon_core.package_identification:_identify(genesiss/__pycache__) by extension 'colcon_pkg'
[0.387s] Level 1:colcon.colcon_core.package_identification:_identify(genesiss/__pycache__) by extensions ['colcon_meta']
[0.387s] Level 1:colcon.colcon_core.package_identification:_identify(genesiss/__pycache__) by extension 'colcon_meta'
[0.387s] Level 1:colcon.colcon_core.package_identification:_identify(genesiss/__pycache__) by extensions ['ros']
[0.387s] Level 1:colcon.colcon_core.package_identification:_identify(genesiss/__pycache__) by extension 'ros'
[0.387s] Level 1:colcon.colcon_core.package_identification:_identify(genesiss/__pycache__) by extensions ['cmake', 'python']
[0.387s] Level 1:colcon.colcon_core.package_identification:_identify(genesiss/__pycache__) by extension 'cmake'
[0.387s] Level 1:colcon.colcon_core.package_identification:_identify(genesiss/__pycache__) by extension 'python'
[0.387s] Level 1:colcon.colcon_core.package_identification:_identify(genesiss/__pycache__) by extensions ['python_setup_py']
[0.388s] Level 1:colcon.colcon_core.package_identification:_identify(genesiss/__pycache__) by extension 'python_setup_py'
[0.388s] Level 1:colcon.colcon_core.package_identification:_identify(genesiss/logs) by extensions ['ignore', 'ignore_ament_install']
[0.388s] Level 1:colcon.colcon_core.package_identification:_identify(genesiss/logs) by extension 'ignore'
[0.388s] Level 1:colcon.colcon_core.package_identification:_identify(genesiss/logs) by extension 'ignore_ament_install'
[0.388s] Level 1:colcon.colcon_core.package_identification:_identify(genesiss/logs) by extensions ['colcon_pkg']
[0.388s] Level 1:colcon.colcon_core.package_identification:_identify(genesiss/logs) by extension 'colcon_pkg'
[0.388s] Level 1:colcon.colcon_core.package_identification:_identify(genesiss/logs) by extensions ['colcon_meta']
[0.388s] Level 1:colcon.colcon_core.package_identification:_identify(genesiss/logs) by extension 'colcon_meta'
[0.388s] Level 1:colcon.colcon_core.package_identification:_identify(genesiss/logs) by extensions ['ros']
[0.388s] Level 1:colcon.colcon_core.package_identification:_identify(genesiss/logs) by extension 'ros'
[0.388s] Level 1:colcon.colcon_core.package_identification:_identify(genesiss/logs) by extensions ['cmake', 'python']
[0.388s] Level 1:colcon.colcon_core.package_identification:_identify(genesiss/logs) by extension 'cmake'
[0.388s] Level 1:colcon.colcon_core.package_identification:_identify(genesiss/logs) by extension 'python'
[0.388s] Level 1:colcon.colcon_core.package_identification:_identify(genesiss/logs) by extensions ['python_setup_py']
[0.388s] Level 1:colcon.colcon_core.package_identification:_identify(genesiss/logs) by extension 'python_setup_py'
[0.388s] Level 1:colcon.colcon_core.package_identification:_identify(genesiss/logs/go2-walking) by extensions ['ignore', 'ignore_ament_install']
[0.388s] Level 1:colcon.colcon_core.package_identification:_identify(genesiss/logs/go2-walking) by extension 'ignore'
[0.388s] Level 1:colcon.colcon_core.package_identification:_identify(genesiss/logs/go2-walking) by extension 'ignore_ament_install'
[0.389s] Level 1:colcon.colcon_core.package_identification:_identify(genesiss/logs/go2-walking) by extensions ['colcon_pkg']
[0.389s] Level 1:colcon.colcon_core.package_identification:_identify(genesiss/logs/go2-walking) by extension 'colcon_pkg'
[0.389s] Level 1:colcon.colcon_core.package_identification:_identify(genesiss/logs/go2-walking) by extensions ['colcon_meta']
[0.389s] Level 1:colcon.colcon_core.package_identification:_identify(genesiss/logs/go2-walking) by extension 'colcon_meta'
[0.389s] Level 1:colcon.colcon_core.package_identification:_identify(genesiss/logs/go2-walking) by extensions ['ros']
[0.389s] Level 1:colcon.colcon_core.package_identification:_identify(genesiss/logs/go2-walking) by extension 'ros'
[0.389s] Level 1:colcon.colcon_core.package_identification:_identify(genesiss/logs/go2-walking) by extensions ['cmake', 'python']
[0.389s] Level 1:colcon.colcon_core.package_identification:_identify(genesiss/logs/go2-walking) by extension 'cmake'
[0.389s] Level 1:colcon.colcon_core.package_identification:_identify(genesiss/logs/go2-walking) by extension 'python'
[0.389s] Level 1:colcon.colcon_core.package_identification:_identify(genesiss/logs/go2-walking) by extensions ['python_setup_py']
[0.389s] Level 1:colcon.colcon_core.package_identification:_identify(genesiss/logs/go2-walking) by extension 'python_setup_py'
[0.389s] Level 1:colcon.colcon_core.package_identification:_identify(install) by extensions ['ignore', 'ignore_ament_install']
[0.389s] Level 1:colcon.colcon_core.package_identification:_identify(install) by extension 'ignore'
[0.389s] Level 1:colcon.colcon_core.package_identification:_identify(install) ignored
[0.389s] Level 1:colcon.colcon_core.package_identification:_identify(log) by extensions ['ignore', 'ignore_ament_install']
[0.389s] Level 1:colcon.colcon_core.package_identification:_identify(log) by extension 'ignore'
[0.389s] Level 1:colcon.colcon_core.package_identification:_identify(log) ignored
[0.389s] Level 1:colcon.colcon_core.package_identification:_identify(src) by extensions ['ignore', 'ignore_ament_install']
[0.390s] Level 1:colcon.colcon_core.package_identification:_identify(src) by extension 'ignore'
[0.390s] Level 1:colcon.colcon_core.package_identification:_identify(src) by extension 'ignore_ament_install'
[0.390s] Level 1:colcon.colcon_core.package_identification:_identify(src) by extensions ['colcon_pkg']
[0.390s] Level 1:colcon.colcon_core.package_identification:_identify(src) by extension 'colcon_pkg'
[0.390s] Level 1:colcon.colcon_core.package_identification:_identify(src) by extensions ['colcon_meta']
[0.390s] Level 1:colcon.colcon_core.package_identification:_identify(src) by extension 'colcon_meta'
[0.390s] Level 1:colcon.colcon_core.package_identification:_identify(src) by extensions ['ros']
[0.390s] Level 1:colcon.colcon_core.package_identification:_identify(src) by extension 'ros'
[0.390s] Level 1:colcon.colcon_core.package_identification:_identify(src) by extensions ['cmake', 'python']
[0.390s] Level 1:colcon.colcon_core.package_identification:_identify(src) by extension 'cmake'
[0.390s] Level 1:colcon.colcon_core.package_identification:_identify(src) by extension 'python'
[0.390s] Level 1:colcon.colcon_core.package_identification:_identify(src) by extensions ['python_setup_py']
[0.390s] Level 1:colcon.colcon_core.package_identification:_identify(src) by extension 'python_setup_py'
[0.390s] Level 1:colcon.colcon_core.package_identification:_identify(src/DeepLabCut) by extensions ['ignore', 'ignore_ament_install']
[0.390s] Level 1:colcon.colcon_core.package_identification:_identify(src/DeepLabCut) by extension 'ignore'
[0.390s] Level 1:colcon.colcon_core.package_identification:_identify(src/DeepLabCut) by extension 'ignore_ament_install'
[0.390s] Level 1:colcon.colcon_core.package_identification:_identify(src/DeepLabCut) by extensions ['colcon_pkg']
[0.390s] Level 1:colcon.colcon_core.package_identification:_identify(src/DeepLabCut) by extension 'colcon_pkg'
[0.390s] Level 1:colcon.colcon_core.package_identification:_identify(src/DeepLabCut) by extensions ['colcon_meta']
[0.390s] Level 1:colcon.colcon_core.package_identification:_identify(src/DeepLabCut) by extension 'colcon_meta'
[0.391s] Level 1:colcon.colcon_core.package_identification:_identify(src/DeepLabCut) by extensions ['ros']
[0.391s] Level 1:colcon.colcon_core.package_identification:_identify(src/DeepLabCut) by extension 'ros'
[0.391s] Level 1:colcon.colcon_core.package_identification:_identify(src/DeepLabCut) by extensions ['cmake', 'python']
[0.391s] Level 1:colcon.colcon_core.package_identification:_identify(src/DeepLabCut) by extension 'cmake'
[0.391s] Level 1:colcon.colcon_core.package_identification:_identify(src/DeepLabCut) by extension 'python'
[0.391s] Level 1:colcon.colcon_core.package_identification:_identify(src/DeepLabCut) by extensions ['python_setup_py']
[0.391s] Level 1:colcon.colcon_core.package_identification:_identify(src/DeepLabCut) by extension 'python_setup_py'
[0.391s] Level 1:colcon.colcon_core.package_identification:_identify(src/DeepLabCut/Animatronics-Ryo-2024-12-17) by extensions ['ignore', 'ignore_ament_install']
[0.391s] Level 1:colcon.colcon_core.package_identification:_identify(src/DeepLabCut/Animatronics-Ryo-2024-12-17) by extension 'ignore'
[0.391s] Level 1:colcon.colcon_core.package_identification:_identify(src/DeepLabCut/Animatronics-Ryo-2024-12-17) by extension 'ignore_ament_install'
[0.391s] Level 1:colcon.colcon_core.package_identification:_identify(src/DeepLabCut/Animatronics-Ryo-2024-12-17) by extensions ['colcon_pkg']
[0.391s] Level 1:colcon.colcon_core.package_identification:_identify(src/DeepLabCut/Animatronics-Ryo-2024-12-17) by extension 'colcon_pkg'
[0.391s] Level 1:colcon.colcon_core.package_identification:_identify(src/DeepLabCut/Animatronics-Ryo-2024-12-17) by extensions ['colcon_meta']
[0.391s] Level 1:colcon.colcon_core.package_identification:_identify(src/DeepLabCut/Animatronics-Ryo-2024-12-17) by extension 'colcon_meta'
[0.391s] Level 1:colcon.colcon_core.package_identification:_identify(src/DeepLabCut/Animatronics-Ryo-2024-12-17) by extensions ['ros']
[0.391s] Level 1:colcon.colcon_core.package_identification:_identify(src/DeepLabCut/Animatronics-Ryo-2024-12-17) by extension 'ros'
[0.391s] Level 1:colcon.colcon_core.package_identification:_identify(src/DeepLabCut/Animatronics-Ryo-2024-12-17) by extensions ['cmake', 'python']
[0.391s] Level 1:colcon.colcon_core.package_identification:_identify(src/DeepLabCut/Animatronics-Ryo-2024-12-17) by extension 'cmake'
[0.391s] Level 1:colcon.colcon_core.package_identification:_identify(src/DeepLabCut/Animatronics-Ryo-2024-12-17) by extension 'python'
[0.391s] Level 1:colcon.colcon_core.package_identification:_identify(src/DeepLabCut/Animatronics-Ryo-2024-12-17) by extensions ['python_setup_py']
[0.391s] Level 1:colcon.colcon_core.package_identification:_identify(src/DeepLabCut/Animatronics-Ryo-2024-12-17) by extension 'python_setup_py'
[0.392s] Level 1:colcon.colcon_core.package_identification:_identify(src/DeepLabCut/Animatronics-Ryo-2024-12-17/dlc-models-pytorch) by extensions ['ignore', 'ignore_ament_install']
[0.392s] Level 1:colcon.colcon_core.package_identification:_identify(src/DeepLabCut/Animatronics-Ryo-2024-12-17/dlc-models-pytorch) by extension 'ignore'
[0.392s] Level 1:colcon.colcon_core.package_identification:_identify(src/DeepLabCut/Animatronics-Ryo-2024-12-17/dlc-models-pytorch) by extension 'ignore_ament_install'
[0.392s] Level 1:colcon.colcon_core.package_identification:_identify(src/DeepLabCut/Animatronics-Ryo-2024-12-17/dlc-models-pytorch) by extensions ['colcon_pkg']
[0.392s] Level 1:colcon.colcon_core.package_identification:_identify(src/DeepLabCut/Animatronics-Ryo-2024-12-17/dlc-models-pytorch) by extension 'colcon_pkg'
[0.392s] Level 1:colcon.colcon_core.package_identification:_identify(src/DeepLabCut/Animatronics-Ryo-2024-12-17/dlc-models-pytorch) by extensions ['colcon_meta']
[0.392s] Level 1:colcon.colcon_core.package_identification:_identify(src/DeepLabCut/Animatronics-Ryo-2024-12-17/dlc-models-pytorch) by extension 'colcon_meta'
[0.392s] Level 1:colcon.colcon_core.package_identification:_identify(src/DeepLabCut/Animatronics-Ryo-2024-12-17/dlc-models-pytorch) by extensions ['ros']
[0.392s] Level 1:colcon.colcon_core.package_identification:_identify(src/DeepLabCut/Animatronics-Ryo-2024-12-17/dlc-models-pytorch) by extension 'ros'
[0.392s] Level 1:colcon.colcon_core.package_identification:_identify(src/DeepLabCut/Animatronics-Ryo-2024-12-17/dlc-models-pytorch) by extensions ['cmake', 'python']
[0.392s] Level 1:colcon.colcon_core.package_identification:_identify(src/DeepLabCut/Animatronics-Ryo-2024-12-17/dlc-models-pytorch) by extension 'cmake'
[0.392s] Level 1:colcon.colcon_core.package_identification:_identify(src/DeepLabCut/Animatronics-Ryo-2024-12-17/dlc-models-pytorch) by extension 'python'
[0.392s] Level 1:colcon.colcon_core.package_identification:_identify(src/DeepLabCut/Animatronics-Ryo-2024-12-17/dlc-models-pytorch) by extensions ['python_setup_py']
[0.392s] Level 1:colcon.colcon_core.package_identification:_identify(src/DeepLabCut/Animatronics-Ryo-2024-12-17/dlc-models-pytorch) by extension 'python_setup_py'
[0.392s] Level 1:colcon.colcon_core.package_identification:_identify(src/DeepLabCut/Animatronics-Ryo-2024-12-17/dlc-models-pytorch/iteration-0) by extensions ['ignore', 'ignore_ament_install']
[0.392s] Level 1:colcon.colcon_core.package_identification:_identify(src/DeepLabCut/Animatronics-Ryo-2024-12-17/dlc-models-pytorch/iteration-0) by extension 'ignore'
[0.392s] Level 1:colcon.colcon_core.package_identification:_identify(src/DeepLabCut/Animatronics-Ryo-2024-12-17/dlc-models-pytorch/iteration-0) by extension 'ignore_ament_install'
[0.393s] Level 1:colcon.colcon_core.package_identification:_identify(src/DeepLabCut/Animatronics-Ryo-2024-12-17/dlc-models-pytorch/iteration-0) by extensions ['colcon_pkg']
[0.393s] Level 1:colcon.colcon_core.package_identification:_identify(src/DeepLabCut/Animatronics-Ryo-2024-12-17/dlc-models-pytorch/iteration-0) by extension 'colcon_pkg'
[0.393s] Level 1:colcon.colcon_core.package_identification:_identify(src/DeepLabCut/Animatronics-Ryo-2024-12-17/dlc-models-pytorch/iteration-0) by extensions ['colcon_meta']
[0.393s] Level 1:colcon.colcon_core.package_identification:_identify(src/DeepLabCut/Animatronics-Ryo-2024-12-17/dlc-models-pytorch/iteration-0) by extension 'colcon_meta'
[0.393s] Level 1:colcon.colcon_core.package_identification:_identify(src/DeepLabCut/Animatronics-Ryo-2024-12-17/dlc-models-pytorch/iteration-0) by extensions ['ros']
[0.393s] Level 1:colcon.colcon_core.package_identification:_identify(src/DeepLabCut/Animatronics-Ryo-2024-12-17/dlc-models-pytorch/iteration-0) by extension 'ros'
[0.393s] Level 1:colcon.colcon_core.package_identification:_identify(src/DeepLabCut/Animatronics-Ryo-2024-12-17/dlc-models-pytorch/iteration-0) by extensions ['cmake', 'python']
[0.393s] Level 1:colcon.colcon_core.package_identification:_identify(src/DeepLabCut/Animatronics-Ryo-2024-12-17/dlc-models-pytorch/iteration-0) by extension 'cmake'
[0.393s] Level 1:colcon.colcon_core.package_identification:_identify(src/DeepLabCut/Animatronics-Ryo-2024-12-17/dlc-models-pytorch/iteration-0) by extension 'python'
[0.393s] Level 1:colcon.colcon_core.package_identification:_identify(src/DeepLabCut/Animatronics-Ryo-2024-12-17/dlc-models-pytorch/iteration-0) by extensions ['python_setup_py']
[0.393s] Level 1:colcon.colcon_core.package_identification:_identify(src/DeepLabCut/Animatronics-Ryo-2024-12-17/dlc-models-pytorch/iteration-0) by extension 'python_setup_py'
[0.393s] Level 1:colcon.colcon_core.package_identification:_identify(src/DeepLabCut/Animatronics-Ryo-2024-12-17/dlc-models-pytorch/iteration-0/AnimatronicsDec17-trainset95shuffle1) by extensions ['ignore', 'ignore_ament_install']
[0.393s] Level 1:colcon.colcon_core.package_identification:_identify(src/DeepLabCut/Animatronics-Ryo-2024-12-17/dlc-models-pytorch/iteration-0/AnimatronicsDec17-trainset95shuffle1) by extension 'ignore'
[0.393s] Level 1:colcon.colcon_core.package_identification:_identify(src/DeepLabCut/Animatronics-Ryo-2024-12-17/dlc-models-pytorch/iteration-0/AnimatronicsDec17-trainset95shuffle1) by extension 'ignore_ament_install'
[0.393s] Level 1:colcon.colcon_core.package_identification:_identify(src/DeepLabCut/Animatronics-Ryo-2024-12-17/dlc-models-pytorch/iteration-0/AnimatronicsDec17-trainset95shuffle1) by extensions ['colcon_pkg']
[0.393s] Level 1:colcon.colcon_core.package_identification:_identify(src/DeepLabCut/Animatronics-Ryo-2024-12-17/dlc-models-pytorch/iteration-0/AnimatronicsDec17-trainset95shuffle1) by extension 'colcon_pkg'
[0.393s] Level 1:colcon.colcon_core.package_identification:_identify(src/DeepLabCut/Animatronics-Ryo-2024-12-17/dlc-models-pytorch/iteration-0/AnimatronicsDec17-trainset95shuffle1) by extensions ['colcon_meta']
[0.393s] Level 1:colcon.colcon_core.package_identification:_identify(src/DeepLabCut/Animatronics-Ryo-2024-12-17/dlc-models-pytorch/iteration-0/AnimatronicsDec17-trainset95shuffle1) by extension 'colcon_meta'
[0.393s] Level 1:colcon.colcon_core.package_identification:_identify(src/DeepLabCut/Animatronics-Ryo-2024-12-17/dlc-models-pytorch/iteration-0/AnimatronicsDec17-trainset95shuffle1) by extensions ['ros']
[0.393s] Level 1:colcon.colcon_core.package_identification:_identify(src/DeepLabCut/Animatronics-Ryo-2024-12-17/dlc-models-pytorch/iteration-0/AnimatronicsDec17-trainset95shuffle1) by extension 'ros'
[0.394s] Level 1:colcon.colcon_core.package_identification:_identify(src/DeepLabCut/Animatronics-Ryo-2024-12-17/dlc-models-pytorch/iteration-0/AnimatronicsDec17-trainset95shuffle1) by extensions ['cmake', 'python']
[0.394s] Level 1:colcon.colcon_core.package_identification:_identify(src/DeepLabCut/Animatronics-Ryo-2024-12-17/dlc-models-pytorch/iteration-0/AnimatronicsDec17-trainset95shuffle1) by extension 'cmake'
[0.394s] Level 1:colcon.colcon_core.package_identification:_identify(src/DeepLabCut/Animatronics-Ryo-2024-12-17/dlc-models-pytorch/iteration-0/AnimatronicsDec17-trainset95shuffle1) by extension 'python'
[0.394s] Level 1:colcon.colcon_core.package_identification:_identify(src/DeepLabCut/Animatronics-Ryo-2024-12-17/dlc-models-pytorch/iteration-0/AnimatronicsDec17-trainset95shuffle1) by extensions ['python_setup_py']
[0.394s] Level 1:colcon.colcon_core.package_identification:_identify(src/DeepLabCut/Animatronics-Ryo-2024-12-17/dlc-models-pytorch/iteration-0/AnimatronicsDec17-trainset95shuffle1) by extension 'python_setup_py'
[0.394s] Level 1:colcon.colcon_core.package_identification:_identify(src/DeepLabCut/Animatronics-Ryo-2024-12-17/dlc-models-pytorch/iteration-0/AnimatronicsDec17-trainset95shuffle1/test) by extensions ['ignore', 'ignore_ament_install']
[0.394s] Level 1:colcon.colcon_core.package_identification:_identify(src/DeepLabCut/Animatronics-Ryo-2024-12-17/dlc-models-pytorch/iteration-0/AnimatronicsDec17-trainset95shuffle1/test) by extension 'ignore'
[0.394s] Level 1:colcon.colcon_core.package_identification:_identify(src/DeepLabCut/Animatronics-Ryo-2024-12-17/dlc-models-pytorch/iteration-0/AnimatronicsDec17-trainset95shuffle1/test) by extension 'ignore_ament_install'
[0.394s] Level 1:colcon.colcon_core.package_identification:_identify(src/DeepLabCut/Animatronics-Ryo-2024-12-17/dlc-models-pytorch/iteration-0/AnimatronicsDec17-trainset95shuffle1/test) by extensions ['colcon_pkg']
[0.394s] Level 1:colcon.colcon_core.package_identification:_identify(src/DeepLabCut/Animatronics-Ryo-2024-12-17/dlc-models-pytorch/iteration-0/AnimatronicsDec17-trainset95shuffle1/test) by extension 'colcon_pkg'
[0.394s] Level 1:colcon.colcon_core.package_identification:_identify(src/DeepLabCut/Animatronics-Ryo-2024-12-17/dlc-models-pytorch/iteration-0/AnimatronicsDec17-trainset95shuffle1/test) by extensions ['colcon_meta']
[0.394s] Level 1:colcon.colcon_core.package_identification:_identify(src/DeepLabCut/Animatronics-Ryo-2024-12-17/dlc-models-pytorch/iteration-0/AnimatronicsDec17-trainset95shuffle1/test) by extension 'colcon_meta'
[0.394s] Level 1:colcon.colcon_core.package_identification:_identify(src/DeepLabCut/Animatronics-Ryo-2024-12-17/dlc-models-pytorch/iteration-0/AnimatronicsDec17-trainset95shuffle1/test) by extensions ['ros']
[0.394s] Level 1:colcon.colcon_core.package_identification:_identify(src/DeepLabCut/Animatronics-Ryo-2024-12-17/dlc-models-pytorch/iteration-0/AnimatronicsDec17-trainset95shuffle1/test) by extension 'ros'
[0.394s] Level 1:colcon.colcon_core.package_identification:_identify(src/DeepLabCut/Animatronics-Ryo-2024-12-17/dlc-models-pytorch/iteration-0/AnimatronicsDec17-trainset95shuffle1/test) by extensions ['cmake', 'python']
[0.394s] Level 1:colcon.colcon_core.package_identification:_identify(src/DeepLabCut/Animatronics-Ryo-2024-12-17/dlc-models-pytorch/iteration-0/AnimatronicsDec17-trainset95shuffle1/test) by extension 'cmake'
[0.394s] Level 1:colcon.colcon_core.package_identification:_identify(src/DeepLabCut/Animatronics-Ryo-2024-12-17/dlc-models-pytorch/iteration-0/AnimatronicsDec17-trainset95shuffle1/test) by extension 'python'
[0.394s] Level 1:colcon.colcon_core.package_identification:_identify(src/DeepLabCut/Animatronics-Ryo-2024-12-17/dlc-models-pytorch/iteration-0/AnimatronicsDec17-trainset95shuffle1/test) by extensions ['python_setup_py']
[0.394s] Level 1:colcon.colcon_core.package_identification:_identify(src/DeepLabCut/Animatronics-Ryo-2024-12-17/dlc-models-pytorch/iteration-0/AnimatronicsDec17-trainset95shuffle1/test) by extension 'python_setup_py'
[0.395s] Level 1:colcon.colcon_core.package_identification:_identify(src/DeepLabCut/Animatronics-Ryo-2024-12-17/dlc-models-pytorch/iteration-0/AnimatronicsDec17-trainset95shuffle1/train) by extensions ['ignore', 'ignore_ament_install']
[0.395s] Level 1:colcon.colcon_core.package_identification:_identify(src/DeepLabCut/Animatronics-Ryo-2024-12-17/dlc-models-pytorch/iteration-0/AnimatronicsDec17-trainset95shuffle1/train) by extension 'ignore'
[0.395s] Level 1:colcon.colcon_core.package_identification:_identify(src/DeepLabCut/Animatronics-Ryo-2024-12-17/dlc-models-pytorch/iteration-0/AnimatronicsDec17-trainset95shuffle1/train) by extension 'ignore_ament_install'
[0.395s] Level 1:colcon.colcon_core.package_identification:_identify(src/DeepLabCut/Animatronics-Ryo-2024-12-17/dlc-models-pytorch/iteration-0/AnimatronicsDec17-trainset95shuffle1/train) by extensions ['colcon_pkg']
[0.395s] Level 1:colcon.colcon_core.package_identification:_identify(src/DeepLabCut/Animatronics-Ryo-2024-12-17/dlc-models-pytorch/iteration-0/AnimatronicsDec17-trainset95shuffle1/train) by extension 'colcon_pkg'
[0.395s] Level 1:colcon.colcon_core.package_identification:_identify(src/DeepLabCut/Animatronics-Ryo-2024-12-17/dlc-models-pytorch/iteration-0/AnimatronicsDec17-trainset95shuffle1/train) by extensions ['colcon_meta']
[0.395s] Level 1:colcon.colcon_core.package_identification:_identify(src/DeepLabCut/Animatronics-Ryo-2024-12-17/dlc-models-pytorch/iteration-0/AnimatronicsDec17-trainset95shuffle1/train) by extension 'colcon_meta'
[0.395s] Level 1:colcon.colcon_core.package_identification:_identify(src/DeepLabCut/Animatronics-Ryo-2024-12-17/dlc-models-pytorch/iteration-0/AnimatronicsDec17-trainset95shuffle1/train) by extensions ['ros']
[0.395s] Level 1:colcon.colcon_core.package_identification:_identify(src/DeepLabCut/Animatronics-Ryo-2024-12-17/dlc-models-pytorch/iteration-0/AnimatronicsDec17-trainset95shuffle1/train) by extension 'ros'
[0.395s] Level 1:colcon.colcon_core.package_identification:_identify(src/DeepLabCut/Animatronics-Ryo-2024-12-17/dlc-models-pytorch/iteration-0/AnimatronicsDec17-trainset95shuffle1/train) by extensions ['cmake', 'python']
[0.395s] Level 1:colcon.colcon_core.package_identification:_identify(src/DeepLabCut/Animatronics-Ryo-2024-12-17/dlc-models-pytorch/iteration-0/AnimatronicsDec17-trainset95shuffle1/train) by extension 'cmake'
[0.395s] Level 1:colcon.colcon_core.package_identification:_identify(src/DeepLabCut/Animatronics-Ryo-2024-12-17/dlc-models-pytorch/iteration-0/AnimatronicsDec17-trainset95shuffle1/train) by extension 'python'
[0.395s] Level 1:colcon.colcon_core.package_identification:_identify(src/DeepLabCut/Animatronics-Ryo-2024-12-17/dlc-models-pytorch/iteration-0/AnimatronicsDec17-trainset95shuffle1/train) by extensions ['python_setup_py']
[0.395s] Level 1:colcon.colcon_core.package_identification:_identify(src/DeepLabCut/Animatronics-Ryo-2024-12-17/dlc-models-pytorch/iteration-0/AnimatronicsDec17-trainset95shuffle1/train) by extension 'python_setup_py'
[0.395s] Level 1:colcon.colcon_core.package_identification:_identify(src/DeepLabCut/Animatronics-Ryo-2024-12-17/evaluation-results-pytorch) by extensions ['ignore', 'ignore_ament_install']
[0.395s] Level 1:colcon.colcon_core.package_identification:_identify(src/DeepLabCut/Animatronics-Ryo-2024-12-17/evaluation-results-pytorch) by extension 'ignore'
[0.395s] Level 1:colcon.colcon_core.package_identification:_identify(src/DeepLabCut/Animatronics-Ryo-2024-12-17/evaluation-results-pytorch) by extension 'ignore_ament_install'
[0.396s] Level 1:colcon.colcon_core.package_identification:_identify(src/DeepLabCut/Animatronics-Ryo-2024-12-17/evaluation-results-pytorch) by extensions ['colcon_pkg']
[0.396s] Level 1:colcon.colcon_core.package_identification:_identify(src/DeepLabCut/Animatronics-Ryo-2024-12-17/evaluation-results-pytorch) by extension 'colcon_pkg'
[0.396s] Level 1:colcon.colcon_core.package_identification:_identify(src/DeepLabCut/Animatronics-Ryo-2024-12-17/evaluation-results-pytorch) by extensions ['colcon_meta']
[0.396s] Level 1:colcon.colcon_core.package_identification:_identify(src/DeepLabCut/Animatronics-Ryo-2024-12-17/evaluation-results-pytorch) by extension 'colcon_meta'
[0.396s] Level 1:colcon.colcon_core.package_identification:_identify(src/DeepLabCut/Animatronics-Ryo-2024-12-17/evaluation-results-pytorch) by extensions ['ros']
[0.396s] Level 1:colcon.colcon_core.package_identification:_identify(src/DeepLabCut/Animatronics-Ryo-2024-12-17/evaluation-results-pytorch) by extension 'ros'
[0.396s] Level 1:colcon.colcon_core.package_identification:_identify(src/DeepLabCut/Animatronics-Ryo-2024-12-17/evaluation-results-pytorch) by extensions ['cmake', 'python']
[0.396s] Level 1:colcon.colcon_core.package_identification:_identify(src/DeepLabCut/Animatronics-Ryo-2024-12-17/evaluation-results-pytorch) by extension 'cmake'
[0.396s] Level 1:colcon.colcon_core.package_identification:_identify(src/DeepLabCut/Animatronics-Ryo-2024-12-17/evaluation-results-pytorch) by extension 'python'
[0.396s] Level 1:colcon.colcon_core.package_identification:_identify(src/DeepLabCut/Animatronics-Ryo-2024-12-17/evaluation-results-pytorch) by extensions ['python_setup_py']
[0.396s] Level 1:colcon.colcon_core.package_identification:_identify(src/DeepLabCut/Animatronics-Ryo-2024-12-17/evaluation-results-pytorch) by extension 'python_setup_py'
[0.396s] Level 1:colcon.colcon_core.package_identification:_identify(src/DeepLabCut/Animatronics-Ryo-2024-12-17/evaluation-results-pytorch/iteration-0) by extensions ['ignore', 'ignore_ament_install']
[0.396s] Level 1:colcon.colcon_core.package_identification:_identify(src/DeepLabCut/Animatronics-Ryo-2024-12-17/evaluation-results-pytorch/iteration-0) by extension 'ignore'
[0.396s] Level 1:colcon.colcon_core.package_identification:_identify(src/DeepLabCut/Animatronics-Ryo-2024-12-17/evaluation-results-pytorch/iteration-0) by extension 'ignore_ament_install'
[0.396s] Level 1:colcon.colcon_core.package_identification:_identify(src/DeepLabCut/Animatronics-Ryo-2024-12-17/evaluation-results-pytorch/iteration-0) by extensions ['colcon_pkg']
[0.396s] Level 1:colcon.colcon_core.package_identification:_identify(src/DeepLabCut/Animatronics-Ryo-2024-12-17/evaluation-results-pytorch/iteration-0) by extension 'colcon_pkg'
[0.396s] Level 1:colcon.colcon_core.package_identification:_identify(src/DeepLabCut/Animatronics-Ryo-2024-12-17/evaluation-results-pytorch/iteration-0) by extensions ['colcon_meta']
[0.396s] Level 1:colcon.colcon_core.package_identification:_identify(src/DeepLabCut/Animatronics-Ryo-2024-12-17/evaluation-results-pytorch/iteration-0) by extension 'colcon_meta'
[0.396s] Level 1:colcon.colcon_core.package_identification:_identify(src/DeepLabCut/Animatronics-Ryo-2024-12-17/evaluation-results-pytorch/iteration-0) by extensions ['ros']
[0.396s] Level 1:colcon.colcon_core.package_identification:_identify(src/DeepLabCut/Animatronics-Ryo-2024-12-17/evaluation-results-pytorch/iteration-0) by extension 'ros'
[0.397s] Level 1:colcon.colcon_core.package_identification:_identify(src/DeepLabCut/Animatronics-Ryo-2024-12-17/evaluation-results-pytorch/iteration-0) by extensions ['cmake', 'python']
[0.397s] Level 1:colcon.colcon_core.package_identification:_identify(src/DeepLabCut/Animatronics-Ryo-2024-12-17/evaluation-results-pytorch/iteration-0) by extension 'cmake'
[0.397s] Level 1:colcon.colcon_core.package_identification:_identify(src/DeepLabCut/Animatronics-Ryo-2024-12-17/evaluation-results-pytorch/iteration-0) by extension 'python'
[0.397s] Level 1:colcon.colcon_core.package_identification:_identify(src/DeepLabCut/Animatronics-Ryo-2024-12-17/evaluation-results-pytorch/iteration-0) by extensions ['python_setup_py']
[0.397s] Level 1:colcon.colcon_core.package_identification:_identify(src/DeepLabCut/Animatronics-Ryo-2024-12-17/evaluation-results-pytorch/iteration-0) by extension 'python_setup_py'
[0.397s] Level 1:colcon.colcon_core.package_identification:_identify(src/DeepLabCut/Animatronics-Ryo-2024-12-17/evaluation-results-pytorch/iteration-0/AnimatronicsDec17-trainset95shuffle1) by extensions ['ignore', 'ignore_ament_install']
[0.397s] Level 1:colcon.colcon_core.package_identification:_identify(src/DeepLabCut/Animatronics-Ryo-2024-12-17/evaluation-results-pytorch/iteration-0/AnimatronicsDec17-trainset95shuffle1) by extension 'ignore'
[0.397s] Level 1:colcon.colcon_core.package_identification:_identify(src/DeepLabCut/Animatronics-Ryo-2024-12-17/evaluation-results-pytorch/iteration-0/AnimatronicsDec17-trainset95shuffle1) by extension 'ignore_ament_install'
[0.397s] Level 1:colcon.colcon_core.package_identification:_identify(src/DeepLabCut/Animatronics-Ryo-2024-12-17/evaluation-results-pytorch/iteration-0/AnimatronicsDec17-trainset95shuffle1) by extensions ['colcon_pkg']
[0.397s] Level 1:colcon.colcon_core.package_identification:_identify(src/DeepLabCut/Animatronics-Ryo-2024-12-17/evaluation-results-pytorch/iteration-0/AnimatronicsDec17-trainset95shuffle1) by extension 'colcon_pkg'
[0.397s] Level 1:colcon.colcon_core.package_identification:_identify(src/DeepLabCut/Animatronics-Ryo-2024-12-17/evaluation-results-pytorch/iteration-0/AnimatronicsDec17-trainset95shuffle1) by extensions ['colcon_meta']
[0.397s] Level 1:colcon.colcon_core.package_identification:_identify(src/DeepLabCut/Animatronics-Ryo-2024-12-17/evaluation-results-pytorch/iteration-0/AnimatronicsDec17-trainset95shuffle1) by extension 'colcon_meta'
[0.397s] Level 1:colcon.colcon_core.package_identification:_identify(src/DeepLabCut/Animatronics-Ryo-2024-12-17/evaluation-results-pytorch/iteration-0/AnimatronicsDec17-trainset95shuffle1) by extensions ['ros']
[0.397s] Level 1:colcon.colcon_core.package_identification:_identify(src/DeepLabCut/Animatronics-Ryo-2024-12-17/evaluation-results-pytorch/iteration-0/AnimatronicsDec17-trainset95shuffle1) by extension 'ros'
[0.397s] Level 1:colcon.colcon_core.package_identification:_identify(src/DeepLabCut/Animatronics-Ryo-2024-12-17/evaluation-results-pytorch/iteration-0/AnimatronicsDec17-trainset95shuffle1) by extensions ['cmake', 'python']
[0.397s] Level 1:colcon.colcon_core.package_identification:_identify(src/DeepLabCut/Animatronics-Ryo-2024-12-17/evaluation-results-pytorch/iteration-0/AnimatronicsDec17-trainset95shuffle1) by extension 'cmake'
[0.397s] Level 1:colcon.colcon_core.package_identification:_identify(src/DeepLabCut/Animatronics-Ryo-2024-12-17/evaluation-results-pytorch/iteration-0/AnimatronicsDec17-trainset95shuffle1) by extension 'python'
[0.397s] Level 1:colcon.colcon_core.package_identification:_identify(src/DeepLabCut/Animatronics-Ryo-2024-12-17/evaluation-results-pytorch/iteration-0/AnimatronicsDec17-trainset95shuffle1) by extensions ['python_setup_py']
[0.397s] Level 1:colcon.colcon_core.package_identification:_identify(src/DeepLabCut/Animatronics-Ryo-2024-12-17/evaluation-results-pytorch/iteration-0/AnimatronicsDec17-trainset95shuffle1) by extension 'python_setup_py'
[0.398s] Level 1:colcon.colcon_core.package_identification:_identify(src/DeepLabCut/Animatronics-Ryo-2024-12-17/labeled-data) by extensions ['ignore', 'ignore_ament_install']
[0.398s] Level 1:colcon.colcon_core.package_identification:_identify(src/DeepLabCut/Animatronics-Ryo-2024-12-17/labeled-data) by extension 'ignore'
[0.398s] Level 1:colcon.colcon_core.package_identification:_identify(src/DeepLabCut/Animatronics-Ryo-2024-12-17/labeled-data) by extension 'ignore_ament_install'
[0.398s] Level 1:colcon.colcon_core.package_identification:_identify(src/DeepLabCut/Animatronics-Ryo-2024-12-17/labeled-data) by extensions ['colcon_pkg']
[0.398s] Level 1:colcon.colcon_core.package_identification:_identify(src/DeepLabCut/Animatronics-Ryo-2024-12-17/labeled-data) by extension 'colcon_pkg'
[0.398s] Level 1:colcon.colcon_core.package_identification:_identify(src/DeepLabCut/Animatronics-Ryo-2024-12-17/labeled-data) by extensions ['colcon_meta']
[0.398s] Level 1:colcon.colcon_core.package_identification:_identify(src/DeepLabCut/Animatronics-Ryo-2024-12-17/labeled-data) by extension 'colcon_meta'
[0.398s] Level 1:colcon.colcon_core.package_identification:_identify(src/DeepLabCut/Animatronics-Ryo-2024-12-17/labeled-data) by extensions ['ros']
[0.398s] Level 1:colcon.colcon_core.package_identification:_identify(src/DeepLabCut/Animatronics-Ryo-2024-12-17/labeled-data) by extension 'ros'
[0.398s] Level 1:colcon.colcon_core.package_identification:_identify(src/DeepLabCut/Animatronics-Ryo-2024-12-17/labeled-data) by extensions ['cmake', 'python']
[0.398s] Level 1:colcon.colcon_core.package_identification:_identify(src/DeepLabCut/Animatronics-Ryo-2024-12-17/labeled-data) by extension 'cmake'
[0.398s] Level 1:colcon.colcon_core.package_identification:_identify(src/DeepLabCut/Animatronics-Ryo-2024-12-17/labeled-data) by extension 'python'
[0.398s] Level 1:colcon.colcon_core.package_identification:_identify(src/DeepLabCut/Animatronics-Ryo-2024-12-17/labeled-data) by extensions ['python_setup_py']
[0.398s] Level 1:colcon.colcon_core.package_identification:_identify(src/DeepLabCut/Animatronics-Ryo-2024-12-17/labeled-data) by extension 'python_setup_py'
[0.398s] Level 1:colcon.colcon_core.package_identification:_identify(src/DeepLabCut/Animatronics-Ryo-2024-12-17/labeled-data/Raptor1) by extensions ['ignore', 'ignore_ament_install']
[0.398s] Level 1:colcon.colcon_core.package_identification:_identify(src/DeepLabCut/Animatronics-Ryo-2024-12-17/labeled-data/Raptor1) by extension 'ignore'
[0.398s] Level 1:colcon.colcon_core.package_identification:_identify(src/DeepLabCut/Animatronics-Ryo-2024-12-17/labeled-data/Raptor1) by extension 'ignore_ament_install'
[0.398s] Level 1:colcon.colcon_core.package_identification:_identify(src/DeepLabCut/Animatronics-Ryo-2024-12-17/labeled-data/Raptor1) by extensions ['colcon_pkg']
[0.398s] Level 1:colcon.colcon_core.package_identification:_identify(src/DeepLabCut/Animatronics-Ryo-2024-12-17/labeled-data/Raptor1) by extension 'colcon_pkg'
[0.398s] Level 1:colcon.colcon_core.package_identification:_identify(src/DeepLabCut/Animatronics-Ryo-2024-12-17/labeled-data/Raptor1) by extensions ['colcon_meta']
[0.399s] Level 1:colcon.colcon_core.package_identification:_identify(src/DeepLabCut/Animatronics-Ryo-2024-12-17/labeled-data/Raptor1) by extension 'colcon_meta'
[0.399s] Level 1:colcon.colcon_core.package_identification:_identify(src/DeepLabCut/Animatronics-Ryo-2024-12-17/labeled-data/Raptor1) by extensions ['ros']
[0.399s] Level 1:colcon.colcon_core.package_identification:_identify(src/DeepLabCut/Animatronics-Ryo-2024-12-17/labeled-data/Raptor1) by extension 'ros'
[0.399s] Level 1:colcon.colcon_core.package_identification:_identify(src/DeepLabCut/Animatronics-Ryo-2024-12-17/labeled-data/Raptor1) by extensions ['cmake', 'python']
[0.399s] Level 1:colcon.colcon_core.package_identification:_identify(src/DeepLabCut/Animatronics-Ryo-2024-12-17/labeled-data/Raptor1) by extension 'cmake'
[0.399s] Level 1:colcon.colcon_core.package_identification:_identify(src/DeepLabCut/Animatronics-Ryo-2024-12-17/labeled-data/Raptor1) by extension 'python'
[0.399s] Level 1:colcon.colcon_core.package_identification:_identify(src/DeepLabCut/Animatronics-Ryo-2024-12-17/labeled-data/Raptor1) by extensions ['python_setup_py']
[0.399s] Level 1:colcon.colcon_core.package_identification:_identify(src/DeepLabCut/Animatronics-Ryo-2024-12-17/labeled-data/Raptor1) by extension 'python_setup_py'
[0.399s] Level 1:colcon.colcon_core.package_identification:_identify(src/DeepLabCut/Animatronics-Ryo-2024-12-17/labeled-data/Raptor1_labeled) by extensions ['ignore', 'ignore_ament_install']
[0.399s] Level 1:colcon.colcon_core.package_identification:_identify(src/DeepLabCut/Animatronics-Ryo-2024-12-17/labeled-data/Raptor1_labeled) by extension 'ignore'
[0.399s] Level 1:colcon.colcon_core.package_identification:_identify(src/DeepLabCut/Animatronics-Ryo-2024-12-17/labeled-data/Raptor1_labeled) by extension 'ignore_ament_install'
[0.399s] Level 1:colcon.colcon_core.package_identification:_identify(src/DeepLabCut/Animatronics-Ryo-2024-12-17/labeled-data/Raptor1_labeled) by extensions ['colcon_pkg']
[0.399s] Level 1:colcon.colcon_core.package_identification:_identify(src/DeepLabCut/Animatronics-Ryo-2024-12-17/labeled-data/Raptor1_labeled) by extension 'colcon_pkg'
[0.399s] Level 1:colcon.colcon_core.package_identification:_identify(src/DeepLabCut/Animatronics-Ryo-2024-12-17/labeled-data/Raptor1_labeled) by extensions ['colcon_meta']
[0.399s] Level 1:colcon.colcon_core.package_identification:_identify(src/DeepLabCut/Animatronics-Ryo-2024-12-17/labeled-data/Raptor1_labeled) by extension 'colcon_meta'
[0.399s] Level 1:colcon.colcon_core.package_identification:_identify(src/DeepLabCut/Animatronics-Ryo-2024-12-17/labeled-data/Raptor1_labeled) by extensions ['ros']
[0.399s] Level 1:colcon.colcon_core.package_identification:_identify(src/DeepLabCut/Animatronics-Ryo-2024-12-17/labeled-data/Raptor1_labeled) by extension 'ros'
[0.399s] Level 1:colcon.colcon_core.package_identification:_identify(src/DeepLabCut/Animatronics-Ryo-2024-12-17/labeled-data/Raptor1_labeled) by extensions ['cmake', 'python']
[0.399s] Level 1:colcon.colcon_core.package_identification:_identify(src/DeepLabCut/Animatronics-Ryo-2024-12-17/labeled-data/Raptor1_labeled) by extension 'cmake'
[0.400s] Level 1:colcon.colcon_core.package_identification:_identify(src/DeepLabCut/Animatronics-Ryo-2024-12-17/labeled-data/Raptor1_labeled) by extension 'python'
[0.400s] Level 1:colcon.colcon_core.package_identification:_identify(src/DeepLabCut/Animatronics-Ryo-2024-12-17/labeled-data/Raptor1_labeled) by extensions ['python_setup_py']
[0.400s] Level 1:colcon.colcon_core.package_identification:_identify(src/DeepLabCut/Animatronics-Ryo-2024-12-17/labeled-data/Raptor1_labeled) by extension 'python_setup_py'
[0.400s] Level 1:colcon.colcon_core.package_identification:_identify(src/DeepLabCut/Animatronics-Ryo-2024-12-17/training-datasets) by extensions ['ignore', 'ignore_ament_install']
[0.400s] Level 1:colcon.colcon_core.package_identification:_identify(src/DeepLabCut/Animatronics-Ryo-2024-12-17/training-datasets) by extension 'ignore'
[0.400s] Level 1:colcon.colcon_core.package_identification:_identify(src/DeepLabCut/Animatronics-Ryo-2024-12-17/training-datasets) by extension 'ignore_ament_install'
[0.400s] Level 1:colcon.colcon_core.package_identification:_identify(src/DeepLabCut/Animatronics-Ryo-2024-12-17/training-datasets) by extensions ['colcon_pkg']
[0.400s] Level 1:colcon.colcon_core.package_identification:_identify(src/DeepLabCut/Animatronics-Ryo-2024-12-17/training-datasets) by extension 'colcon_pkg'
[0.400s] Level 1:colcon.colcon_core.package_identification:_identify(src/DeepLabCut/Animatronics-Ryo-2024-12-17/training-datasets) by extensions ['colcon_meta']
[0.400s] Level 1:colcon.colcon_core.package_identification:_identify(src/DeepLabCut/Animatronics-Ryo-2024-12-17/training-datasets) by extension 'colcon_meta'
[0.400s] Level 1:colcon.colcon_core.package_identification:_identify(src/DeepLabCut/Animatronics-Ryo-2024-12-17/training-datasets) by extensions ['ros']
[0.400s] Level 1:colcon.colcon_core.package_identification:_identify(src/DeepLabCut/Animatronics-Ryo-2024-12-17/training-datasets) by extension 'ros'
[0.400s] Level 1:colcon.colcon_core.package_identification:_identify(src/DeepLabCut/Animatronics-Ryo-2024-12-17/training-datasets) by extensions ['cmake', 'python']
[0.400s] Level 1:colcon.colcon_core.package_identification:_identify(src/DeepLabCut/Animatronics-Ryo-2024-12-17/training-datasets) by extension 'cmake'
[0.400s] Level 1:colcon.colcon_core.package_identification:_identify(src/DeepLabCut/Animatronics-Ryo-2024-12-17/training-datasets) by extension 'python'
[0.400s] Level 1:colcon.colcon_core.package_identification:_identify(src/DeepLabCut/Animatronics-Ryo-2024-12-17/training-datasets) by extensions ['python_setup_py']
[0.400s] Level 1:colcon.colcon_core.package_identification:_identify(src/DeepLabCut/Animatronics-Ryo-2024-12-17/training-datasets) by extension 'python_setup_py'
[0.400s] Level 1:colcon.colcon_core.package_identification:_identify(src/DeepLabCut/Animatronics-Ryo-2024-12-17/training-datasets/iteration-0) by extensions ['ignore', 'ignore_ament_install']
[0.400s] Level 1:colcon.colcon_core.package_identification:_identify(src/DeepLabCut/Animatronics-Ryo-2024-12-17/training-datasets/iteration-0) by extension 'ignore'
[0.401s] Level 1:colcon.colcon_core.package_identification:_identify(src/DeepLabCut/Animatronics-Ryo-2024-12-17/training-datasets/iteration-0) by extension 'ignore_ament_install'
[0.401s] Level 1:colcon.colcon_core.package_identification:_identify(src/DeepLabCut/Animatronics-Ryo-2024-12-17/training-datasets/iteration-0) by extensions ['colcon_pkg']
[0.401s] Level 1:colcon.colcon_core.package_identification:_identify(src/DeepLabCut/Animatronics-Ryo-2024-12-17/training-datasets/iteration-0) by extension 'colcon_pkg'
[0.401s] Level 1:colcon.colcon_core.package_identification:_identify(src/DeepLabCut/Animatronics-Ryo-2024-12-17/training-datasets/iteration-0) by extensions ['colcon_meta']
[0.401s] Level 1:colcon.colcon_core.package_identification:_identify(src/DeepLabCut/Animatronics-Ryo-2024-12-17/training-datasets/iteration-0) by extension 'colcon_meta'
[0.401s] Level 1:colcon.colcon_core.package_identification:_identify(src/DeepLabCut/Animatronics-Ryo-2024-12-17/training-datasets/iteration-0) by extensions ['ros']
[0.401s] Level 1:colcon.colcon_core.package_identification:_identify(src/DeepLabCut/Animatronics-Ryo-2024-12-17/training-datasets/iteration-0) by extension 'ros'
[0.401s] Level 1:colcon.colcon_core.package_identification:_identify(src/DeepLabCut/Animatronics-Ryo-2024-12-17/training-datasets/iteration-0) by extensions ['cmake', 'python']
[0.401s] Level 1:colcon.colcon_core.package_identification:_identify(src/DeepLabCut/Animatronics-Ryo-2024-12-17/training-datasets/iteration-0) by extension 'cmake'
[0.401s] Level 1:colcon.colcon_core.package_identification:_identify(src/DeepLabCut/Animatronics-Ryo-2024-12-17/training-datasets/iteration-0) by extension 'python'
[0.401s] Level 1:colcon.colcon_core.package_identification:_identify(src/DeepLabCut/Animatronics-Ryo-2024-12-17/training-datasets/iteration-0) by extensions ['python_setup_py']
[0.401s] Level 1:colcon.colcon_core.package_identification:_identify(src/DeepLabCut/Animatronics-Ryo-2024-12-17/training-datasets/iteration-0) by extension 'python_setup_py'
[0.401s] Level 1:colcon.colcon_core.package_identification:_identify(src/DeepLabCut/Animatronics-Ryo-2024-12-17/training-datasets/iteration-0/UnaugmentedDataSet_AnimatronicsDec17) by extensions ['ignore', 'ignore_ament_install']
[0.401s] Level 1:colcon.colcon_core.package_identification:_identify(src/DeepLabCut/Animatronics-Ryo-2024-12-17/training-datasets/iteration-0/UnaugmentedDataSet_AnimatronicsDec17) by extension 'ignore'
[0.401s] Level 1:colcon.colcon_core.package_identification:_identify(src/DeepLabCut/Animatronics-Ryo-2024-12-17/training-datasets/iteration-0/UnaugmentedDataSet_AnimatronicsDec17) by extension 'ignore_ament_install'
[0.401s] Level 1:colcon.colcon_core.package_identification:_identify(src/DeepLabCut/Animatronics-Ryo-2024-12-17/training-datasets/iteration-0/UnaugmentedDataSet_AnimatronicsDec17) by extensions ['colcon_pkg']
[0.401s] Level 1:colcon.colcon_core.package_identification:_identify(src/DeepLabCut/Animatronics-Ryo-2024-12-17/training-datasets/iteration-0/UnaugmentedDataSet_AnimatronicsDec17) by extension 'colcon_pkg'
[0.401s] Level 1:colcon.colcon_core.package_identification:_identify(src/DeepLabCut/Animatronics-Ryo-2024-12-17/training-datasets/iteration-0/UnaugmentedDataSet_AnimatronicsDec17) by extensions ['colcon_meta']
[0.401s] Level 1:colcon.colcon_core.package_identification:_identify(src/DeepLabCut/Animatronics-Ryo-2024-12-17/training-datasets/iteration-0/UnaugmentedDataSet_AnimatronicsDec17) by extension 'colcon_meta'
[0.401s] Level 1:colcon.colcon_core.package_identification:_identify(src/DeepLabCut/Animatronics-Ryo-2024-12-17/training-datasets/iteration-0/UnaugmentedDataSet_AnimatronicsDec17) by extensions ['ros']
[0.402s] Level 1:colcon.colcon_core.package_identification:_identify(src/DeepLabCut/Animatronics-Ryo-2024-12-17/training-datasets/iteration-0/UnaugmentedDataSet_AnimatronicsDec17) by extension 'ros'
[0.402s] Level 1:colcon.colcon_core.package_identification:_identify(src/DeepLabCut/Animatronics-Ryo-2024-12-17/training-datasets/iteration-0/UnaugmentedDataSet_AnimatronicsDec17) by extensions ['cmake', 'python']
[0.402s] Level 1:colcon.colcon_core.package_identification:_identify(src/DeepLabCut/Animatronics-Ryo-2024-12-17/training-datasets/iteration-0/UnaugmentedDataSet_AnimatronicsDec17) by extension 'cmake'
[0.402s] Level 1:colcon.colcon_core.package_identification:_identify(src/DeepLabCut/Animatronics-Ryo-2024-12-17/training-datasets/iteration-0/UnaugmentedDataSet_AnimatronicsDec17) by extension 'python'
[0.402s] Level 1:colcon.colcon_core.package_identification:_identify(src/DeepLabCut/Animatronics-Ryo-2024-12-17/training-datasets/iteration-0/UnaugmentedDataSet_AnimatronicsDec17) by extensions ['python_setup_py']
[0.402s] Level 1:colcon.colcon_core.package_identification:_identify(src/DeepLabCut/Animatronics-Ryo-2024-12-17/training-datasets/iteration-0/UnaugmentedDataSet_AnimatronicsDec17) by extension 'python_setup_py'
[0.402s] Level 1:colcon.colcon_core.package_identification:_identify(src/DeepLabCut/Animatronics-Ryo-2024-12-17/videos) by extensions ['ignore', 'ignore_ament_install']
[0.402s] Level 1:colcon.colcon_core.package_identification:_identify(src/DeepLabCut/Animatronics-Ryo-2024-12-17/videos) by extension 'ignore'
[0.402s] Level 1:colcon.colcon_core.package_identification:_identify(src/DeepLabCut/Animatronics-Ryo-2024-12-17/videos) by extension 'ignore_ament_install'
[0.402s] Level 1:colcon.colcon_core.package_identification:_identify(src/DeepLabCut/Animatronics-Ryo-2024-12-17/videos) by extensions ['colcon_pkg']
[0.402s] Level 1:colcon.colcon_core.package_identification:_identify(src/DeepLabCut/Animatronics-Ryo-2024-12-17/videos) by extension 'colcon_pkg'
[0.402s] Level 1:colcon.colcon_core.package_identification:_identify(src/DeepLabCut/Animatronics-Ryo-2024-12-17/videos) by extensions ['colcon_meta']
[0.402s] Level 1:colcon.colcon_core.package_identification:_identify(src/DeepLabCut/Animatronics-Ryo-2024-12-17/videos) by extension 'colcon_meta'
[0.402s] Level 1:colcon.colcon_core.package_identification:_identify(src/DeepLabCut/Animatronics-Ryo-2024-12-17/videos) by extensions ['ros']
[0.402s] Level 1:colcon.colcon_core.package_identification:_identify(src/DeepLabCut/Animatronics-Ryo-2024-12-17/videos) by extension 'ros'
[0.402s] Level 1:colcon.colcon_core.package_identification:_identify(src/DeepLabCut/Animatronics-Ryo-2024-12-17/videos) by extensions ['cmake', 'python']
[0.402s] Level 1:colcon.colcon_core.package_identification:_identify(src/DeepLabCut/Animatronics-Ryo-2024-12-17/videos) by extension 'cmake'
[0.402s] Level 1:colcon.colcon_core.package_identification:_identify(src/DeepLabCut/Animatronics-Ryo-2024-12-17/videos) by extension 'python'
[0.402s] Level 1:colcon.colcon_core.package_identification:_identify(src/DeepLabCut/Animatronics-Ryo-2024-12-17/videos) by extensions ['python_setup_py']
[0.402s] Level 1:colcon.colcon_core.package_identification:_identify(src/DeepLabCut/Animatronics-Ryo-2024-12-17/videos) by extension 'python_setup_py'
[0.403s] Level 1:colcon.colcon_core.package_identification:_identify(src/DeepLabCut/Videos) by extensions ['ignore', 'ignore_ament_install']
[0.403s] Level 1:colcon.colcon_core.package_identification:_identify(src/DeepLabCut/Videos) by extension 'ignore'
[0.403s] Level 1:colcon.colcon_core.package_identification:_identify(src/DeepLabCut/Videos) by extension 'ignore_ament_install'
[0.403s] Level 1:colcon.colcon_core.package_identification:_identify(src/DeepLabCut/Videos) by extensions ['colcon_pkg']
[0.403s] Level 1:colcon.colcon_core.package_identification:_identify(src/DeepLabCut/Videos) by extension 'colcon_pkg'
[0.403s] Level 1:colcon.colcon_core.package_identification:_identify(src/DeepLabCut/Videos) by extensions ['colcon_meta']
[0.403s] Level 1:colcon.colcon_core.package_identification:_identify(src/DeepLabCut/Videos) by extension 'colcon_meta'
[0.403s] Level 1:colcon.colcon_core.package_identification:_identify(src/DeepLabCut/Videos) by extensions ['ros']
[0.403s] Level 1:colcon.colcon_core.package_identification:_identify(src/DeepLabCut/Videos) by extension 'ros'
[0.403s] Level 1:colcon.colcon_core.package_identification:_identify(src/DeepLabCut/Videos) by extensions ['cmake', 'python']
[0.403s] Level 1:colcon.colcon_core.package_identification:_identify(src/DeepLabCut/Videos) by extension 'cmake'
[0.403s] Level 1:colcon.colcon_core.package_identification:_identify(src/DeepLabCut/Videos) by extension 'python'
[0.403s] Level 1:colcon.colcon_core.package_identification:_identify(src/DeepLabCut/Videos) by extensions ['python_setup_py']
[0.403s] Level 1:colcon.colcon_core.package_identification:_identify(src/DeepLabCut/Videos) by extension 'python_setup_py'
[0.403s] Level 1:colcon.colcon_core.package_identification:_identify(src/DeepLabCut/__pycache__) by extensions ['ignore', 'ignore_ament_install']
[0.403s] Level 1:colcon.colcon_core.package_identification:_identify(src/DeepLabCut/__pycache__) by extension 'ignore'
[0.403s] Level 1:colcon.colcon_core.package_identification:_identify(src/DeepLabCut/__pycache__) by extension 'ignore_ament_install'
[0.403s] Level 1:colcon.colcon_core.package_identification:_identify(src/DeepLabCut/__pycache__) by extensions ['colcon_pkg']
[0.403s] Level 1:colcon.colcon_core.package_identification:_identify(src/DeepLabCut/__pycache__) by extension 'colcon_pkg'
[0.404s] Level 1:colcon.colcon_core.package_identification:_identify(src/DeepLabCut/__pycache__) by extensions ['colcon_meta']
[0.404s] Level 1:colcon.colcon_core.package_identification:_identify(src/DeepLabCut/__pycache__) by extension 'colcon_meta'
[0.404s] Level 1:colcon.colcon_core.package_identification:_identify(src/DeepLabCut/__pycache__) by extensions ['ros']
[0.404s] Level 1:colcon.colcon_core.package_identification:_identify(src/DeepLabCut/__pycache__) by extension 'ros'
[0.404s] Level 1:colcon.colcon_core.package_identification:_identify(src/DeepLabCut/__pycache__) by extensions ['cmake', 'python']
[0.404s] Level 1:colcon.colcon_core.package_identification:_identify(src/DeepLabCut/__pycache__) by extension 'cmake'
[0.404s] Level 1:colcon.colcon_core.package_identification:_identify(src/DeepLabCut/__pycache__) by extension 'python'
[0.404s] Level 1:colcon.colcon_core.package_identification:_identify(src/DeepLabCut/__pycache__) by extensions ['python_setup_py']
[0.404s] Level 1:colcon.colcon_core.package_identification:_identify(src/DeepLabCut/__pycache__) by extension 'python_setup_py'
[0.404s] Level 1:colcon.colcon_core.package_identification:_identify(src/DeepLabCut/animatronics-ryo-2024-12-18) by extensions ['ignore', 'ignore_ament_install']
[0.404s] Level 1:colcon.colcon_core.package_identification:_identify(src/DeepLabCut/animatronics-ryo-2024-12-18) by extension 'ignore'
[0.404s] Level 1:colcon.colcon_core.package_identification:_identify(src/DeepLabCut/animatronics-ryo-2024-12-18) by extension 'ignore_ament_install'
[0.404s] Level 1:colcon.colcon_core.package_identification:_identify(src/DeepLabCut/animatronics-ryo-2024-12-18) by extensions ['colcon_pkg']
[0.404s] Level 1:colcon.colcon_core.package_identification:_identify(src/DeepLabCut/animatronics-ryo-2024-12-18) by extension 'colcon_pkg'
[0.404s] Level 1:colcon.colcon_core.package_identification:_identify(src/DeepLabCut/animatronics-ryo-2024-12-18) by extensions ['colcon_meta']
[0.404s] Level 1:colcon.colcon_core.package_identification:_identify(src/DeepLabCut/animatronics-ryo-2024-12-18) by extension 'colcon_meta'
[0.404s] Level 1:colcon.colcon_core.package_identification:_identify(src/DeepLabCut/animatronics-ryo-2024-12-18) by extensions ['ros']
[0.404s] Level 1:colcon.colcon_core.package_identification:_identify(src/DeepLabCut/animatronics-ryo-2024-12-18) by extension 'ros'
[0.404s] Level 1:colcon.colcon_core.package_identification:_identify(src/DeepLabCut/animatronics-ryo-2024-12-18) by extensions ['cmake', 'python']
[0.404s] Level 1:colcon.colcon_core.package_identification:_identify(src/DeepLabCut/animatronics-ryo-2024-12-18) by extension 'cmake'
[0.404s] Level 1:colcon.colcon_core.package_identification:_identify(src/DeepLabCut/animatronics-ryo-2024-12-18) by extension 'python'
[0.404s] Level 1:colcon.colcon_core.package_identification:_identify(src/DeepLabCut/animatronics-ryo-2024-12-18) by extensions ['python_setup_py']
[0.404s] Level 1:colcon.colcon_core.package_identification:_identify(src/DeepLabCut/animatronics-ryo-2024-12-18) by extension 'python_setup_py'
[0.405s] Level 1:colcon.colcon_core.package_identification:_identify(src/DeepLabCut/animatronics-ryo-2024-12-18/dlc-models-pytorch) by extensions ['ignore', 'ignore_ament_install']
[0.405s] Level 1:colcon.colcon_core.package_identification:_identify(src/DeepLabCut/animatronics-ryo-2024-12-18/dlc-models-pytorch) by extension 'ignore'
[0.405s] Level 1:colcon.colcon_core.package_identification:_identify(src/DeepLabCut/animatronics-ryo-2024-12-18/dlc-models-pytorch) by extension 'ignore_ament_install'
[0.405s] Level 1:colcon.colcon_core.package_identification:_identify(src/DeepLabCut/animatronics-ryo-2024-12-18/dlc-models-pytorch) by extensions ['colcon_pkg']
[0.405s] Level 1:colcon.colcon_core.package_identification:_identify(src/DeepLabCut/animatronics-ryo-2024-12-18/dlc-models-pytorch) by extension 'colcon_pkg'
[0.405s] Level 1:colcon.colcon_core.package_identification:_identify(src/DeepLabCut/animatronics-ryo-2024-12-18/dlc-models-pytorch) by extensions ['colcon_meta']
[0.405s] Level 1:colcon.colcon_core.package_identification:_identify(src/DeepLabCut/animatronics-ryo-2024-12-18/dlc-models-pytorch) by extension 'colcon_meta'
[0.405s] Level 1:colcon.colcon_core.package_identification:_identify(src/DeepLabCut/animatronics-ryo-2024-12-18/dlc-models-pytorch) by extensions ['ros']
[0.405s] Level 1:colcon.colcon_core.package_identification:_identify(src/DeepLabCut/animatronics-ryo-2024-12-18/dlc-models-pytorch) by extension 'ros'
[0.405s] Level 1:colcon.colcon_core.package_identification:_identify(src/DeepLabCut/animatronics-ryo-2024-12-18/dlc-models-pytorch) by extensions ['cmake', 'python']
[0.405s] Level 1:colcon.colcon_core.package_identification:_identify(src/DeepLabCut/animatronics-ryo-2024-12-18/dlc-models-pytorch) by extension 'cmake'
[0.405s] Level 1:colcon.colcon_core.package_identification:_identify(src/DeepLabCut/animatronics-ryo-2024-12-18/dlc-models-pytorch) by extension 'python'
[0.405s] Level 1:colcon.colcon_core.package_identification:_identify(src/DeepLabCut/animatronics-ryo-2024-12-18/dlc-models-pytorch) by extensions ['python_setup_py']
[0.405s] Level 1:colcon.colcon_core.package_identification:_identify(src/DeepLabCut/animatronics-ryo-2024-12-18/dlc-models-pytorch) by extension 'python_setup_py'
[0.405s] Level 1:colcon.colcon_core.package_identification:_identify(src/DeepLabCut/animatronics-ryo-2024-12-18/dlc-models-pytorch/iteration-0) by extensions ['ignore', 'ignore_ament_install']
[0.405s] Level 1:colcon.colcon_core.package_identification:_identify(src/DeepLabCut/animatronics-ryo-2024-12-18/dlc-models-pytorch/iteration-0) by extension 'ignore'
[0.405s] Level 1:colcon.colcon_core.package_identification:_identify(src/DeepLabCut/animatronics-ryo-2024-12-18/dlc-models-pytorch/iteration-0) by extension 'ignore_ament_install'
[0.406s] Level 1:colcon.colcon_core.package_identification:_identify(src/DeepLabCut/animatronics-ryo-2024-12-18/dlc-models-pytorch/iteration-0) by extensions ['colcon_pkg']
[0.406s] Level 1:colcon.colcon_core.package_identification:_identify(src/DeepLabCut/animatronics-ryo-2024-12-18/dlc-models-pytorch/iteration-0) by extension 'colcon_pkg'
[0.406s] Level 1:colcon.colcon_core.package_identification:_identify(src/DeepLabCut/animatronics-ryo-2024-12-18/dlc-models-pytorch/iteration-0) by extensions ['colcon_meta']
[0.406s] Level 1:colcon.colcon_core.package_identification:_identify(src/DeepLabCut/animatronics-ryo-2024-12-18/dlc-models-pytorch/iteration-0) by extension 'colcon_meta'
[0.406s] Level 1:colcon.colcon_core.package_identification:_identify(src/DeepLabCut/animatronics-ryo-2024-12-18/dlc-models-pytorch/iteration-0) by extensions ['ros']
[0.406s] Level 1:colcon.colcon_core.package_identification:_identify(src/DeepLabCut/animatronics-ryo-2024-12-18/dlc-models-pytorch/iteration-0) by extension 'ros'
[0.406s] Level 1:colcon.colcon_core.package_identification:_identify(src/DeepLabCut/animatronics-ryo-2024-12-18/dlc-models-pytorch/iteration-0) by extensions ['cmake', 'python']
[0.406s] Level 1:colcon.colcon_core.package_identification:_identify(src/DeepLabCut/animatronics-ryo-2024-12-18/dlc-models-pytorch/iteration-0) by extension 'cmake'
[0.406s] Level 1:colcon.colcon_core.package_identification:_identify(src/DeepLabCut/animatronics-ryo-2024-12-18/dlc-models-pytorch/iteration-0) by extension 'python'
[0.406s] Level 1:colcon.colcon_core.package_identification:_identify(src/DeepLabCut/animatronics-ryo-2024-12-18/dlc-models-pytorch/iteration-0) by extensions ['python_setup_py']
[0.406s] Level 1:colcon.colcon_core.package_identification:_identify(src/DeepLabCut/animatronics-ryo-2024-12-18/dlc-models-pytorch/iteration-0) by extension 'python_setup_py'
[0.406s] Level 1:colcon.colcon_core.package_identification:_identify(src/DeepLabCut/animatronics-ryo-2024-12-18/dlc-models-pytorch/iteration-0/animatronicsDec18-trainset95shuffle1) by extensions ['ignore', 'ignore_ament_install']
[0.406s] Level 1:colcon.colcon_core.package_identification:_identify(src/DeepLabCut/animatronics-ryo-2024-12-18/dlc-models-pytorch/iteration-0/animatronicsDec18-trainset95shuffle1) by extension 'ignore'
[0.406s] Level 1:colcon.colcon_core.package_identification:_identify(src/DeepLabCut/animatronics-ryo-2024-12-18/dlc-models-pytorch/iteration-0/animatronicsDec18-trainset95shuffle1) by extension 'ignore_ament_install'
[0.406s] Level 1:colcon.colcon_core.package_identification:_identify(src/DeepLabCut/animatronics-ryo-2024-12-18/dlc-models-pytorch/iteration-0/animatronicsDec18-trainset95shuffle1) by extensions ['colcon_pkg']
[0.406s] Level 1:colcon.colcon_core.package_identification:_identify(src/DeepLabCut/animatronics-ryo-2024-12-18/dlc-models-pytorch/iteration-0/animatronicsDec18-trainset95shuffle1) by extension 'colcon_pkg'
[0.406s] Level 1:colcon.colcon_core.package_identification:_identify(src/DeepLabCut/animatronics-ryo-2024-12-18/dlc-models-pytorch/iteration-0/animatronicsDec18-trainset95shuffle1) by extensions ['colcon_meta']
[0.406s] Level 1:colcon.colcon_core.package_identification:_identify(src/DeepLabCut/animatronics-ryo-2024-12-18/dlc-models-pytorch/iteration-0/animatronicsDec18-trainset95shuffle1) by extension 'colcon_meta'
[0.406s] Level 1:colcon.colcon_core.package_identification:_identify(src/DeepLabCut/animatronics-ryo-2024-12-18/dlc-models-pytorch/iteration-0/animatronicsDec18-trainset95shuffle1) by extensions ['ros']
[0.406s] Level 1:colcon.colcon_core.package_identification:_identify(src/DeepLabCut/animatronics-ryo-2024-12-18/dlc-models-pytorch/iteration-0/animatronicsDec18-trainset95shuffle1) by extension 'ros'
[0.407s] Level 1:colcon.colcon_core.package_identification:_identify(src/DeepLabCut/animatronics-ryo-2024-12-18/dlc-models-pytorch/iteration-0/animatronicsDec18-trainset95shuffle1) by extensions ['cmake', 'python']
[0.407s] Level 1:colcon.colcon_core.package_identification:_identify(src/DeepLabCut/animatronics-ryo-2024-12-18/dlc-models-pytorch/iteration-0/animatronicsDec18-trainset95shuffle1) by extension 'cmake'
[0.407s] Level 1:colcon.colcon_core.package_identification:_identify(src/DeepLabCut/animatronics-ryo-2024-12-18/dlc-models-pytorch/iteration-0/animatronicsDec18-trainset95shuffle1) by extension 'python'
[0.407s] Level 1:colcon.colcon_core.package_identification:_identify(src/DeepLabCut/animatronics-ryo-2024-12-18/dlc-models-pytorch/iteration-0/animatronicsDec18-trainset95shuffle1) by extensions ['python_setup_py']
[0.407s] Level 1:colcon.colcon_core.package_identification:_identify(src/DeepLabCut/animatronics-ryo-2024-12-18/dlc-models-pytorch/iteration-0/animatronicsDec18-trainset95shuffle1) by extension 'python_setup_py'
[0.407s] Level 1:colcon.colcon_core.package_identification:_identify(src/DeepLabCut/animatronics-ryo-2024-12-18/dlc-models-pytorch/iteration-0/animatronicsDec18-trainset95shuffle1/test) by extensions ['ignore', 'ignore_ament_install']
[0.407s] Level 1:colcon.colcon_core.package_identification:_identify(src/DeepLabCut/animatronics-ryo-2024-12-18/dlc-models-pytorch/iteration-0/animatronicsDec18-trainset95shuffle1/test) by extension 'ignore'
[0.407s] Level 1:colcon.colcon_core.package_identification:_identify(src/DeepLabCut/animatronics-ryo-2024-12-18/dlc-models-pytorch/iteration-0/animatronicsDec18-trainset95shuffle1/test) by extension 'ignore_ament_install'
[0.407s] Level 1:colcon.colcon_core.package_identification:_identify(src/DeepLabCut/animatronics-ryo-2024-12-18/dlc-models-pytorch/iteration-0/animatronicsDec18-trainset95shuffle1/test) by extensions ['colcon_pkg']
[0.407s] Level 1:colcon.colcon_core.package_identification:_identify(src/DeepLabCut/animatronics-ryo-2024-12-18/dlc-models-pytorch/iteration-0/animatronicsDec18-trainset95shuffle1/test) by extension 'colcon_pkg'
[0.407s] Level 1:colcon.colcon_core.package_identification:_identify(src/DeepLabCut/animatronics-ryo-2024-12-18/dlc-models-pytorch/iteration-0/animatronicsDec18-trainset95shuffle1/test) by extensions ['colcon_meta']
[0.407s] Level 1:colcon.colcon_core.package_identification:_identify(src/DeepLabCut/animatronics-ryo-2024-12-18/dlc-models-pytorch/iteration-0/animatronicsDec18-trainset95shuffle1/test) by extension 'colcon_meta'
[0.407s] Level 1:colcon.colcon_core.package_identification:_identify(src/DeepLabCut/animatronics-ryo-2024-12-18/dlc-models-pytorch/iteration-0/animatronicsDec18-trainset95shuffle1/test) by extensions ['ros']
[0.407s] Level 1:colcon.colcon_core.package_identification:_identify(src/DeepLabCut/animatronics-ryo-2024-12-18/dlc-models-pytorch/iteration-0/animatronicsDec18-trainset95shuffle1/test) by extension 'ros'
[0.407s] Level 1:colcon.colcon_core.package_identification:_identify(src/DeepLabCut/animatronics-ryo-2024-12-18/dlc-models-pytorch/iteration-0/animatronicsDec18-trainset95shuffle1/test) by extensions ['cmake', 'python']
[0.407s] Level 1:colcon.colcon_core.package_identification:_identify(src/DeepLabCut/animatronics-ryo-2024-12-18/dlc-models-pytorch/iteration-0/animatronicsDec18-trainset95shuffle1/test) by extension 'cmake'
[0.407s] Level 1:colcon.colcon_core.package_identification:_identify(src/DeepLabCut/animatronics-ryo-2024-12-18/dlc-models-pytorch/iteration-0/animatronicsDec18-trainset95shuffle1/test) by extension 'python'
[0.407s] Level 1:colcon.colcon_core.package_identification:_identify(src/DeepLabCut/animatronics-ryo-2024-12-18/dlc-models-pytorch/iteration-0/animatronicsDec18-trainset95shuffle1/test) by extensions ['python_setup_py']
[0.407s] Level 1:colcon.colcon_core.package_identification:_identify(src/DeepLabCut/animatronics-ryo-2024-12-18/dlc-models-pytorch/iteration-0/animatronicsDec18-trainset95shuffle1/test) by extension 'python_setup_py'
[0.408s] Level 1:colcon.colcon_core.package_identification:_identify(src/DeepLabCut/animatronics-ryo-2024-12-18/dlc-models-pytorch/iteration-0/animatronicsDec18-trainset95shuffle1/train) by extensions ['ignore', 'ignore_ament_install']
[0.408s] Level 1:colcon.colcon_core.package_identification:_identify(src/DeepLabCut/animatronics-ryo-2024-12-18/dlc-models-pytorch/iteration-0/animatronicsDec18-trainset95shuffle1/train) by extension 'ignore'
[0.408s] Level 1:colcon.colcon_core.package_identification:_identify(src/DeepLabCut/animatronics-ryo-2024-12-18/dlc-models-pytorch/iteration-0/animatronicsDec18-trainset95shuffle1/train) by extension 'ignore_ament_install'
[0.408s] Level 1:colcon.colcon_core.package_identification:_identify(src/DeepLabCut/animatronics-ryo-2024-12-18/dlc-models-pytorch/iteration-0/animatronicsDec18-trainset95shuffle1/train) by extensions ['colcon_pkg']
[0.408s] Level 1:colcon.colcon_core.package_identification:_identify(src/DeepLabCut/animatronics-ryo-2024-12-18/dlc-models-pytorch/iteration-0/animatronicsDec18-trainset95shuffle1/train) by extension 'colcon_pkg'
[0.408s] Level 1:colcon.colcon_core.package_identification:_identify(src/DeepLabCut/animatronics-ryo-2024-12-18/dlc-models-pytorch/iteration-0/animatronicsDec18-trainset95shuffle1/train) by extensions ['colcon_meta']
[0.408s] Level 1:colcon.colcon_core.package_identification:_identify(src/DeepLabCut/animatronics-ryo-2024-12-18/dlc-models-pytorch/iteration-0/animatronicsDec18-trainset95shuffle1/train) by extension 'colcon_meta'
[0.408s] Level 1:colcon.colcon_core.package_identification:_identify(src/DeepLabCut/animatronics-ryo-2024-12-18/dlc-models-pytorch/iteration-0/animatronicsDec18-trainset95shuffle1/train) by extensions ['ros']
[0.408s] Level 1:colcon.colcon_core.package_identification:_identify(src/DeepLabCut/animatronics-ryo-2024-12-18/dlc-models-pytorch/iteration-0/animatronicsDec18-trainset95shuffle1/train) by extension 'ros'
[0.408s] Level 1:colcon.colcon_core.package_identification:_identify(src/DeepLabCut/animatronics-ryo-2024-12-18/dlc-models-pytorch/iteration-0/animatronicsDec18-trainset95shuffle1/train) by extensions ['cmake', 'python']
[0.408s] Level 1:colcon.colcon_core.package_identification:_identify(src/DeepLabCut/animatronics-ryo-2024-12-18/dlc-models-pytorch/iteration-0/animatronicsDec18-trainset95shuffle1/train) by extension 'cmake'
[0.408s] Level 1:colcon.colcon_core.package_identification:_identify(src/DeepLabCut/animatronics-ryo-2024-12-18/dlc-models-pytorch/iteration-0/animatronicsDec18-trainset95shuffle1/train) by extension 'python'
[0.408s] Level 1:colcon.colcon_core.package_identification:_identify(src/DeepLabCut/animatronics-ryo-2024-12-18/dlc-models-pytorch/iteration-0/animatronicsDec18-trainset95shuffle1/train) by extensions ['python_setup_py']
[0.408s] Level 1:colcon.colcon_core.package_identification:_identify(src/DeepLabCut/animatronics-ryo-2024-12-18/dlc-models-pytorch/iteration-0/animatronicsDec18-trainset95shuffle1/train) by extension 'python_setup_py'
[0.408s] Level 1:colcon.colcon_core.package_identification:_identify(src/DeepLabCut/animatronics-ryo-2024-12-18/evaluation-results-pytorch) by extensions ['ignore', 'ignore_ament_install']
[0.408s] Level 1:colcon.colcon_core.package_identification:_identify(src/DeepLabCut/animatronics-ryo-2024-12-18/evaluation-results-pytorch) by extension 'ignore'
[0.408s] Level 1:colcon.colcon_core.package_identification:_identify(src/DeepLabCut/animatronics-ryo-2024-12-18/evaluation-results-pytorch) by extension 'ignore_ament_install'
[0.409s] Level 1:colcon.colcon_core.package_identification:_identify(src/DeepLabCut/animatronics-ryo-2024-12-18/evaluation-results-pytorch) by extensions ['colcon_pkg']
[0.409s] Level 1:colcon.colcon_core.package_identification:_identify(src/DeepLabCut/animatronics-ryo-2024-12-18/evaluation-results-pytorch) by extension 'colcon_pkg'
[0.409s] Level 1:colcon.colcon_core.package_identification:_identify(src/DeepLabCut/animatronics-ryo-2024-12-18/evaluation-results-pytorch) by extensions ['colcon_meta']
[0.409s] Level 1:colcon.colcon_core.package_identification:_identify(src/DeepLabCut/animatronics-ryo-2024-12-18/evaluation-results-pytorch) by extension 'colcon_meta'
[0.409s] Level 1:colcon.colcon_core.package_identification:_identify(src/DeepLabCut/animatronics-ryo-2024-12-18/evaluation-results-pytorch) by extensions ['ros']
[0.409s] Level 1:colcon.colcon_core.package_identification:_identify(src/DeepLabCut/animatronics-ryo-2024-12-18/evaluation-results-pytorch) by extension 'ros'
[0.409s] Level 1:colcon.colcon_core.package_identification:_identify(src/DeepLabCut/animatronics-ryo-2024-12-18/evaluation-results-pytorch) by extensions ['cmake', 'python']
[0.409s] Level 1:colcon.colcon_core.package_identification:_identify(src/DeepLabCut/animatronics-ryo-2024-12-18/evaluation-results-pytorch) by extension 'cmake'
[0.409s] Level 1:colcon.colcon_core.package_identification:_identify(src/DeepLabCut/animatronics-ryo-2024-12-18/evaluation-results-pytorch) by extension 'python'
[0.409s] Level 1:colcon.colcon_core.package_identification:_identify(src/DeepLabCut/animatronics-ryo-2024-12-18/evaluation-results-pytorch) by extensions ['python_setup_py']
[0.409s] Level 1:colcon.colcon_core.package_identification:_identify(src/DeepLabCut/animatronics-ryo-2024-12-18/evaluation-results-pytorch) by extension 'python_setup_py'
[0.409s] Level 1:colcon.colcon_core.package_identification:_identify(src/DeepLabCut/animatronics-ryo-2024-12-18/evaluation-results-pytorch/iteration-0) by extensions ['ignore', 'ignore_ament_install']
[0.409s] Level 1:colcon.colcon_core.package_identification:_identify(src/DeepLabCut/animatronics-ryo-2024-12-18/evaluation-results-pytorch/iteration-0) by extension 'ignore'
[0.409s] Level 1:colcon.colcon_core.package_identification:_identify(src/DeepLabCut/animatronics-ryo-2024-12-18/evaluation-results-pytorch/iteration-0) by extension 'ignore_ament_install'
[0.409s] Level 1:colcon.colcon_core.package_identification:_identify(src/DeepLabCut/animatronics-ryo-2024-12-18/evaluation-results-pytorch/iteration-0) by extensions ['colcon_pkg']
[0.409s] Level 1:colcon.colcon_core.package_identification:_identify(src/DeepLabCut/animatronics-ryo-2024-12-18/evaluation-results-pytorch/iteration-0) by extension 'colcon_pkg'
[0.409s] Level 1:colcon.colcon_core.package_identification:_identify(src/DeepLabCut/animatronics-ryo-2024-12-18/evaluation-results-pytorch/iteration-0) by extensions ['colcon_meta']
[0.409s] Level 1:colcon.colcon_core.package_identification:_identify(src/DeepLabCut/animatronics-ryo-2024-12-18/evaluation-results-pytorch/iteration-0) by extension 'colcon_meta'
[0.409s] Level 1:colcon.colcon_core.package_identification:_identify(src/DeepLabCut/animatronics-ryo-2024-12-18/evaluation-results-pytorch/iteration-0) by extensions ['ros']
[0.409s] Level 1:colcon.colcon_core.package_identification:_identify(src/DeepLabCut/animatronics-ryo-2024-12-18/evaluation-results-pytorch/iteration-0) by extension 'ros'
[0.409s] Level 1:colcon.colcon_core.package_identification:_identify(src/DeepLabCut/animatronics-ryo-2024-12-18/evaluation-results-pytorch/iteration-0) by extensions ['cmake', 'python']
[0.410s] Level 1:colcon.colcon_core.package_identification:_identify(src/DeepLabCut/animatronics-ryo-2024-12-18/evaluation-results-pytorch/iteration-0) by extension 'cmake'
[0.410s] Level 1:colcon.colcon_core.package_identification:_identify(src/DeepLabCut/animatronics-ryo-2024-12-18/evaluation-results-pytorch/iteration-0) by extension 'python'
[0.410s] Level 1:colcon.colcon_core.package_identification:_identify(src/DeepLabCut/animatronics-ryo-2024-12-18/evaluation-results-pytorch/iteration-0) by extensions ['python_setup_py']
[0.410s] Level 1:colcon.colcon_core.package_identification:_identify(src/DeepLabCut/animatronics-ryo-2024-12-18/evaluation-results-pytorch/iteration-0) by extension 'python_setup_py'
[0.410s] Level 1:colcon.colcon_core.package_identification:_identify(src/DeepLabCut/animatronics-ryo-2024-12-18/evaluation-results-pytorch/iteration-0/animatronicsDec18-trainset95shuffle1) by extensions ['ignore', 'ignore_ament_install']
[0.410s] Level 1:colcon.colcon_core.package_identification:_identify(src/DeepLabCut/animatronics-ryo-2024-12-18/evaluation-results-pytorch/iteration-0/animatronicsDec18-trainset95shuffle1) by extension 'ignore'
[0.410s] Level 1:colcon.colcon_core.package_identification:_identify(src/DeepLabCut/animatronics-ryo-2024-12-18/evaluation-results-pytorch/iteration-0/animatronicsDec18-trainset95shuffle1) by extension 'ignore_ament_install'
[0.410s] Level 1:colcon.colcon_core.package_identification:_identify(src/DeepLabCut/animatronics-ryo-2024-12-18/evaluation-results-pytorch/iteration-0/animatronicsDec18-trainset95shuffle1) by extensions ['colcon_pkg']
[0.410s] Level 1:colcon.colcon_core.package_identification:_identify(src/DeepLabCut/animatronics-ryo-2024-12-18/evaluation-results-pytorch/iteration-0/animatronicsDec18-trainset95shuffle1) by extension 'colcon_pkg'
[0.410s] Level 1:colcon.colcon_core.package_identification:_identify(src/DeepLabCut/animatronics-ryo-2024-12-18/evaluation-results-pytorch/iteration-0/animatronicsDec18-trainset95shuffle1) by extensions ['colcon_meta']
[0.410s] Level 1:colcon.colcon_core.package_identification:_identify(src/DeepLabCut/animatronics-ryo-2024-12-18/evaluation-results-pytorch/iteration-0/animatronicsDec18-trainset95shuffle1) by extension 'colcon_meta'
[0.410s] Level 1:colcon.colcon_core.package_identification:_identify(src/DeepLabCut/animatronics-ryo-2024-12-18/evaluation-results-pytorch/iteration-0/animatronicsDec18-trainset95shuffle1) by extensions ['ros']
[0.410s] Level 1:colcon.colcon_core.package_identification:_identify(src/DeepLabCut/animatronics-ryo-2024-12-18/evaluation-results-pytorch/iteration-0/animatronicsDec18-trainset95shuffle1) by extension 'ros'
[0.410s] Level 1:colcon.colcon_core.package_identification:_identify(src/DeepLabCut/animatronics-ryo-2024-12-18/evaluation-results-pytorch/iteration-0/animatronicsDec18-trainset95shuffle1) by extensions ['cmake', 'python']
[0.410s] Level 1:colcon.colcon_core.package_identification:_identify(src/DeepLabCut/animatronics-ryo-2024-12-18/evaluation-results-pytorch/iteration-0/animatronicsDec18-trainset95shuffle1) by extension 'cmake'
[0.410s] Level 1:colcon.colcon_core.package_identification:_identify(src/DeepLabCut/animatronics-ryo-2024-12-18/evaluation-results-pytorch/iteration-0/animatronicsDec18-trainset95shuffle1) by extension 'python'
[0.410s] Level 1:colcon.colcon_core.package_identification:_identify(src/DeepLabCut/animatronics-ryo-2024-12-18/evaluation-results-pytorch/iteration-0/animatronicsDec18-trainset95shuffle1) by extensions ['python_setup_py']
[0.411s] Level 1:colcon.colcon_core.package_identification:_identify(src/DeepLabCut/animatronics-ryo-2024-12-18/evaluation-results-pytorch/iteration-0/animatronicsDec18-trainset95shuffle1) by extension 'python_setup_py'
[0.411s] Level 1:colcon.colcon_core.package_identification:_identify(src/DeepLabCut/animatronics-ryo-2024-12-18/labeled-data) by extensions ['ignore', 'ignore_ament_install']
[0.411s] Level 1:colcon.colcon_core.package_identification:_identify(src/DeepLabCut/animatronics-ryo-2024-12-18/labeled-data) by extension 'ignore'
[0.411s] Level 1:colcon.colcon_core.package_identification:_identify(src/DeepLabCut/animatronics-ryo-2024-12-18/labeled-data) by extension 'ignore_ament_install'
[0.411s] Level 1:colcon.colcon_core.package_identification:_identify(src/DeepLabCut/animatronics-ryo-2024-12-18/labeled-data) by extensions ['colcon_pkg']
[0.411s] Level 1:colcon.colcon_core.package_identification:_identify(src/DeepLabCut/animatronics-ryo-2024-12-18/labeled-data) by extension 'colcon_pkg'
[0.411s] Level 1:colcon.colcon_core.package_identification:_identify(src/DeepLabCut/animatronics-ryo-2024-12-18/labeled-data) by extensions ['colcon_meta']
[0.411s] Level 1:colcon.colcon_core.package_identification:_identify(src/DeepLabCut/animatronics-ryo-2024-12-18/labeled-data) by extension 'colcon_meta'
[0.411s] Level 1:colcon.colcon_core.package_identification:_identify(src/DeepLabCut/animatronics-ryo-2024-12-18/labeled-data) by extensions ['ros']
[0.411s] Level 1:colcon.colcon_core.package_identification:_identify(src/DeepLabCut/animatronics-ryo-2024-12-18/labeled-data) by extension 'ros'
[0.411s] Level 1:colcon.colcon_core.package_identification:_identify(src/DeepLabCut/animatronics-ryo-2024-12-18/labeled-data) by extensions ['cmake', 'python']
[0.411s] Level 1:colcon.colcon_core.package_identification:_identify(src/DeepLabCut/animatronics-ryo-2024-12-18/labeled-data) by extension 'cmake'
[0.411s] Level 1:colcon.colcon_core.package_identification:_identify(src/DeepLabCut/animatronics-ryo-2024-12-18/labeled-data) by extension 'python'
[0.411s] Level 1:colcon.colcon_core.package_identification:_identify(src/DeepLabCut/animatronics-ryo-2024-12-18/labeled-data) by extensions ['python_setup_py']
[0.411s] Level 1:colcon.colcon_core.package_identification:_identify(src/DeepLabCut/animatronics-ryo-2024-12-18/labeled-data) by extension 'python_setup_py'
[0.412s] Level 1:colcon.colcon_core.package_identification:_identify(src/DeepLabCut/animatronics-ryo-2024-12-18/labeled-data/4B0CCEC3-B219-4C7F-A07C-F0ACDF82976E Copy) by extensions ['ignore', 'ignore_ament_install']
[0.412s] Level 1:colcon.colcon_core.package_identification:_identify(src/DeepLabCut/animatronics-ryo-2024-12-18/labeled-data/4B0CCEC3-B219-4C7F-A07C-F0ACDF82976E Copy) by extension 'ignore'
[0.412s] Level 1:colcon.colcon_core.package_identification:_identify(src/DeepLabCut/animatronics-ryo-2024-12-18/labeled-data/4B0CCEC3-B219-4C7F-A07C-F0ACDF82976E Copy) by extension 'ignore_ament_install'
[0.412s] Level 1:colcon.colcon_core.package_identification:_identify(src/DeepLabCut/animatronics-ryo-2024-12-18/labeled-data/4B0CCEC3-B219-4C7F-A07C-F0ACDF82976E Copy) by extensions ['colcon_pkg']
[0.412s] Level 1:colcon.colcon_core.package_identification:_identify(src/DeepLabCut/animatronics-ryo-2024-12-18/labeled-data/4B0CCEC3-B219-4C7F-A07C-F0ACDF82976E Copy) by extension 'colcon_pkg'
[0.412s] Level 1:colcon.colcon_core.package_identification:_identify(src/DeepLabCut/animatronics-ryo-2024-12-18/labeled-data/4B0CCEC3-B219-4C7F-A07C-F0ACDF82976E Copy) by extensions ['colcon_meta']
[0.412s] Level 1:colcon.colcon_core.package_identification:_identify(src/DeepLabCut/animatronics-ryo-2024-12-18/labeled-data/4B0CCEC3-B219-4C7F-A07C-F0ACDF82976E Copy) by extension 'colcon_meta'
[0.412s] Level 1:colcon.colcon_core.package_identification:_identify(src/DeepLabCut/animatronics-ryo-2024-12-18/labeled-data/4B0CCEC3-B219-4C7F-A07C-F0ACDF82976E Copy) by extensions ['ros']
[0.412s] Level 1:colcon.colcon_core.package_identification:_identify(src/DeepLabCut/animatronics-ryo-2024-12-18/labeled-data/4B0CCEC3-B219-4C7F-A07C-F0ACDF82976E Copy) by extension 'ros'
[0.412s] Level 1:colcon.colcon_core.package_identification:_identify(src/DeepLabCut/animatronics-ryo-2024-12-18/labeled-data/4B0CCEC3-B219-4C7F-A07C-F0ACDF82976E Copy) by extensions ['cmake', 'python']
[0.412s] Level 1:colcon.colcon_core.package_identification:_identify(src/DeepLabCut/animatronics-ryo-2024-12-18/labeled-data/4B0CCEC3-B219-4C7F-A07C-F0ACDF82976E Copy) by extension 'cmake'
[0.413s] Level 1:colcon.colcon_core.package_identification:_identify(src/DeepLabCut/animatronics-ryo-2024-12-18/labeled-data/4B0CCEC3-B219-4C7F-A07C-F0ACDF82976E Copy) by extension 'python'
[0.413s] Level 1:colcon.colcon_core.package_identification:_identify(src/DeepLabCut/animatronics-ryo-2024-12-18/labeled-data/4B0CCEC3-B219-4C7F-A07C-F0ACDF82976E Copy) by extensions ['python_setup_py']
[0.413s] Level 1:colcon.colcon_core.package_identification:_identify(src/DeepLabCut/animatronics-ryo-2024-12-18/labeled-data/4B0CCEC3-B219-4C7F-A07C-F0ACDF82976E Copy) by extension 'python_setup_py'
[0.413s] Level 1:colcon.colcon_core.package_identification:_identify(src/DeepLabCut/animatronics-ryo-2024-12-18/labeled-data/4B0CCEC3-B219-4C7F-A07C-F0ACDF82976E Copy_labeled) by extensions ['ignore', 'ignore_ament_install']
[0.413s] Level 1:colcon.colcon_core.package_identification:_identify(src/DeepLabCut/animatronics-ryo-2024-12-18/labeled-data/4B0CCEC3-B219-4C7F-A07C-F0ACDF82976E Copy_labeled) by extension 'ignore'
[0.413s] Level 1:colcon.colcon_core.package_identification:_identify(src/DeepLabCut/animatronics-ryo-2024-12-18/labeled-data/4B0CCEC3-B219-4C7F-A07C-F0ACDF82976E Copy_labeled) by extension 'ignore_ament_install'
[0.413s] Level 1:colcon.colcon_core.package_identification:_identify(src/DeepLabCut/animatronics-ryo-2024-12-18/labeled-data/4B0CCEC3-B219-4C7F-A07C-F0ACDF82976E Copy_labeled) by extensions ['colcon_pkg']
[0.413s] Level 1:colcon.colcon_core.package_identification:_identify(src/DeepLabCut/animatronics-ryo-2024-12-18/labeled-data/4B0CCEC3-B219-4C7F-A07C-F0ACDF82976E Copy_labeled) by extension 'colcon_pkg'
[0.413s] Level 1:colcon.colcon_core.package_identification:_identify(src/DeepLabCut/animatronics-ryo-2024-12-18/labeled-data/4B0CCEC3-B219-4C7F-A07C-F0ACDF82976E Copy_labeled) by extensions ['colcon_meta']
[0.413s] Level 1:colcon.colcon_core.package_identification:_identify(src/DeepLabCut/animatronics-ryo-2024-12-18/labeled-data/4B0CCEC3-B219-4C7F-A07C-F0ACDF82976E Copy_labeled) by extension 'colcon_meta'
[0.413s] Level 1:colcon.colcon_core.package_identification:_identify(src/DeepLabCut/animatronics-ryo-2024-12-18/labeled-data/4B0CCEC3-B219-4C7F-A07C-F0ACDF82976E Copy_labeled) by extensions ['ros']
[0.413s] Level 1:colcon.colcon_core.package_identification:_identify(src/DeepLabCut/animatronics-ryo-2024-12-18/labeled-data/4B0CCEC3-B219-4C7F-A07C-F0ACDF82976E Copy_labeled) by extension 'ros'
[0.413s] Level 1:colcon.colcon_core.package_identification:_identify(src/DeepLabCut/animatronics-ryo-2024-12-18/labeled-data/4B0CCEC3-B219-4C7F-A07C-F0ACDF82976E Copy_labeled) by extensions ['cmake', 'python']
[0.413s] Level 1:colcon.colcon_core.package_identification:_identify(src/DeepLabCut/animatronics-ryo-2024-12-18/labeled-data/4B0CCEC3-B219-4C7F-A07C-F0ACDF82976E Copy_labeled) by extension 'cmake'
[0.413s] Level 1:colcon.colcon_core.package_identification:_identify(src/DeepLabCut/animatronics-ryo-2024-12-18/labeled-data/4B0CCEC3-B219-4C7F-A07C-F0ACDF82976E Copy_labeled) by extension 'python'
[0.414s] Level 1:colcon.colcon_core.package_identification:_identify(src/DeepLabCut/animatronics-ryo-2024-12-18/labeled-data/4B0CCEC3-B219-4C7F-A07C-F0ACDF82976E Copy_labeled) by extensions ['python_setup_py']
[0.414s] Level 1:colcon.colcon_core.package_identification:_identify(src/DeepLabCut/animatronics-ryo-2024-12-18/labeled-data/4B0CCEC3-B219-4C7F-A07C-F0ACDF82976E Copy_labeled) by extension 'python_setup_py'
[0.414s] Level 1:colcon.colcon_core.package_identification:_identify(src/DeepLabCut/animatronics-ryo-2024-12-18/labeled-data/Raptor1) by extensions ['ignore', 'ignore_ament_install']
[0.414s] Level 1:colcon.colcon_core.package_identification:_identify(src/DeepLabCut/animatronics-ryo-2024-12-18/labeled-data/Raptor1) by extension 'ignore'
[0.414s] Level 1:colcon.colcon_core.package_identification:_identify(src/DeepLabCut/animatronics-ryo-2024-12-18/labeled-data/Raptor1) by extension 'ignore_ament_install'
[0.414s] Level 1:colcon.colcon_core.package_identification:_identify(src/DeepLabCut/animatronics-ryo-2024-12-18/labeled-data/Raptor1) by extensions ['colcon_pkg']
[0.414s] Level 1:colcon.colcon_core.package_identification:_identify(src/DeepLabCut/animatronics-ryo-2024-12-18/labeled-data/Raptor1) by extension 'colcon_pkg'
[0.414s] Level 1:colcon.colcon_core.package_identification:_identify(src/DeepLabCut/animatronics-ryo-2024-12-18/labeled-data/Raptor1) by extensions ['colcon_meta']
[0.414s] Level 1:colcon.colcon_core.package_identification:_identify(src/DeepLabCut/animatronics-ryo-2024-12-18/labeled-data/Raptor1) by extension 'colcon_meta'
[0.414s] Level 1:colcon.colcon_core.package_identification:_identify(src/DeepLabCut/animatronics-ryo-2024-12-18/labeled-data/Raptor1) by extensions ['ros']
[0.414s] Level 1:colcon.colcon_core.package_identification:_identify(src/DeepLabCut/animatronics-ryo-2024-12-18/labeled-data/Raptor1) by extension 'ros'
[0.414s] Level 1:colcon.colcon_core.package_identification:_identify(src/DeepLabCut/animatronics-ryo-2024-12-18/labeled-data/Raptor1) by extensions ['cmake', 'python']
[0.414s] Level 1:colcon.colcon_core.package_identification:_identify(src/DeepLabCut/animatronics-ryo-2024-12-18/labeled-data/Raptor1) by extension 'cmake'
[0.414s] Level 1:colcon.colcon_core.package_identification:_identify(src/DeepLabCut/animatronics-ryo-2024-12-18/labeled-data/Raptor1) by extension 'python'
[0.414s] Level 1:colcon.colcon_core.package_identification:_identify(src/DeepLabCut/animatronics-ryo-2024-12-18/labeled-data/Raptor1) by extensions ['python_setup_py']
[0.414s] Level 1:colcon.colcon_core.package_identification:_identify(src/DeepLabCut/animatronics-ryo-2024-12-18/labeled-data/Raptor1) by extension 'python_setup_py'
[0.415s] Level 1:colcon.colcon_core.package_identification:_identify(src/DeepLabCut/animatronics-ryo-2024-12-18/training-datasets) by extensions ['ignore', 'ignore_ament_install']
[0.415s] Level 1:colcon.colcon_core.package_identification:_identify(src/DeepLabCut/animatronics-ryo-2024-12-18/training-datasets) by extension 'ignore'
[0.415s] Level 1:colcon.colcon_core.package_identification:_identify(src/DeepLabCut/animatronics-ryo-2024-12-18/training-datasets) by extension 'ignore_ament_install'
[0.415s] Level 1:colcon.colcon_core.package_identification:_identify(src/DeepLabCut/animatronics-ryo-2024-12-18/training-datasets) by extensions ['colcon_pkg']
[0.415s] Level 1:colcon.colcon_core.package_identification:_identify(src/DeepLabCut/animatronics-ryo-2024-12-18/training-datasets) by extension 'colcon_pkg'
[0.415s] Level 1:colcon.colcon_core.package_identification:_identify(src/DeepLabCut/animatronics-ryo-2024-12-18/training-datasets) by extensions ['colcon_meta']
[0.415s] Level 1:colcon.colcon_core.package_identification:_identify(src/DeepLabCut/animatronics-ryo-2024-12-18/training-datasets) by extension 'colcon_meta'
[0.415s] Level 1:colcon.colcon_core.package_identification:_identify(src/DeepLabCut/animatronics-ryo-2024-12-18/training-datasets) by extensions ['ros']
[0.415s] Level 1:colcon.colcon_core.package_identification:_identify(src/DeepLabCut/animatronics-ryo-2024-12-18/training-datasets) by extension 'ros'
[0.415s] Level 1:colcon.colcon_core.package_identification:_identify(src/DeepLabCut/animatronics-ryo-2024-12-18/training-datasets) by extensions ['cmake', 'python']
[0.415s] Level 1:colcon.colcon_core.package_identification:_identify(src/DeepLabCut/animatronics-ryo-2024-12-18/training-datasets) by extension 'cmake'
[0.415s] Level 1:colcon.colcon_core.package_identification:_identify(src/DeepLabCut/animatronics-ryo-2024-12-18/training-datasets) by extension 'python'
[0.415s] Level 1:colcon.colcon_core.package_identification:_identify(src/DeepLabCut/animatronics-ryo-2024-12-18/training-datasets) by extensions ['python_setup_py']
[0.415s] Level 1:colcon.colcon_core.package_identification:_identify(src/DeepLabCut/animatronics-ryo-2024-12-18/training-datasets) by extension 'python_setup_py'
[0.415s] Level 1:colcon.colcon_core.package_identification:_identify(src/DeepLabCut/animatronics-ryo-2024-12-18/training-datasets/iteration-0) by extensions ['ignore', 'ignore_ament_install']
[0.415s] Level 1:colcon.colcon_core.package_identification:_identify(src/DeepLabCut/animatronics-ryo-2024-12-18/training-datasets/iteration-0) by extension 'ignore'
[0.415s] Level 1:colcon.colcon_core.package_identification:_identify(src/DeepLabCut/animatronics-ryo-2024-12-18/training-datasets/iteration-0) by extension 'ignore_ament_install'
[0.416s] Level 1:colcon.colcon_core.package_identification:_identify(src/DeepLabCut/animatronics-ryo-2024-12-18/training-datasets/iteration-0) by extensions ['colcon_pkg']
[0.416s] Level 1:colcon.colcon_core.package_identification:_identify(src/DeepLabCut/animatronics-ryo-2024-12-18/training-datasets/iteration-0) by extension 'colcon_pkg'
[0.416s] Level 1:colcon.colcon_core.package_identification:_identify(src/DeepLabCut/animatronics-ryo-2024-12-18/training-datasets/iteration-0) by extensions ['colcon_meta']
[0.416s] Level 1:colcon.colcon_core.package_identification:_identify(src/DeepLabCut/animatronics-ryo-2024-12-18/training-datasets/iteration-0) by extension 'colcon_meta'
[0.416s] Level 1:colcon.colcon_core.package_identification:_identify(src/DeepLabCut/animatronics-ryo-2024-12-18/training-datasets/iteration-0) by extensions ['ros']
[0.416s] Level 1:colcon.colcon_core.package_identification:_identify(src/DeepLabCut/animatronics-ryo-2024-12-18/training-datasets/iteration-0) by extension 'ros'
[0.416s] Level 1:colcon.colcon_core.package_identification:_identify(src/DeepLabCut/animatronics-ryo-2024-12-18/training-datasets/iteration-0) by extensions ['cmake', 'python']
[0.416s] Level 1:colcon.colcon_core.package_identification:_identify(src/DeepLabCut/animatronics-ryo-2024-12-18/training-datasets/iteration-0) by extension 'cmake'
[0.416s] Level 1:colcon.colcon_core.package_identification:_identify(src/DeepLabCut/animatronics-ryo-2024-12-18/training-datasets/iteration-0) by extension 'python'
[0.416s] Level 1:colcon.colcon_core.package_identification:_identify(src/DeepLabCut/animatronics-ryo-2024-12-18/training-datasets/iteration-0) by extensions ['python_setup_py']
[0.416s] Level 1:colcon.colcon_core.package_identification:_identify(src/DeepLabCut/animatronics-ryo-2024-12-18/training-datasets/iteration-0) by extension 'python_setup_py'
[0.416s] Level 1:colcon.colcon_core.package_identification:_identify(src/DeepLabCut/animatronics-ryo-2024-12-18/training-datasets/iteration-0/UnaugmentedDataSet_animatronicsDec18) by extensions ['ignore', 'ignore_ament_install']
[0.416s] Level 1:colcon.colcon_core.package_identification:_identify(src/DeepLabCut/animatronics-ryo-2024-12-18/training-datasets/iteration-0/UnaugmentedDataSet_animatronicsDec18) by extension 'ignore'
[0.416s] Level 1:colcon.colcon_core.package_identification:_identify(src/DeepLabCut/animatronics-ryo-2024-12-18/training-datasets/iteration-0/UnaugmentedDataSet_animatronicsDec18) by extension 'ignore_ament_install'
[0.416s] Level 1:colcon.colcon_core.package_identification:_identify(src/DeepLabCut/animatronics-ryo-2024-12-18/training-datasets/iteration-0/UnaugmentedDataSet_animatronicsDec18) by extensions ['colcon_pkg']
[0.416s] Level 1:colcon.colcon_core.package_identification:_identify(src/DeepLabCut/animatronics-ryo-2024-12-18/training-datasets/iteration-0/UnaugmentedDataSet_animatronicsDec18) by extension 'colcon_pkg'
[0.416s] Level 1:colcon.colcon_core.package_identification:_identify(src/DeepLabCut/animatronics-ryo-2024-12-18/training-datasets/iteration-0/UnaugmentedDataSet_animatronicsDec18) by extensions ['colcon_meta']
[0.416s] Level 1:colcon.colcon_core.package_identification:_identify(src/DeepLabCut/animatronics-ryo-2024-12-18/training-datasets/iteration-0/UnaugmentedDataSet_animatronicsDec18) by extension 'colcon_meta'
[0.417s] Level 1:colcon.colcon_core.package_identification:_identify(src/DeepLabCut/animatronics-ryo-2024-12-18/training-datasets/iteration-0/UnaugmentedDataSet_animatronicsDec18) by extensions ['ros']
[0.417s] Level 1:colcon.colcon_core.package_identification:_identify(src/DeepLabCut/animatronics-ryo-2024-12-18/training-datasets/iteration-0/UnaugmentedDataSet_animatronicsDec18) by extension 'ros'
[0.417s] Level 1:colcon.colcon_core.package_identification:_identify(src/DeepLabCut/animatronics-ryo-2024-12-18/training-datasets/iteration-0/UnaugmentedDataSet_animatronicsDec18) by extensions ['cmake', 'python']
[0.417s] Level 1:colcon.colcon_core.package_identification:_identify(src/DeepLabCut/animatronics-ryo-2024-12-18/training-datasets/iteration-0/UnaugmentedDataSet_animatronicsDec18) by extension 'cmake'
[0.417s] Level 1:colcon.colcon_core.package_identification:_identify(src/DeepLabCut/animatronics-ryo-2024-12-18/training-datasets/iteration-0/UnaugmentedDataSet_animatronicsDec18) by extension 'python'
[0.417s] Level 1:colcon.colcon_core.package_identification:_identify(src/DeepLabCut/animatronics-ryo-2024-12-18/training-datasets/iteration-0/UnaugmentedDataSet_animatronicsDec18) by extensions ['python_setup_py']
[0.417s] Level 1:colcon.colcon_core.package_identification:_identify(src/DeepLabCut/animatronics-ryo-2024-12-18/training-datasets/iteration-0/UnaugmentedDataSet_animatronicsDec18) by extension 'python_setup_py'
[0.417s] Level 1:colcon.colcon_core.package_identification:_identify(src/DeepLabCut/animatronics-ryo-2024-12-18/videos) by extensions ['ignore', 'ignore_ament_install']
[0.417s] Level 1:colcon.colcon_core.package_identification:_identify(src/DeepLabCut/animatronics-ryo-2024-12-18/videos) by extension 'ignore'
[0.417s] Level 1:colcon.colcon_core.package_identification:_identify(src/DeepLabCut/animatronics-ryo-2024-12-18/videos) by extension 'ignore_ament_install'
[0.417s] Level 1:colcon.colcon_core.package_identification:_identify(src/DeepLabCut/animatronics-ryo-2024-12-18/videos) by extensions ['colcon_pkg']
[0.417s] Level 1:colcon.colcon_core.package_identification:_identify(src/DeepLabCut/animatronics-ryo-2024-12-18/videos) by extension 'colcon_pkg'
[0.417s] Level 1:colcon.colcon_core.package_identification:_identify(src/DeepLabCut/animatronics-ryo-2024-12-18/videos) by extensions ['colcon_meta']
[0.417s] Level 1:colcon.colcon_core.package_identification:_identify(src/DeepLabCut/animatronics-ryo-2024-12-18/videos) by extension 'colcon_meta'
[0.417s] Level 1:colcon.colcon_core.package_identification:_identify(src/DeepLabCut/animatronics-ryo-2024-12-18/videos) by extensions ['ros']
[0.417s] Level 1:colcon.colcon_core.package_identification:_identify(src/DeepLabCut/animatronics-ryo-2024-12-18/videos) by extension 'ros'
[0.417s] Level 1:colcon.colcon_core.package_identification:_identify(src/DeepLabCut/animatronics-ryo-2024-12-18/videos) by extensions ['cmake', 'python']
[0.417s] Level 1:colcon.colcon_core.package_identification:_identify(src/DeepLabCut/animatronics-ryo-2024-12-18/videos) by extension 'cmake'
[0.418s] Level 1:colcon.colcon_core.package_identification:_identify(src/DeepLabCut/animatronics-ryo-2024-12-18/videos) by extension 'python'
[0.418s] Level 1:colcon.colcon_core.package_identification:_identify(src/DeepLabCut/animatronics-ryo-2024-12-18/videos) by extensions ['python_setup_py']
[0.418s] Level 1:colcon.colcon_core.package_identification:_identify(src/DeepLabCut/animatronics-ryo-2024-12-18/videos) by extension 'python_setup_py'
[0.418s] Level 1:colcon.colcon_core.package_identification:_identify(src/audio_player) by extensions ['ignore', 'ignore_ament_install']
[0.418s] Level 1:colcon.colcon_core.package_identification:_identify(src/audio_player) by extension 'ignore'
[0.418s] Level 1:colcon.colcon_core.package_identification:_identify(src/audio_player) by extension 'ignore_ament_install'
[0.418s] Level 1:colcon.colcon_core.package_identification:_identify(src/audio_player) by extensions ['colcon_pkg']
[0.418s] Level 1:colcon.colcon_core.package_identification:_identify(src/audio_player) by extension 'colcon_pkg'
[0.418s] Level 1:colcon.colcon_core.package_identification:_identify(src/audio_player) by extensions ['colcon_meta']
[0.418s] Level 1:colcon.colcon_core.package_identification:_identify(src/audio_player) by extension 'colcon_meta'
[0.418s] Level 1:colcon.colcon_core.package_identification:_identify(src/audio_player) by extensions ['ros']
[0.418s] Level 1:colcon.colcon_core.package_identification:_identify(src/audio_player) by extension 'ros'
[0.423s] DEBUG:colcon.colcon_core.package_identification:Package 'src/audio_player' with type 'ros.ament_python' and name 'audio_player'
[0.423s] Level 1:colcon.colcon_core.package_identification:_identify(src/build) by extensions ['ignore', 'ignore_ament_install']
[0.423s] Level 1:colcon.colcon_core.package_identification:_identify(src/build) by extension 'ignore'
[0.423s] Level 1:colcon.colcon_core.package_identification:_identify(src/build) ignored
[0.424s] Level 1:colcon.colcon_core.package_identification:_identify(src/controller_publisher) by extensions ['ignore', 'ignore_ament_install']
[0.424s] Level 1:colcon.colcon_core.package_identification:_identify(src/controller_publisher) by extension 'ignore'
[0.424s] Level 1:colcon.colcon_core.package_identification:_identify(src/controller_publisher) by extension 'ignore_ament_install'
[0.424s] Level 1:colcon.colcon_core.package_identification:_identify(src/controller_publisher) by extensions ['colcon_pkg']
[0.424s] Level 1:colcon.colcon_core.package_identification:_identify(src/controller_publisher) by extension 'colcon_pkg'
[0.424s] Level 1:colcon.colcon_core.package_identification:_identify(src/controller_publisher) by extensions ['colcon_meta']
[0.424s] Level 1:colcon.colcon_core.package_identification:_identify(src/controller_publisher) by extension 'colcon_meta'
[0.424s] Level 1:colcon.colcon_core.package_identification:_identify(src/controller_publisher) by extensions ['ros']
[0.424s] Level 1:colcon.colcon_core.package_identification:_identify(src/controller_publisher) by extension 'ros'
[0.425s] DEBUG:colcon.colcon_core.package_identification:Package 'src/controller_publisher' with type 'ros.ament_python' and name 'controller_publisher'
[0.425s] Level 1:colcon.colcon_core.package_identification:_identify(src/dynamixel_sdk) by extensions ['ignore', 'ignore_ament_install']
[0.425s] Level 1:colcon.colcon_core.package_identification:_identify(src/dynamixel_sdk) by extension 'ignore'
[0.425s] Level 1:colcon.colcon_core.package_identification:_identify(src/dynamixel_sdk) by extension 'ignore_ament_install'
[0.425s] Level 1:colcon.colcon_core.package_identification:_identify(src/dynamixel_sdk) by extensions ['colcon_pkg']
[0.425s] Level 1:colcon.colcon_core.package_identification:_identify(src/dynamixel_sdk) by extension 'colcon_pkg'
[0.425s] Level 1:colcon.colcon_core.package_identification:_identify(src/dynamixel_sdk) by extensions ['colcon_meta']
[0.425s] Level 1:colcon.colcon_core.package_identification:_identify(src/dynamixel_sdk) by extension 'colcon_meta'
[0.425s] Level 1:colcon.colcon_core.package_identification:_identify(src/dynamixel_sdk) by extensions ['ros']
[0.425s] Level 1:colcon.colcon_core.package_identification:_identify(src/dynamixel_sdk) by extension 'ros'
[0.426s] DEBUG:colcon.colcon_core.package_identification:Package 'src/dynamixel_sdk' with type 'ros.ament_cmake' and name 'dynamixel_sdk'
[0.426s] Level 1:colcon.colcon_core.package_identification:_identify(src/dynamixel_sdk_custom_interfaces) by extensions ['ignore', 'ignore_ament_install']
[0.426s] Level 1:colcon.colcon_core.package_identification:_identify(src/dynamixel_sdk_custom_interfaces) by extension 'ignore'
[0.426s] Level 1:colcon.colcon_core.package_identification:_identify(src/dynamixel_sdk_custom_interfaces) by extension 'ignore_ament_install'
[0.426s] Level 1:colcon.colcon_core.package_identification:_identify(src/dynamixel_sdk_custom_interfaces) by extensions ['colcon_pkg']
[0.426s] Level 1:colcon.colcon_core.package_identification:_identify(src/dynamixel_sdk_custom_interfaces) by extension 'colcon_pkg'
[0.427s] Level 1:colcon.colcon_core.package_identification:_identify(src/dynamixel_sdk_custom_interfaces) by extensions ['colcon_meta']
[0.427s] Level 1:colcon.colcon_core.package_identification:_identify(src/dynamixel_sdk_custom_interfaces) by extension 'colcon_meta'
[0.427s] Level 1:colcon.colcon_core.package_identification:_identify(src/dynamixel_sdk_custom_interfaces) by extensions ['ros']
[0.427s] Level 1:colcon.colcon_core.package_identification:_identify(src/dynamixel_sdk_custom_interfaces) by extension 'ros'
[0.427s] DEBUG:colcon.colcon_core.package_identification:Package 'src/dynamixel_sdk_custom_interfaces' with type 'ros.ament_cmake' and name 'dynamixel_sdk_custom_interfaces'
[0.427s] Level 1:colcon.colcon_core.package_identification:_identify(src/imu_receiver) by extensions ['ignore', 'ignore_ament_install']
[0.427s] Level 1:colcon.colcon_core.package_identification:_identify(src/imu_receiver) by extension 'ignore'
[0.427s] Level 1:colcon.colcon_core.package_identification:_identify(src/imu_receiver) by extension 'ignore_ament_install'
[0.428s] Level 1:colcon.colcon_core.package_identification:_identify(src/imu_receiver) by extensions ['colcon_pkg']
[0.428s] Level 1:colcon.colcon_core.package_identification:_identify(src/imu_receiver) by extension 'colcon_pkg'
[0.428s] Level 1:colcon.colcon_core.package_identification:_identify(src/imu_receiver) by extensions ['colcon_meta']
[0.428s] Level 1:colcon.colcon_core.package_identification:_identify(src/imu_receiver) by extension 'colcon_meta'
[0.428s] Level 1:colcon.colcon_core.package_identification:_identify(src/imu_receiver) by extensions ['ros']
[0.428s] Level 1:colcon.colcon_core.package_identification:_identify(src/imu_receiver) by extension 'ros'
[0.428s] DEBUG:colcon.colcon_core.package_identification:Package 'src/imu_receiver' with type 'ros.ament_python' and name 'imu_receiver'
[0.429s] Level 1:colcon.colcon_core.package_identification:_identify(src/install) by extensions ['ignore', 'ignore_ament_install']
[0.429s] Level 1:colcon.colcon_core.package_identification:_identify(src/install) by extension 'ignore'
[0.429s] Level 1:colcon.colcon_core.package_identification:_identify(src/install) ignored
[0.429s] Level 1:colcon.colcon_core.package_identification:_identify(src/log) by extensions ['ignore', 'ignore_ament_install']
[0.429s] Level 1:colcon.colcon_core.package_identification:_identify(src/log) by extension 'ignore'
[0.429s] Level 1:colcon.colcon_core.package_identification:_identify(src/log) ignored
[0.429s] Level 1:colcon.colcon_core.package_identification:_identify(src/motion_editor) by extensions ['ignore', 'ignore_ament_install']
[0.429s] Level 1:colcon.colcon_core.package_identification:_identify(src/motion_editor) by extension 'ignore'
[0.429s] Level 1:colcon.colcon_core.package_identification:_identify(src/motion_editor) by extension 'ignore_ament_install'
[0.429s] Level 1:colcon.colcon_core.package_identification:_identify(src/motion_editor) by extensions ['colcon_pkg']
[0.429s] Level 1:colcon.colcon_core.package_identification:_identify(src/motion_editor) by extension 'colcon_pkg'
[0.429s] Level 1:colcon.colcon_core.package_identification:_identify(src/motion_editor) by extensions ['colcon_meta']
[0.429s] Level 1:colcon.colcon_core.package_identification:_identify(src/motion_editor) by extension 'colcon_meta'
[0.429s] Level 1:colcon.colcon_core.package_identification:_identify(src/motion_editor) by extensions ['ros']
[0.429s] Level 1:colcon.colcon_core.package_identification:_identify(src/motion_editor) by extension 'ros'
[0.430s] DEBUG:colcon.colcon_core.package_identification:Package 'src/motion_editor' with type 'ros.ament_python' and name 'motion_editor'
[0.430s] Level 1:colcon.colcon_core.package_identification:_identify(src/motor_commands) by extensions ['ignore', 'ignore_ament_install']
[0.430s] Level 1:colcon.colcon_core.package_identification:_identify(src/motor_commands) by extension 'ignore'
[0.430s] Level 1:colcon.colcon_core.package_identification:_identify(src/motor_commands) by extension 'ignore_ament_install'
[0.430s] Level 1:colcon.colcon_core.package_identification:_identify(src/motor_commands) by extensions ['colcon_pkg']
[0.430s] Level 1:colcon.colcon_core.package_identification:_identify(src/motor_commands) by extension 'colcon_pkg'
[0.430s] Level 1:colcon.colcon_core.package_identification:_identify(src/motor_commands) by extensions ['colcon_meta']
[0.430s] Level 1:colcon.colcon_core.package_identification:_identify(src/motor_commands) by extension 'colcon_meta'
[0.431s] Level 1:colcon.colcon_core.package_identification:_identify(src/motor_commands) by extensions ['ros']
[0.431s] Level 1:colcon.colcon_core.package_identification:_identify(src/motor_commands) by extension 'ros'
[0.431s] DEBUG:colcon.colcon_core.package_identification:Package 'src/motor_commands' with type 'ros.ament_cmake' and name 'motor_commands'
[0.431s] Level 1:colcon.colcon_core.package_identification:_identify(src/motor_controller) by extensions ['ignore', 'ignore_ament_install']
[0.431s] Level 1:colcon.colcon_core.package_identification:_identify(src/motor_controller) by extension 'ignore'
[0.431s] Level 1:colcon.colcon_core.package_identification:_identify(src/motor_controller) by extension 'ignore_ament_install'
[0.431s] Level 1:colcon.colcon_core.package_identification:_identify(src/motor_controller) by extensions ['colcon_pkg']
[0.431s] Level 1:colcon.colcon_core.package_identification:_identify(src/motor_controller) by extension 'colcon_pkg'
[0.431s] Level 1:colcon.colcon_core.package_identification:_identify(src/motor_controller) by extensions ['colcon_meta']
[0.431s] Level 1:colcon.colcon_core.package_identification:_identify(src/motor_controller) by extension 'colcon_meta'
[0.432s] Level 1:colcon.colcon_core.package_identification:_identify(src/motor_controller) by extensions ['ros']
[0.432s] Level 1:colcon.colcon_core.package_identification:_identify(src/motor_controller) by extension 'ros'
[0.432s] DEBUG:colcon.colcon_core.package_identification:Package 'src/motor_controller' with type 'ros.ament_python' and name 'motor_controller'
[0.433s] Level 1:colcon.colcon_core.package_identification:_identify(src/system_controller) by extensions ['ignore', 'ignore_ament_install']
[0.433s] Level 1:colcon.colcon_core.package_identification:_identify(src/system_controller) by extension 'ignore'
[0.433s] Level 1:colcon.colcon_core.package_identification:_identify(src/system_controller) by extension 'ignore_ament_install'
[0.433s] Level 1:colcon.colcon_core.package_identification:_identify(src/system_controller) by extensions ['colcon_pkg']
[0.433s] Level 1:colcon.colcon_core.package_identification:_identify(src/system_controller) by extension 'colcon_pkg'
[0.433s] Level 1:colcon.colcon_core.package_identification:_identify(src/system_controller) by extensions ['colcon_meta']
[0.433s] Level 1:colcon.colcon_core.package_identification:_identify(src/system_controller) by extension 'colcon_meta'
[0.433s] Level 1:colcon.colcon_core.package_identification:_identify(src/system_controller) by extensions ['ros']
[0.433s] Level 1:colcon.colcon_core.package_identification:_identify(src/system_controller) by extension 'ros'
[0.434s] DEBUG:colcon.colcon_core.package_identification:Package 'src/system_controller' with type 'ros.ament_python' and name 'system_controller'
[0.434s] Level 1:colcon.colcon_core.package_discovery:discover_packages(recursive) using defaults
[0.434s] Level 1:colcon.colcon_core.package_discovery:discover_packages(ignore) discover
[0.434s] Level 1:colcon.colcon_core.package_discovery:discover_packages(ignore) using defaults
[0.434s] Level 1:colcon.colcon_core.package_discovery:discover_packages(path) discover
[0.434s] Level 1:colcon.colcon_core.package_discovery:discover_packages(path) using defaults
[0.460s] Level 1:colcon.colcon_core.package_discovery:discover_packages(prefix_path) check parameters
[0.460s] Level 1:colcon.colcon_core.package_discovery:discover_packages(prefix_path) discover
[0.464s] DEBUG:colcon.colcon_installed_package_information.package_discovery:Found 285 installed packages in /opt/ros/jazzy
[0.466s] Level 1:colcon.colcon_core.package_discovery:discover_packages(prefix_path) using defaults
[0.525s] Level 5:colcon.colcon_core.verb:set package 'audio_player' build argument 'cmake_args' from command line to 'None'
[0.525s] Level 5:colcon.colcon_core.verb:set package 'audio_player' build argument 'cmake_target' from command line to 'None'
[0.525s] Level 5:colcon.colcon_core.verb:set package 'audio_player' build argument 'cmake_target_skip_unavailable' from command line to 'False'
[0.525s] Level 5:colcon.colcon_core.verb:set package 'audio_player' build argument 'cmake_clean_cache' from command line to 'False'
[0.525s] Level 5:colcon.colcon_core.verb:set package 'audio_player' build argument 'cmake_clean_first' from command line to 'False'
[0.525s] Level 5:colcon.colcon_core.verb:set package 'audio_player' build argument 'cmake_force_configure' from command line to 'False'
[0.525s] Level 5:colcon.colcon_core.verb:set package 'audio_player' build argument 'ament_cmake_args' from command line to 'None'
[0.525s] Level 5:colcon.colcon_core.verb:set package 'audio_player' build argument 'catkin_cmake_args' from command line to 'None'
[0.525s] Level 5:colcon.colcon_core.verb:set package 'audio_player' build argument 'catkin_skip_building_tests' from command line to 'False'
[0.525s] DEBUG:colcon.colcon_core.verb:Building package 'audio_player' with the following arguments: {'ament_cmake_args': None, 'build_base': '/home/csanimatronics/CS_Animatronics/build/audio_player', 'catkin_cmake_args': None, 'catkin_skip_building_tests': False, 'cmake_args': None, 'cmake_clean_cache': False, 'cmake_clean_first': False, 'cmake_force_configure': False, 'cmake_target': None, 'cmake_target_skip_unavailable': False, 'install_base': '/home/csanimatronics/CS_Animatronics/install/audio_player', 'merge_install': False, 'path': '/home/csanimatronics/CS_Animatronics/src/audio_player', 'symlink_install': False, 'test_result_base': None}
[0.526s] Level 5:colcon.colcon_core.verb:set package 'controller_publisher' build argument 'cmake_args' from command line to 'None'
[0.526s] Level 5:colcon.colcon_core.verb:set package 'controller_publisher' build argument 'cmake_target' from command line to 'None'
[0.526s] Level 5:colcon.colcon_core.verb:set package 'controller_publisher' build argument 'cmake_target_skip_unavailable' from command line to 'False'
[0.526s] Level 5:colcon.colcon_core.verb:set package 'controller_publisher' build argument 'cmake_clean_cache' from command line to 'False'
[0.526s] Level 5:colcon.colcon_core.verb:set package 'controller_publisher' build argument 'cmake_clean_first' from command line to 'False'
[0.526s] Level 5:colcon.colcon_core.verb:set package 'controller_publisher' build argument 'cmake_force_configure' from command line to 'False'
[0.526s] Level 5:colcon.colcon_core.verb:set package 'controller_publisher' build argument 'ament_cmake_args' from command line to 'None'
[0.526s] Level 5:colcon.colcon_core.verb:set package 'controller_publisher' build argument 'catkin_cmake_args' from command line to 'None'
[0.526s] Level 5:colcon.colcon_core.verb:set package 'controller_publisher' build argument 'catkin_skip_building_tests' from command line to 'False'
[0.526s] DEBUG:colcon.colcon_core.verb:Building package 'controller_publisher' with the following arguments: {'ament_cmake_args': None, 'build_base': '/home/csanimatronics/CS_Animatronics/build/controller_publisher', 'catkin_cmake_args': None, 'catkin_skip_building_tests': False, 'cmake_args': None, 'cmake_clean_cache': False, 'cmake_clean_first': False, 'cmake_force_configure': False, 'cmake_target': None, 'cmake_target_skip_unavailable': False, 'install_base': '/home/csanimatronics/CS_Animatronics/install/controller_publisher', 'merge_install': False, 'path': '/home/csanimatronics/CS_Animatronics/src/controller_publisher', 'symlink_install': False, 'test_result_base': None}
[0.526s] Level 5:colcon.colcon_core.verb:set package 'dynamixel_sdk' build argument 'cmake_args' from command line to 'None'
[0.526s] Level 5:colcon.colcon_core.verb:set package 'dynamixel_sdk' build argument 'cmake_target' from command line to 'None'
[0.526s] Level 5:colcon.colcon_core.verb:set package 'dynamixel_sdk' build argument 'cmake_target_skip_unavailable' from command line to 'False'
[0.526s] Level 5:colcon.colcon_core.verb:set package 'dynamixel_sdk' build argument 'cmake_clean_cache' from command line to 'False'
[0.526s] Level 5:colcon.colcon_core.verb:set package 'dynamixel_sdk' build argument 'cmake_clean_first' from command line to 'False'
[0.526s] Level 5:colcon.colcon_core.verb:set package 'dynamixel_sdk' build argument 'cmake_force_configure' from command line to 'False'
[0.526s] Level 5:colcon.colcon_core.verb:set package 'dynamixel_sdk' build argument 'ament_cmake_args' from command line to 'None'
[0.526s] Level 5:colcon.colcon_core.verb:set package 'dynamixel_sdk' build argument 'catkin_cmake_args' from command line to 'None'
[0.526s] Level 5:colcon.colcon_core.verb:set package 'dynamixel_sdk' build argument 'catkin_skip_building_tests' from command line to 'False'
[0.526s] DEBUG:colcon.colcon_core.verb:Building package 'dynamixel_sdk' with the following arguments: {'ament_cmake_args': None, 'build_base': '/home/csanimatronics/CS_Animatronics/build/dynamixel_sdk', 'catkin_cmake_args': None, 'catkin_skip_building_tests': False, 'cmake_args': None, 'cmake_clean_cache': False, 'cmake_clean_first': False, 'cmake_force_configure': False, 'cmake_target': None, 'cmake_target_skip_unavailable': False, 'install_base': '/home/csanimatronics/CS_Animatronics/install/dynamixel_sdk', 'merge_install': False, 'path': '/home/csanimatronics/CS_Animatronics/src/dynamixel_sdk', 'symlink_install': False, 'test_result_base': None}
[0.527s] Level 5:colcon.colcon_core.verb:set package 'dynamixel_sdk_custom_interfaces' build argument 'cmake_args' from command line to 'None'
[0.527s] Level 5:colcon.colcon_core.verb:set package 'dynamixel_sdk_custom_interfaces' build argument 'cmake_target' from command line to 'None'
[0.527s] Level 5:colcon.colcon_core.verb:set package 'dynamixel_sdk_custom_interfaces' build argument 'cmake_target_skip_unavailable' from command line to 'False'
[0.527s] Level 5:colcon.colcon_core.verb:set package 'dynamixel_sdk_custom_interfaces' build argument 'cmake_clean_cache' from command line to 'False'
[0.527s] Level 5:colcon.colcon_core.verb:set package 'dynamixel_sdk_custom_interfaces' build argument 'cmake_clean_first' from command line to 'False'
[0.527s] Level 5:colcon.colcon_core.verb:set package 'dynamixel_sdk_custom_interfaces' build argument 'cmake_force_configure' from command line to 'False'
[0.527s] Level 5:colcon.colcon_core.verb:set package 'dynamixel_sdk_custom_interfaces' build argument 'ament_cmake_args' from command line to 'None'
[0.527s] Level 5:colcon.colcon_core.verb:set package 'dynamixel_sdk_custom_interfaces' build argument 'catkin_cmake_args' from command line to 'None'
[0.527s] Level 5:colcon.colcon_core.verb:set package 'dynamixel_sdk_custom_interfaces' build argument 'catkin_skip_building_tests' from command line to 'False'
[0.527s] DEBUG:colcon.colcon_core.verb:Building package 'dynamixel_sdk_custom_interfaces' with the following arguments: {'ament_cmake_args': None, 'build_base': '/home/csanimatronics/CS_Animatronics/build/dynamixel_sdk_custom_interfaces', 'catkin_cmake_args': None, 'catkin_skip_building_tests': False, 'cmake_args': None, 'cmake_clean_cache': False, 'cmake_clean_first': False, 'cmake_force_configure': False, 'cmake_target': None, 'cmake_target_skip_unavailable': False, 'install_base': '/home/csanimatronics/CS_Animatronics/install/dynamixel_sdk_custom_interfaces', 'merge_install': False, 'path': '/home/csanimatronics/CS_Animatronics/src/dynamixel_sdk_custom_interfaces', 'symlink_install': False, 'test_result_base': None}
[0.527s] Level 5:colcon.colcon_core.verb:set package 'imu_receiver' build argument 'cmake_args' from command line to 'None'
[0.527s] Level 5:colcon.colcon_core.verb:set package 'imu_receiver' build argument 'cmake_target' from command line to 'None'
[0.527s] Level 5:colcon.colcon_core.verb:set package 'imu_receiver' build argument 'cmake_target_skip_unavailable' from command line to 'False'
[0.527s] Level 5:colcon.colcon_core.verb:set package 'imu_receiver' build argument 'cmake_clean_cache' from command line to 'False'
[0.527s] Level 5:colcon.colcon_core.verb:set package 'imu_receiver' build argument 'cmake_clean_first' from command line to 'False'
[0.527s] Level 5:colcon.colcon_core.verb:set package 'imu_receiver' build argument 'cmake_force_configure' from command line to 'False'
[0.527s] Level 5:colcon.colcon_core.verb:set package 'imu_receiver' build argument 'ament_cmake_args' from command line to 'None'
[0.527s] Level 5:colcon.colcon_core.verb:set package 'imu_receiver' build argument 'catkin_cmake_args' from command line to 'None'
[0.527s] Level 5:colcon.colcon_core.verb:set package 'imu_receiver' build argument 'catkin_skip_building_tests' from command line to 'False'
[0.527s] DEBUG:colcon.colcon_core.verb:Building package 'imu_receiver' with the following arguments: {'ament_cmake_args': None, 'build_base': '/home/csanimatronics/CS_Animatronics/build/imu_receiver', 'catkin_cmake_args': None, 'catkin_skip_building_tests': False, 'cmake_args': None, 'cmake_clean_cache': False, 'cmake_clean_first': False, 'cmake_force_configure': False, 'cmake_target': None, 'cmake_target_skip_unavailable': False, 'install_base': '/home/csanimatronics/CS_Animatronics/install/imu_receiver', 'merge_install': False, 'path': '/home/csanimatronics/CS_Animatronics/src/imu_receiver', 'symlink_install': False, 'test_result_base': None}
[0.528s] Level 5:colcon.colcon_core.verb:set package 'motor_commands' build argument 'cmake_args' from command line to 'None'
[0.528s] Level 5:colcon.colcon_core.verb:set package 'motor_commands' build argument 'cmake_target' from command line to 'None'
[0.528s] Level 5:colcon.colcon_core.verb:set package 'motor_commands' build argument 'cmake_target_skip_unavailable' from command line to 'False'
[0.528s] Level 5:colcon.colcon_core.verb:set package 'motor_commands' build argument 'cmake_clean_cache' from command line to 'False'
[0.528s] Level 5:colcon.colcon_core.verb:set package 'motor_commands' build argument 'cmake_clean_first' from command line to 'False'
[0.528s] Level 5:colcon.colcon_core.verb:set package 'motor_commands' build argument 'cmake_force_configure' from command line to 'False'
[0.528s] Level 5:colcon.colcon_core.verb:set package 'motor_commands' build argument 'ament_cmake_args' from command line to 'None'
[0.528s] Level 5:colcon.colcon_core.verb:set package 'motor_commands' build argument 'catkin_cmake_args' from command line to 'None'
[0.528s] Level 5:colcon.colcon_core.verb:set package 'motor_commands' build argument 'catkin_skip_building_tests' from command line to 'False'
[0.528s] DEBUG:colcon.colcon_core.verb:Building package 'motor_commands' with the following arguments: {'ament_cmake_args': None, 'build_base': '/home/csanimatronics/CS_Animatronics/build/motor_commands', 'catkin_cmake_args': None, 'catkin_skip_building_tests': False, 'cmake_args': None, 'cmake_clean_cache': False, 'cmake_clean_first': False, 'cmake_force_configure': False, 'cmake_target': None, 'cmake_target_skip_unavailable': False, 'install_base': '/home/csanimatronics/CS_Animatronics/install/motor_commands', 'merge_install': False, 'path': '/home/csanimatronics/CS_Animatronics/src/motor_commands', 'symlink_install': False, 'test_result_base': None}
[0.528s] Level 5:colcon.colcon_core.verb:set package 'motion_editor' build argument 'cmake_args' from command line to 'None'
[0.528s] Level 5:colcon.colcon_core.verb:set package 'motion_editor' build argument 'cmake_target' from command line to 'None'
[0.528s] Level 5:colcon.colcon_core.verb:set package 'motion_editor' build argument 'cmake_target_skip_unavailable' from command line to 'False'
[0.528s] Level 5:colcon.colcon_core.verb:set package 'motion_editor' build argument 'cmake_clean_cache' from command line to 'False'
[0.528s] Level 5:colcon.colcon_core.verb:set package 'motion_editor' build argument 'cmake_clean_first' from command line to 'False'
[0.528s] Level 5:colcon.colcon_core.verb:set package 'motion_editor' build argument 'cmake_force_configure' from command line to 'False'
[0.528s] Level 5:colcon.colcon_core.verb:set package 'motion_editor' build argument 'ament_cmake_args' from command line to 'None'
[0.528s] Level 5:colcon.colcon_core.verb:set package 'motion_editor' build argument 'catkin_cmake_args' from command line to 'None'
[0.528s] Level 5:colcon.colcon_core.verb:set package 'motion_editor' build argument 'catkin_skip_building_tests' from command line to 'False'
[0.528s] DEBUG:colcon.colcon_core.verb:Building package 'motion_editor' with the following arguments: {'ament_cmake_args': None, 'build_base': '/home/csanimatronics/CS_Animatronics/build/motion_editor', 'catkin_cmake_args': None, 'catkin_skip_building_tests': False, 'cmake_args': None, 'cmake_clean_cache': False, 'cmake_clean_first': False, 'cmake_force_configure': False, 'cmake_target': None, 'cmake_target_skip_unavailable': False, 'install_base': '/home/csanimatronics/CS_Animatronics/install/motion_editor', 'merge_install': False, 'path': '/home/csanimatronics/CS_Animatronics/src/motion_editor', 'symlink_install': False, 'test_result_base': None}
[0.529s] Level 5:colcon.colcon_core.verb:set package 'motor_controller' build argument 'cmake_args' from command line to 'None'
[0.529s] Level 5:colcon.colcon_core.verb:set package 'motor_controller' build argument 'cmake_target' from command line to 'None'
[0.529s] Level 5:colcon.colcon_core.verb:set package 'motor_controller' build argument 'cmake_target_skip_unavailable' from command line to 'False'
[0.529s] Level 5:colcon.colcon_core.verb:set package 'motor_controller' build argument 'cmake_clean_cache' from command line to 'False'
[0.529s] Level 5:colcon.colcon_core.verb:set package 'motor_controller' build argument 'cmake_clean_first' from command line to 'False'
[0.529s] Level 5:colcon.colcon_core.verb:set package 'motor_controller' build argument 'cmake_force_configure' from command line to 'False'
[0.529s] Level 5:colcon.colcon_core.verb:set package 'motor_controller' build argument 'ament_cmake_args' from command line to 'None'
[0.529s] Level 5:colcon.colcon_core.verb:set package 'motor_controller' build argument 'catkin_cmake_args' from command line to 'None'
[0.529s] Level 5:colcon.colcon_core.verb:set package 'motor_controller' build argument 'catkin_skip_building_tests' from command line to 'False'
[0.529s] DEBUG:colcon.colcon_core.verb:Building package 'motor_controller' with the following arguments: {'ament_cmake_args': None, 'build_base': '/home/csanimatronics/CS_Animatronics/build/motor_controller', 'catkin_cmake_args': None, 'catkin_skip_building_tests': False, 'cmake_args': None, 'cmake_clean_cache': False, 'cmake_clean_first': False, 'cmake_force_configure': False, 'cmake_target': None, 'cmake_target_skip_unavailable': False, 'install_base': '/home/csanimatronics/CS_Animatronics/install/motor_controller', 'merge_install': False, 'path': '/home/csanimatronics/CS_Animatronics/src/motor_controller', 'symlink_install': False, 'test_result_base': None}
[0.529s] Level 5:colcon.colcon_core.verb:set package 'system_controller' build argument 'cmake_args' from command line to 'None'
[0.529s] Level 5:colcon.colcon_core.verb:set package 'system_controller' build argument 'cmake_target' from command line to 'None'
[0.529s] Level 5:colcon.colcon_core.verb:set package 'system_controller' build argument 'cmake_target_skip_unavailable' from command line to 'False'
[0.529s] Level 5:colcon.colcon_core.verb:set package 'system_controller' build argument 'cmake_clean_cache' from command line to 'False'
[0.529s] Level 5:colcon.colcon_core.verb:set package 'system_controller' build argument 'cmake_clean_first' from command line to 'False'
[0.529s] Level 5:colcon.colcon_core.verb:set package 'system_controller' build argument 'cmake_force_configure' from command line to 'False'
[0.529s] Level 5:colcon.colcon_core.verb:set package 'system_controller' build argument 'ament_cmake_args' from command line to 'None'
[0.529s] Level 5:colcon.colcon_core.verb:set package 'system_controller' build argument 'catkin_cmake_args' from command line to 'None'
[0.529s] Level 5:colcon.colcon_core.verb:set package 'system_controller' build argument 'catkin_skip_building_tests' from command line to 'False'
[0.529s] DEBUG:colcon.colcon_core.verb:Building package 'system_controller' with the following arguments: {'ament_cmake_args': None, 'build_base': '/home/csanimatronics/CS_Animatronics/build/system_controller', 'catkin_cmake_args': None, 'catkin_skip_building_tests': False, 'cmake_args': None, 'cmake_clean_cache': False, 'cmake_clean_first': False, 'cmake_force_configure': False, 'cmake_target': None, 'cmake_target_skip_unavailable': False, 'install_base': '/home/csanimatronics/CS_Animatronics/install/system_controller', 'merge_install': False, 'path': '/home/csanimatronics/CS_Animatronics/src/system_controller', 'symlink_install': False, 'test_result_base': None}
[0.530s] INFO:colcon.colcon_core.executor:Executing jobs using 'parallel' executor
[0.531s] DEBUG:colcon.colcon_parallel_executor.executor.parallel:run_until_complete
[0.532s] INFO:colcon.colcon_ros.task.ament_cmake.build:Building ROS package in '/home/csanimatronics/CS_Animatronics/src/motor_commands' with build type 'ament_cmake'
[0.533s] INFO:colcon.colcon_cmake.task.cmake.build:Building CMake package in '/home/csanimatronics/CS_Animatronics/src/motor_commands'
[0.539s] INFO:colcon.colcon_core.plugin_system:Skipping extension 'colcon_core.shell.bat': Not used on non-Windows systems
[0.540s] INFO:colcon.colcon_core.shell:Skip shell extension 'powershell' for command environment: Not usable outside of PowerShell
[0.540s] DEBUG:colcon.colcon_core.shell:Skip shell extension 'dsv' for command environment
[0.549s] INFO:colcon.colcon_ros.task.ament_cmake.build:Building ROS package in '/home/csanimatronics/CS_Animatronics/src/dynamixel_sdk' with build type 'ament_cmake'
[0.549s] INFO:colcon.colcon_cmake.task.cmake.build:Building CMake package in '/home/csanimatronics/CS_Animatronics/src/dynamixel_sdk'
[0.550s] INFO:colcon.colcon_core.shell:Skip shell extension 'powershell' for command environment: Not usable outside of PowerShell
[0.550s] DEBUG:colcon.colcon_core.shell:Skip shell extension 'dsv' for command environment
[0.556s] INFO:colcon.colcon_ros.task.ament_cmake.build:Building ROS package in '/home/csanimatronics/CS_Animatronics/src/dynamixel_sdk_custom_interfaces' with build type 'ament_cmake'
[0.557s] INFO:colcon.colcon_cmake.task.cmake.build:Building CMake package in '/home/csanimatronics/CS_Animatronics/src/dynamixel_sdk_custom_interfaces'
[0.558s] INFO:colcon.colcon_core.shell:Skip shell extension 'powershell' for command environment: Not usable outside of PowerShell
[0.558s] DEBUG:colcon.colcon_core.shell:Skip shell extension 'dsv' for command environment
[0.568s] INFO:colcon.colcon_ros.task.ament_python.build:Building ROS package in '/home/csanimatronics/CS_Animatronics/src/audio_player' with build type 'ament_python'
[0.569s] Level 1:colcon.colcon_core.shell:create_environment_hook('audio_player', 'ament_prefix_path')
[0.570s] INFO:colcon.colcon_core.shell:Creating environment hook '/home/csanimatronics/CS_Animatronics/install/audio_player/share/audio_player/hook/ament_prefix_path.ps1'
[0.572s] INFO:colcon.colcon_core.shell:Creating environment descriptor '/home/csanimatronics/CS_Animatronics/install/audio_player/share/audio_player/hook/ament_prefix_path.dsv'
[0.573s] INFO:colcon.colcon_core.shell:Creating environment hook '/home/csanimatronics/CS_Animatronics/install/audio_player/share/audio_player/hook/ament_prefix_path.sh'
[0.574s] INFO:colcon.colcon_core.shell:Skip shell extension 'powershell' for command environment: Not usable outside of PowerShell
[0.574s] DEBUG:colcon.colcon_core.shell:Skip shell extension 'dsv' for command environment
[0.592s] DEBUG:colcon.colcon_core.event_handler.log_command:Invoking command in '/home/csanimatronics/CS_Animatronics/build/motor_commands': CMAKE_PREFIX_PATH=${CMAKE_PREFIX_PATH}:/opt/ros/jazzy DEBUGINFOD_URLS=https://debuginfod.ubuntu.com /usr/bin/cmake /home/csanimatronics/CS_Animatronics/src/motor_commands -DCMAKE_INSTALL_PREFIX=/home/csanimatronics/CS_Animatronics/install/motor_commands
[0.600s] DEBUG:colcon.colcon_core.event_handler.log_command:Invoking command in '/home/csanimatronics/CS_Animatronics/build/dynamixel_sdk': CMAKE_PREFIX_PATH=${CMAKE_PREFIX_PATH}:/opt/ros/jazzy DEBUGINFOD_URLS=https://debuginfod.ubuntu.com /usr/bin/cmake /home/csanimatronics/CS_Animatronics/src/dynamixel_sdk -DCMAKE_INSTALL_PREFIX=/home/csanimatronics/CS_Animatronics/install/dynamixel_sdk
[0.606s] DEBUG:colcon.colcon_core.event_handler.log_command:Invoking command in '/home/csanimatronics/CS_Animatronics/build/dynamixel_sdk_custom_interfaces': CMAKE_PREFIX_PATH=${CMAKE_PREFIX_PATH}:/opt/ros/jazzy DEBUGINFOD_URLS=https://debuginfod.ubuntu.com /usr/bin/cmake /home/csanimatronics/CS_Animatronics/src/dynamixel_sdk_custom_interfaces -DCMAKE_INSTALL_PREFIX=/home/csanimatronics/CS_Animatronics/install/dynamixel_sdk_custom_interfaces
[1.163s] INFO:colcon.colcon_core.task.python.build:Building Python package in '/home/csanimatronics/CS_Animatronics/src/audio_player'
[1.164s] INFO:colcon.colcon_core.shell:Skip shell extension 'powershell' for command environment: Not usable outside of PowerShell
[1.164s] DEBUG:colcon.colcon_core.shell:Skip shell extension 'dsv' for command environment
[4.492s] DEBUG:colcon.colcon_core.event_handler.log_command:Invoked command in '/home/csanimatronics/CS_Animatronics/build/dynamixel_sdk' returned '0': CMAKE_PREFIX_PATH=${CMAKE_PREFIX_PATH}:/opt/ros/jazzy DEBUGINFOD_URLS=https://debuginfod.ubuntu.com /usr/bin/cmake /home/csanimatronics/CS_Animatronics/src/dynamixel_sdk -DCMAKE_INSTALL_PREFIX=/home/csanimatronics/CS_Animatronics/install/dynamixel_sdk
[4.494s] DEBUG:colcon.colcon_core.event_handler.log_command:Invoking command in '/home/csanimatronics/CS_Animatronics/build/dynamixel_sdk': CMAKE_PREFIX_PATH=${CMAKE_PREFIX_PATH}:/opt/ros/jazzy DEBUGINFOD_URLS=https://debuginfod.ubuntu.com /usr/bin/cmake --build /home/csanimatronics/CS_Animatronics/build/dynamixel_sdk -- -j4 -l4
[4.822s] DEBUG:colcon.colcon_core.event_handler.log_command:Invoking command in '/home/csanimatronics/CS_Animatronics/src/audio_player': DEBUGINFOD_URLS=https://debuginfod.ubuntu.com PYTHONPATH=/home/csanimatronics/CS_Animatronics/build/audio_player/prefix_override:/usr/lib/python3/dist-packages/colcon_core/task/python/colcon_distutils_commands:/home/csanimatronics/CS_Animatronics/install/audio_player/lib/python3.12/site-packages:${PYTHONPATH} /usr/bin/python3 -W ignore:setup.py install is deprecated -W ignore:easy_install command is deprecated setup.py egg_info --egg-base ../../build/audio_player build --build-base /home/csanimatronics/CS_Animatronics/build/audio_player/build install --record /home/csanimatronics/CS_Animatronics/build/audio_player/install.log --single-version-externally-managed install_data
[6.845s] DEBUG:colcon.colcon_core.event_handler.log_command:Invoked command in '/home/csanimatronics/CS_Animatronics/src/audio_player' returned '0': DEBUGINFOD_URLS=https://debuginfod.ubuntu.com PYTHONPATH=/home/csanimatronics/CS_Animatronics/build/audio_player/prefix_override:/usr/lib/python3/dist-packages/colcon_core/task/python/colcon_distutils_commands:/home/csanimatronics/CS_Animatronics/install/audio_player/lib/python3.12/site-packages:${PYTHONPATH} /usr/bin/python3 -W ignore:setup.py install is deprecated -W ignore:easy_install command is deprecated setup.py egg_info --egg-base ../../build/audio_player build --build-base /home/csanimatronics/CS_Animatronics/build/audio_player/build install --record /home/csanimatronics/CS_Animatronics/build/audio_player/install.log --single-version-externally-managed install_data
[6.897s] Level 1:colcon.colcon_core.environment:checking '/home/csanimatronics/CS_Animatronics/install/audio_player' for CMake module files
[6.898s] Level 1:colcon.colcon_core.environment:checking '/home/csanimatronics/CS_Animatronics/install/audio_player' for CMake config files
[6.899s] Level 1:colcon.colcon_core.environment:checking '/home/csanimatronics/CS_Animatronics/install/audio_player/lib'
[6.902s] Level 1:colcon.colcon_core.environment:checking '/home/csanimatronics/CS_Animatronics/install/audio_player/bin'
[6.902s] Level 1:colcon.colcon_core.environment:checking '/home/csanimatronics/CS_Animatronics/install/audio_player/lib/pkgconfig/audio_player.pc'
[6.902s] Level 1:colcon.colcon_core.environment:checking '/home/csanimatronics/CS_Animatronics/install/audio_player/lib/python3.12/site-packages'
[6.903s] Level 1:colcon.colcon_core.shell:create_environment_hook('audio_player', 'pythonpath')
[6.903s] INFO:colcon.colcon_core.shell:Creating environment hook '/home/csanimatronics/CS_Animatronics/install/audio_player/share/audio_player/hook/pythonpath.ps1'
[6.904s] INFO:colcon.colcon_core.shell:Creating environment descriptor '/home/csanimatronics/CS_Animatronics/install/audio_player/share/audio_player/hook/pythonpath.dsv'
[6.908s] INFO:colcon.colcon_core.shell:Creating environment hook '/home/csanimatronics/CS_Animatronics/install/audio_player/share/audio_player/hook/pythonpath.sh'
[6.909s] Level 1:colcon.colcon_core.environment:checking '/home/csanimatronics/CS_Animatronics/install/audio_player/bin'
[6.909s] Level 1:colcon.colcon_core.environment:create_environment_scripts_only(audio_player)
[6.910s] INFO:colcon.colcon_core.shell:Creating package script '/home/csanimatronics/CS_Animatronics/install/audio_player/share/audio_player/package.ps1'
[6.920s] INFO:colcon.colcon_core.shell:Creating package descriptor '/home/csanimatronics/CS_Animatronics/install/audio_player/share/audio_player/package.dsv'
[6.927s] INFO:colcon.colcon_core.shell:Creating package script '/home/csanimatronics/CS_Animatronics/install/audio_player/share/audio_player/package.sh'
[6.932s] INFO:colcon.colcon_core.shell:Creating package script '/home/csanimatronics/CS_Animatronics/install/audio_player/share/audio_player/package.bash'
[6.938s] INFO:colcon.colcon_core.shell:Creating package script '/home/csanimatronics/CS_Animatronics/install/audio_player/share/audio_player/package.zsh'
[6.941s] Level 1:colcon.colcon_core.environment:create_file_with_runtime_dependencies(/home/csanimatronics/CS_Animatronics/install/audio_player/share/colcon-core/packages/audio_player)
[6.946s] INFO:colcon.colcon_ros.task.ament_python.build:Building ROS package in '/home/csanimatronics/CS_Animatronics/src/controller_publisher' with build type 'ament_python'
[6.947s] Level 1:colcon.colcon_core.shell:create_environment_hook('controller_publisher', 'ament_prefix_path')
[6.947s] INFO:colcon.colcon_core.shell:Creating environment hook '/home/csanimatronics/CS_Animatronics/install/controller_publisher/share/controller_publisher/hook/ament_prefix_path.ps1'
[6.952s] INFO:colcon.colcon_core.shell:Creating environment descriptor '/home/csanimatronics/CS_Animatronics/install/controller_publisher/share/controller_publisher/hook/ament_prefix_path.dsv'
[6.957s] INFO:colcon.colcon_core.shell:Creating environment hook '/home/csanimatronics/CS_Animatronics/install/controller_publisher/share/controller_publisher/hook/ament_prefix_path.sh'
[6.960s] INFO:colcon.colcon_core.shell:Skip shell extension 'powershell' for command environment: Not usable outside of PowerShell
[6.960s] DEBUG:colcon.colcon_core.shell:Skip shell extension 'dsv' for command environment
[8.148s] INFO:colcon.colcon_core.task.python.build:Building Python package in '/home/csanimatronics/CS_Animatronics/src/controller_publisher'
[8.149s] INFO:colcon.colcon_core.shell:Skip shell extension 'powershell' for command environment: Not usable outside of PowerShell
[8.149s] DEBUG:colcon.colcon_core.shell:Skip shell extension 'dsv' for command environment
[9.535s] DEBUG:colcon.colcon_core.event_handler.log_command:Invoked command in '/home/csanimatronics/CS_Animatronics/build/dynamixel_sdk' returned '0': CMAKE_PREFIX_PATH=${CMAKE_PREFIX_PATH}:/opt/ros/jazzy DEBUGINFOD_URLS=https://debuginfod.ubuntu.com /usr/bin/cmake --build /home/csanimatronics/CS_Animatronics/build/dynamixel_sdk -- -j4 -l4
[9.561s] DEBUG:colcon.colcon_core.event_handler.log_command:Invoking command in '/home/csanimatronics/CS_Animatronics/build/dynamixel_sdk': CMAKE_PREFIX_PATH=${CMAKE_PREFIX_PATH}:/opt/ros/jazzy DEBUGINFOD_URLS=https://debuginfod.ubuntu.com /usr/bin/cmake --install /home/csanimatronics/CS_Animatronics/build/dynamixel_sdk
[9.628s] Level 1:colcon.colcon_core.environment:create_environment_scripts_only(dynamixel_sdk)
[9.629s] Level 1:colcon.colcon_core.environment:checking '/home/csanimatronics/CS_Animatronics/install/dynamixel_sdk' for CMake module files
[9.630s] Level 1:colcon.colcon_core.environment:checking '/home/csanimatronics/CS_Animatronics/install/dynamixel_sdk' for CMake config files
[9.630s] Level 1:colcon.colcon_core.shell:create_environment_hook('dynamixel_sdk', 'cmake_prefix_path')
[9.631s] INFO:colcon.colcon_core.shell:Creating environment hook '/home/csanimatronics/CS_Animatronics/install/dynamixel_sdk/share/dynamixel_sdk/hook/cmake_prefix_path.ps1'
[9.629s] DEBUG:colcon.colcon_core.event_handler.log_command:Invoked command in '/home/csanimatronics/CS_Animatronics/build/dynamixel_sdk' returned '0': CMAKE_PREFIX_PATH=${CMAKE_PREFIX_PATH}:/opt/ros/jazzy DEBUGINFOD_URLS=https://debuginfod.ubuntu.com /usr/bin/cmake --install /home/csanimatronics/CS_Animatronics/build/dynamixel_sdk
[9.632s] INFO:colcon.colcon_core.shell:Creating environment descriptor '/home/csanimatronics/CS_Animatronics/install/dynamixel_sdk/share/dynamixel_sdk/hook/cmake_prefix_path.dsv'
[9.632s] INFO:colcon.colcon_core.shell:Creating environment hook '/home/csanimatronics/CS_Animatronics/install/dynamixel_sdk/share/dynamixel_sdk/hook/cmake_prefix_path.sh'
[9.633s] Level 1:colcon.colcon_core.environment:checking '/home/csanimatronics/CS_Animatronics/install/dynamixel_sdk/lib'
[9.634s] Level 1:colcon.colcon_core.shell:create_environment_hook('dynamixel_sdk', 'ld_library_path_lib')
[9.634s] INFO:colcon.colcon_core.shell:Creating environment hook '/home/csanimatronics/CS_Animatronics/install/dynamixel_sdk/share/dynamixel_sdk/hook/ld_library_path_lib.ps1'
[9.635s] INFO:colcon.colcon_core.shell:Creating environment descriptor '/home/csanimatronics/CS_Animatronics/install/dynamixel_sdk/share/dynamixel_sdk/hook/ld_library_path_lib.dsv'
[9.635s] INFO:colcon.colcon_core.shell:Creating environment hook '/home/csanimatronics/CS_Animatronics/install/dynamixel_sdk/share/dynamixel_sdk/hook/ld_library_path_lib.sh'
[9.636s] Level 1:colcon.colcon_core.environment:checking '/home/csanimatronics/CS_Animatronics/install/dynamixel_sdk/bin'
[9.636s] Level 1:colcon.colcon_core.environment:checking '/home/csanimatronics/CS_Animatronics/install/dynamixel_sdk/lib/pkgconfig/dynamixel_sdk.pc'
[9.637s] Level 1:colcon.colcon_core.environment:checking '/home/csanimatronics/CS_Animatronics/install/dynamixel_sdk/lib/python3.12/site-packages'
[9.637s] Level 1:colcon.colcon_core.environment:checking '/home/csanimatronics/CS_Animatronics/install/dynamixel_sdk/bin'
[9.637s] INFO:colcon.colcon_core.shell:Creating package script '/home/csanimatronics/CS_Animatronics/install/dynamixel_sdk/share/dynamixel_sdk/package.ps1'
[9.638s] INFO:colcon.colcon_core.shell:Creating package descriptor '/home/csanimatronics/CS_Animatronics/install/dynamixel_sdk/share/dynamixel_sdk/package.dsv'
[9.639s] INFO:colcon.colcon_core.shell:Creating package script '/home/csanimatronics/CS_Animatronics/install/dynamixel_sdk/share/dynamixel_sdk/package.sh'
[9.640s] INFO:colcon.colcon_core.shell:Creating package script '/home/csanimatronics/CS_Animatronics/install/dynamixel_sdk/share/dynamixel_sdk/package.bash'
[9.641s] INFO:colcon.colcon_core.shell:Creating package script '/home/csanimatronics/CS_Animatronics/install/dynamixel_sdk/share/dynamixel_sdk/package.zsh'
[9.641s] Level 1:colcon.colcon_core.environment:create_file_with_runtime_dependencies(/home/csanimatronics/CS_Animatronics/install/dynamixel_sdk/share/colcon-core/packages/dynamixel_sdk)
[9.642s] Level 1:colcon.colcon_core.environment:create_environment_scripts_only(dynamixel_sdk)
[9.642s] Level 1:colcon.colcon_core.environment:checking '/home/csanimatronics/CS_Animatronics/install/dynamixel_sdk' for CMake module files
[9.643s] Level 1:colcon.colcon_core.environment:checking '/home/csanimatronics/CS_Animatronics/install/dynamixel_sdk' for CMake config files
[9.643s] Level 1:colcon.colcon_core.shell:create_environment_hook('dynamixel_sdk', 'cmake_prefix_path')
[9.644s] INFO:colcon.colcon_core.shell:Creating environment hook '/home/csanimatronics/CS_Animatronics/install/dynamixel_sdk/share/dynamixel_sdk/hook/cmake_prefix_path.ps1'
[9.644s] INFO:colcon.colcon_core.shell:Creating environment descriptor '/home/csanimatronics/CS_Animatronics/install/dynamixel_sdk/share/dynamixel_sdk/hook/cmake_prefix_path.dsv'
[9.645s] INFO:colcon.colcon_core.shell:Creating environment hook '/home/csanimatronics/CS_Animatronics/install/dynamixel_sdk/share/dynamixel_sdk/hook/cmake_prefix_path.sh'
[9.646s] Level 1:colcon.colcon_core.environment:checking '/home/csanimatronics/CS_Animatronics/install/dynamixel_sdk/lib'
[9.646s] Level 1:colcon.colcon_core.shell:create_environment_hook('dynamixel_sdk', 'ld_library_path_lib')
[9.647s] INFO:colcon.colcon_core.shell:Creating environment hook '/home/csanimatronics/CS_Animatronics/install/dynamixel_sdk/share/dynamixel_sdk/hook/ld_library_path_lib.ps1'
[9.647s] INFO:colcon.colcon_core.shell:Creating environment descriptor '/home/csanimatronics/CS_Animatronics/install/dynamixel_sdk/share/dynamixel_sdk/hook/ld_library_path_lib.dsv'
[9.648s] INFO:colcon.colcon_core.shell:Creating environment hook '/home/csanimatronics/CS_Animatronics/install/dynamixel_sdk/share/dynamixel_sdk/hook/ld_library_path_lib.sh'
[9.648s] Level 1:colcon.colcon_core.environment:checking '/home/csanimatronics/CS_Animatronics/install/dynamixel_sdk/bin'
[9.649s] Level 1:colcon.colcon_core.environment:checking '/home/csanimatronics/CS_Animatronics/install/dynamixel_sdk/lib/pkgconfig/dynamixel_sdk.pc'
[9.649s] Level 1:colcon.colcon_core.environment:checking '/home/csanimatronics/CS_Animatronics/install/dynamixel_sdk/lib/python3.12/site-packages'
[9.649s] Level 1:colcon.colcon_core.environment:checking '/home/csanimatronics/CS_Animatronics/install/dynamixel_sdk/bin'
[9.650s] INFO:colcon.colcon_core.shell:Creating package script '/home/csanimatronics/CS_Animatronics/install/dynamixel_sdk/share/dynamixel_sdk/package.ps1'
[9.651s] INFO:colcon.colcon_core.shell:Creating package descriptor '/home/csanimatronics/CS_Animatronics/install/dynamixel_sdk/share/dynamixel_sdk/package.dsv'
[9.652s] INFO:colcon.colcon_core.shell:Creating package script '/home/csanimatronics/CS_Animatronics/install/dynamixel_sdk/share/dynamixel_sdk/package.sh'
[9.652s] INFO:colcon.colcon_core.shell:Creating package script '/home/csanimatronics/CS_Animatronics/install/dynamixel_sdk/share/dynamixel_sdk/package.bash'
[9.653s] INFO:colcon.colcon_core.shell:Creating package script '/home/csanimatronics/CS_Animatronics/install/dynamixel_sdk/share/dynamixel_sdk/package.zsh'
[9.654s] Level 1:colcon.colcon_core.environment:create_file_with_runtime_dependencies(/home/csanimatronics/CS_Animatronics/install/dynamixel_sdk/share/colcon-core/packages/dynamixel_sdk)
[9.658s] INFO:colcon.colcon_ros.task.ament_python.build:Building ROS package in '/home/csanimatronics/CS_Animatronics/src/imu_receiver' with build type 'ament_python'
[9.658s] Level 1:colcon.colcon_core.shell:create_environment_hook('imu_receiver', 'ament_prefix_path')
[9.658s] INFO:colcon.colcon_core.shell:Creating environment hook '/home/csanimatronics/CS_Animatronics/install/imu_receiver/share/imu_receiver/hook/ament_prefix_path.ps1'
[9.659s] INFO:colcon.colcon_core.shell:Creating environment descriptor '/home/csanimatronics/CS_Animatronics/install/imu_receiver/share/imu_receiver/hook/ament_prefix_path.dsv'
[9.660s] INFO:colcon.colcon_core.shell:Creating environment hook '/home/csanimatronics/CS_Animatronics/install/imu_receiver/share/imu_receiver/hook/ament_prefix_path.sh'
[9.671s] INFO:colcon.colcon_core.shell:Skip shell extension 'powershell' for command environment: Not usable outside of PowerShell
[9.671s] DEBUG:colcon.colcon_core.shell:Skip shell extension 'dsv' for command environment
[10.332s] INFO:colcon.colcon_core.task.python.build:Building Python package in '/home/csanimatronics/CS_Animatronics/src/imu_receiver'
[10.333s] INFO:colcon.colcon_core.shell:Skip shell extension 'powershell' for command environment: Not usable outside of PowerShell
[10.333s] DEBUG:colcon.colcon_core.shell:Skip shell extension 'dsv' for command environment
[10.348s] DEBUG:colcon.colcon_core.event_handler.log_command:Invoking command in '/home/csanimatronics/CS_Animatronics/src/controller_publisher': DEBUGINFOD_URLS=https://debuginfod.ubuntu.com PYTHONPATH=/home/csanimatronics/CS_Animatronics/build/controller_publisher/prefix_override:/usr/lib/python3/dist-packages/colcon_core/task/python/colcon_distutils_commands:/home/csanimatronics/CS_Animatronics/install/controller_publisher/lib/python3.12/site-packages:${PYTHONPATH} /usr/bin/python3 -W ignore:setup.py install is deprecated -W ignore:easy_install command is deprecated setup.py egg_info --egg-base ../../build/controller_publisher build --build-base /home/csanimatronics/CS_Animatronics/build/controller_publisher/build install --record /home/csanimatronics/CS_Animatronics/build/controller_publisher/install.log --single-version-externally-managed install_data
[11.697s] Level 1:colcon.colcon_core.environment:checking '/home/csanimatronics/CS_Animatronics/install/controller_publisher' for CMake module files
[11.698s] Level 1:colcon.colcon_core.environment:checking '/home/csanimatronics/CS_Animatronics/install/controller_publisher' for CMake config files
[11.703s] Level 1:colcon.colcon_core.environment:checking '/home/csanimatronics/CS_Animatronics/install/controller_publisher/lib'
[11.704s] Level 1:colcon.colcon_core.environment:checking '/home/csanimatronics/CS_Animatronics/install/controller_publisher/bin'
[11.704s] Level 1:colcon.colcon_core.environment:checking '/home/csanimatronics/CS_Animatronics/install/controller_publisher/lib/pkgconfig/controller_publisher.pc'
[11.704s] Level 1:colcon.colcon_core.environment:checking '/home/csanimatronics/CS_Animatronics/install/controller_publisher/lib/python3.12/site-packages'
[11.704s] Level 1:colcon.colcon_core.shell:create_environment_hook('controller_publisher', 'pythonpath')
[11.705s] INFO:colcon.colcon_core.shell:Creating environment hook '/home/csanimatronics/CS_Animatronics/install/controller_publisher/share/controller_publisher/hook/pythonpath.ps1'
[11.705s] INFO:colcon.colcon_core.shell:Creating environment descriptor '/home/csanimatronics/CS_Animatronics/install/controller_publisher/share/controller_publisher/hook/pythonpath.dsv'
[11.706s] INFO:colcon.colcon_core.shell:Creating environment hook '/home/csanimatronics/CS_Animatronics/install/controller_publisher/share/controller_publisher/hook/pythonpath.sh'
[11.707s] DEBUG:colcon.colcon_core.event_handler.log_command:Invoked command in '/home/csanimatronics/CS_Animatronics/src/controller_publisher' returned '0': DEBUGINFOD_URLS=https://debuginfod.ubuntu.com PYTHONPATH=/home/csanimatronics/CS_Animatronics/build/controller_publisher/prefix_override:/usr/lib/python3/dist-packages/colcon_core/task/python/colcon_distutils_commands:/home/csanimatronics/CS_Animatronics/install/controller_publisher/lib/python3.12/site-packages:${PYTHONPATH} /usr/bin/python3 -W ignore:setup.py install is deprecated -W ignore:easy_install command is deprecated setup.py egg_info --egg-base ../../build/controller_publisher build --build-base /home/csanimatronics/CS_Animatronics/build/controller_publisher/build install --record /home/csanimatronics/CS_Animatronics/build/controller_publisher/install.log --single-version-externally-managed install_data
[11.708s] Level 1:colcon.colcon_core.environment:checking '/home/csanimatronics/CS_Animatronics/install/controller_publisher/bin'
[11.708s] Level 1:colcon.colcon_core.environment:create_environment_scripts_only(controller_publisher)
[11.709s] INFO:colcon.colcon_core.shell:Creating package script '/home/csanimatronics/CS_Animatronics/install/controller_publisher/share/controller_publisher/package.ps1'
[11.711s] INFO:colcon.colcon_core.shell:Creating package descriptor '/home/csanimatronics/CS_Animatronics/install/controller_publisher/share/controller_publisher/package.dsv'
[11.712s] INFO:colcon.colcon_core.shell:Creating package script '/home/csanimatronics/CS_Animatronics/install/controller_publisher/share/controller_publisher/package.sh'
[11.713s] INFO:colcon.colcon_core.shell:Creating package script '/home/csanimatronics/CS_Animatronics/install/controller_publisher/share/controller_publisher/package.bash'
[11.715s] INFO:colcon.colcon_core.shell:Creating package script '/home/csanimatronics/CS_Animatronics/install/controller_publisher/share/controller_publisher/package.zsh'
[11.716s] Level 1:colcon.colcon_core.environment:create_file_with_runtime_dependencies(/home/csanimatronics/CS_Animatronics/install/controller_publisher/share/colcon-core/packages/controller_publisher)
[11.824s] DEBUG:colcon.colcon_core.event_handler.log_command:Invoking command in '/home/csanimatronics/CS_Animatronics/src/imu_receiver': DEBUGINFOD_URLS=https://debuginfod.ubuntu.com PYTHONPATH=/home/csanimatronics/CS_Animatronics/build/imu_receiver/prefix_override:/usr/lib/python3/dist-packages/colcon_core/task/python/colcon_distutils_commands:/home/csanimatronics/CS_Animatronics/install/imu_receiver/lib/python3.12/site-packages:${PYTHONPATH} /usr/bin/python3 -W ignore:setup.py install is deprecated -W ignore:easy_install command is deprecated setup.py egg_info --egg-base ../../build/imu_receiver build --build-base /home/csanimatronics/CS_Animatronics/build/imu_receiver/build install --record /home/csanimatronics/CS_Animatronics/build/imu_receiver/install.log --single-version-externally-managed install_data
[12.952s] Level 1:colcon.colcon_core.environment:checking '/home/csanimatronics/CS_Animatronics/install/imu_receiver' for CMake module files
[12.953s] DEBUG:colcon.colcon_core.event_handler.log_command:Invoked command in '/home/csanimatronics/CS_Animatronics/src/imu_receiver' returned '0': DEBUGINFOD_URLS=https://debuginfod.ubuntu.com PYTHONPATH=/home/csanimatronics/CS_Animatronics/build/imu_receiver/prefix_override:/usr/lib/python3/dist-packages/colcon_core/task/python/colcon_distutils_commands:/home/csanimatronics/CS_Animatronics/install/imu_receiver/lib/python3.12/site-packages:${PYTHONPATH} /usr/bin/python3 -W ignore:setup.py install is deprecated -W ignore:easy_install command is deprecated setup.py egg_info --egg-base ../../build/imu_receiver build --build-base /home/csanimatronics/CS_Animatronics/build/imu_receiver/build install --record /home/csanimatronics/CS_Animatronics/build/imu_receiver/install.log --single-version-externally-managed install_data
[12.953s] Level 1:colcon.colcon_core.environment:checking '/home/csanimatronics/CS_Animatronics/install/imu_receiver' for CMake config files
[12.954s] Level 1:colcon.colcon_core.environment:checking '/home/csanimatronics/CS_Animatronics/install/imu_receiver/lib'
[12.954s] Level 1:colcon.colcon_core.environment:checking '/home/csanimatronics/CS_Animatronics/install/imu_receiver/bin'
[12.954s] Level 1:colcon.colcon_core.environment:checking '/home/csanimatronics/CS_Animatronics/install/imu_receiver/lib/pkgconfig/imu_receiver.pc'
[12.954s] Level 1:colcon.colcon_core.environment:checking '/home/csanimatronics/CS_Animatronics/install/imu_receiver/lib/python3.12/site-packages'
[12.954s] Level 1:colcon.colcon_core.shell:create_environment_hook('imu_receiver', 'pythonpath')
[12.955s] INFO:colcon.colcon_core.shell:Creating environment hook '/home/csanimatronics/CS_Animatronics/install/imu_receiver/share/imu_receiver/hook/pythonpath.ps1'
[12.955s] INFO:colcon.colcon_core.shell:Creating environment descriptor '/home/csanimatronics/CS_Animatronics/install/imu_receiver/share/imu_receiver/hook/pythonpath.dsv'
[12.956s] INFO:colcon.colcon_core.shell:Creating environment hook '/home/csanimatronics/CS_Animatronics/install/imu_receiver/share/imu_receiver/hook/pythonpath.sh'
[12.956s] Level 1:colcon.colcon_core.environment:checking '/home/csanimatronics/CS_Animatronics/install/imu_receiver/bin'
[12.956s] Level 1:colcon.colcon_core.environment:create_environment_scripts_only(imu_receiver)
[12.957s] INFO:colcon.colcon_core.shell:Creating package script '/home/csanimatronics/CS_Animatronics/install/imu_receiver/share/imu_receiver/package.ps1'
[12.957s] INFO:colcon.colcon_core.shell:Creating package descriptor '/home/csanimatronics/CS_Animatronics/install/imu_receiver/share/imu_receiver/package.dsv'
[12.958s] INFO:colcon.colcon_core.shell:Creating package script '/home/csanimatronics/CS_Animatronics/install/imu_receiver/share/imu_receiver/package.sh'
[12.958s] INFO:colcon.colcon_core.shell:Creating package script '/home/csanimatronics/CS_Animatronics/install/imu_receiver/share/imu_receiver/package.bash'
[12.958s] INFO:colcon.colcon_core.shell:Creating package script '/home/csanimatronics/CS_Animatronics/install/imu_receiver/share/imu_receiver/package.zsh'
[12.959s] Level 1:colcon.colcon_core.environment:create_file_with_runtime_dependencies(/home/csanimatronics/CS_Animatronics/install/imu_receiver/share/colcon-core/packages/imu_receiver)
[14.874s] DEBUG:colcon.colcon_core.event_handler.log_command:Invoked command in '/home/csanimatronics/CS_Animatronics/build/dynamixel_sdk_custom_interfaces' returned '0': CMAKE_PREFIX_PATH=${CMAKE_PREFIX_PATH}:/opt/ros/jazzy DEBUGINFOD_URLS=https://debuginfod.ubuntu.com /usr/bin/cmake /home/csanimatronics/CS_Animatronics/src/dynamixel_sdk_custom_interfaces -DCMAKE_INSTALL_PREFIX=/home/csanimatronics/CS_Animatronics/install/dynamixel_sdk_custom_interfaces
[14.877s] DEBUG:colcon.colcon_core.event_handler.log_command:Invoking command in '/home/csanimatronics/CS_Animatronics/build/dynamixel_sdk_custom_interfaces': CMAKE_PREFIX_PATH=${CMAKE_PREFIX_PATH}:/opt/ros/jazzy DEBUGINFOD_URLS=https://debuginfod.ubuntu.com /usr/bin/cmake --build /home/csanimatronics/CS_Animatronics/build/dynamixel_sdk_custom_interfaces -- -j4 -l4
[14.878s] DEBUG:colcon.colcon_core.event_handler.log_command:Invoked command in '/home/csanimatronics/CS_Animatronics/build/motor_commands' returned '0': CMAKE_PREFIX_PATH=${CMAKE_PREFIX_PATH}:/opt/ros/jazzy DEBUGINFOD_URLS=https://debuginfod.ubuntu.com /usr/bin/cmake /home/csanimatronics/CS_Animatronics/src/motor_commands -DCMAKE_INSTALL_PREFIX=/home/csanimatronics/CS_Animatronics/install/motor_commands
[14.880s] DEBUG:colcon.colcon_core.event_handler.log_command:Invoking command in '/home/csanimatronics/CS_Animatronics/build/motor_commands': CMAKE_PREFIX_PATH=${CMAKE_PREFIX_PATH}:/opt/ros/jazzy DEBUGINFOD_URLS=https://debuginfod.ubuntu.com /usr/bin/cmake --build /home/csanimatronics/CS_Animatronics/build/motor_commands -- -j4 -l4
[27.892s] DEBUG:colcon.colcon_core.event_handler.log_command:Invoked command in '/home/csanimatronics/CS_Animatronics/build/dynamixel_sdk_custom_interfaces' returned '0': CMAKE_PREFIX_PATH=${CMAKE_PREFIX_PATH}:/opt/ros/jazzy DEBUGINFOD_URLS=https://debuginfod.ubuntu.com /usr/bin/cmake --build /home/csanimatronics/CS_Animatronics/build/dynamixel_sdk_custom_interfaces -- -j4 -l4
[27.894s] DEBUG:colcon.colcon_core.event_handler.log_command:Invoking command in '/home/csanimatronics/CS_Animatronics/build/dynamixel_sdk_custom_interfaces': CMAKE_PREFIX_PATH=${CMAKE_PREFIX_PATH}:/opt/ros/jazzy DEBUGINFOD_URLS=https://debuginfod.ubuntu.com /usr/bin/cmake --install /home/csanimatronics/CS_Animatronics/build/dynamixel_sdk_custom_interfaces
[28.062s] Level 1:colcon.colcon_core.environment:create_environment_scripts_only(dynamixel_sdk_custom_interfaces)
[28.062s] Level 1:colcon.colcon_core.environment:checking '/home/csanimatronics/CS_Animatronics/install/dynamixel_sdk_custom_interfaces' for CMake module files
[28.063s] DEBUG:colcon.colcon_core.event_handler.log_command:Invoked command in '/home/csanimatronics/CS_Animatronics/build/dynamixel_sdk_custom_interfaces' returned '0': CMAKE_PREFIX_PATH=${CMAKE_PREFIX_PATH}:/opt/ros/jazzy DEBUGINFOD_URLS=https://debuginfod.ubuntu.com /usr/bin/cmake --install /home/csanimatronics/CS_Animatronics/build/dynamixel_sdk_custom_interfaces
[28.064s] Level 1:colcon.colcon_core.environment:checking '/home/csanimatronics/CS_Animatronics/install/dynamixel_sdk_custom_interfaces' for CMake config files
[28.064s] Level 1:colcon.colcon_core.shell:create_environment_hook('dynamixel_sdk_custom_interfaces', 'cmake_prefix_path')
[28.065s] INFO:colcon.colcon_core.shell:Creating environment hook '/home/csanimatronics/CS_Animatronics/install/dynamixel_sdk_custom_interfaces/share/dynamixel_sdk_custom_interfaces/hook/cmake_prefix_path.ps1'
[28.065s] INFO:colcon.colcon_core.shell:Creating environment descriptor '/home/csanimatronics/CS_Animatronics/install/dynamixel_sdk_custom_interfaces/share/dynamixel_sdk_custom_interfaces/hook/cmake_prefix_path.dsv'
[28.066s] INFO:colcon.colcon_core.shell:Creating environment hook '/home/csanimatronics/CS_Animatronics/install/dynamixel_sdk_custom_interfaces/share/dynamixel_sdk_custom_interfaces/hook/cmake_prefix_path.sh'
[28.067s] Level 1:colcon.colcon_core.environment:checking '/home/csanimatronics/CS_Animatronics/install/dynamixel_sdk_custom_interfaces/lib'
[28.067s] Level 1:colcon.colcon_core.shell:create_environment_hook('dynamixel_sdk_custom_interfaces', 'ld_library_path_lib')
[28.067s] INFO:colcon.colcon_core.shell:Creating environment hook '/home/csanimatronics/CS_Animatronics/install/dynamixel_sdk_custom_interfaces/share/dynamixel_sdk_custom_interfaces/hook/ld_library_path_lib.ps1'
[28.068s] INFO:colcon.colcon_core.shell:Creating environment descriptor '/home/csanimatronics/CS_Animatronics/install/dynamixel_sdk_custom_interfaces/share/dynamixel_sdk_custom_interfaces/hook/ld_library_path_lib.dsv'
[28.068s] INFO:colcon.colcon_core.shell:Creating environment hook '/home/csanimatronics/CS_Animatronics/install/dynamixel_sdk_custom_interfaces/share/dynamixel_sdk_custom_interfaces/hook/ld_library_path_lib.sh'
[28.069s] Level 1:colcon.colcon_core.environment:checking '/home/csanimatronics/CS_Animatronics/install/dynamixel_sdk_custom_interfaces/bin'
[28.069s] Level 1:colcon.colcon_core.environment:checking '/home/csanimatronics/CS_Animatronics/install/dynamixel_sdk_custom_interfaces/lib/pkgconfig/dynamixel_sdk_custom_interfaces.pc'
[28.069s] Level 1:colcon.colcon_core.environment:checking '/home/csanimatronics/CS_Animatronics/install/dynamixel_sdk_custom_interfaces/lib/python3.12/site-packages'
[28.069s] Level 1:colcon.colcon_core.shell:create_environment_hook('dynamixel_sdk_custom_interfaces', 'pythonpath')
[28.070s] INFO:colcon.colcon_core.shell:Creating environment hook '/home/csanimatronics/CS_Animatronics/install/dynamixel_sdk_custom_interfaces/share/dynamixel_sdk_custom_interfaces/hook/pythonpath.ps1'
[28.070s] INFO:colcon.colcon_core.shell:Creating environment descriptor '/home/csanimatronics/CS_Animatronics/install/dynamixel_sdk_custom_interfaces/share/dynamixel_sdk_custom_interfaces/hook/pythonpath.dsv'
[28.071s] INFO:colcon.colcon_core.shell:Creating environment hook '/home/csanimatronics/CS_Animatronics/install/dynamixel_sdk_custom_interfaces/share/dynamixel_sdk_custom_interfaces/hook/pythonpath.sh'
[28.071s] Level 1:colcon.colcon_core.environment:checking '/home/csanimatronics/CS_Animatronics/install/dynamixel_sdk_custom_interfaces/bin'
[28.072s] INFO:colcon.colcon_core.shell:Creating package script '/home/csanimatronics/CS_Animatronics/install/dynamixel_sdk_custom_interfaces/share/dynamixel_sdk_custom_interfaces/package.ps1'
[28.072s] INFO:colcon.colcon_core.shell:Creating package descriptor '/home/csanimatronics/CS_Animatronics/install/dynamixel_sdk_custom_interfaces/share/dynamixel_sdk_custom_interfaces/package.dsv'
[28.073s] INFO:colcon.colcon_core.shell:Creating package script '/home/csanimatronics/CS_Animatronics/install/dynamixel_sdk_custom_interfaces/share/dynamixel_sdk_custom_interfaces/package.sh'
[28.074s] INFO:colcon.colcon_core.shell:Creating package script '/home/csanimatronics/CS_Animatronics/install/dynamixel_sdk_custom_interfaces/share/dynamixel_sdk_custom_interfaces/package.bash'
[28.074s] INFO:colcon.colcon_core.shell:Creating package script '/home/csanimatronics/CS_Animatronics/install/dynamixel_sdk_custom_interfaces/share/dynamixel_sdk_custom_interfaces/package.zsh'
[28.075s] Level 1:colcon.colcon_core.environment:create_file_with_runtime_dependencies(/home/csanimatronics/CS_Animatronics/install/dynamixel_sdk_custom_interfaces/share/colcon-core/packages/dynamixel_sdk_custom_interfaces)
[28.076s] Level 1:colcon.colcon_core.environment:create_environment_scripts_only(dynamixel_sdk_custom_interfaces)
[28.076s] Level 1:colcon.colcon_core.environment:checking '/home/csanimatronics/CS_Animatronics/install/dynamixel_sdk_custom_interfaces' for CMake module files
[28.077s] Level 1:colcon.colcon_core.environment:checking '/home/csanimatronics/CS_Animatronics/install/dynamixel_sdk_custom_interfaces' for CMake config files
[28.077s] Level 1:colcon.colcon_core.shell:create_environment_hook('dynamixel_sdk_custom_interfaces', 'cmake_prefix_path')
[28.077s] INFO:colcon.colcon_core.shell:Creating environment hook '/home/csanimatronics/CS_Animatronics/install/dynamixel_sdk_custom_interfaces/share/dynamixel_sdk_custom_interfaces/hook/cmake_prefix_path.ps1'
[28.078s] INFO:colcon.colcon_core.shell:Creating environment descriptor '/home/csanimatronics/CS_Animatronics/install/dynamixel_sdk_custom_interfaces/share/dynamixel_sdk_custom_interfaces/hook/cmake_prefix_path.dsv'
[28.079s] INFO:colcon.colcon_core.shell:Creating environment hook '/home/csanimatronics/CS_Animatronics/install/dynamixel_sdk_custom_interfaces/share/dynamixel_sdk_custom_interfaces/hook/cmake_prefix_path.sh'
[28.079s] Level 1:colcon.colcon_core.environment:checking '/home/csanimatronics/CS_Animatronics/install/dynamixel_sdk_custom_interfaces/lib'
[28.079s] Level 1:colcon.colcon_core.shell:create_environment_hook('dynamixel_sdk_custom_interfaces', 'ld_library_path_lib')
[28.080s] INFO:colcon.colcon_core.shell:Creating environment hook '/home/csanimatronics/CS_Animatronics/install/dynamixel_sdk_custom_interfaces/share/dynamixel_sdk_custom_interfaces/hook/ld_library_path_lib.ps1'
[28.080s] INFO:colcon.colcon_core.shell:Creating environment descriptor '/home/csanimatronics/CS_Animatronics/install/dynamixel_sdk_custom_interfaces/share/dynamixel_sdk_custom_interfaces/hook/ld_library_path_lib.dsv'
[28.081s] INFO:colcon.colcon_core.shell:Creating environment hook '/home/csanimatronics/CS_Animatronics/install/dynamixel_sdk_custom_interfaces/share/dynamixel_sdk_custom_interfaces/hook/ld_library_path_lib.sh'
[28.084s] Level 1:colcon.colcon_core.environment:checking '/home/csanimatronics/CS_Animatronics/install/dynamixel_sdk_custom_interfaces/bin'
[28.085s] Level 1:colcon.colcon_core.environment:checking '/home/csanimatronics/CS_Animatronics/install/dynamixel_sdk_custom_interfaces/lib/pkgconfig/dynamixel_sdk_custom_interfaces.pc'
[28.085s] Level 1:colcon.colcon_core.environment:checking '/home/csanimatronics/CS_Animatronics/install/dynamixel_sdk_custom_interfaces/lib/python3.12/site-packages'
[28.085s] Level 1:colcon.colcon_core.shell:create_environment_hook('dynamixel_sdk_custom_interfaces', 'pythonpath')
[28.086s] INFO:colcon.colcon_core.shell:Creating environment hook '/home/csanimatronics/CS_Animatronics/install/dynamixel_sdk_custom_interfaces/share/dynamixel_sdk_custom_interfaces/hook/pythonpath.ps1'
[28.087s] INFO:colcon.colcon_core.shell:Creating environment descriptor '/home/csanimatronics/CS_Animatronics/install/dynamixel_sdk_custom_interfaces/share/dynamixel_sdk_custom_interfaces/hook/pythonpath.dsv'
[28.087s] INFO:colcon.colcon_core.shell:Creating environment hook '/home/csanimatronics/CS_Animatronics/install/dynamixel_sdk_custom_interfaces/share/dynamixel_sdk_custom_interfaces/hook/pythonpath.sh'
[28.089s] Level 1:colcon.colcon_core.environment:checking '/home/csanimatronics/CS_Animatronics/install/dynamixel_sdk_custom_interfaces/bin'
[28.089s] INFO:colcon.colcon_core.shell:Creating package script '/home/csanimatronics/CS_Animatronics/install/dynamixel_sdk_custom_interfaces/share/dynamixel_sdk_custom_interfaces/package.ps1'
[28.090s] INFO:colcon.colcon_core.shell:Creating package descriptor '/home/csanimatronics/CS_Animatronics/install/dynamixel_sdk_custom_interfaces/share/dynamixel_sdk_custom_interfaces/package.dsv'
[28.091s] INFO:colcon.colcon_core.shell:Creating package script '/home/csanimatronics/CS_Animatronics/install/dynamixel_sdk_custom_interfaces/share/dynamixel_sdk_custom_interfaces/package.sh'
[28.093s] INFO:colcon.colcon_core.shell:Creating package script '/home/csanimatronics/CS_Animatronics/install/dynamixel_sdk_custom_interfaces/share/dynamixel_sdk_custom_interfaces/package.bash'
[28.094s] INFO:colcon.colcon_core.shell:Creating package script '/home/csanimatronics/CS_Animatronics/install/dynamixel_sdk_custom_interfaces/share/dynamixel_sdk_custom_interfaces/package.zsh'
[28.095s] Level 1:colcon.colcon_core.environment:create_file_with_runtime_dependencies(/home/csanimatronics/CS_Animatronics/install/dynamixel_sdk_custom_interfaces/share/colcon-core/packages/dynamixel_sdk_custom_interfaces)
[28.477s] DEBUG:colcon.colcon_core.event_handler.log_command:Invoked command in '/home/csanimatronics/CS_Animatronics/build/motor_commands' returned '0': CMAKE_PREFIX_PATH=${CMAKE_PREFIX_PATH}:/opt/ros/jazzy DEBUGINFOD_URLS=https://debuginfod.ubuntu.com /usr/bin/cmake --build /home/csanimatronics/CS_Animatronics/build/motor_commands -- -j4 -l4
[28.479s] DEBUG:colcon.colcon_core.event_handler.log_command:Invoking command in '/home/csanimatronics/CS_Animatronics/build/motor_commands': CMAKE_PREFIX_PATH=${CMAKE_PREFIX_PATH}:/opt/ros/jazzy DEBUGINFOD_URLS=https://debuginfod.ubuntu.com /usr/bin/cmake --install /home/csanimatronics/CS_Animatronics/build/motor_commands
[28.613s] Level 1:colcon.colcon_core.environment:create_environment_scripts_only(motor_commands)
[28.615s] Level 1:colcon.colcon_core.environment:checking '/home/csanimatronics/CS_Animatronics/install/motor_commands' for CMake module files
[28.615s] DEBUG:colcon.colcon_core.event_handler.log_command:Invoked command in '/home/csanimatronics/CS_Animatronics/build/motor_commands' returned '0': CMAKE_PREFIX_PATH=${CMAKE_PREFIX_PATH}:/opt/ros/jazzy DEBUGINFOD_URLS=https://debuginfod.ubuntu.com /usr/bin/cmake --install /home/csanimatronics/CS_Animatronics/build/motor_commands
[28.616s] Level 1:colcon.colcon_core.environment:checking '/home/csanimatronics/CS_Animatronics/install/motor_commands' for CMake config files
[28.617s] Level 1:colcon.colcon_core.shell:create_environment_hook('motor_commands', 'cmake_prefix_path')
[28.618s] INFO:colcon.colcon_core.shell:Creating environment hook '/home/csanimatronics/CS_Animatronics/install/motor_commands/share/motor_commands/hook/cmake_prefix_path.ps1'
[28.618s] INFO:colcon.colcon_core.shell:Creating environment descriptor '/home/csanimatronics/CS_Animatronics/install/motor_commands/share/motor_commands/hook/cmake_prefix_path.dsv'
[28.619s] INFO:colcon.colcon_core.shell:Creating environment hook '/home/csanimatronics/CS_Animatronics/install/motor_commands/share/motor_commands/hook/cmake_prefix_path.sh'
[28.620s] Level 1:colcon.colcon_core.environment:checking '/home/csanimatronics/CS_Animatronics/install/motor_commands/lib'
[28.620s] Level 1:colcon.colcon_core.shell:create_environment_hook('motor_commands', 'ld_library_path_lib')
[28.620s] INFO:colcon.colcon_core.shell:Creating environment hook '/home/csanimatronics/CS_Animatronics/install/motor_commands/share/motor_commands/hook/ld_library_path_lib.ps1'
[28.621s] INFO:colcon.colcon_core.shell:Creating environment descriptor '/home/csanimatronics/CS_Animatronics/install/motor_commands/share/motor_commands/hook/ld_library_path_lib.dsv'
[28.621s] INFO:colcon.colcon_core.shell:Creating environment hook '/home/csanimatronics/CS_Animatronics/install/motor_commands/share/motor_commands/hook/ld_library_path_lib.sh'
[28.622s] Level 1:colcon.colcon_core.environment:checking '/home/csanimatronics/CS_Animatronics/install/motor_commands/bin'
[28.622s] Level 1:colcon.colcon_core.environment:checking '/home/csanimatronics/CS_Animatronics/install/motor_commands/lib/pkgconfig/motor_commands.pc'
[28.622s] Level 1:colcon.colcon_core.environment:checking '/home/csanimatronics/CS_Animatronics/install/motor_commands/lib/python3.12/site-packages'
[28.622s] Level 1:colcon.colcon_core.shell:create_environment_hook('motor_commands', 'pythonpath')
[28.623s] INFO:colcon.colcon_core.shell:Creating environment hook '/home/csanimatronics/CS_Animatronics/install/motor_commands/share/motor_commands/hook/pythonpath.ps1'
[28.623s] INFO:colcon.colcon_core.shell:Creating environment descriptor '/home/csanimatronics/CS_Animatronics/install/motor_commands/share/motor_commands/hook/pythonpath.dsv'
[28.624s] INFO:colcon.colcon_core.shell:Creating environment hook '/home/csanimatronics/CS_Animatronics/install/motor_commands/share/motor_commands/hook/pythonpath.sh'
[28.624s] Level 1:colcon.colcon_core.environment:checking '/home/csanimatronics/CS_Animatronics/install/motor_commands/bin'
[28.625s] INFO:colcon.colcon_core.shell:Creating package script '/home/csanimatronics/CS_Animatronics/install/motor_commands/share/motor_commands/package.ps1'
[28.625s] INFO:colcon.colcon_core.shell:Creating package descriptor '/home/csanimatronics/CS_Animatronics/install/motor_commands/share/motor_commands/package.dsv'
[28.626s] INFO:colcon.colcon_core.shell:Creating package script '/home/csanimatronics/CS_Animatronics/install/motor_commands/share/motor_commands/package.sh'
[28.627s] INFO:colcon.colcon_core.shell:Creating package script '/home/csanimatronics/CS_Animatronics/install/motor_commands/share/motor_commands/package.bash'
[28.627s] INFO:colcon.colcon_core.shell:Creating package script '/home/csanimatronics/CS_Animatronics/install/motor_commands/share/motor_commands/package.zsh'
[28.627s] Level 1:colcon.colcon_core.environment:create_file_with_runtime_dependencies(/home/csanimatronics/CS_Animatronics/install/motor_commands/share/colcon-core/packages/motor_commands)
[28.628s] Level 1:colcon.colcon_core.environment:create_environment_scripts_only(motor_commands)
[28.629s] Level 1:colcon.colcon_core.environment:checking '/home/csanimatronics/CS_Animatronics/install/motor_commands' for CMake module files
[28.629s] Level 1:colcon.colcon_core.environment:checking '/home/csanimatronics/CS_Animatronics/install/motor_commands' for CMake config files
[28.630s] Level 1:colcon.colcon_core.shell:create_environment_hook('motor_commands', 'cmake_prefix_path')
[28.630s] INFO:colcon.colcon_core.shell:Creating environment hook '/home/csanimatronics/CS_Animatronics/install/motor_commands/share/motor_commands/hook/cmake_prefix_path.ps1'
[28.631s] INFO:colcon.colcon_core.shell:Creating environment descriptor '/home/csanimatronics/CS_Animatronics/install/motor_commands/share/motor_commands/hook/cmake_prefix_path.dsv'
[28.631s] INFO:colcon.colcon_core.shell:Creating environment hook '/home/csanimatronics/CS_Animatronics/install/motor_commands/share/motor_commands/hook/cmake_prefix_path.sh'
[28.632s] Level 1:colcon.colcon_core.environment:checking '/home/csanimatronics/CS_Animatronics/install/motor_commands/lib'
[28.632s] Level 1:colcon.colcon_core.shell:create_environment_hook('motor_commands', 'ld_library_path_lib')
[28.633s] INFO:colcon.colcon_core.shell:Creating environment hook '/home/csanimatronics/CS_Animatronics/install/motor_commands/share/motor_commands/hook/ld_library_path_lib.ps1'
[28.633s] INFO:colcon.colcon_core.shell:Creating environment descriptor '/home/csanimatronics/CS_Animatronics/install/motor_commands/share/motor_commands/hook/ld_library_path_lib.dsv'
[28.634s] INFO:colcon.colcon_core.shell:Creating environment hook '/home/csanimatronics/CS_Animatronics/install/motor_commands/share/motor_commands/hook/ld_library_path_lib.sh'
[28.635s] Level 1:colcon.colcon_core.environment:checking '/home/csanimatronics/CS_Animatronics/install/motor_commands/bin'
[28.635s] Level 1:colcon.colcon_core.environment:checking '/home/csanimatronics/CS_Animatronics/install/motor_commands/lib/pkgconfig/motor_commands.pc'
[28.635s] Level 1:colcon.colcon_core.environment:checking '/home/csanimatronics/CS_Animatronics/install/motor_commands/lib/python3.12/site-packages'
[28.635s] Level 1:colcon.colcon_core.shell:create_environment_hook('motor_commands', 'pythonpath')
[28.635s] INFO:colcon.colcon_core.shell:Creating environment hook '/home/csanimatronics/CS_Animatronics/install/motor_commands/share/motor_commands/hook/pythonpath.ps1'
[28.636s] INFO:colcon.colcon_core.shell:Creating environment descriptor '/home/csanimatronics/CS_Animatronics/install/motor_commands/share/motor_commands/hook/pythonpath.dsv'
[28.636s] INFO:colcon.colcon_core.shell:Creating environment hook '/home/csanimatronics/CS_Animatronics/install/motor_commands/share/motor_commands/hook/pythonpath.sh'
[28.637s] Level 1:colcon.colcon_core.environment:checking '/home/csanimatronics/CS_Animatronics/install/motor_commands/bin'
[28.637s] INFO:colcon.colcon_core.shell:Creating package script '/home/csanimatronics/CS_Animatronics/install/motor_commands/share/motor_commands/package.ps1'
[28.638s] INFO:colcon.colcon_core.shell:Creating package descriptor '/home/csanimatronics/CS_Animatronics/install/motor_commands/share/motor_commands/package.dsv'
[28.639s] INFO:colcon.colcon_core.shell:Creating package script '/home/csanimatronics/CS_Animatronics/install/motor_commands/share/motor_commands/package.sh'
[28.640s] INFO:colcon.colcon_core.shell:Creating package script '/home/csanimatronics/CS_Animatronics/install/motor_commands/share/motor_commands/package.bash'
[28.640s] INFO:colcon.colcon_core.shell:Creating package script '/home/csanimatronics/CS_Animatronics/install/motor_commands/share/motor_commands/package.zsh'
[28.640s] Level 1:colcon.colcon_core.environment:create_file_with_runtime_dependencies(/home/csanimatronics/CS_Animatronics/install/motor_commands/share/colcon-core/packages/motor_commands)
[28.641s] INFO:colcon.colcon_ros.task.ament_python.build:Building ROS package in '/home/csanimatronics/CS_Animatronics/src/motion_editor' with build type 'ament_python'
[28.641s] Level 1:colcon.colcon_core.shell:create_environment_hook('motion_editor', 'ament_prefix_path')
[28.642s] INFO:colcon.colcon_core.shell:Creating environment hook '/home/csanimatronics/CS_Animatronics/install/motion_editor/share/motion_editor/hook/ament_prefix_path.ps1'
[28.644s] INFO:colcon.colcon_core.shell:Creating environment descriptor '/home/csanimatronics/CS_Animatronics/install/motion_editor/share/motion_editor/hook/ament_prefix_path.dsv'
[28.645s] INFO:colcon.colcon_core.shell:Creating environment hook '/home/csanimatronics/CS_Animatronics/install/motion_editor/share/motion_editor/hook/ament_prefix_path.sh'
[28.647s] INFO:colcon.colcon_core.shell:Skip shell extension 'powershell' for command environment: Not usable outside of PowerShell
[28.648s] DEBUG:colcon.colcon_core.shell:Skip shell extension 'dsv' for command environment
[28.655s] INFO:colcon.colcon_ros.task.ament_python.build:Building ROS package in '/home/csanimatronics/CS_Animatronics/src/motor_controller' with build type 'ament_python'
[28.655s] Level 1:colcon.colcon_core.shell:create_environment_hook('motor_controller', 'ament_prefix_path')
[28.656s] INFO:colcon.colcon_core.shell:Creating environment hook '/home/csanimatronics/CS_Animatronics/install/motor_controller/share/motor_controller/hook/ament_prefix_path.ps1'
[28.658s] INFO:colcon.colcon_core.shell:Creating environment descriptor '/home/csanimatronics/CS_Animatronics/install/motor_controller/share/motor_controller/hook/ament_prefix_path.dsv'
[28.661s] INFO:colcon.colcon_core.shell:Creating environment hook '/home/csanimatronics/CS_Animatronics/install/motor_controller/share/motor_controller/hook/ament_prefix_path.sh'
[28.663s] INFO:colcon.colcon_core.shell:Skip shell extension 'powershell' for command environment: Not usable outside of PowerShell
[28.663s] DEBUG:colcon.colcon_core.shell:Skip shell extension 'dsv' for command environment
[28.670s] INFO:colcon.colcon_ros.task.ament_python.build:Building ROS package in '/home/csanimatronics/CS_Animatronics/src/system_controller' with build type 'ament_python'
[28.671s] Level 1:colcon.colcon_core.shell:create_environment_hook('system_controller', 'ament_prefix_path')
[28.673s] INFO:colcon.colcon_core.shell:Creating environment hook '/home/csanimatronics/CS_Animatronics/install/system_controller/share/system_controller/hook/ament_prefix_path.ps1'
[28.675s] INFO:colcon.colcon_core.shell:Creating environment descriptor '/home/csanimatronics/CS_Animatronics/install/system_controller/share/system_controller/hook/ament_prefix_path.dsv'
[28.676s] INFO:colcon.colcon_core.shell:Creating environment hook '/home/csanimatronics/CS_Animatronics/install/system_controller/share/system_controller/hook/ament_prefix_path.sh'
[28.677s] INFO:colcon.colcon_core.shell:Skip shell extension 'powershell' for command environment: Not usable outside of PowerShell
[28.677s] DEBUG:colcon.colcon_core.shell:Skip shell extension 'dsv' for command environment
[29.057s] INFO:colcon.colcon_core.task.python.build:Building Python package in '/home/csanimatronics/CS_Animatronics/src/motion_editor'
[29.057s] INFO:colcon.colcon_core.shell:Skip shell extension 'powershell' for command environment: Not usable outside of PowerShell
[29.057s] DEBUG:colcon.colcon_core.shell:Skip shell extension 'dsv' for command environment
[29.396s] INFO:colcon.colcon_core.task.python.build:Building Python package in '/home/csanimatronics/CS_Animatronics/src/system_controller'
[29.396s] INFO:colcon.colcon_core.shell:Skip shell extension 'powershell' for command environment: Not usable outside of PowerShell
[29.396s] DEBUG:colcon.colcon_core.shell:Skip shell extension 'dsv' for command environment
[29.750s] INFO:colcon.colcon_core.task.python.build:Building Python package in '/home/csanimatronics/CS_Animatronics/src/motor_controller'
[29.750s] INFO:colcon.colcon_core.shell:Skip shell extension 'powershell' for command environment: Not usable outside of PowerShell
[29.750s] DEBUG:colcon.colcon_core.shell:Skip shell extension 'dsv' for command environment
[30.845s] DEBUG:colcon.colcon_core.event_handler.log_command:Invoking command in '/home/csanimatronics/CS_Animatronics/src/motor_controller': AMENT_PREFIX_PATH=/home/csanimatronics/CS_Animatronics/install/motor_commands:/home/csanimatronics/CS_Animatronics/install/dynamixel_sdk_custom_interfaces:/home/csanimatronics/CS_Animatronics/install/dynamixel_sdk:${AMENT_PREFIX_PATH} CMAKE_PREFIX_PATH=/home/csanimatronics/CS_Animatronics/install/motor_commands:/home/csanimatronics/CS_Animatronics/install/dynamixel_sdk_custom_interfaces:/home/csanimatronics/CS_Animatronics/install/dynamixel_sdk:${CMAKE_PREFIX_PATH} DEBUGINFOD_URLS=https://debuginfod.ubuntu.com LD_LIBRARY_PATH=/home/csanimatronics/CS_Animatronics/install/motor_commands/lib:/home/csanimatronics/CS_Animatronics/install/dynamixel_sdk_custom_interfaces/lib:/home/csanimatronics/CS_Animatronics/install/dynamixel_sdk/lib:${LD_LIBRARY_PATH} PYTHONPATH=/home/csanimatronics/CS_Animatronics/build/motor_controller/prefix_override:/usr/lib/python3/dist-packages/colcon_core/task/python/colcon_distutils_commands:/home/csanimatronics/CS_Animatronics/install/motor_controller/lib/python3.12/site-packages:/home/csanimatronics/CS_Animatronics/install/motor_commands/lib/python3.12/site-packages:/home/csanimatronics/CS_Animatronics/install/dynamixel_sdk_custom_interfaces/lib/python3.12/site-packages:${PYTHONPATH} /usr/bin/python3 -W ignore:setup.py install is deprecated -W ignore:easy_install command is deprecated setup.py egg_info --egg-base ../../build/motor_controller build --build-base /home/csanimatronics/CS_Animatronics/build/motor_controller/build install --record /home/csanimatronics/CS_Animatronics/build/motor_controller/install.log --single-version-externally-managed install_data
[30.849s] DEBUG:colcon.colcon_core.event_handler.log_command:Invoking command in '/home/csanimatronics/CS_Animatronics/src/motion_editor': AMENT_PREFIX_PATH=/home/csanimatronics/CS_Animatronics/install/motor_commands:${AMENT_PREFIX_PATH} CMAKE_PREFIX_PATH=/home/csanimatronics/CS_Animatronics/install/motor_commands:${CMAKE_PREFIX_PATH} DEBUGINFOD_URLS=https://debuginfod.ubuntu.com LD_LIBRARY_PATH=/home/csanimatronics/CS_Animatronics/install/motor_commands/lib:${LD_LIBRARY_PATH} PYTHONPATH=/home/csanimatronics/CS_Animatronics/build/motion_editor/prefix_override:/usr/lib/python3/dist-packages/colcon_core/task/python/colcon_distutils_commands:/home/csanimatronics/CS_Animatronics/install/motion_editor/lib/python3.12/site-packages:/home/csanimatronics/CS_Animatronics/install/motor_commands/lib/python3.12/site-packages:${PYTHONPATH} /usr/bin/python3 -W ignore:setup.py install is deprecated -W ignore:easy_install command is deprecated setup.py egg_info --egg-base ../../build/motion_editor build --build-base /home/csanimatronics/CS_Animatronics/build/motion_editor/build install --record /home/csanimatronics/CS_Animatronics/build/motion_editor/install.log --single-version-externally-managed install_data
[30.868s] DEBUG:colcon.colcon_core.event_handler.log_command:Invoking command in '/home/csanimatronics/CS_Animatronics/src/system_controller': AMENT_PREFIX_PATH=/home/csanimatronics/CS_Animatronics/install/motor_commands:${AMENT_PREFIX_PATH} CMAKE_PREFIX_PATH=/home/csanimatronics/CS_Animatronics/install/motor_commands:${CMAKE_PREFIX_PATH} DEBUGINFOD_URLS=https://debuginfod.ubuntu.com LD_LIBRARY_PATH=/home/csanimatronics/CS_Animatronics/install/motor_commands/lib:${LD_LIBRARY_PATH} PYTHONPATH=/home/csanimatronics/CS_Animatronics/build/system_controller/prefix_override:/usr/lib/python3/dist-packages/colcon_core/task/python/colcon_distutils_commands:/home/csanimatronics/CS_Animatronics/install/system_controller/lib/python3.12/site-packages:/home/csanimatronics/CS_Animatronics/install/motor_commands/lib/python3.12/site-packages:${PYTHONPATH} /usr/bin/python3 -W ignore:setup.py install is deprecated -W ignore:easy_install command is deprecated setup.py egg_info --egg-base ../../build/system_controller build --build-base /home/csanimatronics/CS_Animatronics/build/system_controller/build install --record /home/csanimatronics/CS_Animatronics/build/system_controller/install.log --single-version-externally-managed install_data
[31.824s] Level 1:colcon.colcon_core.environment:checking '/home/csanimatronics/CS_Animatronics/install/system_controller' for CMake module files
[31.825s] DEBUG:colcon.colcon_core.event_handler.log_command:Invoked command in '/home/csanimatronics/CS_Animatronics/src/system_controller' returned '0': AMENT_PREFIX_PATH=/home/csanimatronics/CS_Animatronics/install/motor_commands:${AMENT_PREFIX_PATH} CMAKE_PREFIX_PATH=/home/csanimatronics/CS_Animatronics/install/motor_commands:${CMAKE_PREFIX_PATH} DEBUGINFOD_URLS=https://debuginfod.ubuntu.com LD_LIBRARY_PATH=/home/csanimatronics/CS_Animatronics/install/motor_commands/lib:${LD_LIBRARY_PATH} PYTHONPATH=/home/csanimatronics/CS_Animatronics/build/system_controller/prefix_override:/usr/lib/python3/dist-packages/colcon_core/task/python/colcon_distutils_commands:/home/csanimatronics/CS_Animatronics/install/system_controller/lib/python3.12/site-packages:/home/csanimatronics/CS_Animatronics/install/motor_commands/lib/python3.12/site-packages:${PYTHONPATH} /usr/bin/python3 -W ignore:setup.py install is deprecated -W ignore:easy_install command is deprecated setup.py egg_info --egg-base ../../build/system_controller build --build-base /home/csanimatronics/CS_Animatronics/build/system_controller/build install --record /home/csanimatronics/CS_Animatronics/build/system_controller/install.log --single-version-externally-managed install_data
[31.825s] Level 1:colcon.colcon_core.environment:checking '/home/csanimatronics/CS_Animatronics/install/system_controller' for CMake config files
[31.826s] Level 1:colcon.colcon_core.environment:checking '/home/csanimatronics/CS_Animatronics/install/system_controller/lib'
[31.826s] Level 1:colcon.colcon_core.environment:checking '/home/csanimatronics/CS_Animatronics/install/system_controller/bin'
[31.826s] Level 1:colcon.colcon_core.environment:checking '/home/csanimatronics/CS_Animatronics/install/system_controller/lib/pkgconfig/system_controller.pc'
[31.827s] Level 1:colcon.colcon_core.environment:checking '/home/csanimatronics/CS_Animatronics/install/system_controller/lib/python3.12/site-packages'
[31.827s] Level 1:colcon.colcon_core.shell:create_environment_hook('system_controller', 'pythonpath')
[31.827s] INFO:colcon.colcon_core.shell:Creating environment hook '/home/csanimatronics/CS_Animatronics/install/system_controller/share/system_controller/hook/pythonpath.ps1'
[31.829s] INFO:colcon.colcon_core.shell:Creating environment descriptor '/home/csanimatronics/CS_Animatronics/install/system_controller/share/system_controller/hook/pythonpath.dsv'
[31.831s] INFO:colcon.colcon_core.shell:Creating environment hook '/home/csanimatronics/CS_Animatronics/install/system_controller/share/system_controller/hook/pythonpath.sh'
[31.833s] Level 1:colcon.colcon_core.environment:checking '/home/csanimatronics/CS_Animatronics/install/system_controller/bin'
[31.834s] Level 1:colcon.colcon_core.environment:create_environment_scripts_only(system_controller)
[31.835s] INFO:colcon.colcon_core.shell:Creating package script '/home/csanimatronics/CS_Animatronics/install/system_controller/share/system_controller/package.ps1'
[31.836s] INFO:colcon.colcon_core.shell:Creating package descriptor '/home/csanimatronics/CS_Animatronics/install/system_controller/share/system_controller/package.dsv'
[31.838s] INFO:colcon.colcon_core.shell:Creating package script '/home/csanimatronics/CS_Animatronics/install/system_controller/share/system_controller/package.sh'
[31.839s] INFO:colcon.colcon_core.shell:Creating package script '/home/csanimatronics/CS_Animatronics/install/system_controller/share/system_controller/package.bash'
[31.839s] INFO:colcon.colcon_core.shell:Creating package script '/home/csanimatronics/CS_Animatronics/install/system_controller/share/system_controller/package.zsh'
[31.840s] Level 1:colcon.colcon_core.environment:create_file_with_runtime_dependencies(/home/csanimatronics/CS_Animatronics/install/system_controller/share/colcon-core/packages/system_controller)
[31.841s] Level 1:colcon.colcon_core.environment:checking '/home/csanimatronics/CS_Animatronics/install/motor_controller' for CMake module files
[31.843s] DEBUG:colcon.colcon_core.event_handler.log_command:Invoked command in '/home/csanimatronics/CS_Animatronics/src/motor_controller' returned '0': AMENT_PREFIX_PATH=/home/csanimatronics/CS_Animatronics/install/motor_commands:/home/csanimatronics/CS_Animatronics/install/dynamixel_sdk_custom_interfaces:/home/csanimatronics/CS_Animatronics/install/dynamixel_sdk:${AMENT_PREFIX_PATH} CMAKE_PREFIX_PATH=/home/csanimatronics/CS_Animatronics/install/motor_commands:/home/csanimatronics/CS_Animatronics/install/dynamixel_sdk_custom_interfaces:/home/csanimatronics/CS_Animatronics/install/dynamixel_sdk:${CMAKE_PREFIX_PATH} DEBUGINFOD_URLS=https://debuginfod.ubuntu.com LD_LIBRARY_PATH=/home/csanimatronics/CS_Animatronics/install/motor_commands/lib:/home/csanimatronics/CS_Animatronics/install/dynamixel_sdk_custom_interfaces/lib:/home/csanimatronics/CS_Animatronics/install/dynamixel_sdk/lib:${LD_LIBRARY_PATH} PYTHONPATH=/home/csanimatronics/CS_Animatronics/build/motor_controller/prefix_override:/usr/lib/python3/dist-packages/colcon_core/task/python/colcon_distutils_commands:/home/csanimatronics/CS_Animatronics/install/motor_controller/lib/python3.12/site-packages:/home/csanimatronics/CS_Animatronics/install/motor_commands/lib/python3.12/site-packages:/home/csanimatronics/CS_Animatronics/install/dynamixel_sdk_custom_interfaces/lib/python3.12/site-packages:${PYTHONPATH} /usr/bin/python3 -W ignore:setup.py install is deprecated -W ignore:easy_install command is deprecated setup.py egg_info --egg-base ../../build/motor_controller build --build-base /home/csanimatronics/CS_Animatronics/build/motor_controller/build install --record /home/csanimatronics/CS_Animatronics/build/motor_controller/install.log --single-version-externally-managed install_data
[31.843s] Level 1:colcon.colcon_core.environment:checking '/home/csanimatronics/CS_Animatronics/install/motor_controller' for CMake config files
[31.844s] Level 1:colcon.colcon_core.environment:checking '/home/csanimatronics/CS_Animatronics/install/motor_controller/lib'
[31.844s] Level 1:colcon.colcon_core.environment:checking '/home/csanimatronics/CS_Animatronics/install/motor_controller/bin'
[31.844s] Level 1:colcon.colcon_core.environment:checking '/home/csanimatronics/CS_Animatronics/install/motor_controller/lib/pkgconfig/motor_controller.pc'
[31.845s] Level 1:colcon.colcon_core.environment:checking '/home/csanimatronics/CS_Animatronics/install/motor_controller/lib/python3.12/site-packages'
[31.845s] Level 1:colcon.colcon_core.shell:create_environment_hook('motor_controller', 'pythonpath')
[31.845s] INFO:colcon.colcon_core.shell:Creating environment hook '/home/csanimatronics/CS_Animatronics/install/motor_controller/share/motor_controller/hook/pythonpath.ps1'
[31.846s] INFO:colcon.colcon_core.shell:Creating environment descriptor '/home/csanimatronics/CS_Animatronics/install/motor_controller/share/motor_controller/hook/pythonpath.dsv'
[31.846s] INFO:colcon.colcon_core.shell:Creating environment hook '/home/csanimatronics/CS_Animatronics/install/motor_controller/share/motor_controller/hook/pythonpath.sh'
[31.847s] Level 1:colcon.colcon_core.environment:checking '/home/csanimatronics/CS_Animatronics/install/motor_controller/bin'
[31.848s] Level 1:colcon.colcon_core.environment:create_environment_scripts_only(motor_controller)
[31.848s] INFO:colcon.colcon_core.shell:Creating package script '/home/csanimatronics/CS_Animatronics/install/motor_controller/share/motor_controller/package.ps1'
[31.849s] INFO:colcon.colcon_core.shell:Creating package descriptor '/home/csanimatronics/CS_Animatronics/install/motor_controller/share/motor_controller/package.dsv'
[31.850s] INFO:colcon.colcon_core.shell:Creating package script '/home/csanimatronics/CS_Animatronics/install/motor_controller/share/motor_controller/package.sh'
[31.850s] INFO:colcon.colcon_core.shell:Creating package script '/home/csanimatronics/CS_Animatronics/install/motor_controller/share/motor_controller/package.bash'
[31.851s] INFO:colcon.colcon_core.shell:Creating package script '/home/csanimatronics/CS_Animatronics/install/motor_controller/share/motor_controller/package.zsh'
[31.851s] Level 1:colcon.colcon_core.environment:create_file_with_runtime_dependencies(/home/csanimatronics/CS_Animatronics/install/motor_controller/share/colcon-core/packages/motor_controller)
[31.901s] Level 1:colcon.colcon_core.environment:checking '/home/csanimatronics/CS_Animatronics/install/motion_editor' for CMake module files
[31.902s] DEBUG:colcon.colcon_core.event_handler.log_command:Invoked command in '/home/csanimatronics/CS_Animatronics/src/motion_editor' returned '0': AMENT_PREFIX_PATH=/home/csanimatronics/CS_Animatronics/install/motor_commands:${AMENT_PREFIX_PATH} CMAKE_PREFIX_PATH=/home/csanimatronics/CS_Animatronics/install/motor_commands:${CMAKE_PREFIX_PATH} DEBUGINFOD_URLS=https://debuginfod.ubuntu.com LD_LIBRARY_PATH=/home/csanimatronics/CS_Animatronics/install/motor_commands/lib:${LD_LIBRARY_PATH} PYTHONPATH=/home/csanimatronics/CS_Animatronics/build/motion_editor/prefix_override:/usr/lib/python3/dist-packages/colcon_core/task/python/colcon_distutils_commands:/home/csanimatronics/CS_Animatronics/install/motion_editor/lib/python3.12/site-packages:/home/csanimatronics/CS_Animatronics/install/motor_commands/lib/python3.12/site-packages:${PYTHONPATH} /usr/bin/python3 -W ignore:setup.py install is deprecated -W ignore:easy_install command is deprecated setup.py egg_info --egg-base ../../build/motion_editor build --build-base /home/csanimatronics/CS_Animatronics/build/motion_editor/build install --record /home/csanimatronics/CS_Animatronics/build/motion_editor/install.log --single-version-externally-managed install_data
[31.902s] Level 1:colcon.colcon_core.environment:checking '/home/csanimatronics/CS_Animatronics/install/motion_editor' for CMake config files
[31.903s] Level 1:colcon.colcon_core.environment:checking '/home/csanimatronics/CS_Animatronics/install/motion_editor/lib'
[31.903s] Level 1:colcon.colcon_core.environment:checking '/home/csanimatronics/CS_Animatronics/install/motion_editor/bin'
[31.903s] Level 1:colcon.colcon_core.environment:checking '/home/csanimatronics/CS_Animatronics/install/motion_editor/lib/pkgconfig/motion_editor.pc'
[31.903s] Level 1:colcon.colcon_core.environment:checking '/home/csanimatronics/CS_Animatronics/install/motion_editor/lib/python3.12/site-packages'
[31.904s] Level 1:colcon.colcon_core.shell:create_environment_hook('motion_editor', 'pythonpath')
[31.904s] INFO:colcon.colcon_core.shell:Creating environment hook '/home/csanimatronics/CS_Animatronics/install/motion_editor/share/motion_editor/hook/pythonpath.ps1'
[31.904s] INFO:colcon.colcon_core.shell:Creating environment descriptor '/home/csanimatronics/CS_Animatronics/install/motion_editor/share/motion_editor/hook/pythonpath.dsv'
[31.905s] INFO:colcon.colcon_core.shell:Creating environment hook '/home/csanimatronics/CS_Animatronics/install/motion_editor/share/motion_editor/hook/pythonpath.sh'
[31.905s] Level 1:colcon.colcon_core.environment:checking '/home/csanimatronics/CS_Animatronics/install/motion_editor/bin'
[31.905s] Level 1:colcon.colcon_core.environment:create_environment_scripts_only(motion_editor)
[31.906s] INFO:colcon.colcon_core.shell:Creating package script '/home/csanimatronics/CS_Animatronics/install/motion_editor/share/motion_editor/package.ps1'
[31.906s] INFO:colcon.colcon_core.shell:Creating package descriptor '/home/csanimatronics/CS_Animatronics/install/motion_editor/share/motion_editor/package.dsv'
[31.907s] INFO:colcon.colcon_core.shell:Creating package script '/home/csanimatronics/CS_Animatronics/install/motion_editor/share/motion_editor/package.sh'
[31.907s] INFO:colcon.colcon_core.shell:Creating package script '/home/csanimatronics/CS_Animatronics/install/motion_editor/share/motion_editor/package.bash'
[31.907s] INFO:colcon.colcon_core.shell:Creating package script '/home/csanimatronics/CS_Animatronics/install/motion_editor/share/motion_editor/package.zsh'
[31.908s] Level 1:colcon.colcon_core.environment:create_file_with_runtime_dependencies(/home/csanimatronics/CS_Animatronics/install/motion_editor/share/colcon-core/packages/motion_editor)
[31.908s] DEBUG:colcon.colcon_parallel_executor.executor.parallel:closing loop
[31.909s] DEBUG:colcon.colcon_parallel_executor.executor.parallel:loop closed
[31.909s] DEBUG:colcon.colcon_parallel_executor.executor.parallel:run_until_complete finished with '0'
[31.909s] DEBUG:colcon.colcon_core.event_reactor:joining thread
[31.937s] INFO:colcon.colcon_core.plugin_system:Skipping extension 'colcon_notification.desktop_notification.terminal_notifier': Not used on non-Darwin systems
[31.938s] INFO:colcon.colcon_core.plugin_system:Skipping extension 'colcon_notification.desktop_notification.win32': Not used on non-Windows systems
[31.938s] INFO:colcon.colcon_notification.desktop_notification:Sending desktop notification using 'notify2'
[31.979s] DEBUG:colcon.colcon_core.event_reactor:joined thread
[31.980s] INFO:colcon.colcon_core.shell:Creating prefix script '/home/csanimatronics/CS_Animatronics/install/local_setup.ps1'
[31.983s] INFO:colcon.colcon_core.shell:Creating prefix util module '/home/csanimatronics/CS_Animatronics/install/_local_setup_util_ps1.py'
[31.988s] INFO:colcon.colcon_core.shell:Creating prefix chain script '/home/csanimatronics/CS_Animatronics/install/setup.ps1'
[31.992s] INFO:colcon.colcon_core.shell:Creating prefix script '/home/csanimatronics/CS_Animatronics/install/local_setup.sh'
[31.995s] INFO:colcon.colcon_core.shell:Creating prefix util module '/home/csanimatronics/CS_Animatronics/install/_local_setup_util_sh.py'
[31.997s] INFO:colcon.colcon_core.shell:Creating prefix chain script '/home/csanimatronics/CS_Animatronics/install/setup.sh'
[31.998s] INFO:colcon.colcon_core.shell:Creating prefix script '/home/csanimatronics/CS_Animatronics/install/local_setup.bash'
[31.999s] INFO:colcon.colcon_core.shell:Creating prefix chain script '/home/csanimatronics/CS_Animatronics/install/setup.bash'
[32.002s] INFO:colcon.colcon_core.shell:Creating prefix script '/home/csanimatronics/CS_Animatronics/install/local_setup.zsh'
[32.005s] INFO:colcon.colcon_core.shell:Creating prefix chain script '/home/csanimatronics/CS_Animatronics/install/setup.zsh'
