[0.077s] DEBUG:colcon:Command line arguments: ['/usr/bin/colcon', 'build']
[0.077s] DEBUG:colcon:Parsed command line arguments: Namespace(log_base=None, log_level=None, verb_name='build', build_base='build', install_base='install', merge_install=False, symlink_install=False, test_result_base=None, continue_on_error=False, executor='parallel', parallel_workers=20, event_handlers=None, ignore_user_meta=False, metas=['./colcon.meta'], base_paths=['.'], packages_ignore=None, packages_ignore_regex=None, paths=None, packages_up_to=None, packages_up_to_regex=None, packages_above=None, packages_above_and_dependencies=None, packages_above_depth=None, packages_select_by_dep=None, packages_skip_by_dep=None, packages_skip_up_to=None, packages_select_build_failed=False, packages_skip_build_finished=False, packages_select_test_failures=False, packages_skip_test_passed=False, packages_select=None, packages_skip=None, packages_select_regex=None, packages_skip_regex=None, packages_start=None, packages_end=None, allow_overriding=[], cmake_args=None, cmake_target=None, cmake_target_skip_unavailable=False, cmake_clean_cache=False, cmake_clean_first=False, cmake_force_configure=False, ament_cmake_args=None, catkin_cmake_args=None, catkin_skip_building_tests=False, mixin_files=None, mixin=None, verb_parser=<colcon_mixin.mixin.mixin_argument.MixinArgumentDecorator object at 0x7b83f6c7ffe0>, verb_extension=<colcon_core.verb.build.BuildVerb object at 0x7b83f6dcc140>, main=<bound method BuildVerb.main of <colcon_core.verb.build.BuildVerb object at 0x7b83f6dcc140>>, mixin_verb=('build',))
[0.103s] Level 1:colcon.colcon_core.package_discovery:discover_packages(colcon_meta) check parameters
[0.103s] Level 1:colcon.colcon_core.package_discovery:discover_packages(recursive) check parameters
[0.103s] Level 1:colcon.colcon_core.package_discovery:discover_packages(ignore) check parameters
[0.103s] Level 1:colcon.colcon_core.package_discovery:discover_packages(path) check parameters
[0.103s] Level 1:colcon.colcon_core.package_discovery:discover_packages(colcon_meta) discover
[0.103s] Level 1:colcon.colcon_core.package_discovery:discover_packages(recursive) discover
[0.103s] INFO:colcon.colcon_core.package_discovery:Crawling recursively for packages in '/home/cvl/CS_Animatronics/src'
[0.103s] Level 1:colcon.colcon_core.package_identification:_identify(.) by extensions ['ignore', 'ignore_ament_install']
[0.103s] Level 1:colcon.colcon_core.package_identification:_identify(.) by extension 'ignore'
[0.103s] Level 1:colcon.colcon_core.package_identification:_identify(.) by extension 'ignore_ament_install'
[0.103s] Level 1:colcon.colcon_core.package_identification:_identify(.) by extensions ['colcon_pkg']
[0.103s] Level 1:colcon.colcon_core.package_identification:_identify(.) by extension 'colcon_pkg'
[0.103s] Level 1:colcon.colcon_core.package_identification:_identify(.) by extensions ['colcon_meta']
[0.103s] Level 1:colcon.colcon_core.package_identification:_identify(.) by extension 'colcon_meta'
[0.103s] Level 1:colcon.colcon_core.package_identification:_identify(.) by extensions ['ros']
[0.103s] Level 1:colcon.colcon_core.package_identification:_identify(.) by extension 'ros'
[0.120s] Level 1:colcon.colcon_core.package_identification:_identify(.) by extensions ['cmake', 'python']
[0.120s] Level 1:colcon.colcon_core.package_identification:_identify(.) by extension 'cmake'
[0.120s] Level 1:colcon.colcon_core.package_identification:_identify(.) by extension 'python'
[0.120s] Level 1:colcon.colcon_core.package_identification:_identify(.) by extensions ['python_setup_py']
[0.120s] Level 1:colcon.colcon_core.package_identification:_identify(.) by extension 'python_setup_py'
[0.120s] Level 1:colcon.colcon_core.package_identification:_identify(DeepLabCut) by extensions ['ignore', 'ignore_ament_install']
[0.121s] Level 1:colcon.colcon_core.package_identification:_identify(DeepLabCut) by extension 'ignore'
[0.121s] Level 1:colcon.colcon_core.package_identification:_identify(DeepLabCut) by extension 'ignore_ament_install'
[0.121s] Level 1:colcon.colcon_core.package_identification:_identify(DeepLabCut) by extensions ['colcon_pkg']
[0.121s] Level 1:colcon.colcon_core.package_identification:_identify(DeepLabCut) by extension 'colcon_pkg'
[0.121s] Level 1:colcon.colcon_core.package_identification:_identify(DeepLabCut) by extensions ['colcon_meta']
[0.121s] Level 1:colcon.colcon_core.package_identification:_identify(DeepLabCut) by extension 'colcon_meta'
[0.121s] Level 1:colcon.colcon_core.package_identification:_identify(DeepLabCut) by extensions ['ros']
[0.121s] Level 1:colcon.colcon_core.package_identification:_identify(DeepLabCut) by extension 'ros'
[0.121s] Level 1:colcon.colcon_core.package_identification:_identify(DeepLabCut) by extensions ['cmake', 'python']
[0.121s] Level 1:colcon.colcon_core.package_identification:_identify(DeepLabCut) by extension 'cmake'
[0.121s] Level 1:colcon.colcon_core.package_identification:_identify(DeepLabCut) by extension 'python'
[0.121s] Level 1:colcon.colcon_core.package_identification:_identify(DeepLabCut) by extensions ['python_setup_py']
[0.121s] Level 1:colcon.colcon_core.package_identification:_identify(DeepLabCut) by extension 'python_setup_py'
[0.121s] Level 1:colcon.colcon_core.package_identification:_identify(DeepLabCut/Animatronics-Ryo-2024-12-17) by extensions ['ignore', 'ignore_ament_install']
[0.121s] Level 1:colcon.colcon_core.package_identification:_identify(DeepLabCut/Animatronics-Ryo-2024-12-17) by extension 'ignore'
[0.121s] Level 1:colcon.colcon_core.package_identification:_identify(DeepLabCut/Animatronics-Ryo-2024-12-17) by extension 'ignore_ament_install'
[0.121s] Level 1:colcon.colcon_core.package_identification:_identify(DeepLabCut/Animatronics-Ryo-2024-12-17) by extensions ['colcon_pkg']
[0.121s] Level 1:colcon.colcon_core.package_identification:_identify(DeepLabCut/Animatronics-Ryo-2024-12-17) by extension 'colcon_pkg'
[0.121s] Level 1:colcon.colcon_core.package_identification:_identify(DeepLabCut/Animatronics-Ryo-2024-12-17) by extensions ['colcon_meta']
[0.121s] Level 1:colcon.colcon_core.package_identification:_identify(DeepLabCut/Animatronics-Ryo-2024-12-17) by extension 'colcon_meta'
[0.121s] Level 1:colcon.colcon_core.package_identification:_identify(DeepLabCut/Animatronics-Ryo-2024-12-17) by extensions ['ros']
[0.121s] Level 1:colcon.colcon_core.package_identification:_identify(DeepLabCut/Animatronics-Ryo-2024-12-17) by extension 'ros'
[0.121s] Level 1:colcon.colcon_core.package_identification:_identify(DeepLabCut/Animatronics-Ryo-2024-12-17) by extensions ['cmake', 'python']
[0.121s] Level 1:colcon.colcon_core.package_identification:_identify(DeepLabCut/Animatronics-Ryo-2024-12-17) by extension 'cmake'
[0.121s] Level 1:colcon.colcon_core.package_identification:_identify(DeepLabCut/Animatronics-Ryo-2024-12-17) by extension 'python'
[0.121s] Level 1:colcon.colcon_core.package_identification:_identify(DeepLabCut/Animatronics-Ryo-2024-12-17) by extensions ['python_setup_py']
[0.121s] Level 1:colcon.colcon_core.package_identification:_identify(DeepLabCut/Animatronics-Ryo-2024-12-17) by extension 'python_setup_py'
[0.121s] Level 1:colcon.colcon_core.package_identification:_identify(DeepLabCut/Animatronics-Ryo-2024-12-17/dlc-models-pytorch) by extensions ['ignore', 'ignore_ament_install']
[0.122s] Level 1:colcon.colcon_core.package_identification:_identify(DeepLabCut/Animatronics-Ryo-2024-12-17/dlc-models-pytorch) by extension 'ignore'
[0.122s] Level 1:colcon.colcon_core.package_identification:_identify(DeepLabCut/Animatronics-Ryo-2024-12-17/dlc-models-pytorch) by extension 'ignore_ament_install'
[0.122s] Level 1:colcon.colcon_core.package_identification:_identify(DeepLabCut/Animatronics-Ryo-2024-12-17/dlc-models-pytorch) by extensions ['colcon_pkg']
[0.122s] Level 1:colcon.colcon_core.package_identification:_identify(DeepLabCut/Animatronics-Ryo-2024-12-17/dlc-models-pytorch) by extension 'colcon_pkg'
[0.122s] Level 1:colcon.colcon_core.package_identification:_identify(DeepLabCut/Animatronics-Ryo-2024-12-17/dlc-models-pytorch) by extensions ['colcon_meta']
[0.122s] Level 1:colcon.colcon_core.package_identification:_identify(DeepLabCut/Animatronics-Ryo-2024-12-17/dlc-models-pytorch) by extension 'colcon_meta'
[0.122s] Level 1:colcon.colcon_core.package_identification:_identify(DeepLabCut/Animatronics-Ryo-2024-12-17/dlc-models-pytorch) by extensions ['ros']
[0.122s] Level 1:colcon.colcon_core.package_identification:_identify(DeepLabCut/Animatronics-Ryo-2024-12-17/dlc-models-pytorch) by extension 'ros'
[0.122s] Level 1:colcon.colcon_core.package_identification:_identify(DeepLabCut/Animatronics-Ryo-2024-12-17/dlc-models-pytorch) by extensions ['cmake', 'python']
[0.122s] Level 1:colcon.colcon_core.package_identification:_identify(DeepLabCut/Animatronics-Ryo-2024-12-17/dlc-models-pytorch) by extension 'cmake'
[0.122s] Level 1:colcon.colcon_core.package_identification:_identify(DeepLabCut/Animatronics-Ryo-2024-12-17/dlc-models-pytorch) by extension 'python'
[0.122s] Level 1:colcon.colcon_core.package_identification:_identify(DeepLabCut/Animatronics-Ryo-2024-12-17/dlc-models-pytorch) by extensions ['python_setup_py']
[0.122s] Level 1:colcon.colcon_core.package_identification:_identify(DeepLabCut/Animatronics-Ryo-2024-12-17/dlc-models-pytorch) by extension 'python_setup_py'
[0.122s] Level 1:colcon.colcon_core.package_identification:_identify(DeepLabCut/Animatronics-Ryo-2024-12-17/dlc-models-pytorch/iteration-0) by extensions ['ignore', 'ignore_ament_install']
[0.122s] Level 1:colcon.colcon_core.package_identification:_identify(DeepLabCut/Animatronics-Ryo-2024-12-17/dlc-models-pytorch/iteration-0) by extension 'ignore'
[0.122s] Level 1:colcon.colcon_core.package_identification:_identify(DeepLabCut/Animatronics-Ryo-2024-12-17/dlc-models-pytorch/iteration-0) by extension 'ignore_ament_install'
[0.122s] Level 1:colcon.colcon_core.package_identification:_identify(DeepLabCut/Animatronics-Ryo-2024-12-17/dlc-models-pytorch/iteration-0) by extensions ['colcon_pkg']
[0.122s] Level 1:colcon.colcon_core.package_identification:_identify(DeepLabCut/Animatronics-Ryo-2024-12-17/dlc-models-pytorch/iteration-0) by extension 'colcon_pkg'
[0.122s] Level 1:colcon.colcon_core.package_identification:_identify(DeepLabCut/Animatronics-Ryo-2024-12-17/dlc-models-pytorch/iteration-0) by extensions ['colcon_meta']
[0.122s] Level 1:colcon.colcon_core.package_identification:_identify(DeepLabCut/Animatronics-Ryo-2024-12-17/dlc-models-pytorch/iteration-0) by extension 'colcon_meta'
[0.122s] Level 1:colcon.colcon_core.package_identification:_identify(DeepLabCut/Animatronics-Ryo-2024-12-17/dlc-models-pytorch/iteration-0) by extensions ['ros']
[0.122s] Level 1:colcon.colcon_core.package_identification:_identify(DeepLabCut/Animatronics-Ryo-2024-12-17/dlc-models-pytorch/iteration-0) by extension 'ros'
[0.122s] Level 1:colcon.colcon_core.package_identification:_identify(DeepLabCut/Animatronics-Ryo-2024-12-17/dlc-models-pytorch/iteration-0) by extensions ['cmake', 'python']
[0.122s] Level 1:colcon.colcon_core.package_identification:_identify(DeepLabCut/Animatronics-Ryo-2024-12-17/dlc-models-pytorch/iteration-0) by extension 'cmake'
[0.122s] Level 1:colcon.colcon_core.package_identification:_identify(DeepLabCut/Animatronics-Ryo-2024-12-17/dlc-models-pytorch/iteration-0) by extension 'python'
[0.122s] Level 1:colcon.colcon_core.package_identification:_identify(DeepLabCut/Animatronics-Ryo-2024-12-17/dlc-models-pytorch/iteration-0) by extensions ['python_setup_py']
[0.122s] Level 1:colcon.colcon_core.package_identification:_identify(DeepLabCut/Animatronics-Ryo-2024-12-17/dlc-models-pytorch/iteration-0) by extension 'python_setup_py'
[0.123s] Level 1:colcon.colcon_core.package_identification:_identify(DeepLabCut/Animatronics-Ryo-2024-12-17/dlc-models-pytorch/iteration-0/AnimatronicsDec17-trainset95shuffle1) by extensions ['ignore', 'ignore_ament_install']
[0.123s] Level 1:colcon.colcon_core.package_identification:_identify(DeepLabCut/Animatronics-Ryo-2024-12-17/dlc-models-pytorch/iteration-0/AnimatronicsDec17-trainset95shuffle1) by extension 'ignore'
[0.123s] Level 1:colcon.colcon_core.package_identification:_identify(DeepLabCut/Animatronics-Ryo-2024-12-17/dlc-models-pytorch/iteration-0/AnimatronicsDec17-trainset95shuffle1) by extension 'ignore_ament_install'
[0.123s] Level 1:colcon.colcon_core.package_identification:_identify(DeepLabCut/Animatronics-Ryo-2024-12-17/dlc-models-pytorch/iteration-0/AnimatronicsDec17-trainset95shuffle1) by extensions ['colcon_pkg']
[0.123s] Level 1:colcon.colcon_core.package_identification:_identify(DeepLabCut/Animatronics-Ryo-2024-12-17/dlc-models-pytorch/iteration-0/AnimatronicsDec17-trainset95shuffle1) by extension 'colcon_pkg'
[0.123s] Level 1:colcon.colcon_core.package_identification:_identify(DeepLabCut/Animatronics-Ryo-2024-12-17/dlc-models-pytorch/iteration-0/AnimatronicsDec17-trainset95shuffle1) by extensions ['colcon_meta']
[0.123s] Level 1:colcon.colcon_core.package_identification:_identify(DeepLabCut/Animatronics-Ryo-2024-12-17/dlc-models-pytorch/iteration-0/AnimatronicsDec17-trainset95shuffle1) by extension 'colcon_meta'
[0.123s] Level 1:colcon.colcon_core.package_identification:_identify(DeepLabCut/Animatronics-Ryo-2024-12-17/dlc-models-pytorch/iteration-0/AnimatronicsDec17-trainset95shuffle1) by extensions ['ros']
[0.123s] Level 1:colcon.colcon_core.package_identification:_identify(DeepLabCut/Animatronics-Ryo-2024-12-17/dlc-models-pytorch/iteration-0/AnimatronicsDec17-trainset95shuffle1) by extension 'ros'
[0.123s] Level 1:colcon.colcon_core.package_identification:_identify(DeepLabCut/Animatronics-Ryo-2024-12-17/dlc-models-pytorch/iteration-0/AnimatronicsDec17-trainset95shuffle1) by extensions ['cmake', 'python']
[0.123s] Level 1:colcon.colcon_core.package_identification:_identify(DeepLabCut/Animatronics-Ryo-2024-12-17/dlc-models-pytorch/iteration-0/AnimatronicsDec17-trainset95shuffle1) by extension 'cmake'
[0.123s] Level 1:colcon.colcon_core.package_identification:_identify(DeepLabCut/Animatronics-Ryo-2024-12-17/dlc-models-pytorch/iteration-0/AnimatronicsDec17-trainset95shuffle1) by extension 'python'
[0.123s] Level 1:colcon.colcon_core.package_identification:_identify(DeepLabCut/Animatronics-Ryo-2024-12-17/dlc-models-pytorch/iteration-0/AnimatronicsDec17-trainset95shuffle1) by extensions ['python_setup_py']
[0.123s] Level 1:colcon.colcon_core.package_identification:_identify(DeepLabCut/Animatronics-Ryo-2024-12-17/dlc-models-pytorch/iteration-0/AnimatronicsDec17-trainset95shuffle1) by extension 'python_setup_py'
[0.123s] Level 1:colcon.colcon_core.package_identification:_identify(DeepLabCut/Animatronics-Ryo-2024-12-17/dlc-models-pytorch/iteration-0/AnimatronicsDec17-trainset95shuffle1/test) by extensions ['ignore', 'ignore_ament_install']
[0.123s] Level 1:colcon.colcon_core.package_identification:_identify(DeepLabCut/Animatronics-Ryo-2024-12-17/dlc-models-pytorch/iteration-0/AnimatronicsDec17-trainset95shuffle1/test) by extension 'ignore'
[0.123s] Level 1:colcon.colcon_core.package_identification:_identify(DeepLabCut/Animatronics-Ryo-2024-12-17/dlc-models-pytorch/iteration-0/AnimatronicsDec17-trainset95shuffle1/test) by extension 'ignore_ament_install'
[0.123s] Level 1:colcon.colcon_core.package_identification:_identify(DeepLabCut/Animatronics-Ryo-2024-12-17/dlc-models-pytorch/iteration-0/AnimatronicsDec17-trainset95shuffle1/test) by extensions ['colcon_pkg']
[0.123s] Level 1:colcon.colcon_core.package_identification:_identify(DeepLabCut/Animatronics-Ryo-2024-12-17/dlc-models-pytorch/iteration-0/AnimatronicsDec17-trainset95shuffle1/test) by extension 'colcon_pkg'
[0.123s] Level 1:colcon.colcon_core.package_identification:_identify(DeepLabCut/Animatronics-Ryo-2024-12-17/dlc-models-pytorch/iteration-0/AnimatronicsDec17-trainset95shuffle1/test) by extensions ['colcon_meta']
[0.123s] Level 1:colcon.colcon_core.package_identification:_identify(DeepLabCut/Animatronics-Ryo-2024-12-17/dlc-models-pytorch/iteration-0/AnimatronicsDec17-trainset95shuffle1/test) by extension 'colcon_meta'
[0.123s] Level 1:colcon.colcon_core.package_identification:_identify(DeepLabCut/Animatronics-Ryo-2024-12-17/dlc-models-pytorch/iteration-0/AnimatronicsDec17-trainset95shuffle1/test) by extensions ['ros']
[0.123s] Level 1:colcon.colcon_core.package_identification:_identify(DeepLabCut/Animatronics-Ryo-2024-12-17/dlc-models-pytorch/iteration-0/AnimatronicsDec17-trainset95shuffle1/test) by extension 'ros'
[0.123s] Level 1:colcon.colcon_core.package_identification:_identify(DeepLabCut/Animatronics-Ryo-2024-12-17/dlc-models-pytorch/iteration-0/AnimatronicsDec17-trainset95shuffle1/test) by extensions ['cmake', 'python']
[0.123s] Level 1:colcon.colcon_core.package_identification:_identify(DeepLabCut/Animatronics-Ryo-2024-12-17/dlc-models-pytorch/iteration-0/AnimatronicsDec17-trainset95shuffle1/test) by extension 'cmake'
[0.123s] Level 1:colcon.colcon_core.package_identification:_identify(DeepLabCut/Animatronics-Ryo-2024-12-17/dlc-models-pytorch/iteration-0/AnimatronicsDec17-trainset95shuffle1/test) by extension 'python'
[0.124s] Level 1:colcon.colcon_core.package_identification:_identify(DeepLabCut/Animatronics-Ryo-2024-12-17/dlc-models-pytorch/iteration-0/AnimatronicsDec17-trainset95shuffle1/test) by extensions ['python_setup_py']
[0.124s] Level 1:colcon.colcon_core.package_identification:_identify(DeepLabCut/Animatronics-Ryo-2024-12-17/dlc-models-pytorch/iteration-0/AnimatronicsDec17-trainset95shuffle1/test) by extension 'python_setup_py'
[0.124s] Level 1:colcon.colcon_core.package_identification:_identify(DeepLabCut/Animatronics-Ryo-2024-12-17/dlc-models-pytorch/iteration-0/AnimatronicsDec17-trainset95shuffle1/train) by extensions ['ignore', 'ignore_ament_install']
[0.124s] Level 1:colcon.colcon_core.package_identification:_identify(DeepLabCut/Animatronics-Ryo-2024-12-17/dlc-models-pytorch/iteration-0/AnimatronicsDec17-trainset95shuffle1/train) by extension 'ignore'
[0.124s] Level 1:colcon.colcon_core.package_identification:_identify(DeepLabCut/Animatronics-Ryo-2024-12-17/dlc-models-pytorch/iteration-0/AnimatronicsDec17-trainset95shuffle1/train) by extension 'ignore_ament_install'
[0.124s] Level 1:colcon.colcon_core.package_identification:_identify(DeepLabCut/Animatronics-Ryo-2024-12-17/dlc-models-pytorch/iteration-0/AnimatronicsDec17-trainset95shuffle1/train) by extensions ['colcon_pkg']
[0.124s] Level 1:colcon.colcon_core.package_identification:_identify(DeepLabCut/Animatronics-Ryo-2024-12-17/dlc-models-pytorch/iteration-0/AnimatronicsDec17-trainset95shuffle1/train) by extension 'colcon_pkg'
[0.124s] Level 1:colcon.colcon_core.package_identification:_identify(DeepLabCut/Animatronics-Ryo-2024-12-17/dlc-models-pytorch/iteration-0/AnimatronicsDec17-trainset95shuffle1/train) by extensions ['colcon_meta']
[0.124s] Level 1:colcon.colcon_core.package_identification:_identify(DeepLabCut/Animatronics-Ryo-2024-12-17/dlc-models-pytorch/iteration-0/AnimatronicsDec17-trainset95shuffle1/train) by extension 'colcon_meta'
[0.124s] Level 1:colcon.colcon_core.package_identification:_identify(DeepLabCut/Animatronics-Ryo-2024-12-17/dlc-models-pytorch/iteration-0/AnimatronicsDec17-trainset95shuffle1/train) by extensions ['ros']
[0.124s] Level 1:colcon.colcon_core.package_identification:_identify(DeepLabCut/Animatronics-Ryo-2024-12-17/dlc-models-pytorch/iteration-0/AnimatronicsDec17-trainset95shuffle1/train) by extension 'ros'
[0.124s] Level 1:colcon.colcon_core.package_identification:_identify(DeepLabCut/Animatronics-Ryo-2024-12-17/dlc-models-pytorch/iteration-0/AnimatronicsDec17-trainset95shuffle1/train) by extensions ['cmake', 'python']
[0.124s] Level 1:colcon.colcon_core.package_identification:_identify(DeepLabCut/Animatronics-Ryo-2024-12-17/dlc-models-pytorch/iteration-0/AnimatronicsDec17-trainset95shuffle1/train) by extension 'cmake'
[0.124s] Level 1:colcon.colcon_core.package_identification:_identify(DeepLabCut/Animatronics-Ryo-2024-12-17/dlc-models-pytorch/iteration-0/AnimatronicsDec17-trainset95shuffle1/train) by extension 'python'
[0.124s] Level 1:colcon.colcon_core.package_identification:_identify(DeepLabCut/Animatronics-Ryo-2024-12-17/dlc-models-pytorch/iteration-0/AnimatronicsDec17-trainset95shuffle1/train) by extensions ['python_setup_py']
[0.124s] Level 1:colcon.colcon_core.package_identification:_identify(DeepLabCut/Animatronics-Ryo-2024-12-17/dlc-models-pytorch/iteration-0/AnimatronicsDec17-trainset95shuffle1/train) by extension 'python_setup_py'
[0.124s] Level 1:colcon.colcon_core.package_identification:_identify(DeepLabCut/Animatronics-Ryo-2024-12-17/evaluation-results-pytorch) by extensions ['ignore', 'ignore_ament_install']
[0.124s] Level 1:colcon.colcon_core.package_identification:_identify(DeepLabCut/Animatronics-Ryo-2024-12-17/evaluation-results-pytorch) by extension 'ignore'
[0.124s] Level 1:colcon.colcon_core.package_identification:_identify(DeepLabCut/Animatronics-Ryo-2024-12-17/evaluation-results-pytorch) by extension 'ignore_ament_install'
[0.124s] Level 1:colcon.colcon_core.package_identification:_identify(DeepLabCut/Animatronics-Ryo-2024-12-17/evaluation-results-pytorch) by extensions ['colcon_pkg']
[0.124s] Level 1:colcon.colcon_core.package_identification:_identify(DeepLabCut/Animatronics-Ryo-2024-12-17/evaluation-results-pytorch) by extension 'colcon_pkg'
[0.124s] Level 1:colcon.colcon_core.package_identification:_identify(DeepLabCut/Animatronics-Ryo-2024-12-17/evaluation-results-pytorch) by extensions ['colcon_meta']
[0.124s] Level 1:colcon.colcon_core.package_identification:_identify(DeepLabCut/Animatronics-Ryo-2024-12-17/evaluation-results-pytorch) by extension 'colcon_meta'
[0.124s] Level 1:colcon.colcon_core.package_identification:_identify(DeepLabCut/Animatronics-Ryo-2024-12-17/evaluation-results-pytorch) by extensions ['ros']
[0.124s] Level 1:colcon.colcon_core.package_identification:_identify(DeepLabCut/Animatronics-Ryo-2024-12-17/evaluation-results-pytorch) by extension 'ros'
[0.124s] Level 1:colcon.colcon_core.package_identification:_identify(DeepLabCut/Animatronics-Ryo-2024-12-17/evaluation-results-pytorch) by extensions ['cmake', 'python']
[0.125s] Level 1:colcon.colcon_core.package_identification:_identify(DeepLabCut/Animatronics-Ryo-2024-12-17/evaluation-results-pytorch) by extension 'cmake'
[0.125s] Level 1:colcon.colcon_core.package_identification:_identify(DeepLabCut/Animatronics-Ryo-2024-12-17/evaluation-results-pytorch) by extension 'python'
[0.125s] Level 1:colcon.colcon_core.package_identification:_identify(DeepLabCut/Animatronics-Ryo-2024-12-17/evaluation-results-pytorch) by extensions ['python_setup_py']
[0.125s] Level 1:colcon.colcon_core.package_identification:_identify(DeepLabCut/Animatronics-Ryo-2024-12-17/evaluation-results-pytorch) by extension 'python_setup_py'
[0.125s] Level 1:colcon.colcon_core.package_identification:_identify(DeepLabCut/Animatronics-Ryo-2024-12-17/evaluation-results-pytorch/iteration-0) by extensions ['ignore', 'ignore_ament_install']
[0.125s] Level 1:colcon.colcon_core.package_identification:_identify(DeepLabCut/Animatronics-Ryo-2024-12-17/evaluation-results-pytorch/iteration-0) by extension 'ignore'
[0.125s] Level 1:colcon.colcon_core.package_identification:_identify(DeepLabCut/Animatronics-Ryo-2024-12-17/evaluation-results-pytorch/iteration-0) by extension 'ignore_ament_install'
[0.125s] Level 1:colcon.colcon_core.package_identification:_identify(DeepLabCut/Animatronics-Ryo-2024-12-17/evaluation-results-pytorch/iteration-0) by extensions ['colcon_pkg']
[0.125s] Level 1:colcon.colcon_core.package_identification:_identify(DeepLabCut/Animatronics-Ryo-2024-12-17/evaluation-results-pytorch/iteration-0) by extension 'colcon_pkg'
[0.125s] Level 1:colcon.colcon_core.package_identification:_identify(DeepLabCut/Animatronics-Ryo-2024-12-17/evaluation-results-pytorch/iteration-0) by extensions ['colcon_meta']
[0.125s] Level 1:colcon.colcon_core.package_identification:_identify(DeepLabCut/Animatronics-Ryo-2024-12-17/evaluation-results-pytorch/iteration-0) by extension 'colcon_meta'
[0.125s] Level 1:colcon.colcon_core.package_identification:_identify(DeepLabCut/Animatronics-Ryo-2024-12-17/evaluation-results-pytorch/iteration-0) by extensions ['ros']
[0.125s] Level 1:colcon.colcon_core.package_identification:_identify(DeepLabCut/Animatronics-Ryo-2024-12-17/evaluation-results-pytorch/iteration-0) by extension 'ros'
[0.125s] Level 1:colcon.colcon_core.package_identification:_identify(DeepLabCut/Animatronics-Ryo-2024-12-17/evaluation-results-pytorch/iteration-0) by extensions ['cmake', 'python']
[0.125s] Level 1:colcon.colcon_core.package_identification:_identify(DeepLabCut/Animatronics-Ryo-2024-12-17/evaluation-results-pytorch/iteration-0) by extension 'cmake'
[0.125s] Level 1:colcon.colcon_core.package_identification:_identify(DeepLabCut/Animatronics-Ryo-2024-12-17/evaluation-results-pytorch/iteration-0) by extension 'python'
[0.125s] Level 1:colcon.colcon_core.package_identification:_identify(DeepLabCut/Animatronics-Ryo-2024-12-17/evaluation-results-pytorch/iteration-0) by extensions ['python_setup_py']
[0.125s] Level 1:colcon.colcon_core.package_identification:_identify(DeepLabCut/Animatronics-Ryo-2024-12-17/evaluation-results-pytorch/iteration-0) by extension 'python_setup_py'
[0.125s] Level 1:colcon.colcon_core.package_identification:_identify(DeepLabCut/Animatronics-Ryo-2024-12-17/evaluation-results-pytorch/iteration-0/AnimatronicsDec17-trainset95shuffle1) by extensions ['ignore', 'ignore_ament_install']
[0.125s] Level 1:colcon.colcon_core.package_identification:_identify(DeepLabCut/Animatronics-Ryo-2024-12-17/evaluation-results-pytorch/iteration-0/AnimatronicsDec17-trainset95shuffle1) by extension 'ignore'
[0.125s] Level 1:colcon.colcon_core.package_identification:_identify(DeepLabCut/Animatronics-Ryo-2024-12-17/evaluation-results-pytorch/iteration-0/AnimatronicsDec17-trainset95shuffle1) by extension 'ignore_ament_install'
[0.125s] Level 1:colcon.colcon_core.package_identification:_identify(DeepLabCut/Animatronics-Ryo-2024-12-17/evaluation-results-pytorch/iteration-0/AnimatronicsDec17-trainset95shuffle1) by extensions ['colcon_pkg']
[0.125s] Level 1:colcon.colcon_core.package_identification:_identify(DeepLabCut/Animatronics-Ryo-2024-12-17/evaluation-results-pytorch/iteration-0/AnimatronicsDec17-trainset95shuffle1) by extension 'colcon_pkg'
[0.125s] Level 1:colcon.colcon_core.package_identification:_identify(DeepLabCut/Animatronics-Ryo-2024-12-17/evaluation-results-pytorch/iteration-0/AnimatronicsDec17-trainset95shuffle1) by extensions ['colcon_meta']
[0.125s] Level 1:colcon.colcon_core.package_identification:_identify(DeepLabCut/Animatronics-Ryo-2024-12-17/evaluation-results-pytorch/iteration-0/AnimatronicsDec17-trainset95shuffle1) by extension 'colcon_meta'
[0.125s] Level 1:colcon.colcon_core.package_identification:_identify(DeepLabCut/Animatronics-Ryo-2024-12-17/evaluation-results-pytorch/iteration-0/AnimatronicsDec17-trainset95shuffle1) by extensions ['ros']
[0.125s] Level 1:colcon.colcon_core.package_identification:_identify(DeepLabCut/Animatronics-Ryo-2024-12-17/evaluation-results-pytorch/iteration-0/AnimatronicsDec17-trainset95shuffle1) by extension 'ros'
[0.126s] Level 1:colcon.colcon_core.package_identification:_identify(DeepLabCut/Animatronics-Ryo-2024-12-17/evaluation-results-pytorch/iteration-0/AnimatronicsDec17-trainset95shuffle1) by extensions ['cmake', 'python']
[0.126s] Level 1:colcon.colcon_core.package_identification:_identify(DeepLabCut/Animatronics-Ryo-2024-12-17/evaluation-results-pytorch/iteration-0/AnimatronicsDec17-trainset95shuffle1) by extension 'cmake'
[0.126s] Level 1:colcon.colcon_core.package_identification:_identify(DeepLabCut/Animatronics-Ryo-2024-12-17/evaluation-results-pytorch/iteration-0/AnimatronicsDec17-trainset95shuffle1) by extension 'python'
[0.126s] Level 1:colcon.colcon_core.package_identification:_identify(DeepLabCut/Animatronics-Ryo-2024-12-17/evaluation-results-pytorch/iteration-0/AnimatronicsDec17-trainset95shuffle1) by extensions ['python_setup_py']
[0.126s] Level 1:colcon.colcon_core.package_identification:_identify(DeepLabCut/Animatronics-Ryo-2024-12-17/evaluation-results-pytorch/iteration-0/AnimatronicsDec17-trainset95shuffle1) by extension 'python_setup_py'
[0.126s] Level 1:colcon.colcon_core.package_identification:_identify(DeepLabCut/Animatronics-Ryo-2024-12-17/labeled-data) by extensions ['ignore', 'ignore_ament_install']
[0.126s] Level 1:colcon.colcon_core.package_identification:_identify(DeepLabCut/Animatronics-Ryo-2024-12-17/labeled-data) by extension 'ignore'
[0.126s] Level 1:colcon.colcon_core.package_identification:_identify(DeepLabCut/Animatronics-Ryo-2024-12-17/labeled-data) by extension 'ignore_ament_install'
[0.126s] Level 1:colcon.colcon_core.package_identification:_identify(DeepLabCut/Animatronics-Ryo-2024-12-17/labeled-data) by extensions ['colcon_pkg']
[0.126s] Level 1:colcon.colcon_core.package_identification:_identify(DeepLabCut/Animatronics-Ryo-2024-12-17/labeled-data) by extension 'colcon_pkg'
[0.126s] Level 1:colcon.colcon_core.package_identification:_identify(DeepLabCut/Animatronics-Ryo-2024-12-17/labeled-data) by extensions ['colcon_meta']
[0.126s] Level 1:colcon.colcon_core.package_identification:_identify(DeepLabCut/Animatronics-Ryo-2024-12-17/labeled-data) by extension 'colcon_meta'
[0.126s] Level 1:colcon.colcon_core.package_identification:_identify(DeepLabCut/Animatronics-Ryo-2024-12-17/labeled-data) by extensions ['ros']
[0.126s] Level 1:colcon.colcon_core.package_identification:_identify(DeepLabCut/Animatronics-Ryo-2024-12-17/labeled-data) by extension 'ros'
[0.126s] Level 1:colcon.colcon_core.package_identification:_identify(DeepLabCut/Animatronics-Ryo-2024-12-17/labeled-data) by extensions ['cmake', 'python']
[0.126s] Level 1:colcon.colcon_core.package_identification:_identify(DeepLabCut/Animatronics-Ryo-2024-12-17/labeled-data) by extension 'cmake'
[0.126s] Level 1:colcon.colcon_core.package_identification:_identify(DeepLabCut/Animatronics-Ryo-2024-12-17/labeled-data) by extension 'python'
[0.126s] Level 1:colcon.colcon_core.package_identification:_identify(DeepLabCut/Animatronics-Ryo-2024-12-17/labeled-data) by extensions ['python_setup_py']
[0.126s] Level 1:colcon.colcon_core.package_identification:_identify(DeepLabCut/Animatronics-Ryo-2024-12-17/labeled-data) by extension 'python_setup_py'
[0.126s] Level 1:colcon.colcon_core.package_identification:_identify(DeepLabCut/Animatronics-Ryo-2024-12-17/labeled-data/Raptor1) by extensions ['ignore', 'ignore_ament_install']
[0.126s] Level 1:colcon.colcon_core.package_identification:_identify(DeepLabCut/Animatronics-Ryo-2024-12-17/labeled-data/Raptor1) by extension 'ignore'
[0.126s] Level 1:colcon.colcon_core.package_identification:_identify(DeepLabCut/Animatronics-Ryo-2024-12-17/labeled-data/Raptor1) by extension 'ignore_ament_install'
[0.126s] Level 1:colcon.colcon_core.package_identification:_identify(DeepLabCut/Animatronics-Ryo-2024-12-17/labeled-data/Raptor1) by extensions ['colcon_pkg']
[0.126s] Level 1:colcon.colcon_core.package_identification:_identify(DeepLabCut/Animatronics-Ryo-2024-12-17/labeled-data/Raptor1) by extension 'colcon_pkg'
[0.126s] Level 1:colcon.colcon_core.package_identification:_identify(DeepLabCut/Animatronics-Ryo-2024-12-17/labeled-data/Raptor1) by extensions ['colcon_meta']
[0.126s] Level 1:colcon.colcon_core.package_identification:_identify(DeepLabCut/Animatronics-Ryo-2024-12-17/labeled-data/Raptor1) by extension 'colcon_meta'
[0.126s] Level 1:colcon.colcon_core.package_identification:_identify(DeepLabCut/Animatronics-Ryo-2024-12-17/labeled-data/Raptor1) by extensions ['ros']
[0.127s] Level 1:colcon.colcon_core.package_identification:_identify(DeepLabCut/Animatronics-Ryo-2024-12-17/labeled-data/Raptor1) by extension 'ros'
[0.127s] Level 1:colcon.colcon_core.package_identification:_identify(DeepLabCut/Animatronics-Ryo-2024-12-17/labeled-data/Raptor1) by extensions ['cmake', 'python']
[0.127s] Level 1:colcon.colcon_core.package_identification:_identify(DeepLabCut/Animatronics-Ryo-2024-12-17/labeled-data/Raptor1) by extension 'cmake'
[0.127s] Level 1:colcon.colcon_core.package_identification:_identify(DeepLabCut/Animatronics-Ryo-2024-12-17/labeled-data/Raptor1) by extension 'python'
[0.127s] Level 1:colcon.colcon_core.package_identification:_identify(DeepLabCut/Animatronics-Ryo-2024-12-17/labeled-data/Raptor1) by extensions ['python_setup_py']
[0.127s] Level 1:colcon.colcon_core.package_identification:_identify(DeepLabCut/Animatronics-Ryo-2024-12-17/labeled-data/Raptor1) by extension 'python_setup_py'
[0.127s] Level 1:colcon.colcon_core.package_identification:_identify(DeepLabCut/Animatronics-Ryo-2024-12-17/labeled-data/Raptor1_labeled) by extensions ['ignore', 'ignore_ament_install']
[0.127s] Level 1:colcon.colcon_core.package_identification:_identify(DeepLabCut/Animatronics-Ryo-2024-12-17/labeled-data/Raptor1_labeled) by extension 'ignore'
[0.127s] Level 1:colcon.colcon_core.package_identification:_identify(DeepLabCut/Animatronics-Ryo-2024-12-17/labeled-data/Raptor1_labeled) by extension 'ignore_ament_install'
[0.127s] Level 1:colcon.colcon_core.package_identification:_identify(DeepLabCut/Animatronics-Ryo-2024-12-17/labeled-data/Raptor1_labeled) by extensions ['colcon_pkg']
[0.127s] Level 1:colcon.colcon_core.package_identification:_identify(DeepLabCut/Animatronics-Ryo-2024-12-17/labeled-data/Raptor1_labeled) by extension 'colcon_pkg'
[0.127s] Level 1:colcon.colcon_core.package_identification:_identify(DeepLabCut/Animatronics-Ryo-2024-12-17/labeled-data/Raptor1_labeled) by extensions ['colcon_meta']
[0.127s] Level 1:colcon.colcon_core.package_identification:_identify(DeepLabCut/Animatronics-Ryo-2024-12-17/labeled-data/Raptor1_labeled) by extension 'colcon_meta'
[0.127s] Level 1:colcon.colcon_core.package_identification:_identify(DeepLabCut/Animatronics-Ryo-2024-12-17/labeled-data/Raptor1_labeled) by extensions ['ros']
[0.127s] Level 1:colcon.colcon_core.package_identification:_identify(DeepLabCut/Animatronics-Ryo-2024-12-17/labeled-data/Raptor1_labeled) by extension 'ros'
[0.127s] Level 1:colcon.colcon_core.package_identification:_identify(DeepLabCut/Animatronics-Ryo-2024-12-17/labeled-data/Raptor1_labeled) by extensions ['cmake', 'python']
[0.127s] Level 1:colcon.colcon_core.package_identification:_identify(DeepLabCut/Animatronics-Ryo-2024-12-17/labeled-data/Raptor1_labeled) by extension 'cmake'
[0.127s] Level 1:colcon.colcon_core.package_identification:_identify(DeepLabCut/Animatronics-Ryo-2024-12-17/labeled-data/Raptor1_labeled) by extension 'python'
[0.127s] Level 1:colcon.colcon_core.package_identification:_identify(DeepLabCut/Animatronics-Ryo-2024-12-17/labeled-data/Raptor1_labeled) by extensions ['python_setup_py']
[0.127s] Level 1:colcon.colcon_core.package_identification:_identify(DeepLabCut/Animatronics-Ryo-2024-12-17/labeled-data/Raptor1_labeled) by extension 'python_setup_py'
[0.127s] Level 1:colcon.colcon_core.package_identification:_identify(DeepLabCut/Animatronics-Ryo-2024-12-17/training-datasets) by extensions ['ignore', 'ignore_ament_install']
[0.127s] Level 1:colcon.colcon_core.package_identification:_identify(DeepLabCut/Animatronics-Ryo-2024-12-17/training-datasets) by extension 'ignore'
[0.127s] Level 1:colcon.colcon_core.package_identification:_identify(DeepLabCut/Animatronics-Ryo-2024-12-17/training-datasets) by extension 'ignore_ament_install'
[0.127s] Level 1:colcon.colcon_core.package_identification:_identify(DeepLabCut/Animatronics-Ryo-2024-12-17/training-datasets) by extensions ['colcon_pkg']
[0.127s] Level 1:colcon.colcon_core.package_identification:_identify(DeepLabCut/Animatronics-Ryo-2024-12-17/training-datasets) by extension 'colcon_pkg'
[0.127s] Level 1:colcon.colcon_core.package_identification:_identify(DeepLabCut/Animatronics-Ryo-2024-12-17/training-datasets) by extensions ['colcon_meta']
[0.127s] Level 1:colcon.colcon_core.package_identification:_identify(DeepLabCut/Animatronics-Ryo-2024-12-17/training-datasets) by extension 'colcon_meta'
[0.128s] Level 1:colcon.colcon_core.package_identification:_identify(DeepLabCut/Animatronics-Ryo-2024-12-17/training-datasets) by extensions ['ros']
[0.128s] Level 1:colcon.colcon_core.package_identification:_identify(DeepLabCut/Animatronics-Ryo-2024-12-17/training-datasets) by extension 'ros'
[0.128s] Level 1:colcon.colcon_core.package_identification:_identify(DeepLabCut/Animatronics-Ryo-2024-12-17/training-datasets) by extensions ['cmake', 'python']
[0.128s] Level 1:colcon.colcon_core.package_identification:_identify(DeepLabCut/Animatronics-Ryo-2024-12-17/training-datasets) by extension 'cmake'
[0.128s] Level 1:colcon.colcon_core.package_identification:_identify(DeepLabCut/Animatronics-Ryo-2024-12-17/training-datasets) by extension 'python'
[0.128s] Level 1:colcon.colcon_core.package_identification:_identify(DeepLabCut/Animatronics-Ryo-2024-12-17/training-datasets) by extensions ['python_setup_py']
[0.128s] Level 1:colcon.colcon_core.package_identification:_identify(DeepLabCut/Animatronics-Ryo-2024-12-17/training-datasets) by extension 'python_setup_py'
[0.128s] Level 1:colcon.colcon_core.package_identification:_identify(DeepLabCut/Animatronics-Ryo-2024-12-17/training-datasets/iteration-0) by extensions ['ignore', 'ignore_ament_install']
[0.128s] Level 1:colcon.colcon_core.package_identification:_identify(DeepLabCut/Animatronics-Ryo-2024-12-17/training-datasets/iteration-0) by extension 'ignore'
[0.128s] Level 1:colcon.colcon_core.package_identification:_identify(DeepLabCut/Animatronics-Ryo-2024-12-17/training-datasets/iteration-0) by extension 'ignore_ament_install'
[0.128s] Level 1:colcon.colcon_core.package_identification:_identify(DeepLabCut/Animatronics-Ryo-2024-12-17/training-datasets/iteration-0) by extensions ['colcon_pkg']
[0.128s] Level 1:colcon.colcon_core.package_identification:_identify(DeepLabCut/Animatronics-Ryo-2024-12-17/training-datasets/iteration-0) by extension 'colcon_pkg'
[0.128s] Level 1:colcon.colcon_core.package_identification:_identify(DeepLabCut/Animatronics-Ryo-2024-12-17/training-datasets/iteration-0) by extensions ['colcon_meta']
[0.128s] Level 1:colcon.colcon_core.package_identification:_identify(DeepLabCut/Animatronics-Ryo-2024-12-17/training-datasets/iteration-0) by extension 'colcon_meta'
[0.128s] Level 1:colcon.colcon_core.package_identification:_identify(DeepLabCut/Animatronics-Ryo-2024-12-17/training-datasets/iteration-0) by extensions ['ros']
[0.128s] Level 1:colcon.colcon_core.package_identification:_identify(DeepLabCut/Animatronics-Ryo-2024-12-17/training-datasets/iteration-0) by extension 'ros'
[0.128s] Level 1:colcon.colcon_core.package_identification:_identify(DeepLabCut/Animatronics-Ryo-2024-12-17/training-datasets/iteration-0) by extensions ['cmake', 'python']
[0.128s] Level 1:colcon.colcon_core.package_identification:_identify(DeepLabCut/Animatronics-Ryo-2024-12-17/training-datasets/iteration-0) by extension 'cmake'
[0.128s] Level 1:colcon.colcon_core.package_identification:_identify(DeepLabCut/Animatronics-Ryo-2024-12-17/training-datasets/iteration-0) by extension 'python'
[0.128s] Level 1:colcon.colcon_core.package_identification:_identify(DeepLabCut/Animatronics-Ryo-2024-12-17/training-datasets/iteration-0) by extensions ['python_setup_py']
[0.128s] Level 1:colcon.colcon_core.package_identification:_identify(DeepLabCut/Animatronics-Ryo-2024-12-17/training-datasets/iteration-0) by extension 'python_setup_py'
[0.128s] Level 1:colcon.colcon_core.package_identification:_identify(DeepLabCut/Animatronics-Ryo-2024-12-17/training-datasets/iteration-0/UnaugmentedDataSet_AnimatronicsDec17) by extensions ['ignore', 'ignore_ament_install']
[0.128s] Level 1:colcon.colcon_core.package_identification:_identify(DeepLabCut/Animatronics-Ryo-2024-12-17/training-datasets/iteration-0/UnaugmentedDataSet_AnimatronicsDec17) by extension 'ignore'
[0.128s] Level 1:colcon.colcon_core.package_identification:_identify(DeepLabCut/Animatronics-Ryo-2024-12-17/training-datasets/iteration-0/UnaugmentedDataSet_AnimatronicsDec17) by extension 'ignore_ament_install'
[0.128s] Level 1:colcon.colcon_core.package_identification:_identify(DeepLabCut/Animatronics-Ryo-2024-12-17/training-datasets/iteration-0/UnaugmentedDataSet_AnimatronicsDec17) by extensions ['colcon_pkg']
[0.128s] Level 1:colcon.colcon_core.package_identification:_identify(DeepLabCut/Animatronics-Ryo-2024-12-17/training-datasets/iteration-0/UnaugmentedDataSet_AnimatronicsDec17) by extension 'colcon_pkg'
[0.129s] Level 1:colcon.colcon_core.package_identification:_identify(DeepLabCut/Animatronics-Ryo-2024-12-17/training-datasets/iteration-0/UnaugmentedDataSet_AnimatronicsDec17) by extensions ['colcon_meta']
[0.129s] Level 1:colcon.colcon_core.package_identification:_identify(DeepLabCut/Animatronics-Ryo-2024-12-17/training-datasets/iteration-0/UnaugmentedDataSet_AnimatronicsDec17) by extension 'colcon_meta'
[0.129s] Level 1:colcon.colcon_core.package_identification:_identify(DeepLabCut/Animatronics-Ryo-2024-12-17/training-datasets/iteration-0/UnaugmentedDataSet_AnimatronicsDec17) by extensions ['ros']
[0.129s] Level 1:colcon.colcon_core.package_identification:_identify(DeepLabCut/Animatronics-Ryo-2024-12-17/training-datasets/iteration-0/UnaugmentedDataSet_AnimatronicsDec17) by extension 'ros'
[0.129s] Level 1:colcon.colcon_core.package_identification:_identify(DeepLabCut/Animatronics-Ryo-2024-12-17/training-datasets/iteration-0/UnaugmentedDataSet_AnimatronicsDec17) by extensions ['cmake', 'python']
[0.129s] Level 1:colcon.colcon_core.package_identification:_identify(DeepLabCut/Animatronics-Ryo-2024-12-17/training-datasets/iteration-0/UnaugmentedDataSet_AnimatronicsDec17) by extension 'cmake'
[0.129s] Level 1:colcon.colcon_core.package_identification:_identify(DeepLabCut/Animatronics-Ryo-2024-12-17/training-datasets/iteration-0/UnaugmentedDataSet_AnimatronicsDec17) by extension 'python'
[0.129s] Level 1:colcon.colcon_core.package_identification:_identify(DeepLabCut/Animatronics-Ryo-2024-12-17/training-datasets/iteration-0/UnaugmentedDataSet_AnimatronicsDec17) by extensions ['python_setup_py']
[0.129s] Level 1:colcon.colcon_core.package_identification:_identify(DeepLabCut/Animatronics-Ryo-2024-12-17/training-datasets/iteration-0/UnaugmentedDataSet_AnimatronicsDec17) by extension 'python_setup_py'
[0.129s] Level 1:colcon.colcon_core.package_identification:_identify(DeepLabCut/Animatronics-Ryo-2024-12-17/videos) by extensions ['ignore', 'ignore_ament_install']
[0.129s] Level 1:colcon.colcon_core.package_identification:_identify(DeepLabCut/Animatronics-Ryo-2024-12-17/videos) by extension 'ignore'
[0.129s] Level 1:colcon.colcon_core.package_identification:_identify(DeepLabCut/Animatronics-Ryo-2024-12-17/videos) by extension 'ignore_ament_install'
[0.129s] Level 1:colcon.colcon_core.package_identification:_identify(DeepLabCut/Animatronics-Ryo-2024-12-17/videos) by extensions ['colcon_pkg']
[0.129s] Level 1:colcon.colcon_core.package_identification:_identify(DeepLabCut/Animatronics-Ryo-2024-12-17/videos) by extension 'colcon_pkg'
[0.129s] Level 1:colcon.colcon_core.package_identification:_identify(DeepLabCut/Animatronics-Ryo-2024-12-17/videos) by extensions ['colcon_meta']
[0.129s] Level 1:colcon.colcon_core.package_identification:_identify(DeepLabCut/Animatronics-Ryo-2024-12-17/videos) by extension 'colcon_meta'
[0.129s] Level 1:colcon.colcon_core.package_identification:_identify(DeepLabCut/Animatronics-Ryo-2024-12-17/videos) by extensions ['ros']
[0.129s] Level 1:colcon.colcon_core.package_identification:_identify(DeepLabCut/Animatronics-Ryo-2024-12-17/videos) by extension 'ros'
[0.129s] Level 1:colcon.colcon_core.package_identification:_identify(DeepLabCut/Animatronics-Ryo-2024-12-17/videos) by extensions ['cmake', 'python']
[0.129s] Level 1:colcon.colcon_core.package_identification:_identify(DeepLabCut/Animatronics-Ryo-2024-12-17/videos) by extension 'cmake'
[0.129s] Level 1:colcon.colcon_core.package_identification:_identify(DeepLabCut/Animatronics-Ryo-2024-12-17/videos) by extension 'python'
[0.129s] Level 1:colcon.colcon_core.package_identification:_identify(DeepLabCut/Animatronics-Ryo-2024-12-17/videos) by extensions ['python_setup_py']
[0.129s] Level 1:colcon.colcon_core.package_identification:_identify(DeepLabCut/Animatronics-Ryo-2024-12-17/videos) by extension 'python_setup_py'
[0.129s] Level 1:colcon.colcon_core.package_identification:_identify(DeepLabCut/Videos) by extensions ['ignore', 'ignore_ament_install']
[0.129s] Level 1:colcon.colcon_core.package_identification:_identify(DeepLabCut/Videos) by extension 'ignore'
[0.129s] Level 1:colcon.colcon_core.package_identification:_identify(DeepLabCut/Videos) by extension 'ignore_ament_install'
[0.129s] Level 1:colcon.colcon_core.package_identification:_identify(DeepLabCut/Videos) by extensions ['colcon_pkg']
[0.129s] Level 1:colcon.colcon_core.package_identification:_identify(DeepLabCut/Videos) by extension 'colcon_pkg'
[0.130s] Level 1:colcon.colcon_core.package_identification:_identify(DeepLabCut/Videos) by extensions ['colcon_meta']
[0.130s] Level 1:colcon.colcon_core.package_identification:_identify(DeepLabCut/Videos) by extension 'colcon_meta'
[0.130s] Level 1:colcon.colcon_core.package_identification:_identify(DeepLabCut/Videos) by extensions ['ros']
[0.130s] Level 1:colcon.colcon_core.package_identification:_identify(DeepLabCut/Videos) by extension 'ros'
[0.130s] Level 1:colcon.colcon_core.package_identification:_identify(DeepLabCut/Videos) by extensions ['cmake', 'python']
[0.130s] Level 1:colcon.colcon_core.package_identification:_identify(DeepLabCut/Videos) by extension 'cmake'
[0.130s] Level 1:colcon.colcon_core.package_identification:_identify(DeepLabCut/Videos) by extension 'python'
[0.130s] Level 1:colcon.colcon_core.package_identification:_identify(DeepLabCut/Videos) by extensions ['python_setup_py']
[0.130s] Level 1:colcon.colcon_core.package_identification:_identify(DeepLabCut/Videos) by extension 'python_setup_py'
[0.130s] Level 1:colcon.colcon_core.package_identification:_identify(DeepLabCut/__pycache__) by extensions ['ignore', 'ignore_ament_install']
[0.130s] Level 1:colcon.colcon_core.package_identification:_identify(DeepLabCut/__pycache__) by extension 'ignore'
[0.130s] Level 1:colcon.colcon_core.package_identification:_identify(DeepLabCut/__pycache__) by extension 'ignore_ament_install'
[0.130s] Level 1:colcon.colcon_core.package_identification:_identify(DeepLabCut/__pycache__) by extensions ['colcon_pkg']
[0.130s] Level 1:colcon.colcon_core.package_identification:_identify(DeepLabCut/__pycache__) by extension 'colcon_pkg'
[0.130s] Level 1:colcon.colcon_core.package_identification:_identify(DeepLabCut/__pycache__) by extensions ['colcon_meta']
[0.130s] Level 1:colcon.colcon_core.package_identification:_identify(DeepLabCut/__pycache__) by extension 'colcon_meta'
[0.130s] Level 1:colcon.colcon_core.package_identification:_identify(DeepLabCut/__pycache__) by extensions ['ros']
[0.130s] Level 1:colcon.colcon_core.package_identification:_identify(DeepLabCut/__pycache__) by extension 'ros'
[0.130s] Level 1:colcon.colcon_core.package_identification:_identify(DeepLabCut/__pycache__) by extensions ['cmake', 'python']
[0.130s] Level 1:colcon.colcon_core.package_identification:_identify(DeepLabCut/__pycache__) by extension 'cmake'
[0.130s] Level 1:colcon.colcon_core.package_identification:_identify(DeepLabCut/__pycache__) by extension 'python'
[0.130s] Level 1:colcon.colcon_core.package_identification:_identify(DeepLabCut/__pycache__) by extensions ['python_setup_py']
[0.130s] Level 1:colcon.colcon_core.package_identification:_identify(DeepLabCut/__pycache__) by extension 'python_setup_py'
[0.130s] Level 1:colcon.colcon_core.package_identification:_identify(DeepLabCut/animatronics-ryo-2024-12-18) by extensions ['ignore', 'ignore_ament_install']
[0.130s] Level 1:colcon.colcon_core.package_identification:_identify(DeepLabCut/animatronics-ryo-2024-12-18) by extension 'ignore'
[0.130s] Level 1:colcon.colcon_core.package_identification:_identify(DeepLabCut/animatronics-ryo-2024-12-18) by extension 'ignore_ament_install'
[0.130s] Level 1:colcon.colcon_core.package_identification:_identify(DeepLabCut/animatronics-ryo-2024-12-18) by extensions ['colcon_pkg']
[0.130s] Level 1:colcon.colcon_core.package_identification:_identify(DeepLabCut/animatronics-ryo-2024-12-18) by extension 'colcon_pkg'
[0.130s] Level 1:colcon.colcon_core.package_identification:_identify(DeepLabCut/animatronics-ryo-2024-12-18) by extensions ['colcon_meta']
[0.131s] Level 1:colcon.colcon_core.package_identification:_identify(DeepLabCut/animatronics-ryo-2024-12-18) by extension 'colcon_meta'
[0.131s] Level 1:colcon.colcon_core.package_identification:_identify(DeepLabCut/animatronics-ryo-2024-12-18) by extensions ['ros']
[0.131s] Level 1:colcon.colcon_core.package_identification:_identify(DeepLabCut/animatronics-ryo-2024-12-18) by extension 'ros'
[0.131s] Level 1:colcon.colcon_core.package_identification:_identify(DeepLabCut/animatronics-ryo-2024-12-18) by extensions ['cmake', 'python']
[0.131s] Level 1:colcon.colcon_core.package_identification:_identify(DeepLabCut/animatronics-ryo-2024-12-18) by extension 'cmake'
[0.131s] Level 1:colcon.colcon_core.package_identification:_identify(DeepLabCut/animatronics-ryo-2024-12-18) by extension 'python'
[0.131s] Level 1:colcon.colcon_core.package_identification:_identify(DeepLabCut/animatronics-ryo-2024-12-18) by extensions ['python_setup_py']
[0.131s] Level 1:colcon.colcon_core.package_identification:_identify(DeepLabCut/animatronics-ryo-2024-12-18) by extension 'python_setup_py'
[0.131s] Level 1:colcon.colcon_core.package_identification:_identify(DeepLabCut/animatronics-ryo-2024-12-18/dlc-models-pytorch) by extensions ['ignore', 'ignore_ament_install']
[0.131s] Level 1:colcon.colcon_core.package_identification:_identify(DeepLabCut/animatronics-ryo-2024-12-18/dlc-models-pytorch) by extension 'ignore'
[0.131s] Level 1:colcon.colcon_core.package_identification:_identify(DeepLabCut/animatronics-ryo-2024-12-18/dlc-models-pytorch) by extension 'ignore_ament_install'
[0.131s] Level 1:colcon.colcon_core.package_identification:_identify(DeepLabCut/animatronics-ryo-2024-12-18/dlc-models-pytorch) by extensions ['colcon_pkg']
[0.131s] Level 1:colcon.colcon_core.package_identification:_identify(DeepLabCut/animatronics-ryo-2024-12-18/dlc-models-pytorch) by extension 'colcon_pkg'
[0.131s] Level 1:colcon.colcon_core.package_identification:_identify(DeepLabCut/animatronics-ryo-2024-12-18/dlc-models-pytorch) by extensions ['colcon_meta']
[0.131s] Level 1:colcon.colcon_core.package_identification:_identify(DeepLabCut/animatronics-ryo-2024-12-18/dlc-models-pytorch) by extension 'colcon_meta'
[0.131s] Level 1:colcon.colcon_core.package_identification:_identify(DeepLabCut/animatronics-ryo-2024-12-18/dlc-models-pytorch) by extensions ['ros']
[0.131s] Level 1:colcon.colcon_core.package_identification:_identify(DeepLabCut/animatronics-ryo-2024-12-18/dlc-models-pytorch) by extension 'ros'
[0.131s] Level 1:colcon.colcon_core.package_identification:_identify(DeepLabCut/animatronics-ryo-2024-12-18/dlc-models-pytorch) by extensions ['cmake', 'python']
[0.131s] Level 1:colcon.colcon_core.package_identification:_identify(DeepLabCut/animatronics-ryo-2024-12-18/dlc-models-pytorch) by extension 'cmake'
[0.131s] Level 1:colcon.colcon_core.package_identification:_identify(DeepLabCut/animatronics-ryo-2024-12-18/dlc-models-pytorch) by extension 'python'
[0.131s] Level 1:colcon.colcon_core.package_identification:_identify(DeepLabCut/animatronics-ryo-2024-12-18/dlc-models-pytorch) by extensions ['python_setup_py']
[0.131s] Level 1:colcon.colcon_core.package_identification:_identify(DeepLabCut/animatronics-ryo-2024-12-18/dlc-models-pytorch) by extension 'python_setup_py'
[0.131s] Level 1:colcon.colcon_core.package_identification:_identify(DeepLabCut/animatronics-ryo-2024-12-18/dlc-models-pytorch/iteration-0) by extensions ['ignore', 'ignore_ament_install']
[0.131s] Level 1:colcon.colcon_core.package_identification:_identify(DeepLabCut/animatronics-ryo-2024-12-18/dlc-models-pytorch/iteration-0) by extension 'ignore'
[0.131s] Level 1:colcon.colcon_core.package_identification:_identify(DeepLabCut/animatronics-ryo-2024-12-18/dlc-models-pytorch/iteration-0) by extension 'ignore_ament_install'
[0.131s] Level 1:colcon.colcon_core.package_identification:_identify(DeepLabCut/animatronics-ryo-2024-12-18/dlc-models-pytorch/iteration-0) by extensions ['colcon_pkg']
[0.131s] Level 1:colcon.colcon_core.package_identification:_identify(DeepLabCut/animatronics-ryo-2024-12-18/dlc-models-pytorch/iteration-0) by extension 'colcon_pkg'
[0.131s] Level 1:colcon.colcon_core.package_identification:_identify(DeepLabCut/animatronics-ryo-2024-12-18/dlc-models-pytorch/iteration-0) by extensions ['colcon_meta']
[0.132s] Level 1:colcon.colcon_core.package_identification:_identify(DeepLabCut/animatronics-ryo-2024-12-18/dlc-models-pytorch/iteration-0) by extension 'colcon_meta'
[0.132s] Level 1:colcon.colcon_core.package_identification:_identify(DeepLabCut/animatronics-ryo-2024-12-18/dlc-models-pytorch/iteration-0) by extensions ['ros']
[0.132s] Level 1:colcon.colcon_core.package_identification:_identify(DeepLabCut/animatronics-ryo-2024-12-18/dlc-models-pytorch/iteration-0) by extension 'ros'
[0.132s] Level 1:colcon.colcon_core.package_identification:_identify(DeepLabCut/animatronics-ryo-2024-12-18/dlc-models-pytorch/iteration-0) by extensions ['cmake', 'python']
[0.132s] Level 1:colcon.colcon_core.package_identification:_identify(DeepLabCut/animatronics-ryo-2024-12-18/dlc-models-pytorch/iteration-0) by extension 'cmake'
[0.132s] Level 1:colcon.colcon_core.package_identification:_identify(DeepLabCut/animatronics-ryo-2024-12-18/dlc-models-pytorch/iteration-0) by extension 'python'
[0.132s] Level 1:colcon.colcon_core.package_identification:_identify(DeepLabCut/animatronics-ryo-2024-12-18/dlc-models-pytorch/iteration-0) by extensions ['python_setup_py']
[0.132s] Level 1:colcon.colcon_core.package_identification:_identify(DeepLabCut/animatronics-ryo-2024-12-18/dlc-models-pytorch/iteration-0) by extension 'python_setup_py'
[0.132s] Level 1:colcon.colcon_core.package_identification:_identify(DeepLabCut/animatronics-ryo-2024-12-18/dlc-models-pytorch/iteration-0/animatronicsDec18-trainset95shuffle1) by extensions ['ignore', 'ignore_ament_install']
[0.132s] Level 1:colcon.colcon_core.package_identification:_identify(DeepLabCut/animatronics-ryo-2024-12-18/dlc-models-pytorch/iteration-0/animatronicsDec18-trainset95shuffle1) by extension 'ignore'
[0.132s] Level 1:colcon.colcon_core.package_identification:_identify(DeepLabCut/animatronics-ryo-2024-12-18/dlc-models-pytorch/iteration-0/animatronicsDec18-trainset95shuffle1) by extension 'ignore_ament_install'
[0.132s] Level 1:colcon.colcon_core.package_identification:_identify(DeepLabCut/animatronics-ryo-2024-12-18/dlc-models-pytorch/iteration-0/animatronicsDec18-trainset95shuffle1) by extensions ['colcon_pkg']
[0.132s] Level 1:colcon.colcon_core.package_identification:_identify(DeepLabCut/animatronics-ryo-2024-12-18/dlc-models-pytorch/iteration-0/animatronicsDec18-trainset95shuffle1) by extension 'colcon_pkg'
[0.132s] Level 1:colcon.colcon_core.package_identification:_identify(DeepLabCut/animatronics-ryo-2024-12-18/dlc-models-pytorch/iteration-0/animatronicsDec18-trainset95shuffle1) by extensions ['colcon_meta']
[0.132s] Level 1:colcon.colcon_core.package_identification:_identify(DeepLabCut/animatronics-ryo-2024-12-18/dlc-models-pytorch/iteration-0/animatronicsDec18-trainset95shuffle1) by extension 'colcon_meta'
[0.132s] Level 1:colcon.colcon_core.package_identification:_identify(DeepLabCut/animatronics-ryo-2024-12-18/dlc-models-pytorch/iteration-0/animatronicsDec18-trainset95shuffle1) by extensions ['ros']
[0.132s] Level 1:colcon.colcon_core.package_identification:_identify(DeepLabCut/animatronics-ryo-2024-12-18/dlc-models-pytorch/iteration-0/animatronicsDec18-trainset95shuffle1) by extension 'ros'
[0.132s] Level 1:colcon.colcon_core.package_identification:_identify(DeepLabCut/animatronics-ryo-2024-12-18/dlc-models-pytorch/iteration-0/animatronicsDec18-trainset95shuffle1) by extensions ['cmake', 'python']
[0.132s] Level 1:colcon.colcon_core.package_identification:_identify(DeepLabCut/animatronics-ryo-2024-12-18/dlc-models-pytorch/iteration-0/animatronicsDec18-trainset95shuffle1) by extension 'cmake'
[0.132s] Level 1:colcon.colcon_core.package_identification:_identify(DeepLabCut/animatronics-ryo-2024-12-18/dlc-models-pytorch/iteration-0/animatronicsDec18-trainset95shuffle1) by extension 'python'
[0.132s] Level 1:colcon.colcon_core.package_identification:_identify(DeepLabCut/animatronics-ryo-2024-12-18/dlc-models-pytorch/iteration-0/animatronicsDec18-trainset95shuffle1) by extensions ['python_setup_py']
[0.132s] Level 1:colcon.colcon_core.package_identification:_identify(DeepLabCut/animatronics-ryo-2024-12-18/dlc-models-pytorch/iteration-0/animatronicsDec18-trainset95shuffle1) by extension 'python_setup_py'
[0.132s] Level 1:colcon.colcon_core.package_identification:_identify(DeepLabCut/animatronics-ryo-2024-12-18/dlc-models-pytorch/iteration-0/animatronicsDec18-trainset95shuffle1/test) by extensions ['ignore', 'ignore_ament_install']
[0.132s] Level 1:colcon.colcon_core.package_identification:_identify(DeepLabCut/animatronics-ryo-2024-12-18/dlc-models-pytorch/iteration-0/animatronicsDec18-trainset95shuffle1/test) by extension 'ignore'
[0.132s] Level 1:colcon.colcon_core.package_identification:_identify(DeepLabCut/animatronics-ryo-2024-12-18/dlc-models-pytorch/iteration-0/animatronicsDec18-trainset95shuffle1/test) by extension 'ignore_ament_install'
[0.132s] Level 1:colcon.colcon_core.package_identification:_identify(DeepLabCut/animatronics-ryo-2024-12-18/dlc-models-pytorch/iteration-0/animatronicsDec18-trainset95shuffle1/test) by extensions ['colcon_pkg']
[0.133s] Level 1:colcon.colcon_core.package_identification:_identify(DeepLabCut/animatronics-ryo-2024-12-18/dlc-models-pytorch/iteration-0/animatronicsDec18-trainset95shuffle1/test) by extension 'colcon_pkg'
[0.133s] Level 1:colcon.colcon_core.package_identification:_identify(DeepLabCut/animatronics-ryo-2024-12-18/dlc-models-pytorch/iteration-0/animatronicsDec18-trainset95shuffle1/test) by extensions ['colcon_meta']
[0.133s] Level 1:colcon.colcon_core.package_identification:_identify(DeepLabCut/animatronics-ryo-2024-12-18/dlc-models-pytorch/iteration-0/animatronicsDec18-trainset95shuffle1/test) by extension 'colcon_meta'
[0.133s] Level 1:colcon.colcon_core.package_identification:_identify(DeepLabCut/animatronics-ryo-2024-12-18/dlc-models-pytorch/iteration-0/animatronicsDec18-trainset95shuffle1/test) by extensions ['ros']
[0.133s] Level 1:colcon.colcon_core.package_identification:_identify(DeepLabCut/animatronics-ryo-2024-12-18/dlc-models-pytorch/iteration-0/animatronicsDec18-trainset95shuffle1/test) by extension 'ros'
[0.133s] Level 1:colcon.colcon_core.package_identification:_identify(DeepLabCut/animatronics-ryo-2024-12-18/dlc-models-pytorch/iteration-0/animatronicsDec18-trainset95shuffle1/test) by extensions ['cmake', 'python']
[0.133s] Level 1:colcon.colcon_core.package_identification:_identify(DeepLabCut/animatronics-ryo-2024-12-18/dlc-models-pytorch/iteration-0/animatronicsDec18-trainset95shuffle1/test) by extension 'cmake'
[0.133s] Level 1:colcon.colcon_core.package_identification:_identify(DeepLabCut/animatronics-ryo-2024-12-18/dlc-models-pytorch/iteration-0/animatronicsDec18-trainset95shuffle1/test) by extension 'python'
[0.133s] Level 1:colcon.colcon_core.package_identification:_identify(DeepLabCut/animatronics-ryo-2024-12-18/dlc-models-pytorch/iteration-0/animatronicsDec18-trainset95shuffle1/test) by extensions ['python_setup_py']
[0.133s] Level 1:colcon.colcon_core.package_identification:_identify(DeepLabCut/animatronics-ryo-2024-12-18/dlc-models-pytorch/iteration-0/animatronicsDec18-trainset95shuffle1/test) by extension 'python_setup_py'
[0.133s] Level 1:colcon.colcon_core.package_identification:_identify(DeepLabCut/animatronics-ryo-2024-12-18/dlc-models-pytorch/iteration-0/animatronicsDec18-trainset95shuffle1/train) by extensions ['ignore', 'ignore_ament_install']
[0.133s] Level 1:colcon.colcon_core.package_identification:_identify(DeepLabCut/animatronics-ryo-2024-12-18/dlc-models-pytorch/iteration-0/animatronicsDec18-trainset95shuffle1/train) by extension 'ignore'
[0.133s] Level 1:colcon.colcon_core.package_identification:_identify(DeepLabCut/animatronics-ryo-2024-12-18/dlc-models-pytorch/iteration-0/animatronicsDec18-trainset95shuffle1/train) by extension 'ignore_ament_install'
[0.133s] Level 1:colcon.colcon_core.package_identification:_identify(DeepLabCut/animatronics-ryo-2024-12-18/dlc-models-pytorch/iteration-0/animatronicsDec18-trainset95shuffle1/train) by extensions ['colcon_pkg']
[0.133s] Level 1:colcon.colcon_core.package_identification:_identify(DeepLabCut/animatronics-ryo-2024-12-18/dlc-models-pytorch/iteration-0/animatronicsDec18-trainset95shuffle1/train) by extension 'colcon_pkg'
[0.133s] Level 1:colcon.colcon_core.package_identification:_identify(DeepLabCut/animatronics-ryo-2024-12-18/dlc-models-pytorch/iteration-0/animatronicsDec18-trainset95shuffle1/train) by extensions ['colcon_meta']
[0.133s] Level 1:colcon.colcon_core.package_identification:_identify(DeepLabCut/animatronics-ryo-2024-12-18/dlc-models-pytorch/iteration-0/animatronicsDec18-trainset95shuffle1/train) by extension 'colcon_meta'
[0.133s] Level 1:colcon.colcon_core.package_identification:_identify(DeepLabCut/animatronics-ryo-2024-12-18/dlc-models-pytorch/iteration-0/animatronicsDec18-trainset95shuffle1/train) by extensions ['ros']
[0.133s] Level 1:colcon.colcon_core.package_identification:_identify(DeepLabCut/animatronics-ryo-2024-12-18/dlc-models-pytorch/iteration-0/animatronicsDec18-trainset95shuffle1/train) by extension 'ros'
[0.133s] Level 1:colcon.colcon_core.package_identification:_identify(DeepLabCut/animatronics-ryo-2024-12-18/dlc-models-pytorch/iteration-0/animatronicsDec18-trainset95shuffle1/train) by extensions ['cmake', 'python']
[0.133s] Level 1:colcon.colcon_core.package_identification:_identify(DeepLabCut/animatronics-ryo-2024-12-18/dlc-models-pytorch/iteration-0/animatronicsDec18-trainset95shuffle1/train) by extension 'cmake'
[0.133s] Level 1:colcon.colcon_core.package_identification:_identify(DeepLabCut/animatronics-ryo-2024-12-18/dlc-models-pytorch/iteration-0/animatronicsDec18-trainset95shuffle1/train) by extension 'python'
[0.133s] Level 1:colcon.colcon_core.package_identification:_identify(DeepLabCut/animatronics-ryo-2024-12-18/dlc-models-pytorch/iteration-0/animatronicsDec18-trainset95shuffle1/train) by extensions ['python_setup_py']
[0.133s] Level 1:colcon.colcon_core.package_identification:_identify(DeepLabCut/animatronics-ryo-2024-12-18/dlc-models-pytorch/iteration-0/animatronicsDec18-trainset95shuffle1/train) by extension 'python_setup_py'
[0.133s] Level 1:colcon.colcon_core.package_identification:_identify(DeepLabCut/animatronics-ryo-2024-12-18/evaluation-results-pytorch) by extensions ['ignore', 'ignore_ament_install']
[0.133s] Level 1:colcon.colcon_core.package_identification:_identify(DeepLabCut/animatronics-ryo-2024-12-18/evaluation-results-pytorch) by extension 'ignore'
[0.134s] Level 1:colcon.colcon_core.package_identification:_identify(DeepLabCut/animatronics-ryo-2024-12-18/evaluation-results-pytorch) by extension 'ignore_ament_install'
[0.134s] Level 1:colcon.colcon_core.package_identification:_identify(DeepLabCut/animatronics-ryo-2024-12-18/evaluation-results-pytorch) by extensions ['colcon_pkg']
[0.134s] Level 1:colcon.colcon_core.package_identification:_identify(DeepLabCut/animatronics-ryo-2024-12-18/evaluation-results-pytorch) by extension 'colcon_pkg'
[0.134s] Level 1:colcon.colcon_core.package_identification:_identify(DeepLabCut/animatronics-ryo-2024-12-18/evaluation-results-pytorch) by extensions ['colcon_meta']
[0.134s] Level 1:colcon.colcon_core.package_identification:_identify(DeepLabCut/animatronics-ryo-2024-12-18/evaluation-results-pytorch) by extension 'colcon_meta'
[0.134s] Level 1:colcon.colcon_core.package_identification:_identify(DeepLabCut/animatronics-ryo-2024-12-18/evaluation-results-pytorch) by extensions ['ros']
[0.134s] Level 1:colcon.colcon_core.package_identification:_identify(DeepLabCut/animatronics-ryo-2024-12-18/evaluation-results-pytorch) by extension 'ros'
[0.134s] Level 1:colcon.colcon_core.package_identification:_identify(DeepLabCut/animatronics-ryo-2024-12-18/evaluation-results-pytorch) by extensions ['cmake', 'python']
[0.134s] Level 1:colcon.colcon_core.package_identification:_identify(DeepLabCut/animatronics-ryo-2024-12-18/evaluation-results-pytorch) by extension 'cmake'
[0.134s] Level 1:colcon.colcon_core.package_identification:_identify(DeepLabCut/animatronics-ryo-2024-12-18/evaluation-results-pytorch) by extension 'python'
[0.134s] Level 1:colcon.colcon_core.package_identification:_identify(DeepLabCut/animatronics-ryo-2024-12-18/evaluation-results-pytorch) by extensions ['python_setup_py']
[0.134s] Level 1:colcon.colcon_core.package_identification:_identify(DeepLabCut/animatronics-ryo-2024-12-18/evaluation-results-pytorch) by extension 'python_setup_py'
[0.134s] Level 1:colcon.colcon_core.package_identification:_identify(DeepLabCut/animatronics-ryo-2024-12-18/evaluation-results-pytorch/iteration-0) by extensions ['ignore', 'ignore_ament_install']
[0.134s] Level 1:colcon.colcon_core.package_identification:_identify(DeepLabCut/animatronics-ryo-2024-12-18/evaluation-results-pytorch/iteration-0) by extension 'ignore'
[0.134s] Level 1:colcon.colcon_core.package_identification:_identify(DeepLabCut/animatronics-ryo-2024-12-18/evaluation-results-pytorch/iteration-0) by extension 'ignore_ament_install'
[0.134s] Level 1:colcon.colcon_core.package_identification:_identify(DeepLabCut/animatronics-ryo-2024-12-18/evaluation-results-pytorch/iteration-0) by extensions ['colcon_pkg']
[0.134s] Level 1:colcon.colcon_core.package_identification:_identify(DeepLabCut/animatronics-ryo-2024-12-18/evaluation-results-pytorch/iteration-0) by extension 'colcon_pkg'
[0.134s] Level 1:colcon.colcon_core.package_identification:_identify(DeepLabCut/animatronics-ryo-2024-12-18/evaluation-results-pytorch/iteration-0) by extensions ['colcon_meta']
[0.134s] Level 1:colcon.colcon_core.package_identification:_identify(DeepLabCut/animatronics-ryo-2024-12-18/evaluation-results-pytorch/iteration-0) by extension 'colcon_meta'
[0.134s] Level 1:colcon.colcon_core.package_identification:_identify(DeepLabCut/animatronics-ryo-2024-12-18/evaluation-results-pytorch/iteration-0) by extensions ['ros']
[0.134s] Level 1:colcon.colcon_core.package_identification:_identify(DeepLabCut/animatronics-ryo-2024-12-18/evaluation-results-pytorch/iteration-0) by extension 'ros'
[0.134s] Level 1:colcon.colcon_core.package_identification:_identify(DeepLabCut/animatronics-ryo-2024-12-18/evaluation-results-pytorch/iteration-0) by extensions ['cmake', 'python']
[0.134s] Level 1:colcon.colcon_core.package_identification:_identify(DeepLabCut/animatronics-ryo-2024-12-18/evaluation-results-pytorch/iteration-0) by extension 'cmake'
[0.134s] Level 1:colcon.colcon_core.package_identification:_identify(DeepLabCut/animatronics-ryo-2024-12-18/evaluation-results-pytorch/iteration-0) by extension 'python'
[0.134s] Level 1:colcon.colcon_core.package_identification:_identify(DeepLabCut/animatronics-ryo-2024-12-18/evaluation-results-pytorch/iteration-0) by extensions ['python_setup_py']
[0.134s] Level 1:colcon.colcon_core.package_identification:_identify(DeepLabCut/animatronics-ryo-2024-12-18/evaluation-results-pytorch/iteration-0) by extension 'python_setup_py'
[0.134s] Level 1:colcon.colcon_core.package_identification:_identify(DeepLabCut/animatronics-ryo-2024-12-18/evaluation-results-pytorch/iteration-0/animatronicsDec18-trainset95shuffle1) by extensions ['ignore', 'ignore_ament_install']
[0.134s] Level 1:colcon.colcon_core.package_identification:_identify(DeepLabCut/animatronics-ryo-2024-12-18/evaluation-results-pytorch/iteration-0/animatronicsDec18-trainset95shuffle1) by extension 'ignore'
[0.135s] Level 1:colcon.colcon_core.package_identification:_identify(DeepLabCut/animatronics-ryo-2024-12-18/evaluation-results-pytorch/iteration-0/animatronicsDec18-trainset95shuffle1) by extension 'ignore_ament_install'
[0.135s] Level 1:colcon.colcon_core.package_identification:_identify(DeepLabCut/animatronics-ryo-2024-12-18/evaluation-results-pytorch/iteration-0/animatronicsDec18-trainset95shuffle1) by extensions ['colcon_pkg']
[0.135s] Level 1:colcon.colcon_core.package_identification:_identify(DeepLabCut/animatronics-ryo-2024-12-18/evaluation-results-pytorch/iteration-0/animatronicsDec18-trainset95shuffle1) by extension 'colcon_pkg'
[0.135s] Level 1:colcon.colcon_core.package_identification:_identify(DeepLabCut/animatronics-ryo-2024-12-18/evaluation-results-pytorch/iteration-0/animatronicsDec18-trainset95shuffle1) by extensions ['colcon_meta']
[0.135s] Level 1:colcon.colcon_core.package_identification:_identify(DeepLabCut/animatronics-ryo-2024-12-18/evaluation-results-pytorch/iteration-0/animatronicsDec18-trainset95shuffle1) by extension 'colcon_meta'
[0.135s] Level 1:colcon.colcon_core.package_identification:_identify(DeepLabCut/animatronics-ryo-2024-12-18/evaluation-results-pytorch/iteration-0/animatronicsDec18-trainset95shuffle1) by extensions ['ros']
[0.135s] Level 1:colcon.colcon_core.package_identification:_identify(DeepLabCut/animatronics-ryo-2024-12-18/evaluation-results-pytorch/iteration-0/animatronicsDec18-trainset95shuffle1) by extension 'ros'
[0.135s] Level 1:colcon.colcon_core.package_identification:_identify(DeepLabCut/animatronics-ryo-2024-12-18/evaluation-results-pytorch/iteration-0/animatronicsDec18-trainset95shuffle1) by extensions ['cmake', 'python']
[0.135s] Level 1:colcon.colcon_core.package_identification:_identify(DeepLabCut/animatronics-ryo-2024-12-18/evaluation-results-pytorch/iteration-0/animatronicsDec18-trainset95shuffle1) by extension 'cmake'
[0.135s] Level 1:colcon.colcon_core.package_identification:_identify(DeepLabCut/animatronics-ryo-2024-12-18/evaluation-results-pytorch/iteration-0/animatronicsDec18-trainset95shuffle1) by extension 'python'
[0.135s] Level 1:colcon.colcon_core.package_identification:_identify(DeepLabCut/animatronics-ryo-2024-12-18/evaluation-results-pytorch/iteration-0/animatronicsDec18-trainset95shuffle1) by extensions ['python_setup_py']
[0.135s] Level 1:colcon.colcon_core.package_identification:_identify(DeepLabCut/animatronics-ryo-2024-12-18/evaluation-results-pytorch/iteration-0/animatronicsDec18-trainset95shuffle1) by extension 'python_setup_py'
[0.135s] Level 1:colcon.colcon_core.package_identification:_identify(DeepLabCut/animatronics-ryo-2024-12-18/labeled-data) by extensions ['ignore', 'ignore_ament_install']
[0.135s] Level 1:colcon.colcon_core.package_identification:_identify(DeepLabCut/animatronics-ryo-2024-12-18/labeled-data) by extension 'ignore'
[0.135s] Level 1:colcon.colcon_core.package_identification:_identify(DeepLabCut/animatronics-ryo-2024-12-18/labeled-data) by extension 'ignore_ament_install'
[0.135s] Level 1:colcon.colcon_core.package_identification:_identify(DeepLabCut/animatronics-ryo-2024-12-18/labeled-data) by extensions ['colcon_pkg']
[0.135s] Level 1:colcon.colcon_core.package_identification:_identify(DeepLabCut/animatronics-ryo-2024-12-18/labeled-data) by extension 'colcon_pkg'
[0.135s] Level 1:colcon.colcon_core.package_identification:_identify(DeepLabCut/animatronics-ryo-2024-12-18/labeled-data) by extensions ['colcon_meta']
[0.135s] Level 1:colcon.colcon_core.package_identification:_identify(DeepLabCut/animatronics-ryo-2024-12-18/labeled-data) by extension 'colcon_meta'
[0.135s] Level 1:colcon.colcon_core.package_identification:_identify(DeepLabCut/animatronics-ryo-2024-12-18/labeled-data) by extensions ['ros']
[0.135s] Level 1:colcon.colcon_core.package_identification:_identify(DeepLabCut/animatronics-ryo-2024-12-18/labeled-data) by extension 'ros'
[0.135s] Level 1:colcon.colcon_core.package_identification:_identify(DeepLabCut/animatronics-ryo-2024-12-18/labeled-data) by extensions ['cmake', 'python']
[0.135s] Level 1:colcon.colcon_core.package_identification:_identify(DeepLabCut/animatronics-ryo-2024-12-18/labeled-data) by extension 'cmake'
[0.135s] Level 1:colcon.colcon_core.package_identification:_identify(DeepLabCut/animatronics-ryo-2024-12-18/labeled-data) by extension 'python'
[0.135s] Level 1:colcon.colcon_core.package_identification:_identify(DeepLabCut/animatronics-ryo-2024-12-18/labeled-data) by extensions ['python_setup_py']
[0.135s] Level 1:colcon.colcon_core.package_identification:_identify(DeepLabCut/animatronics-ryo-2024-12-18/labeled-data) by extension 'python_setup_py'
[0.135s] Level 1:colcon.colcon_core.package_identification:_identify(DeepLabCut/animatronics-ryo-2024-12-18/labeled-data/4B0CCEC3-B219-4C7F-A07C-F0ACDF82976E Copy) by extensions ['ignore', 'ignore_ament_install']
[0.136s] Level 1:colcon.colcon_core.package_identification:_identify(DeepLabCut/animatronics-ryo-2024-12-18/labeled-data/4B0CCEC3-B219-4C7F-A07C-F0ACDF82976E Copy) by extension 'ignore'
[0.136s] Level 1:colcon.colcon_core.package_identification:_identify(DeepLabCut/animatronics-ryo-2024-12-18/labeled-data/4B0CCEC3-B219-4C7F-A07C-F0ACDF82976E Copy) by extension 'ignore_ament_install'
[0.136s] Level 1:colcon.colcon_core.package_identification:_identify(DeepLabCut/animatronics-ryo-2024-12-18/labeled-data/4B0CCEC3-B219-4C7F-A07C-F0ACDF82976E Copy) by extensions ['colcon_pkg']
[0.136s] Level 1:colcon.colcon_core.package_identification:_identify(DeepLabCut/animatronics-ryo-2024-12-18/labeled-data/4B0CCEC3-B219-4C7F-A07C-F0ACDF82976E Copy) by extension 'colcon_pkg'
[0.136s] Level 1:colcon.colcon_core.package_identification:_identify(DeepLabCut/animatronics-ryo-2024-12-18/labeled-data/4B0CCEC3-B219-4C7F-A07C-F0ACDF82976E Copy) by extensions ['colcon_meta']
[0.136s] Level 1:colcon.colcon_core.package_identification:_identify(DeepLabCut/animatronics-ryo-2024-12-18/labeled-data/4B0CCEC3-B219-4C7F-A07C-F0ACDF82976E Copy) by extension 'colcon_meta'
[0.136s] Level 1:colcon.colcon_core.package_identification:_identify(DeepLabCut/animatronics-ryo-2024-12-18/labeled-data/4B0CCEC3-B219-4C7F-A07C-F0ACDF82976E Copy) by extensions ['ros']
[0.136s] Level 1:colcon.colcon_core.package_identification:_identify(DeepLabCut/animatronics-ryo-2024-12-18/labeled-data/4B0CCEC3-B219-4C7F-A07C-F0ACDF82976E Copy) by extension 'ros'
[0.136s] Level 1:colcon.colcon_core.package_identification:_identify(DeepLabCut/animatronics-ryo-2024-12-18/labeled-data/4B0CCEC3-B219-4C7F-A07C-F0ACDF82976E Copy) by extensions ['cmake', 'python']
[0.136s] Level 1:colcon.colcon_core.package_identification:_identify(DeepLabCut/animatronics-ryo-2024-12-18/labeled-data/4B0CCEC3-B219-4C7F-A07C-F0ACDF82976E Copy) by extension 'cmake'
[0.136s] Level 1:colcon.colcon_core.package_identification:_identify(DeepLabCut/animatronics-ryo-2024-12-18/labeled-data/4B0CCEC3-B219-4C7F-A07C-F0ACDF82976E Copy) by extension 'python'
[0.136s] Level 1:colcon.colcon_core.package_identification:_identify(DeepLabCut/animatronics-ryo-2024-12-18/labeled-data/4B0CCEC3-B219-4C7F-A07C-F0ACDF82976E Copy) by extensions ['python_setup_py']
[0.136s] Level 1:colcon.colcon_core.package_identification:_identify(DeepLabCut/animatronics-ryo-2024-12-18/labeled-data/4B0CCEC3-B219-4C7F-A07C-F0ACDF82976E Copy) by extension 'python_setup_py'
[0.136s] Level 1:colcon.colcon_core.package_identification:_identify(DeepLabCut/animatronics-ryo-2024-12-18/labeled-data/4B0CCEC3-B219-4C7F-A07C-F0ACDF82976E Copy_labeled) by extensions ['ignore', 'ignore_ament_install']
[0.136s] Level 1:colcon.colcon_core.package_identification:_identify(DeepLabCut/animatronics-ryo-2024-12-18/labeled-data/4B0CCEC3-B219-4C7F-A07C-F0ACDF82976E Copy_labeled) by extension 'ignore'
[0.136s] Level 1:colcon.colcon_core.package_identification:_identify(DeepLabCut/animatronics-ryo-2024-12-18/labeled-data/4B0CCEC3-B219-4C7F-A07C-F0ACDF82976E Copy_labeled) by extension 'ignore_ament_install'
[0.136s] Level 1:colcon.colcon_core.package_identification:_identify(DeepLabCut/animatronics-ryo-2024-12-18/labeled-data/4B0CCEC3-B219-4C7F-A07C-F0ACDF82976E Copy_labeled) by extensions ['colcon_pkg']
[0.136s] Level 1:colcon.colcon_core.package_identification:_identify(DeepLabCut/animatronics-ryo-2024-12-18/labeled-data/4B0CCEC3-B219-4C7F-A07C-F0ACDF82976E Copy_labeled) by extension 'colcon_pkg'
[0.136s] Level 1:colcon.colcon_core.package_identification:_identify(DeepLabCut/animatronics-ryo-2024-12-18/labeled-data/4B0CCEC3-B219-4C7F-A07C-F0ACDF82976E Copy_labeled) by extensions ['colcon_meta']
[0.136s] Level 1:colcon.colcon_core.package_identification:_identify(DeepLabCut/animatronics-ryo-2024-12-18/labeled-data/4B0CCEC3-B219-4C7F-A07C-F0ACDF82976E Copy_labeled) by extension 'colcon_meta'
[0.136s] Level 1:colcon.colcon_core.package_identification:_identify(DeepLabCut/animatronics-ryo-2024-12-18/labeled-data/4B0CCEC3-B219-4C7F-A07C-F0ACDF82976E Copy_labeled) by extensions ['ros']
[0.136s] Level 1:colcon.colcon_core.package_identification:_identify(DeepLabCut/animatronics-ryo-2024-12-18/labeled-data/4B0CCEC3-B219-4C7F-A07C-F0ACDF82976E Copy_labeled) by extension 'ros'
[0.136s] Level 1:colcon.colcon_core.package_identification:_identify(DeepLabCut/animatronics-ryo-2024-12-18/labeled-data/4B0CCEC3-B219-4C7F-A07C-F0ACDF82976E Copy_labeled) by extensions ['cmake', 'python']
[0.136s] Level 1:colcon.colcon_core.package_identification:_identify(DeepLabCut/animatronics-ryo-2024-12-18/labeled-data/4B0CCEC3-B219-4C7F-A07C-F0ACDF82976E Copy_labeled) by extension 'cmake'
[0.136s] Level 1:colcon.colcon_core.package_identification:_identify(DeepLabCut/animatronics-ryo-2024-12-18/labeled-data/4B0CCEC3-B219-4C7F-A07C-F0ACDF82976E Copy_labeled) by extension 'python'
[0.136s] Level 1:colcon.colcon_core.package_identification:_identify(DeepLabCut/animatronics-ryo-2024-12-18/labeled-data/4B0CCEC3-B219-4C7F-A07C-F0ACDF82976E Copy_labeled) by extensions ['python_setup_py']
[0.136s] Level 1:colcon.colcon_core.package_identification:_identify(DeepLabCut/animatronics-ryo-2024-12-18/labeled-data/4B0CCEC3-B219-4C7F-A07C-F0ACDF82976E Copy_labeled) by extension 'python_setup_py'
[0.137s] Level 1:colcon.colcon_core.package_identification:_identify(DeepLabCut/animatronics-ryo-2024-12-18/labeled-data/Raptor1) by extensions ['ignore', 'ignore_ament_install']
[0.137s] Level 1:colcon.colcon_core.package_identification:_identify(DeepLabCut/animatronics-ryo-2024-12-18/labeled-data/Raptor1) by extension 'ignore'
[0.137s] Level 1:colcon.colcon_core.package_identification:_identify(DeepLabCut/animatronics-ryo-2024-12-18/labeled-data/Raptor1) by extension 'ignore_ament_install'
[0.137s] Level 1:colcon.colcon_core.package_identification:_identify(DeepLabCut/animatronics-ryo-2024-12-18/labeled-data/Raptor1) by extensions ['colcon_pkg']
[0.137s] Level 1:colcon.colcon_core.package_identification:_identify(DeepLabCut/animatronics-ryo-2024-12-18/labeled-data/Raptor1) by extension 'colcon_pkg'
[0.137s] Level 1:colcon.colcon_core.package_identification:_identify(DeepLabCut/animatronics-ryo-2024-12-18/labeled-data/Raptor1) by extensions ['colcon_meta']
[0.137s] Level 1:colcon.colcon_core.package_identification:_identify(DeepLabCut/animatronics-ryo-2024-12-18/labeled-data/Raptor1) by extension 'colcon_meta'
[0.137s] Level 1:colcon.colcon_core.package_identification:_identify(DeepLabCut/animatronics-ryo-2024-12-18/labeled-data/Raptor1) by extensions ['ros']
[0.137s] Level 1:colcon.colcon_core.package_identification:_identify(DeepLabCut/animatronics-ryo-2024-12-18/labeled-data/Raptor1) by extension 'ros'
[0.137s] Level 1:colcon.colcon_core.package_identification:_identify(DeepLabCut/animatronics-ryo-2024-12-18/labeled-data/Raptor1) by extensions ['cmake', 'python']
[0.137s] Level 1:colcon.colcon_core.package_identification:_identify(DeepLabCut/animatronics-ryo-2024-12-18/labeled-data/Raptor1) by extension 'cmake'
[0.137s] Level 1:colcon.colcon_core.package_identification:_identify(DeepLabCut/animatronics-ryo-2024-12-18/labeled-data/Raptor1) by extension 'python'
[0.137s] Level 1:colcon.colcon_core.package_identification:_identify(DeepLabCut/animatronics-ryo-2024-12-18/labeled-data/Raptor1) by extensions ['python_setup_py']
[0.137s] Level 1:colcon.colcon_core.package_identification:_identify(DeepLabCut/animatronics-ryo-2024-12-18/labeled-data/Raptor1) by extension 'python_setup_py'
[0.137s] Level 1:colcon.colcon_core.package_identification:_identify(DeepLabCut/animatronics-ryo-2024-12-18/training-datasets) by extensions ['ignore', 'ignore_ament_install']
[0.137s] Level 1:colcon.colcon_core.package_identification:_identify(DeepLabCut/animatronics-ryo-2024-12-18/training-datasets) by extension 'ignore'
[0.137s] Level 1:colcon.colcon_core.package_identification:_identify(DeepLabCut/animatronics-ryo-2024-12-18/training-datasets) by extension 'ignore_ament_install'
[0.137s] Level 1:colcon.colcon_core.package_identification:_identify(DeepLabCut/animatronics-ryo-2024-12-18/training-datasets) by extensions ['colcon_pkg']
[0.137s] Level 1:colcon.colcon_core.package_identification:_identify(DeepLabCut/animatronics-ryo-2024-12-18/training-datasets) by extension 'colcon_pkg'
[0.137s] Level 1:colcon.colcon_core.package_identification:_identify(DeepLabCut/animatronics-ryo-2024-12-18/training-datasets) by extensions ['colcon_meta']
[0.137s] Level 1:colcon.colcon_core.package_identification:_identify(DeepLabCut/animatronics-ryo-2024-12-18/training-datasets) by extension 'colcon_meta'
[0.137s] Level 1:colcon.colcon_core.package_identification:_identify(DeepLabCut/animatronics-ryo-2024-12-18/training-datasets) by extensions ['ros']
[0.137s] Level 1:colcon.colcon_core.package_identification:_identify(DeepLabCut/animatronics-ryo-2024-12-18/training-datasets) by extension 'ros'
[0.137s] Level 1:colcon.colcon_core.package_identification:_identify(DeepLabCut/animatronics-ryo-2024-12-18/training-datasets) by extensions ['cmake', 'python']
[0.137s] Level 1:colcon.colcon_core.package_identification:_identify(DeepLabCut/animatronics-ryo-2024-12-18/training-datasets) by extension 'cmake'
[0.137s] Level 1:colcon.colcon_core.package_identification:_identify(DeepLabCut/animatronics-ryo-2024-12-18/training-datasets) by extension 'python'
[0.137s] Level 1:colcon.colcon_core.package_identification:_identify(DeepLabCut/animatronics-ryo-2024-12-18/training-datasets) by extensions ['python_setup_py']
[0.137s] Level 1:colcon.colcon_core.package_identification:_identify(DeepLabCut/animatronics-ryo-2024-12-18/training-datasets) by extension 'python_setup_py'
[0.138s] Level 1:colcon.colcon_core.package_identification:_identify(DeepLabCut/animatronics-ryo-2024-12-18/training-datasets/iteration-0) by extensions ['ignore', 'ignore_ament_install']
[0.138s] Level 1:colcon.colcon_core.package_identification:_identify(DeepLabCut/animatronics-ryo-2024-12-18/training-datasets/iteration-0) by extension 'ignore'
[0.138s] Level 1:colcon.colcon_core.package_identification:_identify(DeepLabCut/animatronics-ryo-2024-12-18/training-datasets/iteration-0) by extension 'ignore_ament_install'
[0.138s] Level 1:colcon.colcon_core.package_identification:_identify(DeepLabCut/animatronics-ryo-2024-12-18/training-datasets/iteration-0) by extensions ['colcon_pkg']
[0.138s] Level 1:colcon.colcon_core.package_identification:_identify(DeepLabCut/animatronics-ryo-2024-12-18/training-datasets/iteration-0) by extension 'colcon_pkg'
[0.138s] Level 1:colcon.colcon_core.package_identification:_identify(DeepLabCut/animatronics-ryo-2024-12-18/training-datasets/iteration-0) by extensions ['colcon_meta']
[0.138s] Level 1:colcon.colcon_core.package_identification:_identify(DeepLabCut/animatronics-ryo-2024-12-18/training-datasets/iteration-0) by extension 'colcon_meta'
[0.138s] Level 1:colcon.colcon_core.package_identification:_identify(DeepLabCut/animatronics-ryo-2024-12-18/training-datasets/iteration-0) by extensions ['ros']
[0.138s] Level 1:colcon.colcon_core.package_identification:_identify(DeepLabCut/animatronics-ryo-2024-12-18/training-datasets/iteration-0) by extension 'ros'
[0.138s] Level 1:colcon.colcon_core.package_identification:_identify(DeepLabCut/animatronics-ryo-2024-12-18/training-datasets/iteration-0) by extensions ['cmake', 'python']
[0.138s] Level 1:colcon.colcon_core.package_identification:_identify(DeepLabCut/animatronics-ryo-2024-12-18/training-datasets/iteration-0) by extension 'cmake'
[0.138s] Level 1:colcon.colcon_core.package_identification:_identify(DeepLabCut/animatronics-ryo-2024-12-18/training-datasets/iteration-0) by extension 'python'
[0.138s] Level 1:colcon.colcon_core.package_identification:_identify(DeepLabCut/animatronics-ryo-2024-12-18/training-datasets/iteration-0) by extensions ['python_setup_py']
[0.138s] Level 1:colcon.colcon_core.package_identification:_identify(DeepLabCut/animatronics-ryo-2024-12-18/training-datasets/iteration-0) by extension 'python_setup_py'
[0.138s] Level 1:colcon.colcon_core.package_identification:_identify(DeepLabCut/animatronics-ryo-2024-12-18/training-datasets/iteration-0/UnaugmentedDataSet_animatronicsDec18) by extensions ['ignore', 'ignore_ament_install']
[0.138s] Level 1:colcon.colcon_core.package_identification:_identify(DeepLabCut/animatronics-ryo-2024-12-18/training-datasets/iteration-0/UnaugmentedDataSet_animatronicsDec18) by extension 'ignore'
[0.138s] Level 1:colcon.colcon_core.package_identification:_identify(DeepLabCut/animatronics-ryo-2024-12-18/training-datasets/iteration-0/UnaugmentedDataSet_animatronicsDec18) by extension 'ignore_ament_install'
[0.138s] Level 1:colcon.colcon_core.package_identification:_identify(DeepLabCut/animatronics-ryo-2024-12-18/training-datasets/iteration-0/UnaugmentedDataSet_animatronicsDec18) by extensions ['colcon_pkg']
[0.138s] Level 1:colcon.colcon_core.package_identification:_identify(DeepLabCut/animatronics-ryo-2024-12-18/training-datasets/iteration-0/UnaugmentedDataSet_animatronicsDec18) by extension 'colcon_pkg'
[0.138s] Level 1:colcon.colcon_core.package_identification:_identify(DeepLabCut/animatronics-ryo-2024-12-18/training-datasets/iteration-0/UnaugmentedDataSet_animatronicsDec18) by extensions ['colcon_meta']
[0.138s] Level 1:colcon.colcon_core.package_identification:_identify(DeepLabCut/animatronics-ryo-2024-12-18/training-datasets/iteration-0/UnaugmentedDataSet_animatronicsDec18) by extension 'colcon_meta'
[0.138s] Level 1:colcon.colcon_core.package_identification:_identify(DeepLabCut/animatronics-ryo-2024-12-18/training-datasets/iteration-0/UnaugmentedDataSet_animatronicsDec18) by extensions ['ros']
[0.138s] Level 1:colcon.colcon_core.package_identification:_identify(DeepLabCut/animatronics-ryo-2024-12-18/training-datasets/iteration-0/UnaugmentedDataSet_animatronicsDec18) by extension 'ros'
[0.138s] Level 1:colcon.colcon_core.package_identification:_identify(DeepLabCut/animatronics-ryo-2024-12-18/training-datasets/iteration-0/UnaugmentedDataSet_animatronicsDec18) by extensions ['cmake', 'python']
[0.138s] Level 1:colcon.colcon_core.package_identification:_identify(DeepLabCut/animatronics-ryo-2024-12-18/training-datasets/iteration-0/UnaugmentedDataSet_animatronicsDec18) by extension 'cmake'
[0.138s] Level 1:colcon.colcon_core.package_identification:_identify(DeepLabCut/animatronics-ryo-2024-12-18/training-datasets/iteration-0/UnaugmentedDataSet_animatronicsDec18) by extension 'python'
[0.138s] Level 1:colcon.colcon_core.package_identification:_identify(DeepLabCut/animatronics-ryo-2024-12-18/training-datasets/iteration-0/UnaugmentedDataSet_animatronicsDec18) by extensions ['python_setup_py']
[0.139s] Level 1:colcon.colcon_core.package_identification:_identify(DeepLabCut/animatronics-ryo-2024-12-18/training-datasets/iteration-0/UnaugmentedDataSet_animatronicsDec18) by extension 'python_setup_py'
[0.139s] Level 1:colcon.colcon_core.package_identification:_identify(DeepLabCut/animatronics-ryo-2024-12-18/videos) by extensions ['ignore', 'ignore_ament_install']
[0.139s] Level 1:colcon.colcon_core.package_identification:_identify(DeepLabCut/animatronics-ryo-2024-12-18/videos) by extension 'ignore'
[0.139s] Level 1:colcon.colcon_core.package_identification:_identify(DeepLabCut/animatronics-ryo-2024-12-18/videos) by extension 'ignore_ament_install'
[0.139s] Level 1:colcon.colcon_core.package_identification:_identify(DeepLabCut/animatronics-ryo-2024-12-18/videos) by extensions ['colcon_pkg']
[0.139s] Level 1:colcon.colcon_core.package_identification:_identify(DeepLabCut/animatronics-ryo-2024-12-18/videos) by extension 'colcon_pkg'
[0.139s] Level 1:colcon.colcon_core.package_identification:_identify(DeepLabCut/animatronics-ryo-2024-12-18/videos) by extensions ['colcon_meta']
[0.139s] Level 1:colcon.colcon_core.package_identification:_identify(DeepLabCut/animatronics-ryo-2024-12-18/videos) by extension 'colcon_meta'
[0.139s] Level 1:colcon.colcon_core.package_identification:_identify(DeepLabCut/animatronics-ryo-2024-12-18/videos) by extensions ['ros']
[0.139s] Level 1:colcon.colcon_core.package_identification:_identify(DeepLabCut/animatronics-ryo-2024-12-18/videos) by extension 'ros'
[0.139s] Level 1:colcon.colcon_core.package_identification:_identify(DeepLabCut/animatronics-ryo-2024-12-18/videos) by extensions ['cmake', 'python']
[0.139s] Level 1:colcon.colcon_core.package_identification:_identify(DeepLabCut/animatronics-ryo-2024-12-18/videos) by extension 'cmake'
[0.139s] Level 1:colcon.colcon_core.package_identification:_identify(DeepLabCut/animatronics-ryo-2024-12-18/videos) by extension 'python'
[0.139s] Level 1:colcon.colcon_core.package_identification:_identify(DeepLabCut/animatronics-ryo-2024-12-18/videos) by extensions ['python_setup_py']
[0.139s] Level 1:colcon.colcon_core.package_identification:_identify(DeepLabCut/animatronics-ryo-2024-12-18/videos) by extension 'python_setup_py'
[0.139s] Level 1:colcon.colcon_core.package_identification:_identify(build) by extensions ['ignore', 'ignore_ament_install']
[0.139s] Level 1:colcon.colcon_core.package_identification:_identify(build) by extension 'ignore'
[0.139s] Level 1:colcon.colcon_core.package_identification:_identify(build) ignored
[0.139s] Level 1:colcon.colcon_core.package_identification:_identify(controller_publisher) by extensions ['ignore', 'ignore_ament_install']
[0.139s] Level 1:colcon.colcon_core.package_identification:_identify(controller_publisher) by extension 'ignore'
[0.139s] Level 1:colcon.colcon_core.package_identification:_identify(controller_publisher) by extension 'ignore_ament_install'
[0.139s] Level 1:colcon.colcon_core.package_identification:_identify(controller_publisher) by extensions ['colcon_pkg']
[0.139s] Level 1:colcon.colcon_core.package_identification:_identify(controller_publisher) by extension 'colcon_pkg'
[0.139s] Level 1:colcon.colcon_core.package_identification:_identify(controller_publisher) by extensions ['colcon_meta']
[0.139s] Level 1:colcon.colcon_core.package_identification:_identify(controller_publisher) by extension 'colcon_meta'
[0.139s] Level 1:colcon.colcon_core.package_identification:_identify(controller_publisher) by extensions ['ros']
[0.139s] Level 1:colcon.colcon_core.package_identification:_identify(controller_publisher) by extension 'ros'
[0.141s] DEBUG:colcon.colcon_core.package_identification:Package 'controller_publisher' with type 'ros.ament_python' and name 'controller_publisher'
[0.141s] Level 1:colcon.colcon_core.package_identification:_identify(dynamixel_sdk) by extensions ['ignore', 'ignore_ament_install']
[0.141s] Level 1:colcon.colcon_core.package_identification:_identify(dynamixel_sdk) by extension 'ignore'
[0.141s] Level 1:colcon.colcon_core.package_identification:_identify(dynamixel_sdk) by extension 'ignore_ament_install'
[0.141s] Level 1:colcon.colcon_core.package_identification:_identify(dynamixel_sdk) by extensions ['colcon_pkg']
[0.141s] Level 1:colcon.colcon_core.package_identification:_identify(dynamixel_sdk) by extension 'colcon_pkg'
[0.141s] Level 1:colcon.colcon_core.package_identification:_identify(dynamixel_sdk) by extensions ['colcon_meta']
[0.141s] Level 1:colcon.colcon_core.package_identification:_identify(dynamixel_sdk) by extension 'colcon_meta'
[0.141s] Level 1:colcon.colcon_core.package_identification:_identify(dynamixel_sdk) by extensions ['ros']
[0.141s] Level 1:colcon.colcon_core.package_identification:_identify(dynamixel_sdk) by extension 'ros'
[0.142s] DEBUG:colcon.colcon_core.package_identification:Package 'dynamixel_sdk' with type 'ros.ament_cmake' and name 'dynamixel_sdk'
[0.142s] Level 1:colcon.colcon_core.package_identification:_identify(dynamixel_sdk_custom_interfaces) by extensions ['ignore', 'ignore_ament_install']
[0.142s] Level 1:colcon.colcon_core.package_identification:_identify(dynamixel_sdk_custom_interfaces) by extension 'ignore'
[0.142s] Level 1:colcon.colcon_core.package_identification:_identify(dynamixel_sdk_custom_interfaces) by extension 'ignore_ament_install'
[0.142s] Level 1:colcon.colcon_core.package_identification:_identify(dynamixel_sdk_custom_interfaces) by extensions ['colcon_pkg']
[0.142s] Level 1:colcon.colcon_core.package_identification:_identify(dynamixel_sdk_custom_interfaces) by extension 'colcon_pkg'
[0.142s] Level 1:colcon.colcon_core.package_identification:_identify(dynamixel_sdk_custom_interfaces) by extensions ['colcon_meta']
[0.142s] Level 1:colcon.colcon_core.package_identification:_identify(dynamixel_sdk_custom_interfaces) by extension 'colcon_meta'
[0.142s] Level 1:colcon.colcon_core.package_identification:_identify(dynamixel_sdk_custom_interfaces) by extensions ['ros']
[0.142s] Level 1:colcon.colcon_core.package_identification:_identify(dynamixel_sdk_custom_interfaces) by extension 'ros'
[0.142s] DEBUG:colcon.colcon_core.package_identification:Package 'dynamixel_sdk_custom_interfaces' with type 'ros.ament_cmake' and name 'dynamixel_sdk_custom_interfaces'
[0.143s] Level 1:colcon.colcon_core.package_identification:_identify(imu_receiver) by extensions ['ignore', 'ignore_ament_install']
[0.143s] Level 1:colcon.colcon_core.package_identification:_identify(imu_receiver) by extension 'ignore'
[0.143s] Level 1:colcon.colcon_core.package_identification:_identify(imu_receiver) by extension 'ignore_ament_install'
[0.143s] Level 1:colcon.colcon_core.package_identification:_identify(imu_receiver) by extensions ['colcon_pkg']
[0.143s] Level 1:colcon.colcon_core.package_identification:_identify(imu_receiver) by extension 'colcon_pkg'
[0.143s] Level 1:colcon.colcon_core.package_identification:_identify(imu_receiver) by extensions ['colcon_meta']
[0.143s] Level 1:colcon.colcon_core.package_identification:_identify(imu_receiver) by extension 'colcon_meta'
[0.143s] Level 1:colcon.colcon_core.package_identification:_identify(imu_receiver) by extensions ['ros']
[0.143s] Level 1:colcon.colcon_core.package_identification:_identify(imu_receiver) by extension 'ros'
[0.143s] DEBUG:colcon.colcon_core.package_identification:Package 'imu_receiver' with type 'ros.ament_python' and name 'imu_receiver'
[0.143s] Level 1:colcon.colcon_core.package_identification:_identify(install) by extensions ['ignore', 'ignore_ament_install']
[0.143s] Level 1:colcon.colcon_core.package_identification:_identify(install) by extension 'ignore'
[0.143s] Level 1:colcon.colcon_core.package_identification:_identify(install) ignored
[0.143s] Level 1:colcon.colcon_core.package_identification:_identify(log) by extensions ['ignore', 'ignore_ament_install']
[0.143s] Level 1:colcon.colcon_core.package_identification:_identify(log) by extension 'ignore'
[0.143s] Level 1:colcon.colcon_core.package_identification:_identify(log) ignored
[0.144s] Level 1:colcon.colcon_core.package_identification:_identify(motor_command_msg) by extensions ['ignore', 'ignore_ament_install']
[0.144s] Level 1:colcon.colcon_core.package_identification:_identify(motor_command_msg) by extension 'ignore'
[0.144s] Level 1:colcon.colcon_core.package_identification:_identify(motor_command_msg) by extension 'ignore_ament_install'
[0.144s] Level 1:colcon.colcon_core.package_identification:_identify(motor_command_msg) by extensions ['colcon_pkg']
[0.144s] Level 1:colcon.colcon_core.package_identification:_identify(motor_command_msg) by extension 'colcon_pkg'
[0.144s] Level 1:colcon.colcon_core.package_identification:_identify(motor_command_msg) by extensions ['colcon_meta']
[0.144s] Level 1:colcon.colcon_core.package_identification:_identify(motor_command_msg) by extension 'colcon_meta'
[0.144s] Level 1:colcon.colcon_core.package_identification:_identify(motor_command_msg) by extensions ['ros']
[0.144s] Level 1:colcon.colcon_core.package_identification:_identify(motor_command_msg) by extension 'ros'
[0.144s] DEBUG:colcon.colcon_core.package_identification:Package 'motor_command_msg' with type 'ros.ament_cmake' and name 'motor_command_msg'
[0.144s] Level 1:colcon.colcon_core.package_identification:_identify(motor_controller) by extensions ['ignore', 'ignore_ament_install']
[0.144s] Level 1:colcon.colcon_core.package_identification:_identify(motor_controller) by extension 'ignore'
[0.144s] Level 1:colcon.colcon_core.package_identification:_identify(motor_controller) by extension 'ignore_ament_install'
[0.144s] Level 1:colcon.colcon_core.package_identification:_identify(motor_controller) by extensions ['colcon_pkg']
[0.144s] Level 1:colcon.colcon_core.package_identification:_identify(motor_controller) by extension 'colcon_pkg'
[0.144s] Level 1:colcon.colcon_core.package_identification:_identify(motor_controller) by extensions ['colcon_meta']
[0.144s] Level 1:colcon.colcon_core.package_identification:_identify(motor_controller) by extension 'colcon_meta'
[0.144s] Level 1:colcon.colcon_core.package_identification:_identify(motor_controller) by extensions ['ros']
[0.144s] Level 1:colcon.colcon_core.package_identification:_identify(motor_controller) by extension 'ros'
[0.145s] DEBUG:colcon.colcon_core.package_identification:Package 'motor_controller' with type 'ros.ament_python' and name 'motor_controller'
[0.145s] Level 1:colcon.colcon_core.package_identification:_identify(system_controller) by extensions ['ignore', 'ignore_ament_install']
[0.145s] Level 1:colcon.colcon_core.package_identification:_identify(system_controller) by extension 'ignore'
[0.145s] Level 1:colcon.colcon_core.package_identification:_identify(system_controller) by extension 'ignore_ament_install'
[0.145s] Level 1:colcon.colcon_core.package_identification:_identify(system_controller) by extensions ['colcon_pkg']
[0.145s] Level 1:colcon.colcon_core.package_identification:_identify(system_controller) by extension 'colcon_pkg'
[0.145s] Level 1:colcon.colcon_core.package_identification:_identify(system_controller) by extensions ['colcon_meta']
[0.145s] Level 1:colcon.colcon_core.package_identification:_identify(system_controller) by extension 'colcon_meta'
[0.145s] Level 1:colcon.colcon_core.package_identification:_identify(system_controller) by extensions ['ros']
[0.145s] Level 1:colcon.colcon_core.package_identification:_identify(system_controller) by extension 'ros'
[0.146s] DEBUG:colcon.colcon_core.package_identification:Package 'system_controller' with type 'ros.ament_python' and name 'system_controller'
[0.146s] Level 1:colcon.colcon_core.package_discovery:discover_packages(recursive) using defaults
[0.146s] Level 1:colcon.colcon_core.package_discovery:discover_packages(ignore) discover
[0.146s] Level 1:colcon.colcon_core.package_discovery:discover_packages(ignore) using defaults
[0.146s] Level 1:colcon.colcon_core.package_discovery:discover_packages(path) discover
[0.146s] Level 1:colcon.colcon_core.package_discovery:discover_packages(path) using defaults
[0.158s] Level 1:colcon.colcon_core.package_discovery:discover_packages(prefix_path) check parameters
[0.158s] Level 1:colcon.colcon_core.package_discovery:discover_packages(prefix_path) discover
[0.159s] DEBUG:colcon.colcon_installed_package_information.package_discovery:Found 285 installed packages in /opt/ros/jazzy
[0.160s] Level 1:colcon.colcon_core.package_discovery:discover_packages(prefix_path) using defaults
[0.191s] Level 5:colcon.colcon_core.verb:set package 'controller_publisher' build argument 'cmake_args' from command line to 'None'
[0.191s] Level 5:colcon.colcon_core.verb:set package 'controller_publisher' build argument 'cmake_target' from command line to 'None'
[0.191s] Level 5:colcon.colcon_core.verb:set package 'controller_publisher' build argument 'cmake_target_skip_unavailable' from command line to 'False'
[0.191s] Level 5:colcon.colcon_core.verb:set package 'controller_publisher' build argument 'cmake_clean_cache' from command line to 'False'
[0.191s] Level 5:colcon.colcon_core.verb:set package 'controller_publisher' build argument 'cmake_clean_first' from command line to 'False'
[0.191s] Level 5:colcon.colcon_core.verb:set package 'controller_publisher' build argument 'cmake_force_configure' from command line to 'False'
[0.191s] Level 5:colcon.colcon_core.verb:set package 'controller_publisher' build argument 'ament_cmake_args' from command line to 'None'
[0.191s] Level 5:colcon.colcon_core.verb:set package 'controller_publisher' build argument 'catkin_cmake_args' from command line to 'None'
[0.191s] Level 5:colcon.colcon_core.verb:set package 'controller_publisher' build argument 'catkin_skip_building_tests' from command line to 'False'
[0.191s] DEBUG:colcon.colcon_core.verb:Building package 'controller_publisher' with the following arguments: {'ament_cmake_args': None, 'build_base': '/home/cvl/CS_Animatronics/src/build/controller_publisher', 'catkin_cmake_args': None, 'catkin_skip_building_tests': False, 'cmake_args': None, 'cmake_clean_cache': False, 'cmake_clean_first': False, 'cmake_force_configure': False, 'cmake_target': None, 'cmake_target_skip_unavailable': False, 'install_base': '/home/cvl/CS_Animatronics/src/install/controller_publisher', 'merge_install': False, 'path': '/home/cvl/CS_Animatronics/src/controller_publisher', 'symlink_install': False, 'test_result_base': None}
[0.191s] Level 5:colcon.colcon_core.verb:set package 'dynamixel_sdk' build argument 'cmake_args' from command line to 'None'
[0.191s] Level 5:colcon.colcon_core.verb:set package 'dynamixel_sdk' build argument 'cmake_target' from command line to 'None'
[0.191s] Level 5:colcon.colcon_core.verb:set package 'dynamixel_sdk' build argument 'cmake_target_skip_unavailable' from command line to 'False'
[0.191s] Level 5:colcon.colcon_core.verb:set package 'dynamixel_sdk' build argument 'cmake_clean_cache' from command line to 'False'
[0.191s] Level 5:colcon.colcon_core.verb:set package 'dynamixel_sdk' build argument 'cmake_clean_first' from command line to 'False'
[0.191s] Level 5:colcon.colcon_core.verb:set package 'dynamixel_sdk' build argument 'cmake_force_configure' from command line to 'False'
[0.191s] Level 5:colcon.colcon_core.verb:set package 'dynamixel_sdk' build argument 'ament_cmake_args' from command line to 'None'
[0.191s] Level 5:colcon.colcon_core.verb:set package 'dynamixel_sdk' build argument 'catkin_cmake_args' from command line to 'None'
[0.191s] Level 5:colcon.colcon_core.verb:set package 'dynamixel_sdk' build argument 'catkin_skip_building_tests' from command line to 'False'
[0.191s] DEBUG:colcon.colcon_core.verb:Building package 'dynamixel_sdk' with the following arguments: {'ament_cmake_args': None, 'build_base': '/home/cvl/CS_Animatronics/src/build/dynamixel_sdk', 'catkin_cmake_args': None, 'catkin_skip_building_tests': False, 'cmake_args': None, 'cmake_clean_cache': False, 'cmake_clean_first': False, 'cmake_force_configure': False, 'cmake_target': None, 'cmake_target_skip_unavailable': False, 'install_base': '/home/cvl/CS_Animatronics/src/install/dynamixel_sdk', 'merge_install': False, 'path': '/home/cvl/CS_Animatronics/src/dynamixel_sdk', 'symlink_install': False, 'test_result_base': None}
[0.192s] Level 5:colcon.colcon_core.verb:set package 'dynamixel_sdk_custom_interfaces' build argument 'cmake_args' from command line to 'None'
[0.192s] Level 5:colcon.colcon_core.verb:set package 'dynamixel_sdk_custom_interfaces' build argument 'cmake_target' from command line to 'None'
[0.192s] Level 5:colcon.colcon_core.verb:set package 'dynamixel_sdk_custom_interfaces' build argument 'cmake_target_skip_unavailable' from command line to 'False'
[0.192s] Level 5:colcon.colcon_core.verb:set package 'dynamixel_sdk_custom_interfaces' build argument 'cmake_clean_cache' from command line to 'False'
[0.192s] Level 5:colcon.colcon_core.verb:set package 'dynamixel_sdk_custom_interfaces' build argument 'cmake_clean_first' from command line to 'False'
[0.192s] Level 5:colcon.colcon_core.verb:set package 'dynamixel_sdk_custom_interfaces' build argument 'cmake_force_configure' from command line to 'False'
[0.192s] Level 5:colcon.colcon_core.verb:set package 'dynamixel_sdk_custom_interfaces' build argument 'ament_cmake_args' from command line to 'None'
[0.192s] Level 5:colcon.colcon_core.verb:set package 'dynamixel_sdk_custom_interfaces' build argument 'catkin_cmake_args' from command line to 'None'
[0.192s] Level 5:colcon.colcon_core.verb:set package 'dynamixel_sdk_custom_interfaces' build argument 'catkin_skip_building_tests' from command line to 'False'
[0.192s] DEBUG:colcon.colcon_core.verb:Building package 'dynamixel_sdk_custom_interfaces' with the following arguments: {'ament_cmake_args': None, 'build_base': '/home/cvl/CS_Animatronics/src/build/dynamixel_sdk_custom_interfaces', 'catkin_cmake_args': None, 'catkin_skip_building_tests': False, 'cmake_args': None, 'cmake_clean_cache': False, 'cmake_clean_first': False, 'cmake_force_configure': False, 'cmake_target': None, 'cmake_target_skip_unavailable': False, 'install_base': '/home/cvl/CS_Animatronics/src/install/dynamixel_sdk_custom_interfaces', 'merge_install': False, 'path': '/home/cvl/CS_Animatronics/src/dynamixel_sdk_custom_interfaces', 'symlink_install': False, 'test_result_base': None}
[0.192s] Level 5:colcon.colcon_core.verb:set package 'imu_receiver' build argument 'cmake_args' from command line to 'None'
[0.192s] Level 5:colcon.colcon_core.verb:set package 'imu_receiver' build argument 'cmake_target' from command line to 'None'
[0.192s] Level 5:colcon.colcon_core.verb:set package 'imu_receiver' build argument 'cmake_target_skip_unavailable' from command line to 'False'
[0.192s] Level 5:colcon.colcon_core.verb:set package 'imu_receiver' build argument 'cmake_clean_cache' from command line to 'False'
[0.192s] Level 5:colcon.colcon_core.verb:set package 'imu_receiver' build argument 'cmake_clean_first' from command line to 'False'
[0.192s] Level 5:colcon.colcon_core.verb:set package 'imu_receiver' build argument 'cmake_force_configure' from command line to 'False'
[0.192s] Level 5:colcon.colcon_core.verb:set package 'imu_receiver' build argument 'ament_cmake_args' from command line to 'None'
[0.192s] Level 5:colcon.colcon_core.verb:set package 'imu_receiver' build argument 'catkin_cmake_args' from command line to 'None'
[0.192s] Level 5:colcon.colcon_core.verb:set package 'imu_receiver' build argument 'catkin_skip_building_tests' from command line to 'False'
[0.192s] DEBUG:colcon.colcon_core.verb:Building package 'imu_receiver' with the following arguments: {'ament_cmake_args': None, 'build_base': '/home/cvl/CS_Animatronics/src/build/imu_receiver', 'catkin_cmake_args': None, 'catkin_skip_building_tests': False, 'cmake_args': None, 'cmake_clean_cache': False, 'cmake_clean_first': False, 'cmake_force_configure': False, 'cmake_target': None, 'cmake_target_skip_unavailable': False, 'install_base': '/home/cvl/CS_Animatronics/src/install/imu_receiver', 'merge_install': False, 'path': '/home/cvl/CS_Animatronics/src/imu_receiver', 'symlink_install': False, 'test_result_base': None}
[0.192s] Level 5:colcon.colcon_core.verb:set package 'motor_command_msg' build argument 'cmake_args' from command line to 'None'
[0.192s] Level 5:colcon.colcon_core.verb:set package 'motor_command_msg' build argument 'cmake_target' from command line to 'None'
[0.192s] Level 5:colcon.colcon_core.verb:set package 'motor_command_msg' build argument 'cmake_target_skip_unavailable' from command line to 'False'
[0.192s] Level 5:colcon.colcon_core.verb:set package 'motor_command_msg' build argument 'cmake_clean_cache' from command line to 'False'
[0.192s] Level 5:colcon.colcon_core.verb:set package 'motor_command_msg' build argument 'cmake_clean_first' from command line to 'False'
[0.192s] Level 5:colcon.colcon_core.verb:set package 'motor_command_msg' build argument 'cmake_force_configure' from command line to 'False'
[0.192s] Level 5:colcon.colcon_core.verb:set package 'motor_command_msg' build argument 'ament_cmake_args' from command line to 'None'
[0.192s] Level 5:colcon.colcon_core.verb:set package 'motor_command_msg' build argument 'catkin_cmake_args' from command line to 'None'
[0.192s] Level 5:colcon.colcon_core.verb:set package 'motor_command_msg' build argument 'catkin_skip_building_tests' from command line to 'False'
[0.192s] DEBUG:colcon.colcon_core.verb:Building package 'motor_command_msg' with the following arguments: {'ament_cmake_args': None, 'build_base': '/home/cvl/CS_Animatronics/src/build/motor_command_msg', 'catkin_cmake_args': None, 'catkin_skip_building_tests': False, 'cmake_args': None, 'cmake_clean_cache': False, 'cmake_clean_first': False, 'cmake_force_configure': False, 'cmake_target': None, 'cmake_target_skip_unavailable': False, 'install_base': '/home/cvl/CS_Animatronics/src/install/motor_command_msg', 'merge_install': False, 'path': '/home/cvl/CS_Animatronics/src/motor_command_msg', 'symlink_install': False, 'test_result_base': None}
[0.193s] Level 5:colcon.colcon_core.verb:set package 'motor_controller' build argument 'cmake_args' from command line to 'None'
[0.193s] Level 5:colcon.colcon_core.verb:set package 'motor_controller' build argument 'cmake_target' from command line to 'None'
[0.193s] Level 5:colcon.colcon_core.verb:set package 'motor_controller' build argument 'cmake_target_skip_unavailable' from command line to 'False'
[0.193s] Level 5:colcon.colcon_core.verb:set package 'motor_controller' build argument 'cmake_clean_cache' from command line to 'False'
[0.193s] Level 5:colcon.colcon_core.verb:set package 'motor_controller' build argument 'cmake_clean_first' from command line to 'False'
[0.193s] Level 5:colcon.colcon_core.verb:set package 'motor_controller' build argument 'cmake_force_configure' from command line to 'False'
[0.193s] Level 5:colcon.colcon_core.verb:set package 'motor_controller' build argument 'ament_cmake_args' from command line to 'None'
[0.193s] Level 5:colcon.colcon_core.verb:set package 'motor_controller' build argument 'catkin_cmake_args' from command line to 'None'
[0.193s] Level 5:colcon.colcon_core.verb:set package 'motor_controller' build argument 'catkin_skip_building_tests' from command line to 'False'
[0.193s] DEBUG:colcon.colcon_core.verb:Building package 'motor_controller' with the following arguments: {'ament_cmake_args': None, 'build_base': '/home/cvl/CS_Animatronics/src/build/motor_controller', 'catkin_cmake_args': None, 'catkin_skip_building_tests': False, 'cmake_args': None, 'cmake_clean_cache': False, 'cmake_clean_first': False, 'cmake_force_configure': False, 'cmake_target': None, 'cmake_target_skip_unavailable': False, 'install_base': '/home/cvl/CS_Animatronics/src/install/motor_controller', 'merge_install': False, 'path': '/home/cvl/CS_Animatronics/src/motor_controller', 'symlink_install': False, 'test_result_base': None}
[0.193s] Level 5:colcon.colcon_core.verb:set package 'system_controller' build argument 'cmake_args' from command line to 'None'
[0.193s] Level 5:colcon.colcon_core.verb:set package 'system_controller' build argument 'cmake_target' from command line to 'None'
[0.193s] Level 5:colcon.colcon_core.verb:set package 'system_controller' build argument 'cmake_target_skip_unavailable' from command line to 'False'
[0.193s] Level 5:colcon.colcon_core.verb:set package 'system_controller' build argument 'cmake_clean_cache' from command line to 'False'
[0.193s] Level 5:colcon.colcon_core.verb:set package 'system_controller' build argument 'cmake_clean_first' from command line to 'False'
[0.193s] Level 5:colcon.colcon_core.verb:set package 'system_controller' build argument 'cmake_force_configure' from command line to 'False'
[0.193s] Level 5:colcon.colcon_core.verb:set package 'system_controller' build argument 'ament_cmake_args' from command line to 'None'
[0.193s] Level 5:colcon.colcon_core.verb:set package 'system_controller' build argument 'catkin_cmake_args' from command line to 'None'
[0.193s] Level 5:colcon.colcon_core.verb:set package 'system_controller' build argument 'catkin_skip_building_tests' from command line to 'False'
[0.193s] DEBUG:colcon.colcon_core.verb:Building package 'system_controller' with the following arguments: {'ament_cmake_args': None, 'build_base': '/home/cvl/CS_Animatronics/src/build/system_controller', 'catkin_cmake_args': None, 'catkin_skip_building_tests': False, 'cmake_args': None, 'cmake_clean_cache': False, 'cmake_clean_first': False, 'cmake_force_configure': False, 'cmake_target': None, 'cmake_target_skip_unavailable': False, 'install_base': '/home/cvl/CS_Animatronics/src/install/system_controller', 'merge_install': False, 'path': '/home/cvl/CS_Animatronics/src/system_controller', 'symlink_install': False, 'test_result_base': None}
[0.193s] INFO:colcon.colcon_core.executor:Executing jobs using 'parallel' executor
[0.194s] DEBUG:colcon.colcon_parallel_executor.executor.parallel:run_until_complete
[0.194s] INFO:colcon.colcon_ros.task.ament_cmake.build:Building ROS package in '/home/cvl/CS_Animatronics/src/motor_command_msg' with build type 'ament_cmake'
[0.194s] INFO:colcon.colcon_cmake.task.cmake.build:Building CMake package in '/home/cvl/CS_Animatronics/src/motor_command_msg'
[0.196s] INFO:colcon.colcon_core.plugin_system:Skipping extension 'colcon_core.shell.bat': Not used on non-Windows systems
[0.196s] INFO:colcon.colcon_core.shell:Skip shell extension 'powershell' for command environment: Not usable outside of PowerShell
[0.196s] DEBUG:colcon.colcon_core.shell:Skip shell extension 'dsv' for command environment
[0.198s] INFO:colcon.colcon_ros.task.ament_cmake.build:Building ROS package in '/home/cvl/CS_Animatronics/src/dynamixel_sdk' with build type 'ament_cmake'
[0.198s] INFO:colcon.colcon_cmake.task.cmake.build:Building CMake package in '/home/cvl/CS_Animatronics/src/dynamixel_sdk'
[0.198s] INFO:colcon.colcon_core.shell:Skip shell extension 'powershell' for command environment: Not usable outside of PowerShell
[0.198s] DEBUG:colcon.colcon_core.shell:Skip shell extension 'dsv' for command environment
[0.200s] INFO:colcon.colcon_ros.task.ament_cmake.build:Building ROS package in '/home/cvl/CS_Animatronics/src/dynamixel_sdk_custom_interfaces' with build type 'ament_cmake'
[0.200s] INFO:colcon.colcon_cmake.task.cmake.build:Building CMake package in '/home/cvl/CS_Animatronics/src/dynamixel_sdk_custom_interfaces'
[0.200s] INFO:colcon.colcon_core.shell:Skip shell extension 'powershell' for command environment: Not usable outside of PowerShell
[0.200s] DEBUG:colcon.colcon_core.shell:Skip shell extension 'dsv' for command environment
[0.202s] INFO:colcon.colcon_ros.task.ament_python.build:Building ROS package in '/home/cvl/CS_Animatronics/src/controller_publisher' with build type 'ament_python'
[0.202s] Level 1:colcon.colcon_core.shell:create_environment_hook('controller_publisher', 'ament_prefix_path')
[0.202s] INFO:colcon.colcon_core.shell:Creating environment hook '/home/cvl/CS_Animatronics/src/install/controller_publisher/share/controller_publisher/hook/ament_prefix_path.ps1'
[0.202s] INFO:colcon.colcon_core.shell:Creating environment descriptor '/home/cvl/CS_Animatronics/src/install/controller_publisher/share/controller_publisher/hook/ament_prefix_path.dsv'
[0.203s] INFO:colcon.colcon_core.shell:Creating environment hook '/home/cvl/CS_Animatronics/src/install/controller_publisher/share/controller_publisher/hook/ament_prefix_path.sh'
[0.203s] INFO:colcon.colcon_core.shell:Skip shell extension 'powershell' for command environment: Not usable outside of PowerShell
[0.203s] DEBUG:colcon.colcon_core.shell:Skip shell extension 'dsv' for command environment
[0.205s] INFO:colcon.colcon_ros.task.ament_python.build:Building ROS package in '/home/cvl/CS_Animatronics/src/imu_receiver' with build type 'ament_python'
[0.205s] Level 1:colcon.colcon_core.shell:create_environment_hook('imu_receiver', 'ament_prefix_path')
[0.205s] INFO:colcon.colcon_core.shell:Creating environment hook '/home/cvl/CS_Animatronics/src/install/imu_receiver/share/imu_receiver/hook/ament_prefix_path.ps1'
[0.205s] INFO:colcon.colcon_core.shell:Creating environment descriptor '/home/cvl/CS_Animatronics/src/install/imu_receiver/share/imu_receiver/hook/ament_prefix_path.dsv'
[0.206s] INFO:colcon.colcon_core.shell:Creating environment hook '/home/cvl/CS_Animatronics/src/install/imu_receiver/share/imu_receiver/hook/ament_prefix_path.sh'
[0.206s] INFO:colcon.colcon_core.shell:Skip shell extension 'powershell' for command environment: Not usable outside of PowerShell
[0.206s] DEBUG:colcon.colcon_core.shell:Skip shell extension 'dsv' for command environment
[0.210s] DEBUG:colcon.colcon_core.event_handler.log_command:Invoking command in '/home/cvl/CS_Animatronics/src/build/motor_command_msg': CMAKE_PREFIX_PATH=${CMAKE_PREFIX_PATH}:/opt/ros/jazzy CONDA_PROMPT_MODIFIER=(base) DEBUGINFOD_URLS=https://debuginfod.ubuntu.com /usr/bin/cmake /home/cvl/CS_Animatronics/src/motor_command_msg -DCMAKE_INSTALL_PREFIX=/home/cvl/CS_Animatronics/src/install/motor_command_msg
[0.211s] DEBUG:colcon.colcon_core.event_handler.log_command:Invoking command in '/home/cvl/CS_Animatronics/src/build/dynamixel_sdk': CMAKE_PREFIX_PATH=${CMAKE_PREFIX_PATH}:/opt/ros/jazzy CONDA_PROMPT_MODIFIER=(base) DEBUGINFOD_URLS=https://debuginfod.ubuntu.com /usr/bin/cmake /home/cvl/CS_Animatronics/src/dynamixel_sdk -DCMAKE_INSTALL_PREFIX=/home/cvl/CS_Animatronics/src/install/dynamixel_sdk
[0.212s] DEBUG:colcon.colcon_core.event_handler.log_command:Invoking command in '/home/cvl/CS_Animatronics/src/build/dynamixel_sdk_custom_interfaces': CMAKE_PREFIX_PATH=${CMAKE_PREFIX_PATH}:/opt/ros/jazzy CONDA_PROMPT_MODIFIER=(base) DEBUGINFOD_URLS=https://debuginfod.ubuntu.com /usr/bin/cmake /home/cvl/CS_Animatronics/src/dynamixel_sdk_custom_interfaces -DCMAKE_INSTALL_PREFIX=/home/cvl/CS_Animatronics/src/install/dynamixel_sdk_custom_interfaces
[0.382s] INFO:colcon.colcon_core.task.python.build:Building Python package in '/home/cvl/CS_Animatronics/src/controller_publisher'
[0.382s] INFO:colcon.colcon_core.shell:Skip shell extension 'powershell' for command environment: Not usable outside of PowerShell
[0.382s] DEBUG:colcon.colcon_core.shell:Skip shell extension 'dsv' for command environment
[0.548s] INFO:colcon.colcon_core.task.python.build:Building Python package in '/home/cvl/CS_Animatronics/src/imu_receiver'
[0.549s] INFO:colcon.colcon_core.shell:Skip shell extension 'powershell' for command environment: Not usable outside of PowerShell
[0.549s] DEBUG:colcon.colcon_core.shell:Skip shell extension 'dsv' for command environment
[0.553s] DEBUG:colcon.colcon_core.event_handler.log_command:Invoked command in '/home/cvl/CS_Animatronics/src/build/dynamixel_sdk' returned '0': CMAKE_PREFIX_PATH=${CMAKE_PREFIX_PATH}:/opt/ros/jazzy CONDA_PROMPT_MODIFIER=(base) DEBUGINFOD_URLS=https://debuginfod.ubuntu.com /usr/bin/cmake /home/cvl/CS_Animatronics/src/dynamixel_sdk -DCMAKE_INSTALL_PREFIX=/home/cvl/CS_Animatronics/src/install/dynamixel_sdk
[0.554s] DEBUG:colcon.colcon_core.event_handler.log_command:Invoking command in '/home/cvl/CS_Animatronics/src/build/dynamixel_sdk': CMAKE_PREFIX_PATH=${CMAKE_PREFIX_PATH}:/opt/ros/jazzy CONDA_PROMPT_MODIFIER=(base) DEBUGINFOD_URLS=https://debuginfod.ubuntu.com /usr/bin/cmake --build /home/cvl/CS_Animatronics/src/build/dynamixel_sdk -- -j20 -l20
[0.554s] DEBUG:colcon.colcon_core.event_handler.log_command:Invoked command in '/home/cvl/CS_Animatronics/src/build/dynamixel_sdk_custom_interfaces' returned '1': CMAKE_PREFIX_PATH=${CMAKE_PREFIX_PATH}:/opt/ros/jazzy CONDA_PROMPT_MODIFIER=(base) DEBUGINFOD_URLS=https://debuginfod.ubuntu.com /usr/bin/cmake /home/cvl/CS_Animatronics/src/dynamixel_sdk_custom_interfaces -DCMAKE_INSTALL_PREFIX=/home/cvl/CS_Animatronics/src/install/dynamixel_sdk_custom_interfaces
[0.555s] DEBUG:colcon.colcon_core.event_handler.log_command:Invoked command in '/home/cvl/CS_Animatronics/src/build/motor_command_msg' returned '1': CMAKE_PREFIX_PATH=${CMAKE_PREFIX_PATH}:/opt/ros/jazzy CONDA_PROMPT_MODIFIER=(base) DEBUGINFOD_URLS=https://debuginfod.ubuntu.com /usr/bin/cmake /home/cvl/CS_Animatronics/src/motor_command_msg -DCMAKE_INSTALL_PREFIX=/home/cvl/CS_Animatronics/src/install/motor_command_msg
[0.561s] Level 1:colcon.colcon_core.environment:create_environment_scripts_only(dynamixel_sdk_custom_interfaces)
[0.563s] Level 1:colcon.colcon_core.environment:checking '/home/cvl/CS_Animatronics/src/install/dynamixel_sdk_custom_interfaces' for CMake module files
[0.563s] Level 1:colcon.colcon_core.environment:checking '/home/cvl/CS_Animatronics/src/install/dynamixel_sdk_custom_interfaces' for CMake config files
[0.563s] Level 1:colcon.colcon_core.environment:checking '/home/cvl/CS_Animatronics/src/install/dynamixel_sdk_custom_interfaces/bin'
[0.563s] Level 1:colcon.colcon_core.environment:checking '/home/cvl/CS_Animatronics/src/install/dynamixel_sdk_custom_interfaces/lib/pkgconfig/dynamixel_sdk_custom_interfaces.pc'
[0.564s] Level 1:colcon.colcon_core.environment:checking '/home/cvl/CS_Animatronics/src/install/dynamixel_sdk_custom_interfaces/lib/python3.12/site-packages'
[0.564s] Level 1:colcon.colcon_core.environment:checking '/home/cvl/CS_Animatronics/src/install/dynamixel_sdk_custom_interfaces/bin'
[0.564s] INFO:colcon.colcon_core.shell:Creating package script '/home/cvl/CS_Animatronics/src/install/dynamixel_sdk_custom_interfaces/share/dynamixel_sdk_custom_interfaces/package.ps1'
[0.564s] INFO:colcon.colcon_core.shell:Creating package descriptor '/home/cvl/CS_Animatronics/src/install/dynamixel_sdk_custom_interfaces/share/dynamixel_sdk_custom_interfaces/package.dsv'
[0.565s] INFO:colcon.colcon_core.shell:Creating package script '/home/cvl/CS_Animatronics/src/install/dynamixel_sdk_custom_interfaces/share/dynamixel_sdk_custom_interfaces/package.sh'
[0.565s] INFO:colcon.colcon_core.shell:Creating package script '/home/cvl/CS_Animatronics/src/install/dynamixel_sdk_custom_interfaces/share/dynamixel_sdk_custom_interfaces/package.bash'
[0.566s] INFO:colcon.colcon_core.shell:Creating package script '/home/cvl/CS_Animatronics/src/install/dynamixel_sdk_custom_interfaces/share/dynamixel_sdk_custom_interfaces/package.zsh'
[0.566s] Level 1:colcon.colcon_core.environment:create_file_with_runtime_dependencies(/home/cvl/CS_Animatronics/src/install/dynamixel_sdk_custom_interfaces/share/colcon-core/packages/dynamixel_sdk_custom_interfaces)
[1.044s] DEBUG:colcon.colcon_parallel_executor.executor.parallel:closing loop
[1.044s] DEBUG:colcon.colcon_parallel_executor.executor.parallel:loop closed
[1.044s] DEBUG:colcon.colcon_parallel_executor.executor.parallel:run_until_complete finished with '1'
[1.044s] DEBUG:colcon.colcon_core.event_reactor:joining thread
[1.048s] INFO:colcon.colcon_core.plugin_system:Skipping extension 'colcon_notification.desktop_notification.terminal_notifier': Not used on non-Darwin systems
[1.048s] INFO:colcon.colcon_core.plugin_system:Skipping extension 'colcon_notification.desktop_notification.win32': Not used on non-Windows systems
[1.048s] INFO:colcon.colcon_notification.desktop_notification:Sending desktop notification using 'notify2'
[1.060s] DEBUG:colcon.colcon_core.event_reactor:joined thread
[1.060s] INFO:colcon.colcon_core.shell:Creating prefix script '/home/cvl/CS_Animatronics/src/install/local_setup.ps1'
[1.061s] INFO:colcon.colcon_core.shell:Creating prefix util module '/home/cvl/CS_Animatronics/src/install/_local_setup_util_ps1.py'
[1.061s] INFO:colcon.colcon_core.shell:Creating prefix chain script '/home/cvl/CS_Animatronics/src/install/setup.ps1'
[1.062s] INFO:colcon.colcon_core.shell:Creating prefix script '/home/cvl/CS_Animatronics/src/install/local_setup.sh'
[1.062s] INFO:colcon.colcon_core.shell:Creating prefix util module '/home/cvl/CS_Animatronics/src/install/_local_setup_util_sh.py'
[1.063s] INFO:colcon.colcon_core.shell:Creating prefix chain script '/home/cvl/CS_Animatronics/src/install/setup.sh'
[1.063s] INFO:colcon.colcon_core.shell:Creating prefix script '/home/cvl/CS_Animatronics/src/install/local_setup.bash'
[1.064s] INFO:colcon.colcon_core.shell:Creating prefix chain script '/home/cvl/CS_Animatronics/src/install/setup.bash'
[1.064s] INFO:colcon.colcon_core.shell:Creating prefix script '/home/cvl/CS_Animatronics/src/install/local_setup.zsh'
[1.064s] INFO:colcon.colcon_core.shell:Creating prefix chain script '/home/cvl/CS_Animatronics/src/install/setup.zsh'
