[0.186s] DEBUG:colcon:Command line arguments: ['/usr/bin/colcon', 'build']
[0.186s] DEBUG:colcon:Parsed command line arguments: Namespace(log_base=None, log_level=None, verb_name='build', build_base='build', install_base='install', merge_install=False, symlink_install=False, test_result_base=None, continue_on_error=False, executor='parallel', parallel_workers=4, event_handlers=None, ignore_user_meta=False, metas=['./colcon.meta'], base_paths=['.'], packages_ignore=None, packages_ignore_regex=None, paths=None, packages_up_to=None, packages_up_to_regex=None, packages_above=None, packages_above_and_dependencies=None, packages_above_depth=None, packages_select_by_dep=None, packages_skip_by_dep=None, packages_skip_up_to=None, packages_select_build_failed=False, packages_skip_build_finished=False, packages_select_test_failures=False, packages_skip_test_passed=False, packages_select=None, packages_skip=None, packages_select_regex=None, packages_skip_regex=None, packages_start=None, packages_end=None, allow_overriding=[], cmake_args=None, cmake_target=None, cmake_target_skip_unavailable=False, cmake_clean_cache=False, cmake_clean_first=False, cmake_force_configure=False, ament_cmake_args=None, catkin_cmake_args=None, catkin_skip_building_tests=False, mixin_files=None, mixin=None, verb_parser=<colcon_mixin.mixin.mixin_argument.MixinArgumentDecorator object at 0xffffafc9b320>, verb_extension=<colcon_core.verb.build.BuildVerb object at 0xffffafe84770>, main=<bound method BuildVerb.main of <colcon_core.verb.build.BuildVerb object at 0xffffafe84770>>, mixin_verb=('build',))
[0.244s] Level 1:colcon.colcon_core.package_discovery:discover_packages(colcon_meta) check parameters
[0.244s] Level 1:colcon.colcon_core.package_discovery:discover_packages(recursive) check parameters
[0.244s] Level 1:colcon.colcon_core.package_discovery:discover_packages(ignore) check parameters
[0.244s] Level 1:colcon.colcon_core.package_discovery:discover_packages(path) check parameters
[0.244s] Level 1:colcon.colcon_core.package_discovery:discover_packages(colcon_meta) discover
[0.244s] Level 1:colcon.colcon_core.package_discovery:discover_packages(recursive) discover
[0.244s] INFO:colcon.colcon_core.package_discovery:Crawling recursively for packages in '/home/csanimatronics/CS_Animatronics'
[0.244s] Level 1:colcon.colcon_core.package_identification:_identify(.) by extensions ['ignore', 'ignore_ament_install']
[0.245s] Level 1:colcon.colcon_core.package_identification:_identify(.) by extension 'ignore'
[0.245s] Level 1:colcon.colcon_core.package_identification:_identify(.) by extension 'ignore_ament_install'
[0.245s] Level 1:colcon.colcon_core.package_identification:_identify(.) by extensions ['colcon_pkg']
[0.245s] Level 1:colcon.colcon_core.package_identification:_identify(.) by extension 'colcon_pkg'
[0.245s] Level 1:colcon.colcon_core.package_identification:_identify(.) by extensions ['colcon_meta']
[0.245s] Level 1:colcon.colcon_core.package_identification:_identify(.) by extension 'colcon_meta'
[0.245s] Level 1:colcon.colcon_core.package_identification:_identify(.) by extensions ['ros']
[0.245s] Level 1:colcon.colcon_core.package_identification:_identify(.) by extension 'ros'
[0.282s] Level 1:colcon.colcon_core.package_identification:_identify(.) by extensions ['cmake', 'python']
[0.282s] Level 1:colcon.colcon_core.package_identification:_identify(.) by extension 'cmake'
[0.282s] Level 1:colcon.colcon_core.package_identification:_identify(.) by extension 'python'
[0.282s] Level 1:colcon.colcon_core.package_identification:_identify(.) by extensions ['python_setup_py']
[0.282s] Level 1:colcon.colcon_core.package_identification:_identify(.) by extension 'python_setup_py'
[0.283s] Level 1:colcon.colcon_core.package_identification:_identify(MotionFiles) by extensions ['ignore', 'ignore_ament_install']
[0.283s] Level 1:colcon.colcon_core.package_identification:_identify(MotionFiles) by extension 'ignore'
[0.283s] Level 1:colcon.colcon_core.package_identification:_identify(MotionFiles) by extension 'ignore_ament_install'
[0.283s] Level 1:colcon.colcon_core.package_identification:_identify(MotionFiles) by extensions ['colcon_pkg']
[0.283s] Level 1:colcon.colcon_core.package_identification:_identify(MotionFiles) by extension 'colcon_pkg'
[0.283s] Level 1:colcon.colcon_core.package_identification:_identify(MotionFiles) by extensions ['colcon_meta']
[0.283s] Level 1:colcon.colcon_core.package_identification:_identify(MotionFiles) by extension 'colcon_meta'
[0.283s] Level 1:colcon.colcon_core.package_identification:_identify(MotionFiles) by extensions ['ros']
[0.283s] Level 1:colcon.colcon_core.package_identification:_identify(MotionFiles) by extension 'ros'
[0.283s] Level 1:colcon.colcon_core.package_identification:_identify(MotionFiles) by extensions ['cmake', 'python']
[0.283s] Level 1:colcon.colcon_core.package_identification:_identify(MotionFiles) by extension 'cmake'
[0.283s] Level 1:colcon.colcon_core.package_identification:_identify(MotionFiles) by extension 'python'
[0.283s] Level 1:colcon.colcon_core.package_identification:_identify(MotionFiles) by extensions ['python_setup_py']
[0.283s] Level 1:colcon.colcon_core.package_identification:_identify(MotionFiles) by extension 'python_setup_py'
[0.283s] Level 1:colcon.colcon_core.package_identification:_identify(RecordedLog) by extensions ['ignore', 'ignore_ament_install']
[0.283s] Level 1:colcon.colcon_core.package_identification:_identify(RecordedLog) by extension 'ignore'
[0.284s] Level 1:colcon.colcon_core.package_identification:_identify(RecordedLog) by extension 'ignore_ament_install'
[0.284s] Level 1:colcon.colcon_core.package_identification:_identify(RecordedLog) by extensions ['colcon_pkg']
[0.284s] Level 1:colcon.colcon_core.package_identification:_identify(RecordedLog) by extension 'colcon_pkg'
[0.284s] Level 1:colcon.colcon_core.package_identification:_identify(RecordedLog) by extensions ['colcon_meta']
[0.284s] Level 1:colcon.colcon_core.package_identification:_identify(RecordedLog) by extension 'colcon_meta'
[0.284s] Level 1:colcon.colcon_core.package_identification:_identify(RecordedLog) by extensions ['ros']
[0.284s] Level 1:colcon.colcon_core.package_identification:_identify(RecordedLog) by extension 'ros'
[0.284s] Level 1:colcon.colcon_core.package_identification:_identify(RecordedLog) by extensions ['cmake', 'python']
[0.284s] Level 1:colcon.colcon_core.package_identification:_identify(RecordedLog) by extension 'cmake'
[0.284s] Level 1:colcon.colcon_core.package_identification:_identify(RecordedLog) by extension 'python'
[0.284s] Level 1:colcon.colcon_core.package_identification:_identify(RecordedLog) by extensions ['python_setup_py']
[0.284s] Level 1:colcon.colcon_core.package_identification:_identify(RecordedLog) by extension 'python_setup_py'
[0.284s] Level 1:colcon.colcon_core.package_identification:_identify(build) by extensions ['ignore', 'ignore_ament_install']
[0.284s] Level 1:colcon.colcon_core.package_identification:_identify(build) by extension 'ignore'
[0.284s] Level 1:colcon.colcon_core.package_identification:_identify(build) ignored
[0.284s] Level 1:colcon.colcon_core.package_identification:_identify(install) by extensions ['ignore', 'ignore_ament_install']
[0.284s] Level 1:colcon.colcon_core.package_identification:_identify(install) by extension 'ignore'
[0.284s] Level 1:colcon.colcon_core.package_identification:_identify(install) ignored
[0.285s] Level 1:colcon.colcon_core.package_identification:_identify(log) by extensions ['ignore', 'ignore_ament_install']
[0.285s] Level 1:colcon.colcon_core.package_identification:_identify(log) by extension 'ignore'
[0.285s] Level 1:colcon.colcon_core.package_identification:_identify(log) ignored
[0.285s] Level 1:colcon.colcon_core.package_identification:_identify(src) by extensions ['ignore', 'ignore_ament_install']
[0.285s] Level 1:colcon.colcon_core.package_identification:_identify(src) by extension 'ignore'
[0.285s] Level 1:colcon.colcon_core.package_identification:_identify(src) by extension 'ignore_ament_install'
[0.285s] Level 1:colcon.colcon_core.package_identification:_identify(src) by extensions ['colcon_pkg']
[0.285s] Level 1:colcon.colcon_core.package_identification:_identify(src) by extension 'colcon_pkg'
[0.285s] Level 1:colcon.colcon_core.package_identification:_identify(src) by extensions ['colcon_meta']
[0.285s] Level 1:colcon.colcon_core.package_identification:_identify(src) by extension 'colcon_meta'
[0.285s] Level 1:colcon.colcon_core.package_identification:_identify(src) by extensions ['ros']
[0.285s] Level 1:colcon.colcon_core.package_identification:_identify(src) by extension 'ros'
[0.285s] Level 1:colcon.colcon_core.package_identification:_identify(src) by extensions ['cmake', 'python']
[0.285s] Level 1:colcon.colcon_core.package_identification:_identify(src) by extension 'cmake'
[0.285s] Level 1:colcon.colcon_core.package_identification:_identify(src) by extension 'python'
[0.285s] Level 1:colcon.colcon_core.package_identification:_identify(src) by extensions ['python_setup_py']
[0.285s] Level 1:colcon.colcon_core.package_identification:_identify(src) by extension 'python_setup_py'
[0.285s] Level 1:colcon.colcon_core.package_identification:_identify(src/DeepLabCut) by extensions ['ignore', 'ignore_ament_install']
[0.286s] Level 1:colcon.colcon_core.package_identification:_identify(src/DeepLabCut) by extension 'ignore'
[0.286s] Level 1:colcon.colcon_core.package_identification:_identify(src/DeepLabCut) by extension 'ignore_ament_install'
[0.286s] Level 1:colcon.colcon_core.package_identification:_identify(src/DeepLabCut) by extensions ['colcon_pkg']
[0.286s] Level 1:colcon.colcon_core.package_identification:_identify(src/DeepLabCut) by extension 'colcon_pkg'
[0.286s] Level 1:colcon.colcon_core.package_identification:_identify(src/DeepLabCut) by extensions ['colcon_meta']
[0.286s] Level 1:colcon.colcon_core.package_identification:_identify(src/DeepLabCut) by extension 'colcon_meta'
[0.286s] Level 1:colcon.colcon_core.package_identification:_identify(src/DeepLabCut) by extensions ['ros']
[0.286s] Level 1:colcon.colcon_core.package_identification:_identify(src/DeepLabCut) by extension 'ros'
[0.286s] Level 1:colcon.colcon_core.package_identification:_identify(src/DeepLabCut) by extensions ['cmake', 'python']
[0.286s] Level 1:colcon.colcon_core.package_identification:_identify(src/DeepLabCut) by extension 'cmake'
[0.286s] Level 1:colcon.colcon_core.package_identification:_identify(src/DeepLabCut) by extension 'python'
[0.286s] Level 1:colcon.colcon_core.package_identification:_identify(src/DeepLabCut) by extensions ['python_setup_py']
[0.286s] Level 1:colcon.colcon_core.package_identification:_identify(src/DeepLabCut) by extension 'python_setup_py'
[0.286s] Level 1:colcon.colcon_core.package_identification:_identify(src/DeepLabCut/Animatronics-Ryo-2024-12-17) by extensions ['ignore', 'ignore_ament_install']
[0.286s] Level 1:colcon.colcon_core.package_identification:_identify(src/DeepLabCut/Animatronics-Ryo-2024-12-17) by extension 'ignore'
[0.286s] Level 1:colcon.colcon_core.package_identification:_identify(src/DeepLabCut/Animatronics-Ryo-2024-12-17) by extension 'ignore_ament_install'
[0.286s] Level 1:colcon.colcon_core.package_identification:_identify(src/DeepLabCut/Animatronics-Ryo-2024-12-17) by extensions ['colcon_pkg']
[0.286s] Level 1:colcon.colcon_core.package_identification:_identify(src/DeepLabCut/Animatronics-Ryo-2024-12-17) by extension 'colcon_pkg'
[0.286s] Level 1:colcon.colcon_core.package_identification:_identify(src/DeepLabCut/Animatronics-Ryo-2024-12-17) by extensions ['colcon_meta']
[0.286s] Level 1:colcon.colcon_core.package_identification:_identify(src/DeepLabCut/Animatronics-Ryo-2024-12-17) by extension 'colcon_meta'
[0.286s] Level 1:colcon.colcon_core.package_identification:_identify(src/DeepLabCut/Animatronics-Ryo-2024-12-17) by extensions ['ros']
[0.286s] Level 1:colcon.colcon_core.package_identification:_identify(src/DeepLabCut/Animatronics-Ryo-2024-12-17) by extension 'ros'
[0.287s] Level 1:colcon.colcon_core.package_identification:_identify(src/DeepLabCut/Animatronics-Ryo-2024-12-17) by extensions ['cmake', 'python']
[0.287s] Level 1:colcon.colcon_core.package_identification:_identify(src/DeepLabCut/Animatronics-Ryo-2024-12-17) by extension 'cmake'
[0.287s] Level 1:colcon.colcon_core.package_identification:_identify(src/DeepLabCut/Animatronics-Ryo-2024-12-17) by extension 'python'
[0.287s] Level 1:colcon.colcon_core.package_identification:_identify(src/DeepLabCut/Animatronics-Ryo-2024-12-17) by extensions ['python_setup_py']
[0.287s] Level 1:colcon.colcon_core.package_identification:_identify(src/DeepLabCut/Animatronics-Ryo-2024-12-17) by extension 'python_setup_py'
[0.287s] Level 1:colcon.colcon_core.package_identification:_identify(src/DeepLabCut/Animatronics-Ryo-2024-12-17/dlc-models-pytorch) by extensions ['ignore', 'ignore_ament_install']
[0.287s] Level 1:colcon.colcon_core.package_identification:_identify(src/DeepLabCut/Animatronics-Ryo-2024-12-17/dlc-models-pytorch) by extension 'ignore'
[0.287s] Level 1:colcon.colcon_core.package_identification:_identify(src/DeepLabCut/Animatronics-Ryo-2024-12-17/dlc-models-pytorch) by extension 'ignore_ament_install'
[0.287s] Level 1:colcon.colcon_core.package_identification:_identify(src/DeepLabCut/Animatronics-Ryo-2024-12-17/dlc-models-pytorch) by extensions ['colcon_pkg']
[0.287s] Level 1:colcon.colcon_core.package_identification:_identify(src/DeepLabCut/Animatronics-Ryo-2024-12-17/dlc-models-pytorch) by extension 'colcon_pkg'
[0.287s] Level 1:colcon.colcon_core.package_identification:_identify(src/DeepLabCut/Animatronics-Ryo-2024-12-17/dlc-models-pytorch) by extensions ['colcon_meta']
[0.287s] Level 1:colcon.colcon_core.package_identification:_identify(src/DeepLabCut/Animatronics-Ryo-2024-12-17/dlc-models-pytorch) by extension 'colcon_meta'
[0.287s] Level 1:colcon.colcon_core.package_identification:_identify(src/DeepLabCut/Animatronics-Ryo-2024-12-17/dlc-models-pytorch) by extensions ['ros']
[0.287s] Level 1:colcon.colcon_core.package_identification:_identify(src/DeepLabCut/Animatronics-Ryo-2024-12-17/dlc-models-pytorch) by extension 'ros'
[0.287s] Level 1:colcon.colcon_core.package_identification:_identify(src/DeepLabCut/Animatronics-Ryo-2024-12-17/dlc-models-pytorch) by extensions ['cmake', 'python']
[0.287s] Level 1:colcon.colcon_core.package_identification:_identify(src/DeepLabCut/Animatronics-Ryo-2024-12-17/dlc-models-pytorch) by extension 'cmake'
[0.287s] Level 1:colcon.colcon_core.package_identification:_identify(src/DeepLabCut/Animatronics-Ryo-2024-12-17/dlc-models-pytorch) by extension 'python'
[0.287s] Level 1:colcon.colcon_core.package_identification:_identify(src/DeepLabCut/Animatronics-Ryo-2024-12-17/dlc-models-pytorch) by extensions ['python_setup_py']
[0.287s] Level 1:colcon.colcon_core.package_identification:_identify(src/DeepLabCut/Animatronics-Ryo-2024-12-17/dlc-models-pytorch) by extension 'python_setup_py'
[0.287s] Level 1:colcon.colcon_core.package_identification:_identify(src/DeepLabCut/Animatronics-Ryo-2024-12-17/dlc-models-pytorch/iteration-0) by extensions ['ignore', 'ignore_ament_install']
[0.288s] Level 1:colcon.colcon_core.package_identification:_identify(src/DeepLabCut/Animatronics-Ryo-2024-12-17/dlc-models-pytorch/iteration-0) by extension 'ignore'
[0.288s] Level 1:colcon.colcon_core.package_identification:_identify(src/DeepLabCut/Animatronics-Ryo-2024-12-17/dlc-models-pytorch/iteration-0) by extension 'ignore_ament_install'
[0.288s] Level 1:colcon.colcon_core.package_identification:_identify(src/DeepLabCut/Animatronics-Ryo-2024-12-17/dlc-models-pytorch/iteration-0) by extensions ['colcon_pkg']
[0.288s] Level 1:colcon.colcon_core.package_identification:_identify(src/DeepLabCut/Animatronics-Ryo-2024-12-17/dlc-models-pytorch/iteration-0) by extension 'colcon_pkg'
[0.288s] Level 1:colcon.colcon_core.package_identification:_identify(src/DeepLabCut/Animatronics-Ryo-2024-12-17/dlc-models-pytorch/iteration-0) by extensions ['colcon_meta']
[0.288s] Level 1:colcon.colcon_core.package_identification:_identify(src/DeepLabCut/Animatronics-Ryo-2024-12-17/dlc-models-pytorch/iteration-0) by extension 'colcon_meta'
[0.288s] Level 1:colcon.colcon_core.package_identification:_identify(src/DeepLabCut/Animatronics-Ryo-2024-12-17/dlc-models-pytorch/iteration-0) by extensions ['ros']
[0.288s] Level 1:colcon.colcon_core.package_identification:_identify(src/DeepLabCut/Animatronics-Ryo-2024-12-17/dlc-models-pytorch/iteration-0) by extension 'ros'
[0.288s] Level 1:colcon.colcon_core.package_identification:_identify(src/DeepLabCut/Animatronics-Ryo-2024-12-17/dlc-models-pytorch/iteration-0) by extensions ['cmake', 'python']
[0.288s] Level 1:colcon.colcon_core.package_identification:_identify(src/DeepLabCut/Animatronics-Ryo-2024-12-17/dlc-models-pytorch/iteration-0) by extension 'cmake'
[0.288s] Level 1:colcon.colcon_core.package_identification:_identify(src/DeepLabCut/Animatronics-Ryo-2024-12-17/dlc-models-pytorch/iteration-0) by extension 'python'
[0.288s] Level 1:colcon.colcon_core.package_identification:_identify(src/DeepLabCut/Animatronics-Ryo-2024-12-17/dlc-models-pytorch/iteration-0) by extensions ['python_setup_py']
[0.288s] Level 1:colcon.colcon_core.package_identification:_identify(src/DeepLabCut/Animatronics-Ryo-2024-12-17/dlc-models-pytorch/iteration-0) by extension 'python_setup_py'
[0.288s] Level 1:colcon.colcon_core.package_identification:_identify(src/DeepLabCut/Animatronics-Ryo-2024-12-17/dlc-models-pytorch/iteration-0/AnimatronicsDec17-trainset95shuffle1) by extensions ['ignore', 'ignore_ament_install']
[0.288s] Level 1:colcon.colcon_core.package_identification:_identify(src/DeepLabCut/Animatronics-Ryo-2024-12-17/dlc-models-pytorch/iteration-0/AnimatronicsDec17-trainset95shuffle1) by extension 'ignore'
[0.288s] Level 1:colcon.colcon_core.package_identification:_identify(src/DeepLabCut/Animatronics-Ryo-2024-12-17/dlc-models-pytorch/iteration-0/AnimatronicsDec17-trainset95shuffle1) by extension 'ignore_ament_install'
[0.288s] Level 1:colcon.colcon_core.package_identification:_identify(src/DeepLabCut/Animatronics-Ryo-2024-12-17/dlc-models-pytorch/iteration-0/AnimatronicsDec17-trainset95shuffle1) by extensions ['colcon_pkg']
[0.288s] Level 1:colcon.colcon_core.package_identification:_identify(src/DeepLabCut/Animatronics-Ryo-2024-12-17/dlc-models-pytorch/iteration-0/AnimatronicsDec17-trainset95shuffle1) by extension 'colcon_pkg'
[0.288s] Level 1:colcon.colcon_core.package_identification:_identify(src/DeepLabCut/Animatronics-Ryo-2024-12-17/dlc-models-pytorch/iteration-0/AnimatronicsDec17-trainset95shuffle1) by extensions ['colcon_meta']
[0.289s] Level 1:colcon.colcon_core.package_identification:_identify(src/DeepLabCut/Animatronics-Ryo-2024-12-17/dlc-models-pytorch/iteration-0/AnimatronicsDec17-trainset95shuffle1) by extension 'colcon_meta'
[0.289s] Level 1:colcon.colcon_core.package_identification:_identify(src/DeepLabCut/Animatronics-Ryo-2024-12-17/dlc-models-pytorch/iteration-0/AnimatronicsDec17-trainset95shuffle1) by extensions ['ros']
[0.289s] Level 1:colcon.colcon_core.package_identification:_identify(src/DeepLabCut/Animatronics-Ryo-2024-12-17/dlc-models-pytorch/iteration-0/AnimatronicsDec17-trainset95shuffle1) by extension 'ros'
[0.289s] Level 1:colcon.colcon_core.package_identification:_identify(src/DeepLabCut/Animatronics-Ryo-2024-12-17/dlc-models-pytorch/iteration-0/AnimatronicsDec17-trainset95shuffle1) by extensions ['cmake', 'python']
[0.289s] Level 1:colcon.colcon_core.package_identification:_identify(src/DeepLabCut/Animatronics-Ryo-2024-12-17/dlc-models-pytorch/iteration-0/AnimatronicsDec17-trainset95shuffle1) by extension 'cmake'
[0.289s] Level 1:colcon.colcon_core.package_identification:_identify(src/DeepLabCut/Animatronics-Ryo-2024-12-17/dlc-models-pytorch/iteration-0/AnimatronicsDec17-trainset95shuffle1) by extension 'python'
[0.289s] Level 1:colcon.colcon_core.package_identification:_identify(src/DeepLabCut/Animatronics-Ryo-2024-12-17/dlc-models-pytorch/iteration-0/AnimatronicsDec17-trainset95shuffle1) by extensions ['python_setup_py']
[0.289s] Level 1:colcon.colcon_core.package_identification:_identify(src/DeepLabCut/Animatronics-Ryo-2024-12-17/dlc-models-pytorch/iteration-0/AnimatronicsDec17-trainset95shuffle1) by extension 'python_setup_py'
[0.289s] Level 1:colcon.colcon_core.package_identification:_identify(src/DeepLabCut/Animatronics-Ryo-2024-12-17/dlc-models-pytorch/iteration-0/AnimatronicsDec17-trainset95shuffle1/test) by extensions ['ignore', 'ignore_ament_install']
[0.289s] Level 1:colcon.colcon_core.package_identification:_identify(src/DeepLabCut/Animatronics-Ryo-2024-12-17/dlc-models-pytorch/iteration-0/AnimatronicsDec17-trainset95shuffle1/test) by extension 'ignore'
[0.289s] Level 1:colcon.colcon_core.package_identification:_identify(src/DeepLabCut/Animatronics-Ryo-2024-12-17/dlc-models-pytorch/iteration-0/AnimatronicsDec17-trainset95shuffle1/test) by extension 'ignore_ament_install'
[0.289s] Level 1:colcon.colcon_core.package_identification:_identify(src/DeepLabCut/Animatronics-Ryo-2024-12-17/dlc-models-pytorch/iteration-0/AnimatronicsDec17-trainset95shuffle1/test) by extensions ['colcon_pkg']
[0.289s] Level 1:colcon.colcon_core.package_identification:_identify(src/DeepLabCut/Animatronics-Ryo-2024-12-17/dlc-models-pytorch/iteration-0/AnimatronicsDec17-trainset95shuffle1/test) by extension 'colcon_pkg'
[0.289s] Level 1:colcon.colcon_core.package_identification:_identify(src/DeepLabCut/Animatronics-Ryo-2024-12-17/dlc-models-pytorch/iteration-0/AnimatronicsDec17-trainset95shuffle1/test) by extensions ['colcon_meta']
[0.289s] Level 1:colcon.colcon_core.package_identification:_identify(src/DeepLabCut/Animatronics-Ryo-2024-12-17/dlc-models-pytorch/iteration-0/AnimatronicsDec17-trainset95shuffle1/test) by extension 'colcon_meta'
[0.289s] Level 1:colcon.colcon_core.package_identification:_identify(src/DeepLabCut/Animatronics-Ryo-2024-12-17/dlc-models-pytorch/iteration-0/AnimatronicsDec17-trainset95shuffle1/test) by extensions ['ros']
[0.289s] Level 1:colcon.colcon_core.package_identification:_identify(src/DeepLabCut/Animatronics-Ryo-2024-12-17/dlc-models-pytorch/iteration-0/AnimatronicsDec17-trainset95shuffle1/test) by extension 'ros'
[0.289s] Level 1:colcon.colcon_core.package_identification:_identify(src/DeepLabCut/Animatronics-Ryo-2024-12-17/dlc-models-pytorch/iteration-0/AnimatronicsDec17-trainset95shuffle1/test) by extensions ['cmake', 'python']
[0.289s] Level 1:colcon.colcon_core.package_identification:_identify(src/DeepLabCut/Animatronics-Ryo-2024-12-17/dlc-models-pytorch/iteration-0/AnimatronicsDec17-trainset95shuffle1/test) by extension 'cmake'
[0.289s] Level 1:colcon.colcon_core.package_identification:_identify(src/DeepLabCut/Animatronics-Ryo-2024-12-17/dlc-models-pytorch/iteration-0/AnimatronicsDec17-trainset95shuffle1/test) by extension 'python'
[0.290s] Level 1:colcon.colcon_core.package_identification:_identify(src/DeepLabCut/Animatronics-Ryo-2024-12-17/dlc-models-pytorch/iteration-0/AnimatronicsDec17-trainset95shuffle1/test) by extensions ['python_setup_py']
[0.290s] Level 1:colcon.colcon_core.package_identification:_identify(src/DeepLabCut/Animatronics-Ryo-2024-12-17/dlc-models-pytorch/iteration-0/AnimatronicsDec17-trainset95shuffle1/test) by extension 'python_setup_py'
[0.290s] Level 1:colcon.colcon_core.package_identification:_identify(src/DeepLabCut/Animatronics-Ryo-2024-12-17/dlc-models-pytorch/iteration-0/AnimatronicsDec17-trainset95shuffle1/train) by extensions ['ignore', 'ignore_ament_install']
[0.290s] Level 1:colcon.colcon_core.package_identification:_identify(src/DeepLabCut/Animatronics-Ryo-2024-12-17/dlc-models-pytorch/iteration-0/AnimatronicsDec17-trainset95shuffle1/train) by extension 'ignore'
[0.290s] Level 1:colcon.colcon_core.package_identification:_identify(src/DeepLabCut/Animatronics-Ryo-2024-12-17/dlc-models-pytorch/iteration-0/AnimatronicsDec17-trainset95shuffle1/train) by extension 'ignore_ament_install'
[0.290s] Level 1:colcon.colcon_core.package_identification:_identify(src/DeepLabCut/Animatronics-Ryo-2024-12-17/dlc-models-pytorch/iteration-0/AnimatronicsDec17-trainset95shuffle1/train) by extensions ['colcon_pkg']
[0.290s] Level 1:colcon.colcon_core.package_identification:_identify(src/DeepLabCut/Animatronics-Ryo-2024-12-17/dlc-models-pytorch/iteration-0/AnimatronicsDec17-trainset95shuffle1/train) by extension 'colcon_pkg'
[0.290s] Level 1:colcon.colcon_core.package_identification:_identify(src/DeepLabCut/Animatronics-Ryo-2024-12-17/dlc-models-pytorch/iteration-0/AnimatronicsDec17-trainset95shuffle1/train) by extensions ['colcon_meta']
[0.290s] Level 1:colcon.colcon_core.package_identification:_identify(src/DeepLabCut/Animatronics-Ryo-2024-12-17/dlc-models-pytorch/iteration-0/AnimatronicsDec17-trainset95shuffle1/train) by extension 'colcon_meta'
[0.290s] Level 1:colcon.colcon_core.package_identification:_identify(src/DeepLabCut/Animatronics-Ryo-2024-12-17/dlc-models-pytorch/iteration-0/AnimatronicsDec17-trainset95shuffle1/train) by extensions ['ros']
[0.290s] Level 1:colcon.colcon_core.package_identification:_identify(src/DeepLabCut/Animatronics-Ryo-2024-12-17/dlc-models-pytorch/iteration-0/AnimatronicsDec17-trainset95shuffle1/train) by extension 'ros'
[0.290s] Level 1:colcon.colcon_core.package_identification:_identify(src/DeepLabCut/Animatronics-Ryo-2024-12-17/dlc-models-pytorch/iteration-0/AnimatronicsDec17-trainset95shuffle1/train) by extensions ['cmake', 'python']
[0.290s] Level 1:colcon.colcon_core.package_identification:_identify(src/DeepLabCut/Animatronics-Ryo-2024-12-17/dlc-models-pytorch/iteration-0/AnimatronicsDec17-trainset95shuffle1/train) by extension 'cmake'
[0.290s] Level 1:colcon.colcon_core.package_identification:_identify(src/DeepLabCut/Animatronics-Ryo-2024-12-17/dlc-models-pytorch/iteration-0/AnimatronicsDec17-trainset95shuffle1/train) by extension 'python'
[0.290s] Level 1:colcon.colcon_core.package_identification:_identify(src/DeepLabCut/Animatronics-Ryo-2024-12-17/dlc-models-pytorch/iteration-0/AnimatronicsDec17-trainset95shuffle1/train) by extensions ['python_setup_py']
[0.290s] Level 1:colcon.colcon_core.package_identification:_identify(src/DeepLabCut/Animatronics-Ryo-2024-12-17/dlc-models-pytorch/iteration-0/AnimatronicsDec17-trainset95shuffle1/train) by extension 'python_setup_py'
[0.290s] Level 1:colcon.colcon_core.package_identification:_identify(src/DeepLabCut/Animatronics-Ryo-2024-12-17/evaluation-results-pytorch) by extensions ['ignore', 'ignore_ament_install']
[0.291s] Level 1:colcon.colcon_core.package_identification:_identify(src/DeepLabCut/Animatronics-Ryo-2024-12-17/evaluation-results-pytorch) by extension 'ignore'
[0.291s] Level 1:colcon.colcon_core.package_identification:_identify(src/DeepLabCut/Animatronics-Ryo-2024-12-17/evaluation-results-pytorch) by extension 'ignore_ament_install'
[0.291s] Level 1:colcon.colcon_core.package_identification:_identify(src/DeepLabCut/Animatronics-Ryo-2024-12-17/evaluation-results-pytorch) by extensions ['colcon_pkg']
[0.291s] Level 1:colcon.colcon_core.package_identification:_identify(src/DeepLabCut/Animatronics-Ryo-2024-12-17/evaluation-results-pytorch) by extension 'colcon_pkg'
[0.291s] Level 1:colcon.colcon_core.package_identification:_identify(src/DeepLabCut/Animatronics-Ryo-2024-12-17/evaluation-results-pytorch) by extensions ['colcon_meta']
[0.291s] Level 1:colcon.colcon_core.package_identification:_identify(src/DeepLabCut/Animatronics-Ryo-2024-12-17/evaluation-results-pytorch) by extension 'colcon_meta'
[0.291s] Level 1:colcon.colcon_core.package_identification:_identify(src/DeepLabCut/Animatronics-Ryo-2024-12-17/evaluation-results-pytorch) by extensions ['ros']
[0.291s] Level 1:colcon.colcon_core.package_identification:_identify(src/DeepLabCut/Animatronics-Ryo-2024-12-17/evaluation-results-pytorch) by extension 'ros'
[0.291s] Level 1:colcon.colcon_core.package_identification:_identify(src/DeepLabCut/Animatronics-Ryo-2024-12-17/evaluation-results-pytorch) by extensions ['cmake', 'python']
[0.291s] Level 1:colcon.colcon_core.package_identification:_identify(src/DeepLabCut/Animatronics-Ryo-2024-12-17/evaluation-results-pytorch) by extension 'cmake'
[0.291s] Level 1:colcon.colcon_core.package_identification:_identify(src/DeepLabCut/Animatronics-Ryo-2024-12-17/evaluation-results-pytorch) by extension 'python'
[0.291s] Level 1:colcon.colcon_core.package_identification:_identify(src/DeepLabCut/Animatronics-Ryo-2024-12-17/evaluation-results-pytorch) by extensions ['python_setup_py']
[0.291s] Level 1:colcon.colcon_core.package_identification:_identify(src/DeepLabCut/Animatronics-Ryo-2024-12-17/evaluation-results-pytorch) by extension 'python_setup_py'
[0.291s] Level 1:colcon.colcon_core.package_identification:_identify(src/DeepLabCut/Animatronics-Ryo-2024-12-17/evaluation-results-pytorch/iteration-0) by extensions ['ignore', 'ignore_ament_install']
[0.291s] Level 1:colcon.colcon_core.package_identification:_identify(src/DeepLabCut/Animatronics-Ryo-2024-12-17/evaluation-results-pytorch/iteration-0) by extension 'ignore'
[0.291s] Level 1:colcon.colcon_core.package_identification:_identify(src/DeepLabCut/Animatronics-Ryo-2024-12-17/evaluation-results-pytorch/iteration-0) by extension 'ignore_ament_install'
[0.291s] Level 1:colcon.colcon_core.package_identification:_identify(src/DeepLabCut/Animatronics-Ryo-2024-12-17/evaluation-results-pytorch/iteration-0) by extensions ['colcon_pkg']
[0.291s] Level 1:colcon.colcon_core.package_identification:_identify(src/DeepLabCut/Animatronics-Ryo-2024-12-17/evaluation-results-pytorch/iteration-0) by extension 'colcon_pkg'
[0.291s] Level 1:colcon.colcon_core.package_identification:_identify(src/DeepLabCut/Animatronics-Ryo-2024-12-17/evaluation-results-pytorch/iteration-0) by extensions ['colcon_meta']
[0.291s] Level 1:colcon.colcon_core.package_identification:_identify(src/DeepLabCut/Animatronics-Ryo-2024-12-17/evaluation-results-pytorch/iteration-0) by extension 'colcon_meta'
[0.291s] Level 1:colcon.colcon_core.package_identification:_identify(src/DeepLabCut/Animatronics-Ryo-2024-12-17/evaluation-results-pytorch/iteration-0) by extensions ['ros']
[0.291s] Level 1:colcon.colcon_core.package_identification:_identify(src/DeepLabCut/Animatronics-Ryo-2024-12-17/evaluation-results-pytorch/iteration-0) by extension 'ros'
[0.292s] Level 1:colcon.colcon_core.package_identification:_identify(src/DeepLabCut/Animatronics-Ryo-2024-12-17/evaluation-results-pytorch/iteration-0) by extensions ['cmake', 'python']
[0.292s] Level 1:colcon.colcon_core.package_identification:_identify(src/DeepLabCut/Animatronics-Ryo-2024-12-17/evaluation-results-pytorch/iteration-0) by extension 'cmake'
[0.292s] Level 1:colcon.colcon_core.package_identification:_identify(src/DeepLabCut/Animatronics-Ryo-2024-12-17/evaluation-results-pytorch/iteration-0) by extension 'python'
[0.292s] Level 1:colcon.colcon_core.package_identification:_identify(src/DeepLabCut/Animatronics-Ryo-2024-12-17/evaluation-results-pytorch/iteration-0) by extensions ['python_setup_py']
[0.292s] Level 1:colcon.colcon_core.package_identification:_identify(src/DeepLabCut/Animatronics-Ryo-2024-12-17/evaluation-results-pytorch/iteration-0) by extension 'python_setup_py'
[0.292s] Level 1:colcon.colcon_core.package_identification:_identify(src/DeepLabCut/Animatronics-Ryo-2024-12-17/evaluation-results-pytorch/iteration-0/AnimatronicsDec17-trainset95shuffle1) by extensions ['ignore', 'ignore_ament_install']
[0.292s] Level 1:colcon.colcon_core.package_identification:_identify(src/DeepLabCut/Animatronics-Ryo-2024-12-17/evaluation-results-pytorch/iteration-0/AnimatronicsDec17-trainset95shuffle1) by extension 'ignore'
[0.292s] Level 1:colcon.colcon_core.package_identification:_identify(src/DeepLabCut/Animatronics-Ryo-2024-12-17/evaluation-results-pytorch/iteration-0/AnimatronicsDec17-trainset95shuffle1) by extension 'ignore_ament_install'
[0.292s] Level 1:colcon.colcon_core.package_identification:_identify(src/DeepLabCut/Animatronics-Ryo-2024-12-17/evaluation-results-pytorch/iteration-0/AnimatronicsDec17-trainset95shuffle1) by extensions ['colcon_pkg']
[0.292s] Level 1:colcon.colcon_core.package_identification:_identify(src/DeepLabCut/Animatronics-Ryo-2024-12-17/evaluation-results-pytorch/iteration-0/AnimatronicsDec17-trainset95shuffle1) by extension 'colcon_pkg'
[0.292s] Level 1:colcon.colcon_core.package_identification:_identify(src/DeepLabCut/Animatronics-Ryo-2024-12-17/evaluation-results-pytorch/iteration-0/AnimatronicsDec17-trainset95shuffle1) by extensions ['colcon_meta']
[0.292s] Level 1:colcon.colcon_core.package_identification:_identify(src/DeepLabCut/Animatronics-Ryo-2024-12-17/evaluation-results-pytorch/iteration-0/AnimatronicsDec17-trainset95shuffle1) by extension 'colcon_meta'
[0.292s] Level 1:colcon.colcon_core.package_identification:_identify(src/DeepLabCut/Animatronics-Ryo-2024-12-17/evaluation-results-pytorch/iteration-0/AnimatronicsDec17-trainset95shuffle1) by extensions ['ros']
[0.292s] Level 1:colcon.colcon_core.package_identification:_identify(src/DeepLabCut/Animatronics-Ryo-2024-12-17/evaluation-results-pytorch/iteration-0/AnimatronicsDec17-trainset95shuffle1) by extension 'ros'
[0.292s] Level 1:colcon.colcon_core.package_identification:_identify(src/DeepLabCut/Animatronics-Ryo-2024-12-17/evaluation-results-pytorch/iteration-0/AnimatronicsDec17-trainset95shuffle1) by extensions ['cmake', 'python']
[0.292s] Level 1:colcon.colcon_core.package_identification:_identify(src/DeepLabCut/Animatronics-Ryo-2024-12-17/evaluation-results-pytorch/iteration-0/AnimatronicsDec17-trainset95shuffle1) by extension 'cmake'
[0.292s] Level 1:colcon.colcon_core.package_identification:_identify(src/DeepLabCut/Animatronics-Ryo-2024-12-17/evaluation-results-pytorch/iteration-0/AnimatronicsDec17-trainset95shuffle1) by extension 'python'
[0.292s] Level 1:colcon.colcon_core.package_identification:_identify(src/DeepLabCut/Animatronics-Ryo-2024-12-17/evaluation-results-pytorch/iteration-0/AnimatronicsDec17-trainset95shuffle1) by extensions ['python_setup_py']
[0.292s] Level 1:colcon.colcon_core.package_identification:_identify(src/DeepLabCut/Animatronics-Ryo-2024-12-17/evaluation-results-pytorch/iteration-0/AnimatronicsDec17-trainset95shuffle1) by extension 'python_setup_py'
[0.293s] Level 1:colcon.colcon_core.package_identification:_identify(src/DeepLabCut/Animatronics-Ryo-2024-12-17/labeled-data) by extensions ['ignore', 'ignore_ament_install']
[0.293s] Level 1:colcon.colcon_core.package_identification:_identify(src/DeepLabCut/Animatronics-Ryo-2024-12-17/labeled-data) by extension 'ignore'
[0.293s] Level 1:colcon.colcon_core.package_identification:_identify(src/DeepLabCut/Animatronics-Ryo-2024-12-17/labeled-data) by extension 'ignore_ament_install'
[0.293s] Level 1:colcon.colcon_core.package_identification:_identify(src/DeepLabCut/Animatronics-Ryo-2024-12-17/labeled-data) by extensions ['colcon_pkg']
[0.293s] Level 1:colcon.colcon_core.package_identification:_identify(src/DeepLabCut/Animatronics-Ryo-2024-12-17/labeled-data) by extension 'colcon_pkg'
[0.293s] Level 1:colcon.colcon_core.package_identification:_identify(src/DeepLabCut/Animatronics-Ryo-2024-12-17/labeled-data) by extensions ['colcon_meta']
[0.293s] Level 1:colcon.colcon_core.package_identification:_identify(src/DeepLabCut/Animatronics-Ryo-2024-12-17/labeled-data) by extension 'colcon_meta'
[0.293s] Level 1:colcon.colcon_core.package_identification:_identify(src/DeepLabCut/Animatronics-Ryo-2024-12-17/labeled-data) by extensions ['ros']
[0.293s] Level 1:colcon.colcon_core.package_identification:_identify(src/DeepLabCut/Animatronics-Ryo-2024-12-17/labeled-data) by extension 'ros'
[0.293s] Level 1:colcon.colcon_core.package_identification:_identify(src/DeepLabCut/Animatronics-Ryo-2024-12-17/labeled-data) by extensions ['cmake', 'python']
[0.293s] Level 1:colcon.colcon_core.package_identification:_identify(src/DeepLabCut/Animatronics-Ryo-2024-12-17/labeled-data) by extension 'cmake'
[0.293s] Level 1:colcon.colcon_core.package_identification:_identify(src/DeepLabCut/Animatronics-Ryo-2024-12-17/labeled-data) by extension 'python'
[0.293s] Level 1:colcon.colcon_core.package_identification:_identify(src/DeepLabCut/Animatronics-Ryo-2024-12-17/labeled-data) by extensions ['python_setup_py']
[0.293s] Level 1:colcon.colcon_core.package_identification:_identify(src/DeepLabCut/Animatronics-Ryo-2024-12-17/labeled-data) by extension 'python_setup_py'
[0.293s] Level 1:colcon.colcon_core.package_identification:_identify(src/DeepLabCut/Animatronics-Ryo-2024-12-17/labeled-data/Raptor1) by extensions ['ignore', 'ignore_ament_install']
[0.293s] Level 1:colcon.colcon_core.package_identification:_identify(src/DeepLabCut/Animatronics-Ryo-2024-12-17/labeled-data/Raptor1) by extension 'ignore'
[0.293s] Level 1:colcon.colcon_core.package_identification:_identify(src/DeepLabCut/Animatronics-Ryo-2024-12-17/labeled-data/Raptor1) by extension 'ignore_ament_install'
[0.293s] Level 1:colcon.colcon_core.package_identification:_identify(src/DeepLabCut/Animatronics-Ryo-2024-12-17/labeled-data/Raptor1) by extensions ['colcon_pkg']
[0.293s] Level 1:colcon.colcon_core.package_identification:_identify(src/DeepLabCut/Animatronics-Ryo-2024-12-17/labeled-data/Raptor1) by extension 'colcon_pkg'
[0.294s] Level 1:colcon.colcon_core.package_identification:_identify(src/DeepLabCut/Animatronics-Ryo-2024-12-17/labeled-data/Raptor1) by extensions ['colcon_meta']
[0.294s] Level 1:colcon.colcon_core.package_identification:_identify(src/DeepLabCut/Animatronics-Ryo-2024-12-17/labeled-data/Raptor1) by extension 'colcon_meta'
[0.294s] Level 1:colcon.colcon_core.package_identification:_identify(src/DeepLabCut/Animatronics-Ryo-2024-12-17/labeled-data/Raptor1) by extensions ['ros']
[0.294s] Level 1:colcon.colcon_core.package_identification:_identify(src/DeepLabCut/Animatronics-Ryo-2024-12-17/labeled-data/Raptor1) by extension 'ros'
[0.294s] Level 1:colcon.colcon_core.package_identification:_identify(src/DeepLabCut/Animatronics-Ryo-2024-12-17/labeled-data/Raptor1) by extensions ['cmake', 'python']
[0.294s] Level 1:colcon.colcon_core.package_identification:_identify(src/DeepLabCut/Animatronics-Ryo-2024-12-17/labeled-data/Raptor1) by extension 'cmake'
[0.294s] Level 1:colcon.colcon_core.package_identification:_identify(src/DeepLabCut/Animatronics-Ryo-2024-12-17/labeled-data/Raptor1) by extension 'python'
[0.294s] Level 1:colcon.colcon_core.package_identification:_identify(src/DeepLabCut/Animatronics-Ryo-2024-12-17/labeled-data/Raptor1) by extensions ['python_setup_py']
[0.294s] Level 1:colcon.colcon_core.package_identification:_identify(src/DeepLabCut/Animatronics-Ryo-2024-12-17/labeled-data/Raptor1) by extension 'python_setup_py'
[0.294s] Level 1:colcon.colcon_core.package_identification:_identify(src/DeepLabCut/Animatronics-Ryo-2024-12-17/labeled-data/Raptor1_labeled) by extensions ['ignore', 'ignore_ament_install']
[0.294s] Level 1:colcon.colcon_core.package_identification:_identify(src/DeepLabCut/Animatronics-Ryo-2024-12-17/labeled-data/Raptor1_labeled) by extension 'ignore'
[0.294s] Level 1:colcon.colcon_core.package_identification:_identify(src/DeepLabCut/Animatronics-Ryo-2024-12-17/labeled-data/Raptor1_labeled) by extension 'ignore_ament_install'
[0.294s] Level 1:colcon.colcon_core.package_identification:_identify(src/DeepLabCut/Animatronics-Ryo-2024-12-17/labeled-data/Raptor1_labeled) by extensions ['colcon_pkg']
[0.294s] Level 1:colcon.colcon_core.package_identification:_identify(src/DeepLabCut/Animatronics-Ryo-2024-12-17/labeled-data/Raptor1_labeled) by extension 'colcon_pkg'
[0.294s] Level 1:colcon.colcon_core.package_identification:_identify(src/DeepLabCut/Animatronics-Ryo-2024-12-17/labeled-data/Raptor1_labeled) by extensions ['colcon_meta']
[0.294s] Level 1:colcon.colcon_core.package_identification:_identify(src/DeepLabCut/Animatronics-Ryo-2024-12-17/labeled-data/Raptor1_labeled) by extension 'colcon_meta'
[0.294s] Level 1:colcon.colcon_core.package_identification:_identify(src/DeepLabCut/Animatronics-Ryo-2024-12-17/labeled-data/Raptor1_labeled) by extensions ['ros']
[0.294s] Level 1:colcon.colcon_core.package_identification:_identify(src/DeepLabCut/Animatronics-Ryo-2024-12-17/labeled-data/Raptor1_labeled) by extension 'ros'
[0.294s] Level 1:colcon.colcon_core.package_identification:_identify(src/DeepLabCut/Animatronics-Ryo-2024-12-17/labeled-data/Raptor1_labeled) by extensions ['cmake', 'python']
[0.294s] Level 1:colcon.colcon_core.package_identification:_identify(src/DeepLabCut/Animatronics-Ryo-2024-12-17/labeled-data/Raptor1_labeled) by extension 'cmake'
[0.295s] Level 1:colcon.colcon_core.package_identification:_identify(src/DeepLabCut/Animatronics-Ryo-2024-12-17/labeled-data/Raptor1_labeled) by extension 'python'
[0.295s] Level 1:colcon.colcon_core.package_identification:_identify(src/DeepLabCut/Animatronics-Ryo-2024-12-17/labeled-data/Raptor1_labeled) by extensions ['python_setup_py']
[0.295s] Level 1:colcon.colcon_core.package_identification:_identify(src/DeepLabCut/Animatronics-Ryo-2024-12-17/labeled-data/Raptor1_labeled) by extension 'python_setup_py'
[0.295s] Level 1:colcon.colcon_core.package_identification:_identify(src/DeepLabCut/Animatronics-Ryo-2024-12-17/training-datasets) by extensions ['ignore', 'ignore_ament_install']
[0.295s] Level 1:colcon.colcon_core.package_identification:_identify(src/DeepLabCut/Animatronics-Ryo-2024-12-17/training-datasets) by extension 'ignore'
[0.295s] Level 1:colcon.colcon_core.package_identification:_identify(src/DeepLabCut/Animatronics-Ryo-2024-12-17/training-datasets) by extension 'ignore_ament_install'
[0.295s] Level 1:colcon.colcon_core.package_identification:_identify(src/DeepLabCut/Animatronics-Ryo-2024-12-17/training-datasets) by extensions ['colcon_pkg']
[0.295s] Level 1:colcon.colcon_core.package_identification:_identify(src/DeepLabCut/Animatronics-Ryo-2024-12-17/training-datasets) by extension 'colcon_pkg'
[0.295s] Level 1:colcon.colcon_core.package_identification:_identify(src/DeepLabCut/Animatronics-Ryo-2024-12-17/training-datasets) by extensions ['colcon_meta']
[0.295s] Level 1:colcon.colcon_core.package_identification:_identify(src/DeepLabCut/Animatronics-Ryo-2024-12-17/training-datasets) by extension 'colcon_meta'
[0.295s] Level 1:colcon.colcon_core.package_identification:_identify(src/DeepLabCut/Animatronics-Ryo-2024-12-17/training-datasets) by extensions ['ros']
[0.295s] Level 1:colcon.colcon_core.package_identification:_identify(src/DeepLabCut/Animatronics-Ryo-2024-12-17/training-datasets) by extension 'ros'
[0.295s] Level 1:colcon.colcon_core.package_identification:_identify(src/DeepLabCut/Animatronics-Ryo-2024-12-17/training-datasets) by extensions ['cmake', 'python']
[0.295s] Level 1:colcon.colcon_core.package_identification:_identify(src/DeepLabCut/Animatronics-Ryo-2024-12-17/training-datasets) by extension 'cmake'
[0.295s] Level 1:colcon.colcon_core.package_identification:_identify(src/DeepLabCut/Animatronics-Ryo-2024-12-17/training-datasets) by extension 'python'
[0.295s] Level 1:colcon.colcon_core.package_identification:_identify(src/DeepLabCut/Animatronics-Ryo-2024-12-17/training-datasets) by extensions ['python_setup_py']
[0.295s] Level 1:colcon.colcon_core.package_identification:_identify(src/DeepLabCut/Animatronics-Ryo-2024-12-17/training-datasets) by extension 'python_setup_py'
[0.295s] Level 1:colcon.colcon_core.package_identification:_identify(src/DeepLabCut/Animatronics-Ryo-2024-12-17/training-datasets/iteration-0) by extensions ['ignore', 'ignore_ament_install']
[0.295s] Level 1:colcon.colcon_core.package_identification:_identify(src/DeepLabCut/Animatronics-Ryo-2024-12-17/training-datasets/iteration-0) by extension 'ignore'
[0.296s] Level 1:colcon.colcon_core.package_identification:_identify(src/DeepLabCut/Animatronics-Ryo-2024-12-17/training-datasets/iteration-0) by extension 'ignore_ament_install'
[0.296s] Level 1:colcon.colcon_core.package_identification:_identify(src/DeepLabCut/Animatronics-Ryo-2024-12-17/training-datasets/iteration-0) by extensions ['colcon_pkg']
[0.296s] Level 1:colcon.colcon_core.package_identification:_identify(src/DeepLabCut/Animatronics-Ryo-2024-12-17/training-datasets/iteration-0) by extension 'colcon_pkg'
[0.296s] Level 1:colcon.colcon_core.package_identification:_identify(src/DeepLabCut/Animatronics-Ryo-2024-12-17/training-datasets/iteration-0) by extensions ['colcon_meta']
[0.296s] Level 1:colcon.colcon_core.package_identification:_identify(src/DeepLabCut/Animatronics-Ryo-2024-12-17/training-datasets/iteration-0) by extension 'colcon_meta'
[0.296s] Level 1:colcon.colcon_core.package_identification:_identify(src/DeepLabCut/Animatronics-Ryo-2024-12-17/training-datasets/iteration-0) by extensions ['ros']
[0.296s] Level 1:colcon.colcon_core.package_identification:_identify(src/DeepLabCut/Animatronics-Ryo-2024-12-17/training-datasets/iteration-0) by extension 'ros'
[0.296s] Level 1:colcon.colcon_core.package_identification:_identify(src/DeepLabCut/Animatronics-Ryo-2024-12-17/training-datasets/iteration-0) by extensions ['cmake', 'python']
[0.296s] Level 1:colcon.colcon_core.package_identification:_identify(src/DeepLabCut/Animatronics-Ryo-2024-12-17/training-datasets/iteration-0) by extension 'cmake'
[0.296s] Level 1:colcon.colcon_core.package_identification:_identify(src/DeepLabCut/Animatronics-Ryo-2024-12-17/training-datasets/iteration-0) by extension 'python'
[0.296s] Level 1:colcon.colcon_core.package_identification:_identify(src/DeepLabCut/Animatronics-Ryo-2024-12-17/training-datasets/iteration-0) by extensions ['python_setup_py']
[0.296s] Level 1:colcon.colcon_core.package_identification:_identify(src/DeepLabCut/Animatronics-Ryo-2024-12-17/training-datasets/iteration-0) by extension 'python_setup_py'
[0.296s] Level 1:colcon.colcon_core.package_identification:_identify(src/DeepLabCut/Animatronics-Ryo-2024-12-17/training-datasets/iteration-0/UnaugmentedDataSet_AnimatronicsDec17) by extensions ['ignore', 'ignore_ament_install']
[0.296s] Level 1:colcon.colcon_core.package_identification:_identify(src/DeepLabCut/Animatronics-Ryo-2024-12-17/training-datasets/iteration-0/UnaugmentedDataSet_AnimatronicsDec17) by extension 'ignore'
[0.296s] Level 1:colcon.colcon_core.package_identification:_identify(src/DeepLabCut/Animatronics-Ryo-2024-12-17/training-datasets/iteration-0/UnaugmentedDataSet_AnimatronicsDec17) by extension 'ignore_ament_install'
[0.296s] Level 1:colcon.colcon_core.package_identification:_identify(src/DeepLabCut/Animatronics-Ryo-2024-12-17/training-datasets/iteration-0/UnaugmentedDataSet_AnimatronicsDec17) by extensions ['colcon_pkg']
[0.296s] Level 1:colcon.colcon_core.package_identification:_identify(src/DeepLabCut/Animatronics-Ryo-2024-12-17/training-datasets/iteration-0/UnaugmentedDataSet_AnimatronicsDec17) by extension 'colcon_pkg'
[0.296s] Level 1:colcon.colcon_core.package_identification:_identify(src/DeepLabCut/Animatronics-Ryo-2024-12-17/training-datasets/iteration-0/UnaugmentedDataSet_AnimatronicsDec17) by extensions ['colcon_meta']
[0.296s] Level 1:colcon.colcon_core.package_identification:_identify(src/DeepLabCut/Animatronics-Ryo-2024-12-17/training-datasets/iteration-0/UnaugmentedDataSet_AnimatronicsDec17) by extension 'colcon_meta'
[0.296s] Level 1:colcon.colcon_core.package_identification:_identify(src/DeepLabCut/Animatronics-Ryo-2024-12-17/training-datasets/iteration-0/UnaugmentedDataSet_AnimatronicsDec17) by extensions ['ros']
[0.296s] Level 1:colcon.colcon_core.package_identification:_identify(src/DeepLabCut/Animatronics-Ryo-2024-12-17/training-datasets/iteration-0/UnaugmentedDataSet_AnimatronicsDec17) by extension 'ros'
[0.297s] Level 1:colcon.colcon_core.package_identification:_identify(src/DeepLabCut/Animatronics-Ryo-2024-12-17/training-datasets/iteration-0/UnaugmentedDataSet_AnimatronicsDec17) by extensions ['cmake', 'python']
[0.297s] Level 1:colcon.colcon_core.package_identification:_identify(src/DeepLabCut/Animatronics-Ryo-2024-12-17/training-datasets/iteration-0/UnaugmentedDataSet_AnimatronicsDec17) by extension 'cmake'
[0.297s] Level 1:colcon.colcon_core.package_identification:_identify(src/DeepLabCut/Animatronics-Ryo-2024-12-17/training-datasets/iteration-0/UnaugmentedDataSet_AnimatronicsDec17) by extension 'python'
[0.297s] Level 1:colcon.colcon_core.package_identification:_identify(src/DeepLabCut/Animatronics-Ryo-2024-12-17/training-datasets/iteration-0/UnaugmentedDataSet_AnimatronicsDec17) by extensions ['python_setup_py']
[0.297s] Level 1:colcon.colcon_core.package_identification:_identify(src/DeepLabCut/Animatronics-Ryo-2024-12-17/training-datasets/iteration-0/UnaugmentedDataSet_AnimatronicsDec17) by extension 'python_setup_py'
[0.297s] Level 1:colcon.colcon_core.package_identification:_identify(src/DeepLabCut/Animatronics-Ryo-2024-12-17/videos) by extensions ['ignore', 'ignore_ament_install']
[0.297s] Level 1:colcon.colcon_core.package_identification:_identify(src/DeepLabCut/Animatronics-Ryo-2024-12-17/videos) by extension 'ignore'
[0.297s] Level 1:colcon.colcon_core.package_identification:_identify(src/DeepLabCut/Animatronics-Ryo-2024-12-17/videos) by extension 'ignore_ament_install'
[0.297s] Level 1:colcon.colcon_core.package_identification:_identify(src/DeepLabCut/Animatronics-Ryo-2024-12-17/videos) by extensions ['colcon_pkg']
[0.297s] Level 1:colcon.colcon_core.package_identification:_identify(src/DeepLabCut/Animatronics-Ryo-2024-12-17/videos) by extension 'colcon_pkg'
[0.297s] Level 1:colcon.colcon_core.package_identification:_identify(src/DeepLabCut/Animatronics-Ryo-2024-12-17/videos) by extensions ['colcon_meta']
[0.297s] Level 1:colcon.colcon_core.package_identification:_identify(src/DeepLabCut/Animatronics-Ryo-2024-12-17/videos) by extension 'colcon_meta'
[0.297s] Level 1:colcon.colcon_core.package_identification:_identify(src/DeepLabCut/Animatronics-Ryo-2024-12-17/videos) by extensions ['ros']
[0.297s] Level 1:colcon.colcon_core.package_identification:_identify(src/DeepLabCut/Animatronics-Ryo-2024-12-17/videos) by extension 'ros'
[0.297s] Level 1:colcon.colcon_core.package_identification:_identify(src/DeepLabCut/Animatronics-Ryo-2024-12-17/videos) by extensions ['cmake', 'python']
[0.297s] Level 1:colcon.colcon_core.package_identification:_identify(src/DeepLabCut/Animatronics-Ryo-2024-12-17/videos) by extension 'cmake'
[0.297s] Level 1:colcon.colcon_core.package_identification:_identify(src/DeepLabCut/Animatronics-Ryo-2024-12-17/videos) by extension 'python'
[0.297s] Level 1:colcon.colcon_core.package_identification:_identify(src/DeepLabCut/Animatronics-Ryo-2024-12-17/videos) by extensions ['python_setup_py']
[0.297s] Level 1:colcon.colcon_core.package_identification:_identify(src/DeepLabCut/Animatronics-Ryo-2024-12-17/videos) by extension 'python_setup_py'
[0.298s] Level 1:colcon.colcon_core.package_identification:_identify(src/DeepLabCut/Videos) by extensions ['ignore', 'ignore_ament_install']
[0.298s] Level 1:colcon.colcon_core.package_identification:_identify(src/DeepLabCut/Videos) by extension 'ignore'
[0.298s] Level 1:colcon.colcon_core.package_identification:_identify(src/DeepLabCut/Videos) by extension 'ignore_ament_install'
[0.298s] Level 1:colcon.colcon_core.package_identification:_identify(src/DeepLabCut/Videos) by extensions ['colcon_pkg']
[0.298s] Level 1:colcon.colcon_core.package_identification:_identify(src/DeepLabCut/Videos) by extension 'colcon_pkg'
[0.298s] Level 1:colcon.colcon_core.package_identification:_identify(src/DeepLabCut/Videos) by extensions ['colcon_meta']
[0.298s] Level 1:colcon.colcon_core.package_identification:_identify(src/DeepLabCut/Videos) by extension 'colcon_meta'
[0.298s] Level 1:colcon.colcon_core.package_identification:_identify(src/DeepLabCut/Videos) by extensions ['ros']
[0.298s] Level 1:colcon.colcon_core.package_identification:_identify(src/DeepLabCut/Videos) by extension 'ros'
[0.298s] Level 1:colcon.colcon_core.package_identification:_identify(src/DeepLabCut/Videos) by extensions ['cmake', 'python']
[0.298s] Level 1:colcon.colcon_core.package_identification:_identify(src/DeepLabCut/Videos) by extension 'cmake'
[0.298s] Level 1:colcon.colcon_core.package_identification:_identify(src/DeepLabCut/Videos) by extension 'python'
[0.298s] Level 1:colcon.colcon_core.package_identification:_identify(src/DeepLabCut/Videos) by extensions ['python_setup_py']
[0.298s] Level 1:colcon.colcon_core.package_identification:_identify(src/DeepLabCut/Videos) by extension 'python_setup_py'
[0.298s] Level 1:colcon.colcon_core.package_identification:_identify(src/DeepLabCut/__pycache__) by extensions ['ignore', 'ignore_ament_install']
[0.298s] Level 1:colcon.colcon_core.package_identification:_identify(src/DeepLabCut/__pycache__) by extension 'ignore'
[0.298s] Level 1:colcon.colcon_core.package_identification:_identify(src/DeepLabCut/__pycache__) by extension 'ignore_ament_install'
[0.298s] Level 1:colcon.colcon_core.package_identification:_identify(src/DeepLabCut/__pycache__) by extensions ['colcon_pkg']
[0.298s] Level 1:colcon.colcon_core.package_identification:_identify(src/DeepLabCut/__pycache__) by extension 'colcon_pkg'
[0.298s] Level 1:colcon.colcon_core.package_identification:_identify(src/DeepLabCut/__pycache__) by extensions ['colcon_meta']
[0.298s] Level 1:colcon.colcon_core.package_identification:_identify(src/DeepLabCut/__pycache__) by extension 'colcon_meta'
[0.298s] Level 1:colcon.colcon_core.package_identification:_identify(src/DeepLabCut/__pycache__) by extensions ['ros']
[0.299s] Level 1:colcon.colcon_core.package_identification:_identify(src/DeepLabCut/__pycache__) by extension 'ros'
[0.299s] Level 1:colcon.colcon_core.package_identification:_identify(src/DeepLabCut/__pycache__) by extensions ['cmake', 'python']
[0.299s] Level 1:colcon.colcon_core.package_identification:_identify(src/DeepLabCut/__pycache__) by extension 'cmake'
[0.299s] Level 1:colcon.colcon_core.package_identification:_identify(src/DeepLabCut/__pycache__) by extension 'python'
[0.299s] Level 1:colcon.colcon_core.package_identification:_identify(src/DeepLabCut/__pycache__) by extensions ['python_setup_py']
[0.299s] Level 1:colcon.colcon_core.package_identification:_identify(src/DeepLabCut/__pycache__) by extension 'python_setup_py'
[0.299s] Level 1:colcon.colcon_core.package_identification:_identify(src/DeepLabCut/animatronics-ryo-2024-12-18) by extensions ['ignore', 'ignore_ament_install']
[0.299s] Level 1:colcon.colcon_core.package_identification:_identify(src/DeepLabCut/animatronics-ryo-2024-12-18) by extension 'ignore'
[0.299s] Level 1:colcon.colcon_core.package_identification:_identify(src/DeepLabCut/animatronics-ryo-2024-12-18) by extension 'ignore_ament_install'
[0.299s] Level 1:colcon.colcon_core.package_identification:_identify(src/DeepLabCut/animatronics-ryo-2024-12-18) by extensions ['colcon_pkg']
[0.299s] Level 1:colcon.colcon_core.package_identification:_identify(src/DeepLabCut/animatronics-ryo-2024-12-18) by extension 'colcon_pkg'
[0.299s] Level 1:colcon.colcon_core.package_identification:_identify(src/DeepLabCut/animatronics-ryo-2024-12-18) by extensions ['colcon_meta']
[0.299s] Level 1:colcon.colcon_core.package_identification:_identify(src/DeepLabCut/animatronics-ryo-2024-12-18) by extension 'colcon_meta'
[0.299s] Level 1:colcon.colcon_core.package_identification:_identify(src/DeepLabCut/animatronics-ryo-2024-12-18) by extensions ['ros']
[0.299s] Level 1:colcon.colcon_core.package_identification:_identify(src/DeepLabCut/animatronics-ryo-2024-12-18) by extension 'ros'
[0.299s] Level 1:colcon.colcon_core.package_identification:_identify(src/DeepLabCut/animatronics-ryo-2024-12-18) by extensions ['cmake', 'python']
[0.299s] Level 1:colcon.colcon_core.package_identification:_identify(src/DeepLabCut/animatronics-ryo-2024-12-18) by extension 'cmake'
[0.299s] Level 1:colcon.colcon_core.package_identification:_identify(src/DeepLabCut/animatronics-ryo-2024-12-18) by extension 'python'
[0.299s] Level 1:colcon.colcon_core.package_identification:_identify(src/DeepLabCut/animatronics-ryo-2024-12-18) by extensions ['python_setup_py']
[0.299s] Level 1:colcon.colcon_core.package_identification:_identify(src/DeepLabCut/animatronics-ryo-2024-12-18) by extension 'python_setup_py'
[0.299s] Level 1:colcon.colcon_core.package_identification:_identify(src/DeepLabCut/animatronics-ryo-2024-12-18/dlc-models-pytorch) by extensions ['ignore', 'ignore_ament_install']
[0.300s] Level 1:colcon.colcon_core.package_identification:_identify(src/DeepLabCut/animatronics-ryo-2024-12-18/dlc-models-pytorch) by extension 'ignore'
[0.300s] Level 1:colcon.colcon_core.package_identification:_identify(src/DeepLabCut/animatronics-ryo-2024-12-18/dlc-models-pytorch) by extension 'ignore_ament_install'
[0.300s] Level 1:colcon.colcon_core.package_identification:_identify(src/DeepLabCut/animatronics-ryo-2024-12-18/dlc-models-pytorch) by extensions ['colcon_pkg']
[0.300s] Level 1:colcon.colcon_core.package_identification:_identify(src/DeepLabCut/animatronics-ryo-2024-12-18/dlc-models-pytorch) by extension 'colcon_pkg'
[0.300s] Level 1:colcon.colcon_core.package_identification:_identify(src/DeepLabCut/animatronics-ryo-2024-12-18/dlc-models-pytorch) by extensions ['colcon_meta']
[0.300s] Level 1:colcon.colcon_core.package_identification:_identify(src/DeepLabCut/animatronics-ryo-2024-12-18/dlc-models-pytorch) by extension 'colcon_meta'
[0.300s] Level 1:colcon.colcon_core.package_identification:_identify(src/DeepLabCut/animatronics-ryo-2024-12-18/dlc-models-pytorch) by extensions ['ros']
[0.300s] Level 1:colcon.colcon_core.package_identification:_identify(src/DeepLabCut/animatronics-ryo-2024-12-18/dlc-models-pytorch) by extension 'ros'
[0.300s] Level 1:colcon.colcon_core.package_identification:_identify(src/DeepLabCut/animatronics-ryo-2024-12-18/dlc-models-pytorch) by extensions ['cmake', 'python']
[0.300s] Level 1:colcon.colcon_core.package_identification:_identify(src/DeepLabCut/animatronics-ryo-2024-12-18/dlc-models-pytorch) by extension 'cmake'
[0.300s] Level 1:colcon.colcon_core.package_identification:_identify(src/DeepLabCut/animatronics-ryo-2024-12-18/dlc-models-pytorch) by extension 'python'
[0.300s] Level 1:colcon.colcon_core.package_identification:_identify(src/DeepLabCut/animatronics-ryo-2024-12-18/dlc-models-pytorch) by extensions ['python_setup_py']
[0.300s] Level 1:colcon.colcon_core.package_identification:_identify(src/DeepLabCut/animatronics-ryo-2024-12-18/dlc-models-pytorch) by extension 'python_setup_py'
[0.300s] Level 1:colcon.colcon_core.package_identification:_identify(src/DeepLabCut/animatronics-ryo-2024-12-18/dlc-models-pytorch/iteration-0) by extensions ['ignore', 'ignore_ament_install']
[0.300s] Level 1:colcon.colcon_core.package_identification:_identify(src/DeepLabCut/animatronics-ryo-2024-12-18/dlc-models-pytorch/iteration-0) by extension 'ignore'
[0.300s] Level 1:colcon.colcon_core.package_identification:_identify(src/DeepLabCut/animatronics-ryo-2024-12-18/dlc-models-pytorch/iteration-0) by extension 'ignore_ament_install'
[0.300s] Level 1:colcon.colcon_core.package_identification:_identify(src/DeepLabCut/animatronics-ryo-2024-12-18/dlc-models-pytorch/iteration-0) by extensions ['colcon_pkg']
[0.300s] Level 1:colcon.colcon_core.package_identification:_identify(src/DeepLabCut/animatronics-ryo-2024-12-18/dlc-models-pytorch/iteration-0) by extension 'colcon_pkg'
[0.300s] Level 1:colcon.colcon_core.package_identification:_identify(src/DeepLabCut/animatronics-ryo-2024-12-18/dlc-models-pytorch/iteration-0) by extensions ['colcon_meta']
[0.300s] Level 1:colcon.colcon_core.package_identification:_identify(src/DeepLabCut/animatronics-ryo-2024-12-18/dlc-models-pytorch/iteration-0) by extension 'colcon_meta'
[0.301s] Level 1:colcon.colcon_core.package_identification:_identify(src/DeepLabCut/animatronics-ryo-2024-12-18/dlc-models-pytorch/iteration-0) by extensions ['ros']
[0.301s] Level 1:colcon.colcon_core.package_identification:_identify(src/DeepLabCut/animatronics-ryo-2024-12-18/dlc-models-pytorch/iteration-0) by extension 'ros'
[0.301s] Level 1:colcon.colcon_core.package_identification:_identify(src/DeepLabCut/animatronics-ryo-2024-12-18/dlc-models-pytorch/iteration-0) by extensions ['cmake', 'python']
[0.301s] Level 1:colcon.colcon_core.package_identification:_identify(src/DeepLabCut/animatronics-ryo-2024-12-18/dlc-models-pytorch/iteration-0) by extension 'cmake'
[0.301s] Level 1:colcon.colcon_core.package_identification:_identify(src/DeepLabCut/animatronics-ryo-2024-12-18/dlc-models-pytorch/iteration-0) by extension 'python'
[0.301s] Level 1:colcon.colcon_core.package_identification:_identify(src/DeepLabCut/animatronics-ryo-2024-12-18/dlc-models-pytorch/iteration-0) by extensions ['python_setup_py']
[0.301s] Level 1:colcon.colcon_core.package_identification:_identify(src/DeepLabCut/animatronics-ryo-2024-12-18/dlc-models-pytorch/iteration-0) by extension 'python_setup_py'
[0.301s] Level 1:colcon.colcon_core.package_identification:_identify(src/DeepLabCut/animatronics-ryo-2024-12-18/dlc-models-pytorch/iteration-0/animatronicsDec18-trainset95shuffle1) by extensions ['ignore', 'ignore_ament_install']
[0.301s] Level 1:colcon.colcon_core.package_identification:_identify(src/DeepLabCut/animatronics-ryo-2024-12-18/dlc-models-pytorch/iteration-0/animatronicsDec18-trainset95shuffle1) by extension 'ignore'
[0.301s] Level 1:colcon.colcon_core.package_identification:_identify(src/DeepLabCut/animatronics-ryo-2024-12-18/dlc-models-pytorch/iteration-0/animatronicsDec18-trainset95shuffle1) by extension 'ignore_ament_install'
[0.301s] Level 1:colcon.colcon_core.package_identification:_identify(src/DeepLabCut/animatronics-ryo-2024-12-18/dlc-models-pytorch/iteration-0/animatronicsDec18-trainset95shuffle1) by extensions ['colcon_pkg']
[0.301s] Level 1:colcon.colcon_core.package_identification:_identify(src/DeepLabCut/animatronics-ryo-2024-12-18/dlc-models-pytorch/iteration-0/animatronicsDec18-trainset95shuffle1) by extension 'colcon_pkg'
[0.301s] Level 1:colcon.colcon_core.package_identification:_identify(src/DeepLabCut/animatronics-ryo-2024-12-18/dlc-models-pytorch/iteration-0/animatronicsDec18-trainset95shuffle1) by extensions ['colcon_meta']
[0.301s] Level 1:colcon.colcon_core.package_identification:_identify(src/DeepLabCut/animatronics-ryo-2024-12-18/dlc-models-pytorch/iteration-0/animatronicsDec18-trainset95shuffle1) by extension 'colcon_meta'
[0.301s] Level 1:colcon.colcon_core.package_identification:_identify(src/DeepLabCut/animatronics-ryo-2024-12-18/dlc-models-pytorch/iteration-0/animatronicsDec18-trainset95shuffle1) by extensions ['ros']
[0.301s] Level 1:colcon.colcon_core.package_identification:_identify(src/DeepLabCut/animatronics-ryo-2024-12-18/dlc-models-pytorch/iteration-0/animatronicsDec18-trainset95shuffle1) by extension 'ros'
[0.301s] Level 1:colcon.colcon_core.package_identification:_identify(src/DeepLabCut/animatronics-ryo-2024-12-18/dlc-models-pytorch/iteration-0/animatronicsDec18-trainset95shuffle1) by extensions ['cmake', 'python']
[0.301s] Level 1:colcon.colcon_core.package_identification:_identify(src/DeepLabCut/animatronics-ryo-2024-12-18/dlc-models-pytorch/iteration-0/animatronicsDec18-trainset95shuffle1) by extension 'cmake'
[0.301s] Level 1:colcon.colcon_core.package_identification:_identify(src/DeepLabCut/animatronics-ryo-2024-12-18/dlc-models-pytorch/iteration-0/animatronicsDec18-trainset95shuffle1) by extension 'python'
[0.301s] Level 1:colcon.colcon_core.package_identification:_identify(src/DeepLabCut/animatronics-ryo-2024-12-18/dlc-models-pytorch/iteration-0/animatronicsDec18-trainset95shuffle1) by extensions ['python_setup_py']
[0.301s] Level 1:colcon.colcon_core.package_identification:_identify(src/DeepLabCut/animatronics-ryo-2024-12-18/dlc-models-pytorch/iteration-0/animatronicsDec18-trainset95shuffle1) by extension 'python_setup_py'
[0.302s] Level 1:colcon.colcon_core.package_identification:_identify(src/DeepLabCut/animatronics-ryo-2024-12-18/dlc-models-pytorch/iteration-0/animatronicsDec18-trainset95shuffle1/test) by extensions ['ignore', 'ignore_ament_install']
[0.302s] Level 1:colcon.colcon_core.package_identification:_identify(src/DeepLabCut/animatronics-ryo-2024-12-18/dlc-models-pytorch/iteration-0/animatronicsDec18-trainset95shuffle1/test) by extension 'ignore'
[0.302s] Level 1:colcon.colcon_core.package_identification:_identify(src/DeepLabCut/animatronics-ryo-2024-12-18/dlc-models-pytorch/iteration-0/animatronicsDec18-trainset95shuffle1/test) by extension 'ignore_ament_install'
[0.302s] Level 1:colcon.colcon_core.package_identification:_identify(src/DeepLabCut/animatronics-ryo-2024-12-18/dlc-models-pytorch/iteration-0/animatronicsDec18-trainset95shuffle1/test) by extensions ['colcon_pkg']
[0.302s] Level 1:colcon.colcon_core.package_identification:_identify(src/DeepLabCut/animatronics-ryo-2024-12-18/dlc-models-pytorch/iteration-0/animatronicsDec18-trainset95shuffle1/test) by extension 'colcon_pkg'
[0.302s] Level 1:colcon.colcon_core.package_identification:_identify(src/DeepLabCut/animatronics-ryo-2024-12-18/dlc-models-pytorch/iteration-0/animatronicsDec18-trainset95shuffle1/test) by extensions ['colcon_meta']
[0.302s] Level 1:colcon.colcon_core.package_identification:_identify(src/DeepLabCut/animatronics-ryo-2024-12-18/dlc-models-pytorch/iteration-0/animatronicsDec18-trainset95shuffle1/test) by extension 'colcon_meta'
[0.302s] Level 1:colcon.colcon_core.package_identification:_identify(src/DeepLabCut/animatronics-ryo-2024-12-18/dlc-models-pytorch/iteration-0/animatronicsDec18-trainset95shuffle1/test) by extensions ['ros']
[0.302s] Level 1:colcon.colcon_core.package_identification:_identify(src/DeepLabCut/animatronics-ryo-2024-12-18/dlc-models-pytorch/iteration-0/animatronicsDec18-trainset95shuffle1/test) by extension 'ros'
[0.302s] Level 1:colcon.colcon_core.package_identification:_identify(src/DeepLabCut/animatronics-ryo-2024-12-18/dlc-models-pytorch/iteration-0/animatronicsDec18-trainset95shuffle1/test) by extensions ['cmake', 'python']
[0.302s] Level 1:colcon.colcon_core.package_identification:_identify(src/DeepLabCut/animatronics-ryo-2024-12-18/dlc-models-pytorch/iteration-0/animatronicsDec18-trainset95shuffle1/test) by extension 'cmake'
[0.302s] Level 1:colcon.colcon_core.package_identification:_identify(src/DeepLabCut/animatronics-ryo-2024-12-18/dlc-models-pytorch/iteration-0/animatronicsDec18-trainset95shuffle1/test) by extension 'python'
[0.302s] Level 1:colcon.colcon_core.package_identification:_identify(src/DeepLabCut/animatronics-ryo-2024-12-18/dlc-models-pytorch/iteration-0/animatronicsDec18-trainset95shuffle1/test) by extensions ['python_setup_py']
[0.302s] Level 1:colcon.colcon_core.package_identification:_identify(src/DeepLabCut/animatronics-ryo-2024-12-18/dlc-models-pytorch/iteration-0/animatronicsDec18-trainset95shuffle1/test) by extension 'python_setup_py'
[0.302s] Level 1:colcon.colcon_core.package_identification:_identify(src/DeepLabCut/animatronics-ryo-2024-12-18/dlc-models-pytorch/iteration-0/animatronicsDec18-trainset95shuffle1/train) by extensions ['ignore', 'ignore_ament_install']
[0.302s] Level 1:colcon.colcon_core.package_identification:_identify(src/DeepLabCut/animatronics-ryo-2024-12-18/dlc-models-pytorch/iteration-0/animatronicsDec18-trainset95shuffle1/train) by extension 'ignore'
[0.302s] Level 1:colcon.colcon_core.package_identification:_identify(src/DeepLabCut/animatronics-ryo-2024-12-18/dlc-models-pytorch/iteration-0/animatronicsDec18-trainset95shuffle1/train) by extension 'ignore_ament_install'
[0.303s] Level 1:colcon.colcon_core.package_identification:_identify(src/DeepLabCut/animatronics-ryo-2024-12-18/dlc-models-pytorch/iteration-0/animatronicsDec18-trainset95shuffle1/train) by extensions ['colcon_pkg']
[0.303s] Level 1:colcon.colcon_core.package_identification:_identify(src/DeepLabCut/animatronics-ryo-2024-12-18/dlc-models-pytorch/iteration-0/animatronicsDec18-trainset95shuffle1/train) by extension 'colcon_pkg'
[0.303s] Level 1:colcon.colcon_core.package_identification:_identify(src/DeepLabCut/animatronics-ryo-2024-12-18/dlc-models-pytorch/iteration-0/animatronicsDec18-trainset95shuffle1/train) by extensions ['colcon_meta']
[0.303s] Level 1:colcon.colcon_core.package_identification:_identify(src/DeepLabCut/animatronics-ryo-2024-12-18/dlc-models-pytorch/iteration-0/animatronicsDec18-trainset95shuffle1/train) by extension 'colcon_meta'
[0.303s] Level 1:colcon.colcon_core.package_identification:_identify(src/DeepLabCut/animatronics-ryo-2024-12-18/dlc-models-pytorch/iteration-0/animatronicsDec18-trainset95shuffle1/train) by extensions ['ros']
[0.303s] Level 1:colcon.colcon_core.package_identification:_identify(src/DeepLabCut/animatronics-ryo-2024-12-18/dlc-models-pytorch/iteration-0/animatronicsDec18-trainset95shuffle1/train) by extension 'ros'
[0.303s] Level 1:colcon.colcon_core.package_identification:_identify(src/DeepLabCut/animatronics-ryo-2024-12-18/dlc-models-pytorch/iteration-0/animatronicsDec18-trainset95shuffle1/train) by extensions ['cmake', 'python']
[0.303s] Level 1:colcon.colcon_core.package_identification:_identify(src/DeepLabCut/animatronics-ryo-2024-12-18/dlc-models-pytorch/iteration-0/animatronicsDec18-trainset95shuffle1/train) by extension 'cmake'
[0.303s] Level 1:colcon.colcon_core.package_identification:_identify(src/DeepLabCut/animatronics-ryo-2024-12-18/dlc-models-pytorch/iteration-0/animatronicsDec18-trainset95shuffle1/train) by extension 'python'
[0.303s] Level 1:colcon.colcon_core.package_identification:_identify(src/DeepLabCut/animatronics-ryo-2024-12-18/dlc-models-pytorch/iteration-0/animatronicsDec18-trainset95shuffle1/train) by extensions ['python_setup_py']
[0.303s] Level 1:colcon.colcon_core.package_identification:_identify(src/DeepLabCut/animatronics-ryo-2024-12-18/dlc-models-pytorch/iteration-0/animatronicsDec18-trainset95shuffle1/train) by extension 'python_setup_py'
[0.303s] Level 1:colcon.colcon_core.package_identification:_identify(src/DeepLabCut/animatronics-ryo-2024-12-18/evaluation-results-pytorch) by extensions ['ignore', 'ignore_ament_install']
[0.303s] Level 1:colcon.colcon_core.package_identification:_identify(src/DeepLabCut/animatronics-ryo-2024-12-18/evaluation-results-pytorch) by extension 'ignore'
[0.303s] Level 1:colcon.colcon_core.package_identification:_identify(src/DeepLabCut/animatronics-ryo-2024-12-18/evaluation-results-pytorch) by extension 'ignore_ament_install'
[0.303s] Level 1:colcon.colcon_core.package_identification:_identify(src/DeepLabCut/animatronics-ryo-2024-12-18/evaluation-results-pytorch) by extensions ['colcon_pkg']
[0.303s] Level 1:colcon.colcon_core.package_identification:_identify(src/DeepLabCut/animatronics-ryo-2024-12-18/evaluation-results-pytorch) by extension 'colcon_pkg'
[0.303s] Level 1:colcon.colcon_core.package_identification:_identify(src/DeepLabCut/animatronics-ryo-2024-12-18/evaluation-results-pytorch) by extensions ['colcon_meta']
[0.303s] Level 1:colcon.colcon_core.package_identification:_identify(src/DeepLabCut/animatronics-ryo-2024-12-18/evaluation-results-pytorch) by extension 'colcon_meta'
[0.303s] Level 1:colcon.colcon_core.package_identification:_identify(src/DeepLabCut/animatronics-ryo-2024-12-18/evaluation-results-pytorch) by extensions ['ros']
[0.303s] Level 1:colcon.colcon_core.package_identification:_identify(src/DeepLabCut/animatronics-ryo-2024-12-18/evaluation-results-pytorch) by extension 'ros'
[0.303s] Level 1:colcon.colcon_core.package_identification:_identify(src/DeepLabCut/animatronics-ryo-2024-12-18/evaluation-results-pytorch) by extensions ['cmake', 'python']
[0.304s] Level 1:colcon.colcon_core.package_identification:_identify(src/DeepLabCut/animatronics-ryo-2024-12-18/evaluation-results-pytorch) by extension 'cmake'
[0.304s] Level 1:colcon.colcon_core.package_identification:_identify(src/DeepLabCut/animatronics-ryo-2024-12-18/evaluation-results-pytorch) by extension 'python'
[0.304s] Level 1:colcon.colcon_core.package_identification:_identify(src/DeepLabCut/animatronics-ryo-2024-12-18/evaluation-results-pytorch) by extensions ['python_setup_py']
[0.304s] Level 1:colcon.colcon_core.package_identification:_identify(src/DeepLabCut/animatronics-ryo-2024-12-18/evaluation-results-pytorch) by extension 'python_setup_py'
[0.304s] Level 1:colcon.colcon_core.package_identification:_identify(src/DeepLabCut/animatronics-ryo-2024-12-18/evaluation-results-pytorch/iteration-0) by extensions ['ignore', 'ignore_ament_install']
[0.304s] Level 1:colcon.colcon_core.package_identification:_identify(src/DeepLabCut/animatronics-ryo-2024-12-18/evaluation-results-pytorch/iteration-0) by extension 'ignore'
[0.304s] Level 1:colcon.colcon_core.package_identification:_identify(src/DeepLabCut/animatronics-ryo-2024-12-18/evaluation-results-pytorch/iteration-0) by extension 'ignore_ament_install'
[0.304s] Level 1:colcon.colcon_core.package_identification:_identify(src/DeepLabCut/animatronics-ryo-2024-12-18/evaluation-results-pytorch/iteration-0) by extensions ['colcon_pkg']
[0.304s] Level 1:colcon.colcon_core.package_identification:_identify(src/DeepLabCut/animatronics-ryo-2024-12-18/evaluation-results-pytorch/iteration-0) by extension 'colcon_pkg'
[0.304s] Level 1:colcon.colcon_core.package_identification:_identify(src/DeepLabCut/animatronics-ryo-2024-12-18/evaluation-results-pytorch/iteration-0) by extensions ['colcon_meta']
[0.304s] Level 1:colcon.colcon_core.package_identification:_identify(src/DeepLabCut/animatronics-ryo-2024-12-18/evaluation-results-pytorch/iteration-0) by extension 'colcon_meta'
[0.304s] Level 1:colcon.colcon_core.package_identification:_identify(src/DeepLabCut/animatronics-ryo-2024-12-18/evaluation-results-pytorch/iteration-0) by extensions ['ros']
[0.304s] Level 1:colcon.colcon_core.package_identification:_identify(src/DeepLabCut/animatronics-ryo-2024-12-18/evaluation-results-pytorch/iteration-0) by extension 'ros'
[0.304s] Level 1:colcon.colcon_core.package_identification:_identify(src/DeepLabCut/animatronics-ryo-2024-12-18/evaluation-results-pytorch/iteration-0) by extensions ['cmake', 'python']
[0.304s] Level 1:colcon.colcon_core.package_identification:_identify(src/DeepLabCut/animatronics-ryo-2024-12-18/evaluation-results-pytorch/iteration-0) by extension 'cmake'
[0.304s] Level 1:colcon.colcon_core.package_identification:_identify(src/DeepLabCut/animatronics-ryo-2024-12-18/evaluation-results-pytorch/iteration-0) by extension 'python'
[0.304s] Level 1:colcon.colcon_core.package_identification:_identify(src/DeepLabCut/animatronics-ryo-2024-12-18/evaluation-results-pytorch/iteration-0) by extensions ['python_setup_py']
[0.304s] Level 1:colcon.colcon_core.package_identification:_identify(src/DeepLabCut/animatronics-ryo-2024-12-18/evaluation-results-pytorch/iteration-0) by extension 'python_setup_py'
[0.304s] Level 1:colcon.colcon_core.package_identification:_identify(src/DeepLabCut/animatronics-ryo-2024-12-18/evaluation-results-pytorch/iteration-0/animatronicsDec18-trainset95shuffle1) by extensions ['ignore', 'ignore_ament_install']
[0.305s] Level 1:colcon.colcon_core.package_identification:_identify(src/DeepLabCut/animatronics-ryo-2024-12-18/evaluation-results-pytorch/iteration-0/animatronicsDec18-trainset95shuffle1) by extension 'ignore'
[0.305s] Level 1:colcon.colcon_core.package_identification:_identify(src/DeepLabCut/animatronics-ryo-2024-12-18/evaluation-results-pytorch/iteration-0/animatronicsDec18-trainset95shuffle1) by extension 'ignore_ament_install'
[0.305s] Level 1:colcon.colcon_core.package_identification:_identify(src/DeepLabCut/animatronics-ryo-2024-12-18/evaluation-results-pytorch/iteration-0/animatronicsDec18-trainset95shuffle1) by extensions ['colcon_pkg']
[0.305s] Level 1:colcon.colcon_core.package_identification:_identify(src/DeepLabCut/animatronics-ryo-2024-12-18/evaluation-results-pytorch/iteration-0/animatronicsDec18-trainset95shuffle1) by extension 'colcon_pkg'
[0.305s] Level 1:colcon.colcon_core.package_identification:_identify(src/DeepLabCut/animatronics-ryo-2024-12-18/evaluation-results-pytorch/iteration-0/animatronicsDec18-trainset95shuffle1) by extensions ['colcon_meta']
[0.305s] Level 1:colcon.colcon_core.package_identification:_identify(src/DeepLabCut/animatronics-ryo-2024-12-18/evaluation-results-pytorch/iteration-0/animatronicsDec18-trainset95shuffle1) by extension 'colcon_meta'
[0.305s] Level 1:colcon.colcon_core.package_identification:_identify(src/DeepLabCut/animatronics-ryo-2024-12-18/evaluation-results-pytorch/iteration-0/animatronicsDec18-trainset95shuffle1) by extensions ['ros']
[0.305s] Level 1:colcon.colcon_core.package_identification:_identify(src/DeepLabCut/animatronics-ryo-2024-12-18/evaluation-results-pytorch/iteration-0/animatronicsDec18-trainset95shuffle1) by extension 'ros'
[0.305s] Level 1:colcon.colcon_core.package_identification:_identify(src/DeepLabCut/animatronics-ryo-2024-12-18/evaluation-results-pytorch/iteration-0/animatronicsDec18-trainset95shuffle1) by extensions ['cmake', 'python']
[0.305s] Level 1:colcon.colcon_core.package_identification:_identify(src/DeepLabCut/animatronics-ryo-2024-12-18/evaluation-results-pytorch/iteration-0/animatronicsDec18-trainset95shuffle1) by extension 'cmake'
[0.305s] Level 1:colcon.colcon_core.package_identification:_identify(src/DeepLabCut/animatronics-ryo-2024-12-18/evaluation-results-pytorch/iteration-0/animatronicsDec18-trainset95shuffle1) by extension 'python'
[0.305s] Level 1:colcon.colcon_core.package_identification:_identify(src/DeepLabCut/animatronics-ryo-2024-12-18/evaluation-results-pytorch/iteration-0/animatronicsDec18-trainset95shuffle1) by extensions ['python_setup_py']
[0.305s] Level 1:colcon.colcon_core.package_identification:_identify(src/DeepLabCut/animatronics-ryo-2024-12-18/evaluation-results-pytorch/iteration-0/animatronicsDec18-trainset95shuffle1) by extension 'python_setup_py'
[0.305s] Level 1:colcon.colcon_core.package_identification:_identify(src/DeepLabCut/animatronics-ryo-2024-12-18/labeled-data) by extensions ['ignore', 'ignore_ament_install']
[0.305s] Level 1:colcon.colcon_core.package_identification:_identify(src/DeepLabCut/animatronics-ryo-2024-12-18/labeled-data) by extension 'ignore'
[0.305s] Level 1:colcon.colcon_core.package_identification:_identify(src/DeepLabCut/animatronics-ryo-2024-12-18/labeled-data) by extension 'ignore_ament_install'
[0.305s] Level 1:colcon.colcon_core.package_identification:_identify(src/DeepLabCut/animatronics-ryo-2024-12-18/labeled-data) by extensions ['colcon_pkg']
[0.305s] Level 1:colcon.colcon_core.package_identification:_identify(src/DeepLabCut/animatronics-ryo-2024-12-18/labeled-data) by extension 'colcon_pkg'
[0.305s] Level 1:colcon.colcon_core.package_identification:_identify(src/DeepLabCut/animatronics-ryo-2024-12-18/labeled-data) by extensions ['colcon_meta']
[0.305s] Level 1:colcon.colcon_core.package_identification:_identify(src/DeepLabCut/animatronics-ryo-2024-12-18/labeled-data) by extension 'colcon_meta'
[0.305s] Level 1:colcon.colcon_core.package_identification:_identify(src/DeepLabCut/animatronics-ryo-2024-12-18/labeled-data) by extensions ['ros']
[0.306s] Level 1:colcon.colcon_core.package_identification:_identify(src/DeepLabCut/animatronics-ryo-2024-12-18/labeled-data) by extension 'ros'
[0.306s] Level 1:colcon.colcon_core.package_identification:_identify(src/DeepLabCut/animatronics-ryo-2024-12-18/labeled-data) by extensions ['cmake', 'python']
[0.306s] Level 1:colcon.colcon_core.package_identification:_identify(src/DeepLabCut/animatronics-ryo-2024-12-18/labeled-data) by extension 'cmake'
[0.306s] Level 1:colcon.colcon_core.package_identification:_identify(src/DeepLabCut/animatronics-ryo-2024-12-18/labeled-data) by extension 'python'
[0.306s] Level 1:colcon.colcon_core.package_identification:_identify(src/DeepLabCut/animatronics-ryo-2024-12-18/labeled-data) by extensions ['python_setup_py']
[0.306s] Level 1:colcon.colcon_core.package_identification:_identify(src/DeepLabCut/animatronics-ryo-2024-12-18/labeled-data) by extension 'python_setup_py'
[0.306s] Level 1:colcon.colcon_core.package_identification:_identify(src/DeepLabCut/animatronics-ryo-2024-12-18/labeled-data/4B0CCEC3-B219-4C7F-A07C-F0ACDF82976E Copy) by extensions ['ignore', 'ignore_ament_install']
[0.306s] Level 1:colcon.colcon_core.package_identification:_identify(src/DeepLabCut/animatronics-ryo-2024-12-18/labeled-data/4B0CCEC3-B219-4C7F-A07C-F0ACDF82976E Copy) by extension 'ignore'
[0.306s] Level 1:colcon.colcon_core.package_identification:_identify(src/DeepLabCut/animatronics-ryo-2024-12-18/labeled-data/4B0CCEC3-B219-4C7F-A07C-F0ACDF82976E Copy) by extension 'ignore_ament_install'
[0.306s] Level 1:colcon.colcon_core.package_identification:_identify(src/DeepLabCut/animatronics-ryo-2024-12-18/labeled-data/4B0CCEC3-B219-4C7F-A07C-F0ACDF82976E Copy) by extensions ['colcon_pkg']
[0.306s] Level 1:colcon.colcon_core.package_identification:_identify(src/DeepLabCut/animatronics-ryo-2024-12-18/labeled-data/4B0CCEC3-B219-4C7F-A07C-F0ACDF82976E Copy) by extension 'colcon_pkg'
[0.306s] Level 1:colcon.colcon_core.package_identification:_identify(src/DeepLabCut/animatronics-ryo-2024-12-18/labeled-data/4B0CCEC3-B219-4C7F-A07C-F0ACDF82976E Copy) by extensions ['colcon_meta']
[0.306s] Level 1:colcon.colcon_core.package_identification:_identify(src/DeepLabCut/animatronics-ryo-2024-12-18/labeled-data/4B0CCEC3-B219-4C7F-A07C-F0ACDF82976E Copy) by extension 'colcon_meta'
[0.306s] Level 1:colcon.colcon_core.package_identification:_identify(src/DeepLabCut/animatronics-ryo-2024-12-18/labeled-data/4B0CCEC3-B219-4C7F-A07C-F0ACDF82976E Copy) by extensions ['ros']
[0.306s] Level 1:colcon.colcon_core.package_identification:_identify(src/DeepLabCut/animatronics-ryo-2024-12-18/labeled-data/4B0CCEC3-B219-4C7F-A07C-F0ACDF82976E Copy) by extension 'ros'
[0.306s] Level 1:colcon.colcon_core.package_identification:_identify(src/DeepLabCut/animatronics-ryo-2024-12-18/labeled-data/4B0CCEC3-B219-4C7F-A07C-F0ACDF82976E Copy) by extensions ['cmake', 'python']
[0.306s] Level 1:colcon.colcon_core.package_identification:_identify(src/DeepLabCut/animatronics-ryo-2024-12-18/labeled-data/4B0CCEC3-B219-4C7F-A07C-F0ACDF82976E Copy) by extension 'cmake'
[0.306s] Level 1:colcon.colcon_core.package_identification:_identify(src/DeepLabCut/animatronics-ryo-2024-12-18/labeled-data/4B0CCEC3-B219-4C7F-A07C-F0ACDF82976E Copy) by extension 'python'
[0.307s] Level 1:colcon.colcon_core.package_identification:_identify(src/DeepLabCut/animatronics-ryo-2024-12-18/labeled-data/4B0CCEC3-B219-4C7F-A07C-F0ACDF82976E Copy) by extensions ['python_setup_py']
[0.307s] Level 1:colcon.colcon_core.package_identification:_identify(src/DeepLabCut/animatronics-ryo-2024-12-18/labeled-data/4B0CCEC3-B219-4C7F-A07C-F0ACDF82976E Copy) by extension 'python_setup_py'
[0.307s] Level 1:colcon.colcon_core.package_identification:_identify(src/DeepLabCut/animatronics-ryo-2024-12-18/labeled-data/4B0CCEC3-B219-4C7F-A07C-F0ACDF82976E Copy_labeled) by extensions ['ignore', 'ignore_ament_install']
[0.307s] Level 1:colcon.colcon_core.package_identification:_identify(src/DeepLabCut/animatronics-ryo-2024-12-18/labeled-data/4B0CCEC3-B219-4C7F-A07C-F0ACDF82976E Copy_labeled) by extension 'ignore'
[0.307s] Level 1:colcon.colcon_core.package_identification:_identify(src/DeepLabCut/animatronics-ryo-2024-12-18/labeled-data/4B0CCEC3-B219-4C7F-A07C-F0ACDF82976E Copy_labeled) by extension 'ignore_ament_install'
[0.307s] Level 1:colcon.colcon_core.package_identification:_identify(src/DeepLabCut/animatronics-ryo-2024-12-18/labeled-data/4B0CCEC3-B219-4C7F-A07C-F0ACDF82976E Copy_labeled) by extensions ['colcon_pkg']
[0.307s] Level 1:colcon.colcon_core.package_identification:_identify(src/DeepLabCut/animatronics-ryo-2024-12-18/labeled-data/4B0CCEC3-B219-4C7F-A07C-F0ACDF82976E Copy_labeled) by extension 'colcon_pkg'
[0.307s] Level 1:colcon.colcon_core.package_identification:_identify(src/DeepLabCut/animatronics-ryo-2024-12-18/labeled-data/4B0CCEC3-B219-4C7F-A07C-F0ACDF82976E Copy_labeled) by extensions ['colcon_meta']
[0.307s] Level 1:colcon.colcon_core.package_identification:_identify(src/DeepLabCut/animatronics-ryo-2024-12-18/labeled-data/4B0CCEC3-B219-4C7F-A07C-F0ACDF82976E Copy_labeled) by extension 'colcon_meta'
[0.307s] Level 1:colcon.colcon_core.package_identification:_identify(src/DeepLabCut/animatronics-ryo-2024-12-18/labeled-data/4B0CCEC3-B219-4C7F-A07C-F0ACDF82976E Copy_labeled) by extensions ['ros']
[0.307s] Level 1:colcon.colcon_core.package_identification:_identify(src/DeepLabCut/animatronics-ryo-2024-12-18/labeled-data/4B0CCEC3-B219-4C7F-A07C-F0ACDF82976E Copy_labeled) by extension 'ros'
[0.307s] Level 1:colcon.colcon_core.package_identification:_identify(src/DeepLabCut/animatronics-ryo-2024-12-18/labeled-data/4B0CCEC3-B219-4C7F-A07C-F0ACDF82976E Copy_labeled) by extensions ['cmake', 'python']
[0.307s] Level 1:colcon.colcon_core.package_identification:_identify(src/DeepLabCut/animatronics-ryo-2024-12-18/labeled-data/4B0CCEC3-B219-4C7F-A07C-F0ACDF82976E Copy_labeled) by extension 'cmake'
[0.307s] Level 1:colcon.colcon_core.package_identification:_identify(src/DeepLabCut/animatronics-ryo-2024-12-18/labeled-data/4B0CCEC3-B219-4C7F-A07C-F0ACDF82976E Copy_labeled) by extension 'python'
[0.307s] Level 1:colcon.colcon_core.package_identification:_identify(src/DeepLabCut/animatronics-ryo-2024-12-18/labeled-data/4B0CCEC3-B219-4C7F-A07C-F0ACDF82976E Copy_labeled) by extensions ['python_setup_py']
[0.307s] Level 1:colcon.colcon_core.package_identification:_identify(src/DeepLabCut/animatronics-ryo-2024-12-18/labeled-data/4B0CCEC3-B219-4C7F-A07C-F0ACDF82976E Copy_labeled) by extension 'python_setup_py'
[0.307s] Level 1:colcon.colcon_core.package_identification:_identify(src/DeepLabCut/animatronics-ryo-2024-12-18/labeled-data/Raptor1) by extensions ['ignore', 'ignore_ament_install']
[0.307s] Level 1:colcon.colcon_core.package_identification:_identify(src/DeepLabCut/animatronics-ryo-2024-12-18/labeled-data/Raptor1) by extension 'ignore'
[0.308s] Level 1:colcon.colcon_core.package_identification:_identify(src/DeepLabCut/animatronics-ryo-2024-12-18/labeled-data/Raptor1) by extension 'ignore_ament_install'
[0.308s] Level 1:colcon.colcon_core.package_identification:_identify(src/DeepLabCut/animatronics-ryo-2024-12-18/labeled-data/Raptor1) by extensions ['colcon_pkg']
[0.308s] Level 1:colcon.colcon_core.package_identification:_identify(src/DeepLabCut/animatronics-ryo-2024-12-18/labeled-data/Raptor1) by extension 'colcon_pkg'
[0.308s] Level 1:colcon.colcon_core.package_identification:_identify(src/DeepLabCut/animatronics-ryo-2024-12-18/labeled-data/Raptor1) by extensions ['colcon_meta']
[0.308s] Level 1:colcon.colcon_core.package_identification:_identify(src/DeepLabCut/animatronics-ryo-2024-12-18/labeled-data/Raptor1) by extension 'colcon_meta'
[0.308s] Level 1:colcon.colcon_core.package_identification:_identify(src/DeepLabCut/animatronics-ryo-2024-12-18/labeled-data/Raptor1) by extensions ['ros']
[0.308s] Level 1:colcon.colcon_core.package_identification:_identify(src/DeepLabCut/animatronics-ryo-2024-12-18/labeled-data/Raptor1) by extension 'ros'
[0.308s] Level 1:colcon.colcon_core.package_identification:_identify(src/DeepLabCut/animatronics-ryo-2024-12-18/labeled-data/Raptor1) by extensions ['cmake', 'python']
[0.308s] Level 1:colcon.colcon_core.package_identification:_identify(src/DeepLabCut/animatronics-ryo-2024-12-18/labeled-data/Raptor1) by extension 'cmake'
[0.308s] Level 1:colcon.colcon_core.package_identification:_identify(src/DeepLabCut/animatronics-ryo-2024-12-18/labeled-data/Raptor1) by extension 'python'
[0.308s] Level 1:colcon.colcon_core.package_identification:_identify(src/DeepLabCut/animatronics-ryo-2024-12-18/labeled-data/Raptor1) by extensions ['python_setup_py']
[0.308s] Level 1:colcon.colcon_core.package_identification:_identify(src/DeepLabCut/animatronics-ryo-2024-12-18/labeled-data/Raptor1) by extension 'python_setup_py'
[0.308s] Level 1:colcon.colcon_core.package_identification:_identify(src/DeepLabCut/animatronics-ryo-2024-12-18/training-datasets) by extensions ['ignore', 'ignore_ament_install']
[0.308s] Level 1:colcon.colcon_core.package_identification:_identify(src/DeepLabCut/animatronics-ryo-2024-12-18/training-datasets) by extension 'ignore'
[0.308s] Level 1:colcon.colcon_core.package_identification:_identify(src/DeepLabCut/animatronics-ryo-2024-12-18/training-datasets) by extension 'ignore_ament_install'
[0.308s] Level 1:colcon.colcon_core.package_identification:_identify(src/DeepLabCut/animatronics-ryo-2024-12-18/training-datasets) by extensions ['colcon_pkg']
[0.308s] Level 1:colcon.colcon_core.package_identification:_identify(src/DeepLabCut/animatronics-ryo-2024-12-18/training-datasets) by extension 'colcon_pkg'
[0.308s] Level 1:colcon.colcon_core.package_identification:_identify(src/DeepLabCut/animatronics-ryo-2024-12-18/training-datasets) by extensions ['colcon_meta']
[0.308s] Level 1:colcon.colcon_core.package_identification:_identify(src/DeepLabCut/animatronics-ryo-2024-12-18/training-datasets) by extension 'colcon_meta'
[0.308s] Level 1:colcon.colcon_core.package_identification:_identify(src/DeepLabCut/animatronics-ryo-2024-12-18/training-datasets) by extensions ['ros']
[0.308s] Level 1:colcon.colcon_core.package_identification:_identify(src/DeepLabCut/animatronics-ryo-2024-12-18/training-datasets) by extension 'ros'
[0.309s] Level 1:colcon.colcon_core.package_identification:_identify(src/DeepLabCut/animatronics-ryo-2024-12-18/training-datasets) by extensions ['cmake', 'python']
[0.309s] Level 1:colcon.colcon_core.package_identification:_identify(src/DeepLabCut/animatronics-ryo-2024-12-18/training-datasets) by extension 'cmake'
[0.309s] Level 1:colcon.colcon_core.package_identification:_identify(src/DeepLabCut/animatronics-ryo-2024-12-18/training-datasets) by extension 'python'
[0.309s] Level 1:colcon.colcon_core.package_identification:_identify(src/DeepLabCut/animatronics-ryo-2024-12-18/training-datasets) by extensions ['python_setup_py']
[0.309s] Level 1:colcon.colcon_core.package_identification:_identify(src/DeepLabCut/animatronics-ryo-2024-12-18/training-datasets) by extension 'python_setup_py'
[0.309s] Level 1:colcon.colcon_core.package_identification:_identify(src/DeepLabCut/animatronics-ryo-2024-12-18/training-datasets/iteration-0) by extensions ['ignore', 'ignore_ament_install']
[0.309s] Level 1:colcon.colcon_core.package_identification:_identify(src/DeepLabCut/animatronics-ryo-2024-12-18/training-datasets/iteration-0) by extension 'ignore'
[0.309s] Level 1:colcon.colcon_core.package_identification:_identify(src/DeepLabCut/animatronics-ryo-2024-12-18/training-datasets/iteration-0) by extension 'ignore_ament_install'
[0.309s] Level 1:colcon.colcon_core.package_identification:_identify(src/DeepLabCut/animatronics-ryo-2024-12-18/training-datasets/iteration-0) by extensions ['colcon_pkg']
[0.309s] Level 1:colcon.colcon_core.package_identification:_identify(src/DeepLabCut/animatronics-ryo-2024-12-18/training-datasets/iteration-0) by extension 'colcon_pkg'
[0.309s] Level 1:colcon.colcon_core.package_identification:_identify(src/DeepLabCut/animatronics-ryo-2024-12-18/training-datasets/iteration-0) by extensions ['colcon_meta']
[0.309s] Level 1:colcon.colcon_core.package_identification:_identify(src/DeepLabCut/animatronics-ryo-2024-12-18/training-datasets/iteration-0) by extension 'colcon_meta'
[0.309s] Level 1:colcon.colcon_core.package_identification:_identify(src/DeepLabCut/animatronics-ryo-2024-12-18/training-datasets/iteration-0) by extensions ['ros']
[0.309s] Level 1:colcon.colcon_core.package_identification:_identify(src/DeepLabCut/animatronics-ryo-2024-12-18/training-datasets/iteration-0) by extension 'ros'
[0.309s] Level 1:colcon.colcon_core.package_identification:_identify(src/DeepLabCut/animatronics-ryo-2024-12-18/training-datasets/iteration-0) by extensions ['cmake', 'python']
[0.309s] Level 1:colcon.colcon_core.package_identification:_identify(src/DeepLabCut/animatronics-ryo-2024-12-18/training-datasets/iteration-0) by extension 'cmake'
[0.309s] Level 1:colcon.colcon_core.package_identification:_identify(src/DeepLabCut/animatronics-ryo-2024-12-18/training-datasets/iteration-0) by extension 'python'
[0.309s] Level 1:colcon.colcon_core.package_identification:_identify(src/DeepLabCut/animatronics-ryo-2024-12-18/training-datasets/iteration-0) by extensions ['python_setup_py']
[0.309s] Level 1:colcon.colcon_core.package_identification:_identify(src/DeepLabCut/animatronics-ryo-2024-12-18/training-datasets/iteration-0) by extension 'python_setup_py'
[0.310s] Level 1:colcon.colcon_core.package_identification:_identify(src/DeepLabCut/animatronics-ryo-2024-12-18/training-datasets/iteration-0/UnaugmentedDataSet_animatronicsDec18) by extensions ['ignore', 'ignore_ament_install']
[0.310s] Level 1:colcon.colcon_core.package_identification:_identify(src/DeepLabCut/animatronics-ryo-2024-12-18/training-datasets/iteration-0/UnaugmentedDataSet_animatronicsDec18) by extension 'ignore'
[0.310s] Level 1:colcon.colcon_core.package_identification:_identify(src/DeepLabCut/animatronics-ryo-2024-12-18/training-datasets/iteration-0/UnaugmentedDataSet_animatronicsDec18) by extension 'ignore_ament_install'
[0.310s] Level 1:colcon.colcon_core.package_identification:_identify(src/DeepLabCut/animatronics-ryo-2024-12-18/training-datasets/iteration-0/UnaugmentedDataSet_animatronicsDec18) by extensions ['colcon_pkg']
[0.310s] Level 1:colcon.colcon_core.package_identification:_identify(src/DeepLabCut/animatronics-ryo-2024-12-18/training-datasets/iteration-0/UnaugmentedDataSet_animatronicsDec18) by extension 'colcon_pkg'
[0.310s] Level 1:colcon.colcon_core.package_identification:_identify(src/DeepLabCut/animatronics-ryo-2024-12-18/training-datasets/iteration-0/UnaugmentedDataSet_animatronicsDec18) by extensions ['colcon_meta']
[0.310s] Level 1:colcon.colcon_core.package_identification:_identify(src/DeepLabCut/animatronics-ryo-2024-12-18/training-datasets/iteration-0/UnaugmentedDataSet_animatronicsDec18) by extension 'colcon_meta'
[0.310s] Level 1:colcon.colcon_core.package_identification:_identify(src/DeepLabCut/animatronics-ryo-2024-12-18/training-datasets/iteration-0/UnaugmentedDataSet_animatronicsDec18) by extensions ['ros']
[0.310s] Level 1:colcon.colcon_core.package_identification:_identify(src/DeepLabCut/animatronics-ryo-2024-12-18/training-datasets/iteration-0/UnaugmentedDataSet_animatronicsDec18) by extension 'ros'
[0.310s] Level 1:colcon.colcon_core.package_identification:_identify(src/DeepLabCut/animatronics-ryo-2024-12-18/training-datasets/iteration-0/UnaugmentedDataSet_animatronicsDec18) by extensions ['cmake', 'python']
[0.310s] Level 1:colcon.colcon_core.package_identification:_identify(src/DeepLabCut/animatronics-ryo-2024-12-18/training-datasets/iteration-0/UnaugmentedDataSet_animatronicsDec18) by extension 'cmake'
[0.310s] Level 1:colcon.colcon_core.package_identification:_identify(src/DeepLabCut/animatronics-ryo-2024-12-18/training-datasets/iteration-0/UnaugmentedDataSet_animatronicsDec18) by extension 'python'
[0.310s] Level 1:colcon.colcon_core.package_identification:_identify(src/DeepLabCut/animatronics-ryo-2024-12-18/training-datasets/iteration-0/UnaugmentedDataSet_animatronicsDec18) by extensions ['python_setup_py']
[0.310s] Level 1:colcon.colcon_core.package_identification:_identify(src/DeepLabCut/animatronics-ryo-2024-12-18/training-datasets/iteration-0/UnaugmentedDataSet_animatronicsDec18) by extension 'python_setup_py'
[0.310s] Level 1:colcon.colcon_core.package_identification:_identify(src/DeepLabCut/animatronics-ryo-2024-12-18/videos) by extensions ['ignore', 'ignore_ament_install']
[0.310s] Level 1:colcon.colcon_core.package_identification:_identify(src/DeepLabCut/animatronics-ryo-2024-12-18/videos) by extension 'ignore'
[0.310s] Level 1:colcon.colcon_core.package_identification:_identify(src/DeepLabCut/animatronics-ryo-2024-12-18/videos) by extension 'ignore_ament_install'
[0.310s] Level 1:colcon.colcon_core.package_identification:_identify(src/DeepLabCut/animatronics-ryo-2024-12-18/videos) by extensions ['colcon_pkg']
[0.310s] Level 1:colcon.colcon_core.package_identification:_identify(src/DeepLabCut/animatronics-ryo-2024-12-18/videos) by extension 'colcon_pkg'
[0.310s] Level 1:colcon.colcon_core.package_identification:_identify(src/DeepLabCut/animatronics-ryo-2024-12-18/videos) by extensions ['colcon_meta']
[0.311s] Level 1:colcon.colcon_core.package_identification:_identify(src/DeepLabCut/animatronics-ryo-2024-12-18/videos) by extension 'colcon_meta'
[0.311s] Level 1:colcon.colcon_core.package_identification:_identify(src/DeepLabCut/animatronics-ryo-2024-12-18/videos) by extensions ['ros']
[0.311s] Level 1:colcon.colcon_core.package_identification:_identify(src/DeepLabCut/animatronics-ryo-2024-12-18/videos) by extension 'ros'
[0.311s] Level 1:colcon.colcon_core.package_identification:_identify(src/DeepLabCut/animatronics-ryo-2024-12-18/videos) by extensions ['cmake', 'python']
[0.311s] Level 1:colcon.colcon_core.package_identification:_identify(src/DeepLabCut/animatronics-ryo-2024-12-18/videos) by extension 'cmake'
[0.311s] Level 1:colcon.colcon_core.package_identification:_identify(src/DeepLabCut/animatronics-ryo-2024-12-18/videos) by extension 'python'
[0.311s] Level 1:colcon.colcon_core.package_identification:_identify(src/DeepLabCut/animatronics-ryo-2024-12-18/videos) by extensions ['python_setup_py']
[0.311s] Level 1:colcon.colcon_core.package_identification:_identify(src/DeepLabCut/animatronics-ryo-2024-12-18/videos) by extension 'python_setup_py'
[0.311s] Level 1:colcon.colcon_core.package_identification:_identify(src/controller_publisher) by extensions ['ignore', 'ignore_ament_install']
[0.311s] Level 1:colcon.colcon_core.package_identification:_identify(src/controller_publisher) by extension 'ignore'
[0.311s] Level 1:colcon.colcon_core.package_identification:_identify(src/controller_publisher) by extension 'ignore_ament_install'
[0.311s] Level 1:colcon.colcon_core.package_identification:_identify(src/controller_publisher) by extensions ['colcon_pkg']
[0.311s] Level 1:colcon.colcon_core.package_identification:_identify(src/controller_publisher) by extension 'colcon_pkg'
[0.311s] Level 1:colcon.colcon_core.package_identification:_identify(src/controller_publisher) by extensions ['colcon_meta']
[0.311s] Level 1:colcon.colcon_core.package_identification:_identify(src/controller_publisher) by extension 'colcon_meta'
[0.311s] Level 1:colcon.colcon_core.package_identification:_identify(src/controller_publisher) by extensions ['ros']
[0.311s] Level 1:colcon.colcon_core.package_identification:_identify(src/controller_publisher) by extension 'ros'
[0.315s] DEBUG:colcon.colcon_core.package_identification:Package 'src/controller_publisher' with type 'ros.ament_python' and name 'controller_publisher'
[0.315s] Level 1:colcon.colcon_core.package_identification:_identify(src/dynamixel_sdk) by extensions ['ignore', 'ignore_ament_install']
[0.315s] Level 1:colcon.colcon_core.package_identification:_identify(src/dynamixel_sdk) by extension 'ignore'
[0.315s] Level 1:colcon.colcon_core.package_identification:_identify(src/dynamixel_sdk) by extension 'ignore_ament_install'
[0.315s] Level 1:colcon.colcon_core.package_identification:_identify(src/dynamixel_sdk) by extensions ['colcon_pkg']
[0.315s] Level 1:colcon.colcon_core.package_identification:_identify(src/dynamixel_sdk) by extension 'colcon_pkg'
[0.315s] Level 1:colcon.colcon_core.package_identification:_identify(src/dynamixel_sdk) by extensions ['colcon_meta']
[0.315s] Level 1:colcon.colcon_core.package_identification:_identify(src/dynamixel_sdk) by extension 'colcon_meta'
[0.315s] Level 1:colcon.colcon_core.package_identification:_identify(src/dynamixel_sdk) by extensions ['ros']
[0.315s] Level 1:colcon.colcon_core.package_identification:_identify(src/dynamixel_sdk) by extension 'ros'
[0.316s] DEBUG:colcon.colcon_core.package_identification:Package 'src/dynamixel_sdk' with type 'ros.ament_cmake' and name 'dynamixel_sdk'
[0.316s] Level 1:colcon.colcon_core.package_identification:_identify(src/dynamixel_sdk_custom_interfaces) by extensions ['ignore', 'ignore_ament_install']
[0.316s] Level 1:colcon.colcon_core.package_identification:_identify(src/dynamixel_sdk_custom_interfaces) by extension 'ignore'
[0.316s] Level 1:colcon.colcon_core.package_identification:_identify(src/dynamixel_sdk_custom_interfaces) by extension 'ignore_ament_install'
[0.316s] Level 1:colcon.colcon_core.package_identification:_identify(src/dynamixel_sdk_custom_interfaces) by extensions ['colcon_pkg']
[0.316s] Level 1:colcon.colcon_core.package_identification:_identify(src/dynamixel_sdk_custom_interfaces) by extension 'colcon_pkg'
[0.316s] Level 1:colcon.colcon_core.package_identification:_identify(src/dynamixel_sdk_custom_interfaces) by extensions ['colcon_meta']
[0.316s] Level 1:colcon.colcon_core.package_identification:_identify(src/dynamixel_sdk_custom_interfaces) by extension 'colcon_meta'
[0.316s] Level 1:colcon.colcon_core.package_identification:_identify(src/dynamixel_sdk_custom_interfaces) by extensions ['ros']
[0.316s] Level 1:colcon.colcon_core.package_identification:_identify(src/dynamixel_sdk_custom_interfaces) by extension 'ros'
[0.317s] DEBUG:colcon.colcon_core.package_identification:Package 'src/dynamixel_sdk_custom_interfaces' with type 'ros.ament_cmake' and name 'dynamixel_sdk_custom_interfaces'
[0.317s] Level 1:colcon.colcon_core.package_identification:_identify(src/motion_editor) by extensions ['ignore', 'ignore_ament_install']
[0.317s] Level 1:colcon.colcon_core.package_identification:_identify(src/motion_editor) by extension 'ignore'
[0.317s] Level 1:colcon.colcon_core.package_identification:_identify(src/motion_editor) by extension 'ignore_ament_install'
[0.317s] Level 1:colcon.colcon_core.package_identification:_identify(src/motion_editor) by extensions ['colcon_pkg']
[0.317s] Level 1:colcon.colcon_core.package_identification:_identify(src/motion_editor) by extension 'colcon_pkg'
[0.317s] Level 1:colcon.colcon_core.package_identification:_identify(src/motion_editor) by extensions ['colcon_meta']
[0.317s] Level 1:colcon.colcon_core.package_identification:_identify(src/motion_editor) by extension 'colcon_meta'
[0.318s] Level 1:colcon.colcon_core.package_identification:_identify(src/motion_editor) by extensions ['ros']
[0.318s] Level 1:colcon.colcon_core.package_identification:_identify(src/motion_editor) by extension 'ros'
[0.318s] DEBUG:colcon.colcon_core.package_identification:Package 'src/motion_editor' with type 'ros.ament_python' and name 'motion_editor'
[0.318s] Level 1:colcon.colcon_core.package_identification:_identify(src/motor_commands) by extensions ['ignore', 'ignore_ament_install']
[0.318s] Level 1:colcon.colcon_core.package_identification:_identify(src/motor_commands) by extension 'ignore'
[0.318s] Level 1:colcon.colcon_core.package_identification:_identify(src/motor_commands) by extension 'ignore_ament_install'
[0.319s] Level 1:colcon.colcon_core.package_identification:_identify(src/motor_commands) by extensions ['colcon_pkg']
[0.319s] Level 1:colcon.colcon_core.package_identification:_identify(src/motor_commands) by extension 'colcon_pkg'
[0.319s] Level 1:colcon.colcon_core.package_identification:_identify(src/motor_commands) by extensions ['colcon_meta']
[0.319s] Level 1:colcon.colcon_core.package_identification:_identify(src/motor_commands) by extension 'colcon_meta'
[0.319s] Level 1:colcon.colcon_core.package_identification:_identify(src/motor_commands) by extensions ['ros']
[0.319s] Level 1:colcon.colcon_core.package_identification:_identify(src/motor_commands) by extension 'ros'
[0.319s] DEBUG:colcon.colcon_core.package_identification:Package 'src/motor_commands' with type 'ros.ament_cmake' and name 'motor_commands'
[0.319s] Level 1:colcon.colcon_core.package_identification:_identify(src/motor_controller) by extensions ['ignore', 'ignore_ament_install']
[0.319s] Level 1:colcon.colcon_core.package_identification:_identify(src/motor_controller) by extension 'ignore'
[0.319s] Level 1:colcon.colcon_core.package_identification:_identify(src/motor_controller) by extension 'ignore_ament_install'
[0.320s] Level 1:colcon.colcon_core.package_identification:_identify(src/motor_controller) by extensions ['colcon_pkg']
[0.320s] Level 1:colcon.colcon_core.package_identification:_identify(src/motor_controller) by extension 'colcon_pkg'
[0.320s] Level 1:colcon.colcon_core.package_identification:_identify(src/motor_controller) by extensions ['colcon_meta']
[0.320s] Level 1:colcon.colcon_core.package_identification:_identify(src/motor_controller) by extension 'colcon_meta'
[0.320s] Level 1:colcon.colcon_core.package_identification:_identify(src/motor_controller) by extensions ['ros']
[0.320s] Level 1:colcon.colcon_core.package_identification:_identify(src/motor_controller) by extension 'ros'
[0.320s] DEBUG:colcon.colcon_core.package_identification:Package 'src/motor_controller' with type 'ros.ament_python' and name 'motor_controller'
[0.321s] Level 1:colcon.colcon_core.package_identification:_identify(src/system_controller) by extensions ['ignore', 'ignore_ament_install']
[0.321s] Level 1:colcon.colcon_core.package_identification:_identify(src/system_controller) by extension 'ignore'
[0.321s] Level 1:colcon.colcon_core.package_identification:_identify(src/system_controller) by extension 'ignore_ament_install'
[0.321s] Level 1:colcon.colcon_core.package_identification:_identify(src/system_controller) by extensions ['colcon_pkg']
[0.321s] Level 1:colcon.colcon_core.package_identification:_identify(src/system_controller) by extension 'colcon_pkg'
[0.321s] Level 1:colcon.colcon_core.package_identification:_identify(src/system_controller) by extensions ['colcon_meta']
[0.321s] Level 1:colcon.colcon_core.package_identification:_identify(src/system_controller) by extension 'colcon_meta'
[0.321s] Level 1:colcon.colcon_core.package_identification:_identify(src/system_controller) by extensions ['ros']
[0.321s] Level 1:colcon.colcon_core.package_identification:_identify(src/system_controller) by extension 'ros'
[0.322s] DEBUG:colcon.colcon_core.package_identification:Package 'src/system_controller' with type 'ros.ament_python' and name 'system_controller'
[0.322s] Level 1:colcon.colcon_core.package_discovery:discover_packages(recursive) using defaults
[0.322s] Level 1:colcon.colcon_core.package_discovery:discover_packages(ignore) discover
[0.322s] Level 1:colcon.colcon_core.package_discovery:discover_packages(ignore) using defaults
[0.322s] Level 1:colcon.colcon_core.package_discovery:discover_packages(path) discover
[0.322s] Level 1:colcon.colcon_core.package_discovery:discover_packages(path) using defaults
[0.349s] Level 1:colcon.colcon_core.package_discovery:discover_packages(prefix_path) check parameters
[0.349s] Level 1:colcon.colcon_core.package_discovery:discover_packages(prefix_path) discover
[0.352s] DEBUG:colcon.colcon_installed_package_information.package_discovery:Found 285 installed packages in /opt/ros/jazzy
[0.355s] Level 1:colcon.colcon_core.package_discovery:discover_packages(prefix_path) using defaults
[0.413s] Level 5:colcon.colcon_core.verb:set package 'controller_publisher' build argument 'cmake_args' from command line to 'None'
[0.414s] Level 5:colcon.colcon_core.verb:set package 'controller_publisher' build argument 'cmake_target' from command line to 'None'
[0.414s] Level 5:colcon.colcon_core.verb:set package 'controller_publisher' build argument 'cmake_target_skip_unavailable' from command line to 'False'
[0.414s] Level 5:colcon.colcon_core.verb:set package 'controller_publisher' build argument 'cmake_clean_cache' from command line to 'False'
[0.414s] Level 5:colcon.colcon_core.verb:set package 'controller_publisher' build argument 'cmake_clean_first' from command line to 'False'
[0.414s] Level 5:colcon.colcon_core.verb:set package 'controller_publisher' build argument 'cmake_force_configure' from command line to 'False'
[0.414s] Level 5:colcon.colcon_core.verb:set package 'controller_publisher' build argument 'ament_cmake_args' from command line to 'None'
[0.414s] Level 5:colcon.colcon_core.verb:set package 'controller_publisher' build argument 'catkin_cmake_args' from command line to 'None'
[0.414s] Level 5:colcon.colcon_core.verb:set package 'controller_publisher' build argument 'catkin_skip_building_tests' from command line to 'False'
[0.414s] DEBUG:colcon.colcon_core.verb:Building package 'controller_publisher' with the following arguments: {'ament_cmake_args': None, 'build_base': '/home/csanimatronics/CS_Animatronics/build/controller_publisher', 'catkin_cmake_args': None, 'catkin_skip_building_tests': False, 'cmake_args': None, 'cmake_clean_cache': False, 'cmake_clean_first': False, 'cmake_force_configure': False, 'cmake_target': None, 'cmake_target_skip_unavailable': False, 'install_base': '/home/csanimatronics/CS_Animatronics/install/controller_publisher', 'merge_install': False, 'path': '/home/csanimatronics/CS_Animatronics/src/controller_publisher', 'symlink_install': False, 'test_result_base': None}
[0.414s] Level 5:colcon.colcon_core.verb:set package 'dynamixel_sdk' build argument 'cmake_args' from command line to 'None'
[0.414s] Level 5:colcon.colcon_core.verb:set package 'dynamixel_sdk' build argument 'cmake_target' from command line to 'None'
[0.414s] Level 5:colcon.colcon_core.verb:set package 'dynamixel_sdk' build argument 'cmake_target_skip_unavailable' from command line to 'False'
[0.414s] Level 5:colcon.colcon_core.verb:set package 'dynamixel_sdk' build argument 'cmake_clean_cache' from command line to 'False'
[0.414s] Level 5:colcon.colcon_core.verb:set package 'dynamixel_sdk' build argument 'cmake_clean_first' from command line to 'False'
[0.414s] Level 5:colcon.colcon_core.verb:set package 'dynamixel_sdk' build argument 'cmake_force_configure' from command line to 'False'
[0.414s] Level 5:colcon.colcon_core.verb:set package 'dynamixel_sdk' build argument 'ament_cmake_args' from command line to 'None'
[0.414s] Level 5:colcon.colcon_core.verb:set package 'dynamixel_sdk' build argument 'catkin_cmake_args' from command line to 'None'
[0.414s] Level 5:colcon.colcon_core.verb:set package 'dynamixel_sdk' build argument 'catkin_skip_building_tests' from command line to 'False'
[0.415s] DEBUG:colcon.colcon_core.verb:Building package 'dynamixel_sdk' with the following arguments: {'ament_cmake_args': None, 'build_base': '/home/csanimatronics/CS_Animatronics/build/dynamixel_sdk', 'catkin_cmake_args': None, 'catkin_skip_building_tests': False, 'cmake_args': None, 'cmake_clean_cache': False, 'cmake_clean_first': False, 'cmake_force_configure': False, 'cmake_target': None, 'cmake_target_skip_unavailable': False, 'install_base': '/home/csanimatronics/CS_Animatronics/install/dynamixel_sdk', 'merge_install': False, 'path': '/home/csanimatronics/CS_Animatronics/src/dynamixel_sdk', 'symlink_install': False, 'test_result_base': None}
[0.415s] Level 5:colcon.colcon_core.verb:set package 'dynamixel_sdk_custom_interfaces' build argument 'cmake_args' from command line to 'None'
[0.415s] Level 5:colcon.colcon_core.verb:set package 'dynamixel_sdk_custom_interfaces' build argument 'cmake_target' from command line to 'None'
[0.415s] Level 5:colcon.colcon_core.verb:set package 'dynamixel_sdk_custom_interfaces' build argument 'cmake_target_skip_unavailable' from command line to 'False'
[0.415s] Level 5:colcon.colcon_core.verb:set package 'dynamixel_sdk_custom_interfaces' build argument 'cmake_clean_cache' from command line to 'False'
[0.415s] Level 5:colcon.colcon_core.verb:set package 'dynamixel_sdk_custom_interfaces' build argument 'cmake_clean_first' from command line to 'False'
[0.415s] Level 5:colcon.colcon_core.verb:set package 'dynamixel_sdk_custom_interfaces' build argument 'cmake_force_configure' from command line to 'False'
[0.415s] Level 5:colcon.colcon_core.verb:set package 'dynamixel_sdk_custom_interfaces' build argument 'ament_cmake_args' from command line to 'None'
[0.415s] Level 5:colcon.colcon_core.verb:set package 'dynamixel_sdk_custom_interfaces' build argument 'catkin_cmake_args' from command line to 'None'
[0.415s] Level 5:colcon.colcon_core.verb:set package 'dynamixel_sdk_custom_interfaces' build argument 'catkin_skip_building_tests' from command line to 'False'
[0.415s] DEBUG:colcon.colcon_core.verb:Building package 'dynamixel_sdk_custom_interfaces' with the following arguments: {'ament_cmake_args': None, 'build_base': '/home/csanimatronics/CS_Animatronics/build/dynamixel_sdk_custom_interfaces', 'catkin_cmake_args': None, 'catkin_skip_building_tests': False, 'cmake_args': None, 'cmake_clean_cache': False, 'cmake_clean_first': False, 'cmake_force_configure': False, 'cmake_target': None, 'cmake_target_skip_unavailable': False, 'install_base': '/home/csanimatronics/CS_Animatronics/install/dynamixel_sdk_custom_interfaces', 'merge_install': False, 'path': '/home/csanimatronics/CS_Animatronics/src/dynamixel_sdk_custom_interfaces', 'symlink_install': False, 'test_result_base': None}
[0.416s] Level 5:colcon.colcon_core.verb:set package 'motor_commands' build argument 'cmake_args' from command line to 'None'
[0.416s] Level 5:colcon.colcon_core.verb:set package 'motor_commands' build argument 'cmake_target' from command line to 'None'
[0.416s] Level 5:colcon.colcon_core.verb:set package 'motor_commands' build argument 'cmake_target_skip_unavailable' from command line to 'False'
[0.416s] Level 5:colcon.colcon_core.verb:set package 'motor_commands' build argument 'cmake_clean_cache' from command line to 'False'
[0.416s] Level 5:colcon.colcon_core.verb:set package 'motor_commands' build argument 'cmake_clean_first' from command line to 'False'
[0.416s] Level 5:colcon.colcon_core.verb:set package 'motor_commands' build argument 'cmake_force_configure' from command line to 'False'
[0.416s] Level 5:colcon.colcon_core.verb:set package 'motor_commands' build argument 'ament_cmake_args' from command line to 'None'
[0.416s] Level 5:colcon.colcon_core.verb:set package 'motor_commands' build argument 'catkin_cmake_args' from command line to 'None'
[0.416s] Level 5:colcon.colcon_core.verb:set package 'motor_commands' build argument 'catkin_skip_building_tests' from command line to 'False'
[0.416s] DEBUG:colcon.colcon_core.verb:Building package 'motor_commands' with the following arguments: {'ament_cmake_args': None, 'build_base': '/home/csanimatronics/CS_Animatronics/build/motor_commands', 'catkin_cmake_args': None, 'catkin_skip_building_tests': False, 'cmake_args': None, 'cmake_clean_cache': False, 'cmake_clean_first': False, 'cmake_force_configure': False, 'cmake_target': None, 'cmake_target_skip_unavailable': False, 'install_base': '/home/csanimatronics/CS_Animatronics/install/motor_commands', 'merge_install': False, 'path': '/home/csanimatronics/CS_Animatronics/src/motor_commands', 'symlink_install': False, 'test_result_base': None}
[0.416s] Level 5:colcon.colcon_core.verb:set package 'motion_editor' build argument 'cmake_args' from command line to 'None'
[0.416s] Level 5:colcon.colcon_core.verb:set package 'motion_editor' build argument 'cmake_target' from command line to 'None'
[0.416s] Level 5:colcon.colcon_core.verb:set package 'motion_editor' build argument 'cmake_target_skip_unavailable' from command line to 'False'
[0.416s] Level 5:colcon.colcon_core.verb:set package 'motion_editor' build argument 'cmake_clean_cache' from command line to 'False'
[0.416s] Level 5:colcon.colcon_core.verb:set package 'motion_editor' build argument 'cmake_clean_first' from command line to 'False'
[0.416s] Level 5:colcon.colcon_core.verb:set package 'motion_editor' build argument 'cmake_force_configure' from command line to 'False'
[0.416s] Level 5:colcon.colcon_core.verb:set package 'motion_editor' build argument 'ament_cmake_args' from command line to 'None'
[0.416s] Level 5:colcon.colcon_core.verb:set package 'motion_editor' build argument 'catkin_cmake_args' from command line to 'None'
[0.416s] Level 5:colcon.colcon_core.verb:set package 'motion_editor' build argument 'catkin_skip_building_tests' from command line to 'False'
[0.416s] DEBUG:colcon.colcon_core.verb:Building package 'motion_editor' with the following arguments: {'ament_cmake_args': None, 'build_base': '/home/csanimatronics/CS_Animatronics/build/motion_editor', 'catkin_cmake_args': None, 'catkin_skip_building_tests': False, 'cmake_args': None, 'cmake_clean_cache': False, 'cmake_clean_first': False, 'cmake_force_configure': False, 'cmake_target': None, 'cmake_target_skip_unavailable': False, 'install_base': '/home/csanimatronics/CS_Animatronics/install/motion_editor', 'merge_install': False, 'path': '/home/csanimatronics/CS_Animatronics/src/motion_editor', 'symlink_install': False, 'test_result_base': None}
[0.417s] Level 5:colcon.colcon_core.verb:set package 'motor_controller' build argument 'cmake_args' from command line to 'None'
[0.417s] Level 5:colcon.colcon_core.verb:set package 'motor_controller' build argument 'cmake_target' from command line to 'None'
[0.417s] Level 5:colcon.colcon_core.verb:set package 'motor_controller' build argument 'cmake_target_skip_unavailable' from command line to 'False'
[0.417s] Level 5:colcon.colcon_core.verb:set package 'motor_controller' build argument 'cmake_clean_cache' from command line to 'False'
[0.417s] Level 5:colcon.colcon_core.verb:set package 'motor_controller' build argument 'cmake_clean_first' from command line to 'False'
[0.417s] Level 5:colcon.colcon_core.verb:set package 'motor_controller' build argument 'cmake_force_configure' from command line to 'False'
[0.417s] Level 5:colcon.colcon_core.verb:set package 'motor_controller' build argument 'ament_cmake_args' from command line to 'None'
[0.417s] Level 5:colcon.colcon_core.verb:set package 'motor_controller' build argument 'catkin_cmake_args' from command line to 'None'
[0.417s] Level 5:colcon.colcon_core.verb:set package 'motor_controller' build argument 'catkin_skip_building_tests' from command line to 'False'
[0.417s] DEBUG:colcon.colcon_core.verb:Building package 'motor_controller' with the following arguments: {'ament_cmake_args': None, 'build_base': '/home/csanimatronics/CS_Animatronics/build/motor_controller', 'catkin_cmake_args': None, 'catkin_skip_building_tests': False, 'cmake_args': None, 'cmake_clean_cache': False, 'cmake_clean_first': False, 'cmake_force_configure': False, 'cmake_target': None, 'cmake_target_skip_unavailable': False, 'install_base': '/home/csanimatronics/CS_Animatronics/install/motor_controller', 'merge_install': False, 'path': '/home/csanimatronics/CS_Animatronics/src/motor_controller', 'symlink_install': False, 'test_result_base': None}
[0.417s] Level 5:colcon.colcon_core.verb:set package 'system_controller' build argument 'cmake_args' from command line to 'None'
[0.417s] Level 5:colcon.colcon_core.verb:set package 'system_controller' build argument 'cmake_target' from command line to 'None'
[0.417s] Level 5:colcon.colcon_core.verb:set package 'system_controller' build argument 'cmake_target_skip_unavailable' from command line to 'False'
[0.417s] Level 5:colcon.colcon_core.verb:set package 'system_controller' build argument 'cmake_clean_cache' from command line to 'False'
[0.417s] Level 5:colcon.colcon_core.verb:set package 'system_controller' build argument 'cmake_clean_first' from command line to 'False'
[0.417s] Level 5:colcon.colcon_core.verb:set package 'system_controller' build argument 'cmake_force_configure' from command line to 'False'
[0.417s] Level 5:colcon.colcon_core.verb:set package 'system_controller' build argument 'ament_cmake_args' from command line to 'None'
[0.417s] Level 5:colcon.colcon_core.verb:set package 'system_controller' build argument 'catkin_cmake_args' from command line to 'None'
[0.417s] Level 5:colcon.colcon_core.verb:set package 'system_controller' build argument 'catkin_skip_building_tests' from command line to 'False'
[0.417s] DEBUG:colcon.colcon_core.verb:Building package 'system_controller' with the following arguments: {'ament_cmake_args': None, 'build_base': '/home/csanimatronics/CS_Animatronics/build/system_controller', 'catkin_cmake_args': None, 'catkin_skip_building_tests': False, 'cmake_args': None, 'cmake_clean_cache': False, 'cmake_clean_first': False, 'cmake_force_configure': False, 'cmake_target': None, 'cmake_target_skip_unavailable': False, 'install_base': '/home/csanimatronics/CS_Animatronics/install/system_controller', 'merge_install': False, 'path': '/home/csanimatronics/CS_Animatronics/src/system_controller', 'symlink_install': False, 'test_result_base': None}
[0.417s] INFO:colcon.colcon_core.executor:Executing jobs using 'parallel' executor
[0.419s] DEBUG:colcon.colcon_parallel_executor.executor.parallel:run_until_complete
[0.420s] INFO:colcon.colcon_ros.task.ament_cmake.build:Building ROS package in '/home/csanimatronics/CS_Animatronics/src/motor_commands' with build type 'ament_cmake'
[0.421s] INFO:colcon.colcon_cmake.task.cmake.build:Building CMake package in '/home/csanimatronics/CS_Animatronics/src/motor_commands'
[0.425s] INFO:colcon.colcon_core.plugin_system:Skipping extension 'colcon_core.shell.bat': Not used on non-Windows systems
[0.426s] INFO:colcon.colcon_core.shell:Skip shell extension 'powershell' for command environment: Not usable outside of PowerShell
[0.426s] DEBUG:colcon.colcon_core.shell:Skip shell extension 'dsv' for command environment
[0.435s] INFO:colcon.colcon_ros.task.ament_cmake.build:Building ROS package in '/home/csanimatronics/CS_Animatronics/src/dynamixel_sdk' with build type 'ament_cmake'
[0.435s] INFO:colcon.colcon_cmake.task.cmake.build:Building CMake package in '/home/csanimatronics/CS_Animatronics/src/dynamixel_sdk'
[0.436s] INFO:colcon.colcon_core.shell:Skip shell extension 'powershell' for command environment: Not usable outside of PowerShell
[0.436s] DEBUG:colcon.colcon_core.shell:Skip shell extension 'dsv' for command environment
[0.444s] INFO:colcon.colcon_ros.task.ament_cmake.build:Building ROS package in '/home/csanimatronics/CS_Animatronics/src/dynamixel_sdk_custom_interfaces' with build type 'ament_cmake'
[0.444s] INFO:colcon.colcon_cmake.task.cmake.build:Building CMake package in '/home/csanimatronics/CS_Animatronics/src/dynamixel_sdk_custom_interfaces'
[0.445s] INFO:colcon.colcon_core.shell:Skip shell extension 'powershell' for command environment: Not usable outside of PowerShell
[0.445s] DEBUG:colcon.colcon_core.shell:Skip shell extension 'dsv' for command environment
[0.452s] INFO:colcon.colcon_ros.task.ament_python.build:Building ROS package in '/home/csanimatronics/CS_Animatronics/src/controller_publisher' with build type 'ament_python'
[0.452s] Level 1:colcon.colcon_core.shell:create_environment_hook('controller_publisher', 'ament_prefix_path')
[0.453s] INFO:colcon.colcon_core.shell:Creating environment hook '/home/csanimatronics/CS_Animatronics/install/controller_publisher/share/controller_publisher/hook/ament_prefix_path.ps1'
[0.454s] INFO:colcon.colcon_core.shell:Creating environment descriptor '/home/csanimatronics/CS_Animatronics/install/controller_publisher/share/controller_publisher/hook/ament_prefix_path.dsv'
[0.454s] INFO:colcon.colcon_core.shell:Creating environment hook '/home/csanimatronics/CS_Animatronics/install/controller_publisher/share/controller_publisher/hook/ament_prefix_path.sh'
[0.456s] INFO:colcon.colcon_core.shell:Skip shell extension 'powershell' for command environment: Not usable outside of PowerShell
[0.456s] DEBUG:colcon.colcon_core.shell:Skip shell extension 'dsv' for command environment
[0.472s] DEBUG:colcon.colcon_core.event_handler.log_command:Invoking command in '/home/csanimatronics/CS_Animatronics/build/motor_commands': CMAKE_PREFIX_PATH=${CMAKE_PREFIX_PATH}:/opt/ros/jazzy DEBUGINFOD_URLS=https://debuginfod.ubuntu.com /usr/bin/cmake /home/csanimatronics/CS_Animatronics/src/motor_commands -DCMAKE_INSTALL_PREFIX=/home/csanimatronics/CS_Animatronics/install/motor_commands
[0.477s] DEBUG:colcon.colcon_core.event_handler.log_command:Invoking command in '/home/csanimatronics/CS_Animatronics/build/dynamixel_sdk': CMAKE_PREFIX_PATH=${CMAKE_PREFIX_PATH}:/opt/ros/jazzy DEBUGINFOD_URLS=https://debuginfod.ubuntu.com /usr/bin/cmake /home/csanimatronics/CS_Animatronics/src/dynamixel_sdk -DCMAKE_INSTALL_PREFIX=/home/csanimatronics/CS_Animatronics/install/dynamixel_sdk
[0.482s] DEBUG:colcon.colcon_core.event_handler.log_command:Invoking command in '/home/csanimatronics/CS_Animatronics/build/dynamixel_sdk_custom_interfaces': CMAKE_PREFIX_PATH=${CMAKE_PREFIX_PATH}:/opt/ros/jazzy DEBUGINFOD_URLS=https://debuginfod.ubuntu.com /usr/bin/cmake /home/csanimatronics/CS_Animatronics/src/dynamixel_sdk_custom_interfaces -DCMAKE_INSTALL_PREFIX=/home/csanimatronics/CS_Animatronics/install/dynamixel_sdk_custom_interfaces
[1.151s] INFO:colcon.colcon_core.task.python.build:Building Python package in '/home/csanimatronics/CS_Animatronics/src/controller_publisher'
[1.152s] INFO:colcon.colcon_core.shell:Skip shell extension 'powershell' for command environment: Not usable outside of PowerShell
[1.152s] DEBUG:colcon.colcon_core.shell:Skip shell extension 'dsv' for command environment
[2.317s] DEBUG:colcon.colcon_core.event_handler.log_command:Invoked command in '/home/csanimatronics/CS_Animatronics/build/dynamixel_sdk' returned '0': CMAKE_PREFIX_PATH=${CMAKE_PREFIX_PATH}:/opt/ros/jazzy DEBUGINFOD_URLS=https://debuginfod.ubuntu.com /usr/bin/cmake /home/csanimatronics/CS_Animatronics/src/dynamixel_sdk -DCMAKE_INSTALL_PREFIX=/home/csanimatronics/CS_Animatronics/install/dynamixel_sdk
[2.319s] DEBUG:colcon.colcon_core.event_handler.log_command:Invoking command in '/home/csanimatronics/CS_Animatronics/build/dynamixel_sdk': CMAKE_PREFIX_PATH=${CMAKE_PREFIX_PATH}:/opt/ros/jazzy DEBUGINFOD_URLS=https://debuginfod.ubuntu.com /usr/bin/cmake --build /home/csanimatronics/CS_Animatronics/build/dynamixel_sdk -- -j4 -l4
[2.870s] DEBUG:colcon.colcon_core.event_handler.log_command:Invoking command in '/home/csanimatronics/CS_Animatronics/src/controller_publisher': DEBUGINFOD_URLS=https://debuginfod.ubuntu.com PYTHONPATH=/home/csanimatronics/CS_Animatronics/build/controller_publisher/prefix_override:/usr/lib/python3/dist-packages/colcon_core/task/python/colcon_distutils_commands:/home/csanimatronics/CS_Animatronics/install/controller_publisher/lib/python3.12/site-packages:${PYTHONPATH} /usr/bin/python3 -W ignore:setup.py install is deprecated -W ignore:easy_install command is deprecated setup.py egg_info --egg-base ../../build/controller_publisher build --build-base /home/csanimatronics/CS_Animatronics/build/controller_publisher/build install --record /home/csanimatronics/CS_Animatronics/build/controller_publisher/install.log --single-version-externally-managed install_data
[5.141s] DEBUG:colcon.colcon_core.event_handler.log_command:Invoked command in '/home/csanimatronics/CS_Animatronics/src/controller_publisher' returned '0': DEBUGINFOD_URLS=https://debuginfod.ubuntu.com PYTHONPATH=/home/csanimatronics/CS_Animatronics/build/controller_publisher/prefix_override:/usr/lib/python3/dist-packages/colcon_core/task/python/colcon_distutils_commands:/home/csanimatronics/CS_Animatronics/install/controller_publisher/lib/python3.12/site-packages:${PYTHONPATH} /usr/bin/python3 -W ignore:setup.py install is deprecated -W ignore:easy_install command is deprecated setup.py egg_info --egg-base ../../build/controller_publisher build --build-base /home/csanimatronics/CS_Animatronics/build/controller_publisher/build install --record /home/csanimatronics/CS_Animatronics/build/controller_publisher/install.log --single-version-externally-managed install_data
[5.145s] Level 1:colcon.colcon_core.environment:checking '/home/csanimatronics/CS_Animatronics/install/controller_publisher' for CMake module files
[5.146s] Level 1:colcon.colcon_core.environment:checking '/home/csanimatronics/CS_Animatronics/install/controller_publisher' for CMake config files
[5.147s] Level 1:colcon.colcon_core.environment:checking '/home/csanimatronics/CS_Animatronics/install/controller_publisher/lib'
[5.148s] Level 1:colcon.colcon_core.environment:checking '/home/csanimatronics/CS_Animatronics/install/controller_publisher/bin'
[5.148s] Level 1:colcon.colcon_core.environment:checking '/home/csanimatronics/CS_Animatronics/install/controller_publisher/lib/pkgconfig/controller_publisher.pc'
[5.148s] Level 1:colcon.colcon_core.environment:checking '/home/csanimatronics/CS_Animatronics/install/controller_publisher/lib/python3.12/site-packages'
[5.149s] Level 1:colcon.colcon_core.shell:create_environment_hook('controller_publisher', 'pythonpath')
[5.149s] INFO:colcon.colcon_core.shell:Creating environment hook '/home/csanimatronics/CS_Animatronics/install/controller_publisher/share/controller_publisher/hook/pythonpath.ps1'
[5.151s] INFO:colcon.colcon_core.shell:Creating environment descriptor '/home/csanimatronics/CS_Animatronics/install/controller_publisher/share/controller_publisher/hook/pythonpath.dsv'
[5.152s] INFO:colcon.colcon_core.shell:Creating environment hook '/home/csanimatronics/CS_Animatronics/install/controller_publisher/share/controller_publisher/hook/pythonpath.sh'
[5.153s] Level 1:colcon.colcon_core.environment:checking '/home/csanimatronics/CS_Animatronics/install/controller_publisher/bin'
[5.153s] Level 1:colcon.colcon_core.environment:create_environment_scripts_only(controller_publisher)
[5.154s] INFO:colcon.colcon_core.shell:Creating package script '/home/csanimatronics/CS_Animatronics/install/controller_publisher/share/controller_publisher/package.ps1'
[5.156s] INFO:colcon.colcon_core.shell:Creating package descriptor '/home/csanimatronics/CS_Animatronics/install/controller_publisher/share/controller_publisher/package.dsv'
[5.157s] INFO:colcon.colcon_core.shell:Creating package script '/home/csanimatronics/CS_Animatronics/install/controller_publisher/share/controller_publisher/package.sh'
[5.159s] INFO:colcon.colcon_core.shell:Creating package script '/home/csanimatronics/CS_Animatronics/install/controller_publisher/share/controller_publisher/package.bash'
[5.161s] INFO:colcon.colcon_core.shell:Creating package script '/home/csanimatronics/CS_Animatronics/install/controller_publisher/share/controller_publisher/package.zsh'
[5.162s] Level 1:colcon.colcon_core.environment:create_file_with_runtime_dependencies(/home/csanimatronics/CS_Animatronics/install/controller_publisher/share/colcon-core/packages/controller_publisher)
[5.348s] DEBUG:colcon.colcon_core.event_handler.log_command:Invoked command in '/home/csanimatronics/CS_Animatronics/build/dynamixel_sdk' returned '0': CMAKE_PREFIX_PATH=${CMAKE_PREFIX_PATH}:/opt/ros/jazzy DEBUGINFOD_URLS=https://debuginfod.ubuntu.com /usr/bin/cmake --build /home/csanimatronics/CS_Animatronics/build/dynamixel_sdk -- -j4 -l4
[5.369s] DEBUG:colcon.colcon_core.event_handler.log_command:Invoking command in '/home/csanimatronics/CS_Animatronics/build/dynamixel_sdk': CMAKE_PREFIX_PATH=${CMAKE_PREFIX_PATH}:/opt/ros/jazzy DEBUGINFOD_URLS=https://debuginfod.ubuntu.com /usr/bin/cmake --install /home/csanimatronics/CS_Animatronics/build/dynamixel_sdk
[5.416s] Level 1:colcon.colcon_core.environment:create_environment_scripts_only(dynamixel_sdk)
[5.417s] Level 1:colcon.colcon_core.environment:checking '/home/csanimatronics/CS_Animatronics/install/dynamixel_sdk' for CMake module files
[5.417s] DEBUG:colcon.colcon_core.event_handler.log_command:Invoked command in '/home/csanimatronics/CS_Animatronics/build/dynamixel_sdk' returned '0': CMAKE_PREFIX_PATH=${CMAKE_PREFIX_PATH}:/opt/ros/jazzy DEBUGINFOD_URLS=https://debuginfod.ubuntu.com /usr/bin/cmake --install /home/csanimatronics/CS_Animatronics/build/dynamixel_sdk
[5.418s] Level 1:colcon.colcon_core.environment:checking '/home/csanimatronics/CS_Animatronics/install/dynamixel_sdk' for CMake config files
[5.419s] Level 1:colcon.colcon_core.shell:create_environment_hook('dynamixel_sdk', 'cmake_prefix_path')
[5.419s] INFO:colcon.colcon_core.shell:Creating environment hook '/home/csanimatronics/CS_Animatronics/install/dynamixel_sdk/share/dynamixel_sdk/hook/cmake_prefix_path.ps1'
[5.420s] INFO:colcon.colcon_core.shell:Creating environment descriptor '/home/csanimatronics/CS_Animatronics/install/dynamixel_sdk/share/dynamixel_sdk/hook/cmake_prefix_path.dsv'
[5.421s] INFO:colcon.colcon_core.shell:Creating environment hook '/home/csanimatronics/CS_Animatronics/install/dynamixel_sdk/share/dynamixel_sdk/hook/cmake_prefix_path.sh'
[5.422s] Level 1:colcon.colcon_core.environment:checking '/home/csanimatronics/CS_Animatronics/install/dynamixel_sdk/lib'
[5.423s] Level 1:colcon.colcon_core.shell:create_environment_hook('dynamixel_sdk', 'ld_library_path_lib')
[5.423s] INFO:colcon.colcon_core.shell:Creating environment hook '/home/csanimatronics/CS_Animatronics/install/dynamixel_sdk/share/dynamixel_sdk/hook/ld_library_path_lib.ps1'
[5.424s] INFO:colcon.colcon_core.shell:Creating environment descriptor '/home/csanimatronics/CS_Animatronics/install/dynamixel_sdk/share/dynamixel_sdk/hook/ld_library_path_lib.dsv'
[5.425s] INFO:colcon.colcon_core.shell:Creating environment hook '/home/csanimatronics/CS_Animatronics/install/dynamixel_sdk/share/dynamixel_sdk/hook/ld_library_path_lib.sh'
[5.426s] Level 1:colcon.colcon_core.environment:checking '/home/csanimatronics/CS_Animatronics/install/dynamixel_sdk/bin'
[5.426s] Level 1:colcon.colcon_core.environment:checking '/home/csanimatronics/CS_Animatronics/install/dynamixel_sdk/lib/pkgconfig/dynamixel_sdk.pc'
[5.426s] Level 1:colcon.colcon_core.environment:checking '/home/csanimatronics/CS_Animatronics/install/dynamixel_sdk/lib/python3.12/site-packages'
[5.427s] Level 1:colcon.colcon_core.environment:checking '/home/csanimatronics/CS_Animatronics/install/dynamixel_sdk/bin'
[5.427s] INFO:colcon.colcon_core.shell:Creating package script '/home/csanimatronics/CS_Animatronics/install/dynamixel_sdk/share/dynamixel_sdk/package.ps1'
[5.428s] INFO:colcon.colcon_core.shell:Creating package descriptor '/home/csanimatronics/CS_Animatronics/install/dynamixel_sdk/share/dynamixel_sdk/package.dsv'
[5.430s] INFO:colcon.colcon_core.shell:Creating package script '/home/csanimatronics/CS_Animatronics/install/dynamixel_sdk/share/dynamixel_sdk/package.sh'
[5.431s] INFO:colcon.colcon_core.shell:Creating package script '/home/csanimatronics/CS_Animatronics/install/dynamixel_sdk/share/dynamixel_sdk/package.bash'
[5.431s] INFO:colcon.colcon_core.shell:Creating package script '/home/csanimatronics/CS_Animatronics/install/dynamixel_sdk/share/dynamixel_sdk/package.zsh'
[5.432s] Level 1:colcon.colcon_core.environment:create_file_with_runtime_dependencies(/home/csanimatronics/CS_Animatronics/install/dynamixel_sdk/share/colcon-core/packages/dynamixel_sdk)
[5.433s] Level 1:colcon.colcon_core.environment:create_environment_scripts_only(dynamixel_sdk)
[5.434s] Level 1:colcon.colcon_core.environment:checking '/home/csanimatronics/CS_Animatronics/install/dynamixel_sdk' for CMake module files
[5.434s] Level 1:colcon.colcon_core.environment:checking '/home/csanimatronics/CS_Animatronics/install/dynamixel_sdk' for CMake config files
[5.435s] Level 1:colcon.colcon_core.shell:create_environment_hook('dynamixel_sdk', 'cmake_prefix_path')
[5.435s] INFO:colcon.colcon_core.shell:Creating environment hook '/home/csanimatronics/CS_Animatronics/install/dynamixel_sdk/share/dynamixel_sdk/hook/cmake_prefix_path.ps1'
[5.436s] INFO:colcon.colcon_core.shell:Creating environment descriptor '/home/csanimatronics/CS_Animatronics/install/dynamixel_sdk/share/dynamixel_sdk/hook/cmake_prefix_path.dsv'
[5.437s] INFO:colcon.colcon_core.shell:Creating environment hook '/home/csanimatronics/CS_Animatronics/install/dynamixel_sdk/share/dynamixel_sdk/hook/cmake_prefix_path.sh'
[5.438s] Level 1:colcon.colcon_core.environment:checking '/home/csanimatronics/CS_Animatronics/install/dynamixel_sdk/lib'
[5.438s] Level 1:colcon.colcon_core.shell:create_environment_hook('dynamixel_sdk', 'ld_library_path_lib')
[5.438s] INFO:colcon.colcon_core.shell:Creating environment hook '/home/csanimatronics/CS_Animatronics/install/dynamixel_sdk/share/dynamixel_sdk/hook/ld_library_path_lib.ps1'
[5.439s] INFO:colcon.colcon_core.shell:Creating environment descriptor '/home/csanimatronics/CS_Animatronics/install/dynamixel_sdk/share/dynamixel_sdk/hook/ld_library_path_lib.dsv'
[5.439s] INFO:colcon.colcon_core.shell:Creating environment hook '/home/csanimatronics/CS_Animatronics/install/dynamixel_sdk/share/dynamixel_sdk/hook/ld_library_path_lib.sh'
[5.440s] Level 1:colcon.colcon_core.environment:checking '/home/csanimatronics/CS_Animatronics/install/dynamixel_sdk/bin'
[5.440s] Level 1:colcon.colcon_core.environment:checking '/home/csanimatronics/CS_Animatronics/install/dynamixel_sdk/lib/pkgconfig/dynamixel_sdk.pc'
[5.441s] Level 1:colcon.colcon_core.environment:checking '/home/csanimatronics/CS_Animatronics/install/dynamixel_sdk/lib/python3.12/site-packages'
[5.441s] Level 1:colcon.colcon_core.environment:checking '/home/csanimatronics/CS_Animatronics/install/dynamixel_sdk/bin'
[5.441s] INFO:colcon.colcon_core.shell:Creating package script '/home/csanimatronics/CS_Animatronics/install/dynamixel_sdk/share/dynamixel_sdk/package.ps1'
[5.442s] INFO:colcon.colcon_core.shell:Creating package descriptor '/home/csanimatronics/CS_Animatronics/install/dynamixel_sdk/share/dynamixel_sdk/package.dsv'
[5.443s] INFO:colcon.colcon_core.shell:Creating package script '/home/csanimatronics/CS_Animatronics/install/dynamixel_sdk/share/dynamixel_sdk/package.sh'
[5.444s] INFO:colcon.colcon_core.shell:Creating package script '/home/csanimatronics/CS_Animatronics/install/dynamixel_sdk/share/dynamixel_sdk/package.bash'
[5.445s] INFO:colcon.colcon_core.shell:Creating package script '/home/csanimatronics/CS_Animatronics/install/dynamixel_sdk/share/dynamixel_sdk/package.zsh'
[5.445s] Level 1:colcon.colcon_core.environment:create_file_with_runtime_dependencies(/home/csanimatronics/CS_Animatronics/install/dynamixel_sdk/share/colcon-core/packages/dynamixel_sdk)
[8.115s] DEBUG:colcon.colcon_core.event_handler.log_command:Invoked command in '/home/csanimatronics/CS_Animatronics/build/motor_commands' returned '0': CMAKE_PREFIX_PATH=${CMAKE_PREFIX_PATH}:/opt/ros/jazzy DEBUGINFOD_URLS=https://debuginfod.ubuntu.com /usr/bin/cmake /home/csanimatronics/CS_Animatronics/src/motor_commands -DCMAKE_INSTALL_PREFIX=/home/csanimatronics/CS_Animatronics/install/motor_commands
[8.117s] DEBUG:colcon.colcon_core.event_handler.log_command:Invoking command in '/home/csanimatronics/CS_Animatronics/build/motor_commands': CMAKE_PREFIX_PATH=${CMAKE_PREFIX_PATH}:/opt/ros/jazzy DEBUGINFOD_URLS=https://debuginfod.ubuntu.com /usr/bin/cmake --build /home/csanimatronics/CS_Animatronics/build/motor_commands -- -j4 -l4
[8.167s] DEBUG:colcon.colcon_core.event_handler.log_command:Invoked command in '/home/csanimatronics/CS_Animatronics/build/dynamixel_sdk_custom_interfaces' returned '0': CMAKE_PREFIX_PATH=${CMAKE_PREFIX_PATH}:/opt/ros/jazzy DEBUGINFOD_URLS=https://debuginfod.ubuntu.com /usr/bin/cmake /home/csanimatronics/CS_Animatronics/src/dynamixel_sdk_custom_interfaces -DCMAKE_INSTALL_PREFIX=/home/csanimatronics/CS_Animatronics/install/dynamixel_sdk_custom_interfaces
[8.170s] DEBUG:colcon.colcon_core.event_handler.log_command:Invoking command in '/home/csanimatronics/CS_Animatronics/build/dynamixel_sdk_custom_interfaces': CMAKE_PREFIX_PATH=${CMAKE_PREFIX_PATH}:/opt/ros/jazzy DEBUGINFOD_URLS=https://debuginfod.ubuntu.com /usr/bin/cmake --build /home/csanimatronics/CS_Animatronics/build/dynamixel_sdk_custom_interfaces -- -j4 -l4
[19.548s] DEBUG:colcon.colcon_core.event_handler.log_command:Invoked command in '/home/csanimatronics/CS_Animatronics/build/dynamixel_sdk_custom_interfaces' returned '0': CMAKE_PREFIX_PATH=${CMAKE_PREFIX_PATH}:/opt/ros/jazzy DEBUGINFOD_URLS=https://debuginfod.ubuntu.com /usr/bin/cmake --build /home/csanimatronics/CS_Animatronics/build/dynamixel_sdk_custom_interfaces -- -j4 -l4
[19.551s] DEBUG:colcon.colcon_core.event_handler.log_command:Invoking command in '/home/csanimatronics/CS_Animatronics/build/dynamixel_sdk_custom_interfaces': CMAKE_PREFIX_PATH=${CMAKE_PREFIX_PATH}:/opt/ros/jazzy DEBUGINFOD_URLS=https://debuginfod.ubuntu.com /usr/bin/cmake --install /home/csanimatronics/CS_Animatronics/build/dynamixel_sdk_custom_interfaces
[19.695s] Level 1:colcon.colcon_core.environment:create_environment_scripts_only(dynamixel_sdk_custom_interfaces)
[19.695s] Level 1:colcon.colcon_core.environment:checking '/home/csanimatronics/CS_Animatronics/install/dynamixel_sdk_custom_interfaces' for CMake module files
[19.696s] DEBUG:colcon.colcon_core.event_handler.log_command:Invoked command in '/home/csanimatronics/CS_Animatronics/build/dynamixel_sdk_custom_interfaces' returned '0': CMAKE_PREFIX_PATH=${CMAKE_PREFIX_PATH}:/opt/ros/jazzy DEBUGINFOD_URLS=https://debuginfod.ubuntu.com /usr/bin/cmake --install /home/csanimatronics/CS_Animatronics/build/dynamixel_sdk_custom_interfaces
[19.696s] Level 1:colcon.colcon_core.environment:checking '/home/csanimatronics/CS_Animatronics/install/dynamixel_sdk_custom_interfaces' for CMake config files
[19.697s] Level 1:colcon.colcon_core.shell:create_environment_hook('dynamixel_sdk_custom_interfaces', 'cmake_prefix_path')
[19.697s] INFO:colcon.colcon_core.shell:Creating environment hook '/home/csanimatronics/CS_Animatronics/install/dynamixel_sdk_custom_interfaces/share/dynamixel_sdk_custom_interfaces/hook/cmake_prefix_path.ps1'
[19.698s] INFO:colcon.colcon_core.shell:Creating environment descriptor '/home/csanimatronics/CS_Animatronics/install/dynamixel_sdk_custom_interfaces/share/dynamixel_sdk_custom_interfaces/hook/cmake_prefix_path.dsv'
[19.698s] INFO:colcon.colcon_core.shell:Creating environment hook '/home/csanimatronics/CS_Animatronics/install/dynamixel_sdk_custom_interfaces/share/dynamixel_sdk_custom_interfaces/hook/cmake_prefix_path.sh'
[19.699s] Level 1:colcon.colcon_core.environment:checking '/home/csanimatronics/CS_Animatronics/install/dynamixel_sdk_custom_interfaces/lib'
[19.699s] Level 1:colcon.colcon_core.shell:create_environment_hook('dynamixel_sdk_custom_interfaces', 'ld_library_path_lib')
[19.699s] INFO:colcon.colcon_core.shell:Creating environment hook '/home/csanimatronics/CS_Animatronics/install/dynamixel_sdk_custom_interfaces/share/dynamixel_sdk_custom_interfaces/hook/ld_library_path_lib.ps1'
[19.700s] INFO:colcon.colcon_core.shell:Creating environment descriptor '/home/csanimatronics/CS_Animatronics/install/dynamixel_sdk_custom_interfaces/share/dynamixel_sdk_custom_interfaces/hook/ld_library_path_lib.dsv'
[19.700s] INFO:colcon.colcon_core.shell:Creating environment hook '/home/csanimatronics/CS_Animatronics/install/dynamixel_sdk_custom_interfaces/share/dynamixel_sdk_custom_interfaces/hook/ld_library_path_lib.sh'
[19.700s] Level 1:colcon.colcon_core.environment:checking '/home/csanimatronics/CS_Animatronics/install/dynamixel_sdk_custom_interfaces/bin'
[19.701s] Level 1:colcon.colcon_core.environment:checking '/home/csanimatronics/CS_Animatronics/install/dynamixel_sdk_custom_interfaces/lib/pkgconfig/dynamixel_sdk_custom_interfaces.pc'
[19.701s] Level 1:colcon.colcon_core.environment:checking '/home/csanimatronics/CS_Animatronics/install/dynamixel_sdk_custom_interfaces/lib/python3.12/site-packages'
[19.701s] Level 1:colcon.colcon_core.shell:create_environment_hook('dynamixel_sdk_custom_interfaces', 'pythonpath')
[19.701s] INFO:colcon.colcon_core.shell:Creating environment hook '/home/csanimatronics/CS_Animatronics/install/dynamixel_sdk_custom_interfaces/share/dynamixel_sdk_custom_interfaces/hook/pythonpath.ps1'
[19.702s] INFO:colcon.colcon_core.shell:Creating environment descriptor '/home/csanimatronics/CS_Animatronics/install/dynamixel_sdk_custom_interfaces/share/dynamixel_sdk_custom_interfaces/hook/pythonpath.dsv'
[19.702s] INFO:colcon.colcon_core.shell:Creating environment hook '/home/csanimatronics/CS_Animatronics/install/dynamixel_sdk_custom_interfaces/share/dynamixel_sdk_custom_interfaces/hook/pythonpath.sh'
[19.703s] Level 1:colcon.colcon_core.environment:checking '/home/csanimatronics/CS_Animatronics/install/dynamixel_sdk_custom_interfaces/bin'
[19.703s] INFO:colcon.colcon_core.shell:Creating package script '/home/csanimatronics/CS_Animatronics/install/dynamixel_sdk_custom_interfaces/share/dynamixel_sdk_custom_interfaces/package.ps1'
[19.704s] INFO:colcon.colcon_core.shell:Creating package descriptor '/home/csanimatronics/CS_Animatronics/install/dynamixel_sdk_custom_interfaces/share/dynamixel_sdk_custom_interfaces/package.dsv'
[19.704s] INFO:colcon.colcon_core.shell:Creating package script '/home/csanimatronics/CS_Animatronics/install/dynamixel_sdk_custom_interfaces/share/dynamixel_sdk_custom_interfaces/package.sh'
[19.705s] INFO:colcon.colcon_core.shell:Creating package script '/home/csanimatronics/CS_Animatronics/install/dynamixel_sdk_custom_interfaces/share/dynamixel_sdk_custom_interfaces/package.bash'
[19.705s] INFO:colcon.colcon_core.shell:Creating package script '/home/csanimatronics/CS_Animatronics/install/dynamixel_sdk_custom_interfaces/share/dynamixel_sdk_custom_interfaces/package.zsh'
[19.706s] Level 1:colcon.colcon_core.environment:create_file_with_runtime_dependencies(/home/csanimatronics/CS_Animatronics/install/dynamixel_sdk_custom_interfaces/share/colcon-core/packages/dynamixel_sdk_custom_interfaces)
[19.706s] Level 1:colcon.colcon_core.environment:create_environment_scripts_only(dynamixel_sdk_custom_interfaces)
[19.707s] Level 1:colcon.colcon_core.environment:checking '/home/csanimatronics/CS_Animatronics/install/dynamixel_sdk_custom_interfaces' for CMake module files
[19.707s] Level 1:colcon.colcon_core.environment:checking '/home/csanimatronics/CS_Animatronics/install/dynamixel_sdk_custom_interfaces' for CMake config files
[19.708s] Level 1:colcon.colcon_core.shell:create_environment_hook('dynamixel_sdk_custom_interfaces', 'cmake_prefix_path')
[19.708s] INFO:colcon.colcon_core.shell:Creating environment hook '/home/csanimatronics/CS_Animatronics/install/dynamixel_sdk_custom_interfaces/share/dynamixel_sdk_custom_interfaces/hook/cmake_prefix_path.ps1'
[19.709s] INFO:colcon.colcon_core.shell:Creating environment descriptor '/home/csanimatronics/CS_Animatronics/install/dynamixel_sdk_custom_interfaces/share/dynamixel_sdk_custom_interfaces/hook/cmake_prefix_path.dsv'
[19.709s] INFO:colcon.colcon_core.shell:Creating environment hook '/home/csanimatronics/CS_Animatronics/install/dynamixel_sdk_custom_interfaces/share/dynamixel_sdk_custom_interfaces/hook/cmake_prefix_path.sh'
[19.710s] Level 1:colcon.colcon_core.environment:checking '/home/csanimatronics/CS_Animatronics/install/dynamixel_sdk_custom_interfaces/lib'
[19.710s] Level 1:colcon.colcon_core.shell:create_environment_hook('dynamixel_sdk_custom_interfaces', 'ld_library_path_lib')
[19.710s] INFO:colcon.colcon_core.shell:Creating environment hook '/home/csanimatronics/CS_Animatronics/install/dynamixel_sdk_custom_interfaces/share/dynamixel_sdk_custom_interfaces/hook/ld_library_path_lib.ps1'
[19.711s] INFO:colcon.colcon_core.shell:Creating environment descriptor '/home/csanimatronics/CS_Animatronics/install/dynamixel_sdk_custom_interfaces/share/dynamixel_sdk_custom_interfaces/hook/ld_library_path_lib.dsv'
[19.711s] INFO:colcon.colcon_core.shell:Creating environment hook '/home/csanimatronics/CS_Animatronics/install/dynamixel_sdk_custom_interfaces/share/dynamixel_sdk_custom_interfaces/hook/ld_library_path_lib.sh'
[19.711s] Level 1:colcon.colcon_core.environment:checking '/home/csanimatronics/CS_Animatronics/install/dynamixel_sdk_custom_interfaces/bin'
[19.712s] Level 1:colcon.colcon_core.environment:checking '/home/csanimatronics/CS_Animatronics/install/dynamixel_sdk_custom_interfaces/lib/pkgconfig/dynamixel_sdk_custom_interfaces.pc'
[19.712s] Level 1:colcon.colcon_core.environment:checking '/home/csanimatronics/CS_Animatronics/install/dynamixel_sdk_custom_interfaces/lib/python3.12/site-packages'
[19.712s] Level 1:colcon.colcon_core.shell:create_environment_hook('dynamixel_sdk_custom_interfaces', 'pythonpath')
[19.712s] INFO:colcon.colcon_core.shell:Creating environment hook '/home/csanimatronics/CS_Animatronics/install/dynamixel_sdk_custom_interfaces/share/dynamixel_sdk_custom_interfaces/hook/pythonpath.ps1'
[19.713s] INFO:colcon.colcon_core.shell:Creating environment descriptor '/home/csanimatronics/CS_Animatronics/install/dynamixel_sdk_custom_interfaces/share/dynamixel_sdk_custom_interfaces/hook/pythonpath.dsv'
[19.713s] INFO:colcon.colcon_core.shell:Creating environment hook '/home/csanimatronics/CS_Animatronics/install/dynamixel_sdk_custom_interfaces/share/dynamixel_sdk_custom_interfaces/hook/pythonpath.sh'
[19.714s] Level 1:colcon.colcon_core.environment:checking '/home/csanimatronics/CS_Animatronics/install/dynamixel_sdk_custom_interfaces/bin'
[19.714s] INFO:colcon.colcon_core.shell:Creating package script '/home/csanimatronics/CS_Animatronics/install/dynamixel_sdk_custom_interfaces/share/dynamixel_sdk_custom_interfaces/package.ps1'
[19.715s] INFO:colcon.colcon_core.shell:Creating package descriptor '/home/csanimatronics/CS_Animatronics/install/dynamixel_sdk_custom_interfaces/share/dynamixel_sdk_custom_interfaces/package.dsv'
[19.729s] INFO:colcon.colcon_core.shell:Creating package script '/home/csanimatronics/CS_Animatronics/install/dynamixel_sdk_custom_interfaces/share/dynamixel_sdk_custom_interfaces/package.sh'
[19.729s] INFO:colcon.colcon_core.shell:Creating package script '/home/csanimatronics/CS_Animatronics/install/dynamixel_sdk_custom_interfaces/share/dynamixel_sdk_custom_interfaces/package.bash'
[19.730s] INFO:colcon.colcon_core.shell:Creating package script '/home/csanimatronics/CS_Animatronics/install/dynamixel_sdk_custom_interfaces/share/dynamixel_sdk_custom_interfaces/package.zsh'
[19.731s] Level 1:colcon.colcon_core.environment:create_file_with_runtime_dependencies(/home/csanimatronics/CS_Animatronics/install/dynamixel_sdk_custom_interfaces/share/colcon-core/packages/dynamixel_sdk_custom_interfaces)
[20.220s] DEBUG:colcon.colcon_core.event_handler.log_command:Invoked command in '/home/csanimatronics/CS_Animatronics/build/motor_commands' returned '0': CMAKE_PREFIX_PATH=${CMAKE_PREFIX_PATH}:/opt/ros/jazzy DEBUGINFOD_URLS=https://debuginfod.ubuntu.com /usr/bin/cmake --build /home/csanimatronics/CS_Animatronics/build/motor_commands -- -j4 -l4
[20.222s] DEBUG:colcon.colcon_core.event_handler.log_command:Invoking command in '/home/csanimatronics/CS_Animatronics/build/motor_commands': CMAKE_PREFIX_PATH=${CMAKE_PREFIX_PATH}:/opt/ros/jazzy DEBUGINFOD_URLS=https://debuginfod.ubuntu.com /usr/bin/cmake --install /home/csanimatronics/CS_Animatronics/build/motor_commands
[20.355s] Level 1:colcon.colcon_core.environment:create_environment_scripts_only(motor_commands)
[20.356s] Level 1:colcon.colcon_core.environment:checking '/home/csanimatronics/CS_Animatronics/install/motor_commands' for CMake module files
[20.356s] DEBUG:colcon.colcon_core.event_handler.log_command:Invoked command in '/home/csanimatronics/CS_Animatronics/build/motor_commands' returned '0': CMAKE_PREFIX_PATH=${CMAKE_PREFIX_PATH}:/opt/ros/jazzy DEBUGINFOD_URLS=https://debuginfod.ubuntu.com /usr/bin/cmake --install /home/csanimatronics/CS_Animatronics/build/motor_commands
[20.357s] Level 1:colcon.colcon_core.environment:checking '/home/csanimatronics/CS_Animatronics/install/motor_commands' for CMake config files
[20.358s] Level 1:colcon.colcon_core.shell:create_environment_hook('motor_commands', 'cmake_prefix_path')
[20.358s] INFO:colcon.colcon_core.shell:Creating environment hook '/home/csanimatronics/CS_Animatronics/install/motor_commands/share/motor_commands/hook/cmake_prefix_path.ps1'
[20.358s] INFO:colcon.colcon_core.shell:Creating environment descriptor '/home/csanimatronics/CS_Animatronics/install/motor_commands/share/motor_commands/hook/cmake_prefix_path.dsv'
[20.359s] INFO:colcon.colcon_core.shell:Creating environment hook '/home/csanimatronics/CS_Animatronics/install/motor_commands/share/motor_commands/hook/cmake_prefix_path.sh'
[20.359s] Level 1:colcon.colcon_core.environment:checking '/home/csanimatronics/CS_Animatronics/install/motor_commands/lib'
[20.360s] Level 1:colcon.colcon_core.shell:create_environment_hook('motor_commands', 'ld_library_path_lib')
[20.360s] INFO:colcon.colcon_core.shell:Creating environment hook '/home/csanimatronics/CS_Animatronics/install/motor_commands/share/motor_commands/hook/ld_library_path_lib.ps1'
[20.360s] INFO:colcon.colcon_core.shell:Creating environment descriptor '/home/csanimatronics/CS_Animatronics/install/motor_commands/share/motor_commands/hook/ld_library_path_lib.dsv'
[20.361s] INFO:colcon.colcon_core.shell:Creating environment hook '/home/csanimatronics/CS_Animatronics/install/motor_commands/share/motor_commands/hook/ld_library_path_lib.sh'
[20.361s] Level 1:colcon.colcon_core.environment:checking '/home/csanimatronics/CS_Animatronics/install/motor_commands/bin'
[20.361s] Level 1:colcon.colcon_core.environment:checking '/home/csanimatronics/CS_Animatronics/install/motor_commands/lib/pkgconfig/motor_commands.pc'
[20.361s] Level 1:colcon.colcon_core.environment:checking '/home/csanimatronics/CS_Animatronics/install/motor_commands/lib/python3.12/site-packages'
[20.362s] Level 1:colcon.colcon_core.shell:create_environment_hook('motor_commands', 'pythonpath')
[20.362s] INFO:colcon.colcon_core.shell:Creating environment hook '/home/csanimatronics/CS_Animatronics/install/motor_commands/share/motor_commands/hook/pythonpath.ps1'
[20.362s] INFO:colcon.colcon_core.shell:Creating environment descriptor '/home/csanimatronics/CS_Animatronics/install/motor_commands/share/motor_commands/hook/pythonpath.dsv'
[20.363s] INFO:colcon.colcon_core.shell:Creating environment hook '/home/csanimatronics/CS_Animatronics/install/motor_commands/share/motor_commands/hook/pythonpath.sh'
[20.363s] Level 1:colcon.colcon_core.environment:checking '/home/csanimatronics/CS_Animatronics/install/motor_commands/bin'
[20.364s] INFO:colcon.colcon_core.shell:Creating package script '/home/csanimatronics/CS_Animatronics/install/motor_commands/share/motor_commands/package.ps1'
[20.364s] INFO:colcon.colcon_core.shell:Creating package descriptor '/home/csanimatronics/CS_Animatronics/install/motor_commands/share/motor_commands/package.dsv'
[20.365s] INFO:colcon.colcon_core.shell:Creating package script '/home/csanimatronics/CS_Animatronics/install/motor_commands/share/motor_commands/package.sh'
[20.366s] INFO:colcon.colcon_core.shell:Creating package script '/home/csanimatronics/CS_Animatronics/install/motor_commands/share/motor_commands/package.bash'
[20.366s] INFO:colcon.colcon_core.shell:Creating package script '/home/csanimatronics/CS_Animatronics/install/motor_commands/share/motor_commands/package.zsh'
[20.367s] Level 1:colcon.colcon_core.environment:create_file_with_runtime_dependencies(/home/csanimatronics/CS_Animatronics/install/motor_commands/share/colcon-core/packages/motor_commands)
[20.367s] Level 1:colcon.colcon_core.environment:create_environment_scripts_only(motor_commands)
[20.368s] Level 1:colcon.colcon_core.environment:checking '/home/csanimatronics/CS_Animatronics/install/motor_commands' for CMake module files
[20.369s] Level 1:colcon.colcon_core.environment:checking '/home/csanimatronics/CS_Animatronics/install/motor_commands' for CMake config files
[20.369s] Level 1:colcon.colcon_core.shell:create_environment_hook('motor_commands', 'cmake_prefix_path')
[20.370s] INFO:colcon.colcon_core.shell:Creating environment hook '/home/csanimatronics/CS_Animatronics/install/motor_commands/share/motor_commands/hook/cmake_prefix_path.ps1'
[20.370s] INFO:colcon.colcon_core.shell:Creating environment descriptor '/home/csanimatronics/CS_Animatronics/install/motor_commands/share/motor_commands/hook/cmake_prefix_path.dsv'
[20.371s] INFO:colcon.colcon_core.shell:Creating environment hook '/home/csanimatronics/CS_Animatronics/install/motor_commands/share/motor_commands/hook/cmake_prefix_path.sh'
[20.371s] Level 1:colcon.colcon_core.environment:checking '/home/csanimatronics/CS_Animatronics/install/motor_commands/lib'
[20.372s] Level 1:colcon.colcon_core.shell:create_environment_hook('motor_commands', 'ld_library_path_lib')
[20.372s] INFO:colcon.colcon_core.shell:Creating environment hook '/home/csanimatronics/CS_Animatronics/install/motor_commands/share/motor_commands/hook/ld_library_path_lib.ps1'
[20.372s] INFO:colcon.colcon_core.shell:Creating environment descriptor '/home/csanimatronics/CS_Animatronics/install/motor_commands/share/motor_commands/hook/ld_library_path_lib.dsv'
[20.373s] INFO:colcon.colcon_core.shell:Creating environment hook '/home/csanimatronics/CS_Animatronics/install/motor_commands/share/motor_commands/hook/ld_library_path_lib.sh'
[20.373s] Level 1:colcon.colcon_core.environment:checking '/home/csanimatronics/CS_Animatronics/install/motor_commands/bin'
[20.373s] Level 1:colcon.colcon_core.environment:checking '/home/csanimatronics/CS_Animatronics/install/motor_commands/lib/pkgconfig/motor_commands.pc'
[20.373s] Level 1:colcon.colcon_core.environment:checking '/home/csanimatronics/CS_Animatronics/install/motor_commands/lib/python3.12/site-packages'
[20.373s] Level 1:colcon.colcon_core.shell:create_environment_hook('motor_commands', 'pythonpath')
[20.374s] INFO:colcon.colcon_core.shell:Creating environment hook '/home/csanimatronics/CS_Animatronics/install/motor_commands/share/motor_commands/hook/pythonpath.ps1'
[20.375s] INFO:colcon.colcon_core.shell:Creating environment descriptor '/home/csanimatronics/CS_Animatronics/install/motor_commands/share/motor_commands/hook/pythonpath.dsv'
[20.375s] INFO:colcon.colcon_core.shell:Creating environment hook '/home/csanimatronics/CS_Animatronics/install/motor_commands/share/motor_commands/hook/pythonpath.sh'
[20.376s] Level 1:colcon.colcon_core.environment:checking '/home/csanimatronics/CS_Animatronics/install/motor_commands/bin'
[20.376s] INFO:colcon.colcon_core.shell:Creating package script '/home/csanimatronics/CS_Animatronics/install/motor_commands/share/motor_commands/package.ps1'
[20.377s] INFO:colcon.colcon_core.shell:Creating package descriptor '/home/csanimatronics/CS_Animatronics/install/motor_commands/share/motor_commands/package.dsv'
[20.377s] INFO:colcon.colcon_core.shell:Creating package script '/home/csanimatronics/CS_Animatronics/install/motor_commands/share/motor_commands/package.sh'
[20.378s] INFO:colcon.colcon_core.shell:Creating package script '/home/csanimatronics/CS_Animatronics/install/motor_commands/share/motor_commands/package.bash'
[20.378s] INFO:colcon.colcon_core.shell:Creating package script '/home/csanimatronics/CS_Animatronics/install/motor_commands/share/motor_commands/package.zsh'
[20.379s] Level 1:colcon.colcon_core.environment:create_file_with_runtime_dependencies(/home/csanimatronics/CS_Animatronics/install/motor_commands/share/colcon-core/packages/motor_commands)
[20.379s] INFO:colcon.colcon_ros.task.ament_python.build:Building ROS package in '/home/csanimatronics/CS_Animatronics/src/motion_editor' with build type 'ament_python'
[20.379s] Level 1:colcon.colcon_core.shell:create_environment_hook('motion_editor', 'ament_prefix_path')
[20.380s] INFO:colcon.colcon_core.shell:Creating environment hook '/home/csanimatronics/CS_Animatronics/install/motion_editor/share/motion_editor/hook/ament_prefix_path.ps1'
[20.381s] INFO:colcon.colcon_core.shell:Creating environment descriptor '/home/csanimatronics/CS_Animatronics/install/motion_editor/share/motion_editor/hook/ament_prefix_path.dsv'
[20.383s] INFO:colcon.colcon_core.shell:Creating environment hook '/home/csanimatronics/CS_Animatronics/install/motion_editor/share/motion_editor/hook/ament_prefix_path.sh'
[20.384s] INFO:colcon.colcon_core.shell:Skip shell extension 'powershell' for command environment: Not usable outside of PowerShell
[20.385s] DEBUG:colcon.colcon_core.shell:Skip shell extension 'dsv' for command environment
[20.391s] INFO:colcon.colcon_ros.task.ament_python.build:Building ROS package in '/home/csanimatronics/CS_Animatronics/src/motor_controller' with build type 'ament_python'
[20.392s] Level 1:colcon.colcon_core.shell:create_environment_hook('motor_controller', 'ament_prefix_path')
[20.392s] INFO:colcon.colcon_core.shell:Creating environment hook '/home/csanimatronics/CS_Animatronics/install/motor_controller/share/motor_controller/hook/ament_prefix_path.ps1'
[20.394s] INFO:colcon.colcon_core.shell:Creating environment descriptor '/home/csanimatronics/CS_Animatronics/install/motor_controller/share/motor_controller/hook/ament_prefix_path.dsv'
[20.396s] INFO:colcon.colcon_core.shell:Creating environment hook '/home/csanimatronics/CS_Animatronics/install/motor_controller/share/motor_controller/hook/ament_prefix_path.sh'
[20.398s] INFO:colcon.colcon_core.shell:Skip shell extension 'powershell' for command environment: Not usable outside of PowerShell
[20.398s] DEBUG:colcon.colcon_core.shell:Skip shell extension 'dsv' for command environment
[20.402s] INFO:colcon.colcon_ros.task.ament_python.build:Building ROS package in '/home/csanimatronics/CS_Animatronics/src/system_controller' with build type 'ament_python'
[20.402s] Level 1:colcon.colcon_core.shell:create_environment_hook('system_controller', 'ament_prefix_path')
[20.402s] INFO:colcon.colcon_core.shell:Creating environment hook '/home/csanimatronics/CS_Animatronics/install/system_controller/share/system_controller/hook/ament_prefix_path.ps1'
[20.403s] INFO:colcon.colcon_core.shell:Creating environment descriptor '/home/csanimatronics/CS_Animatronics/install/system_controller/share/system_controller/hook/ament_prefix_path.dsv'
[20.404s] INFO:colcon.colcon_core.shell:Creating environment hook '/home/csanimatronics/CS_Animatronics/install/system_controller/share/system_controller/hook/ament_prefix_path.sh'
[20.404s] INFO:colcon.colcon_core.shell:Skip shell extension 'powershell' for command environment: Not usable outside of PowerShell
[20.405s] DEBUG:colcon.colcon_core.shell:Skip shell extension 'dsv' for command environment
[20.755s] INFO:colcon.colcon_core.task.python.build:Building Python package in '/home/csanimatronics/CS_Animatronics/src/motion_editor'
[20.756s] INFO:colcon.colcon_core.shell:Skip shell extension 'powershell' for command environment: Not usable outside of PowerShell
[20.756s] DEBUG:colcon.colcon_core.shell:Skip shell extension 'dsv' for command environment
[21.093s] INFO:colcon.colcon_core.task.python.build:Building Python package in '/home/csanimatronics/CS_Animatronics/src/system_controller'
[21.094s] INFO:colcon.colcon_core.shell:Skip shell extension 'powershell' for command environment: Not usable outside of PowerShell
[21.094s] DEBUG:colcon.colcon_core.shell:Skip shell extension 'dsv' for command environment
[21.422s] INFO:colcon.colcon_core.task.python.build:Building Python package in '/home/csanimatronics/CS_Animatronics/src/motor_controller'
[21.422s] INFO:colcon.colcon_core.shell:Skip shell extension 'powershell' for command environment: Not usable outside of PowerShell
[21.422s] DEBUG:colcon.colcon_core.shell:Skip shell extension 'dsv' for command environment
[22.478s] DEBUG:colcon.colcon_core.event_handler.log_command:Invoking command in '/home/csanimatronics/CS_Animatronics/src/motion_editor': AMENT_PREFIX_PATH=/home/csanimatronics/CS_Animatronics/install/motor_commands:${AMENT_PREFIX_PATH} CMAKE_PREFIX_PATH=/home/csanimatronics/CS_Animatronics/install/motor_commands:${CMAKE_PREFIX_PATH} DEBUGINFOD_URLS=https://debuginfod.ubuntu.com LD_LIBRARY_PATH=/home/csanimatronics/CS_Animatronics/install/motor_commands/lib:${LD_LIBRARY_PATH} PYTHONPATH=/home/csanimatronics/CS_Animatronics/build/motion_editor/prefix_override:/usr/lib/python3/dist-packages/colcon_core/task/python/colcon_distutils_commands:/home/csanimatronics/CS_Animatronics/install/motion_editor/lib/python3.12/site-packages:/home/csanimatronics/CS_Animatronics/install/motor_commands/lib/python3.12/site-packages:${PYTHONPATH} /usr/bin/python3 -W ignore:setup.py install is deprecated -W ignore:easy_install command is deprecated setup.py egg_info --egg-base ../../build/motion_editor build --build-base /home/csanimatronics/CS_Animatronics/build/motion_editor/build install --record /home/csanimatronics/CS_Animatronics/build/motion_editor/install.log --single-version-externally-managed install_data
[22.482s] DEBUG:colcon.colcon_core.event_handler.log_command:Invoking command in '/home/csanimatronics/CS_Animatronics/src/system_controller': AMENT_PREFIX_PATH=/home/csanimatronics/CS_Animatronics/install/motor_commands:${AMENT_PREFIX_PATH} CMAKE_PREFIX_PATH=/home/csanimatronics/CS_Animatronics/install/motor_commands:${CMAKE_PREFIX_PATH} DEBUGINFOD_URLS=https://debuginfod.ubuntu.com LD_LIBRARY_PATH=/home/csanimatronics/CS_Animatronics/install/motor_commands/lib:${LD_LIBRARY_PATH} PYTHONPATH=/home/csanimatronics/CS_Animatronics/build/system_controller/prefix_override:/usr/lib/python3/dist-packages/colcon_core/task/python/colcon_distutils_commands:/home/csanimatronics/CS_Animatronics/install/system_controller/lib/python3.12/site-packages:/home/csanimatronics/CS_Animatronics/install/motor_commands/lib/python3.12/site-packages:${PYTHONPATH} /usr/bin/python3 -W ignore:setup.py install is deprecated -W ignore:easy_install command is deprecated setup.py egg_info --egg-base ../../build/system_controller build --build-base /home/csanimatronics/CS_Animatronics/build/system_controller/build install --record /home/csanimatronics/CS_Animatronics/build/system_controller/install.log --single-version-externally-managed install_data
[22.495s] DEBUG:colcon.colcon_core.event_handler.log_command:Invoking command in '/home/csanimatronics/CS_Animatronics/src/motor_controller': AMENT_PREFIX_PATH=/home/csanimatronics/CS_Animatronics/install/motor_commands:/home/csanimatronics/CS_Animatronics/install/dynamixel_sdk_custom_interfaces:/home/csanimatronics/CS_Animatronics/install/dynamixel_sdk:${AMENT_PREFIX_PATH} CMAKE_PREFIX_PATH=/home/csanimatronics/CS_Animatronics/install/motor_commands:/home/csanimatronics/CS_Animatronics/install/dynamixel_sdk_custom_interfaces:/home/csanimatronics/CS_Animatronics/install/dynamixel_sdk:${CMAKE_PREFIX_PATH} DEBUGINFOD_URLS=https://debuginfod.ubuntu.com LD_LIBRARY_PATH=/home/csanimatronics/CS_Animatronics/install/motor_commands/lib:/home/csanimatronics/CS_Animatronics/install/dynamixel_sdk_custom_interfaces/lib:/home/csanimatronics/CS_Animatronics/install/dynamixel_sdk/lib:${LD_LIBRARY_PATH} PYTHONPATH=/home/csanimatronics/CS_Animatronics/build/motor_controller/prefix_override:/usr/lib/python3/dist-packages/colcon_core/task/python/colcon_distutils_commands:/home/csanimatronics/CS_Animatronics/install/motor_controller/lib/python3.12/site-packages:/home/csanimatronics/CS_Animatronics/install/motor_commands/lib/python3.12/site-packages:/home/csanimatronics/CS_Animatronics/install/dynamixel_sdk_custom_interfaces/lib/python3.12/site-packages:${PYTHONPATH} /usr/bin/python3 -W ignore:setup.py install is deprecated -W ignore:easy_install command is deprecated setup.py egg_info --egg-base ../../build/motor_controller build --build-base /home/csanimatronics/CS_Animatronics/build/motor_controller/build install --record /home/csanimatronics/CS_Animatronics/build/motor_controller/install.log --single-version-externally-managed install_data
[23.413s] Level 1:colcon.colcon_core.environment:checking '/home/csanimatronics/CS_Animatronics/install/system_controller' for CMake module files
[23.414s] DEBUG:colcon.colcon_core.event_handler.log_command:Invoked command in '/home/csanimatronics/CS_Animatronics/src/system_controller' returned '0': AMENT_PREFIX_PATH=/home/csanimatronics/CS_Animatronics/install/motor_commands:${AMENT_PREFIX_PATH} CMAKE_PREFIX_PATH=/home/csanimatronics/CS_Animatronics/install/motor_commands:${CMAKE_PREFIX_PATH} DEBUGINFOD_URLS=https://debuginfod.ubuntu.com LD_LIBRARY_PATH=/home/csanimatronics/CS_Animatronics/install/motor_commands/lib:${LD_LIBRARY_PATH} PYTHONPATH=/home/csanimatronics/CS_Animatronics/build/system_controller/prefix_override:/usr/lib/python3/dist-packages/colcon_core/task/python/colcon_distutils_commands:/home/csanimatronics/CS_Animatronics/install/system_controller/lib/python3.12/site-packages:/home/csanimatronics/CS_Animatronics/install/motor_commands/lib/python3.12/site-packages:${PYTHONPATH} /usr/bin/python3 -W ignore:setup.py install is deprecated -W ignore:easy_install command is deprecated setup.py egg_info --egg-base ../../build/system_controller build --build-base /home/csanimatronics/CS_Animatronics/build/system_controller/build install --record /home/csanimatronics/CS_Animatronics/build/system_controller/install.log --single-version-externally-managed install_data
[23.415s] Level 1:colcon.colcon_core.environment:checking '/home/csanimatronics/CS_Animatronics/install/system_controller' for CMake config files
[23.416s] Level 1:colcon.colcon_core.environment:checking '/home/csanimatronics/CS_Animatronics/install/system_controller/lib'
[23.416s] Level 1:colcon.colcon_core.environment:checking '/home/csanimatronics/CS_Animatronics/install/system_controller/bin'
[23.416s] Level 1:colcon.colcon_core.environment:checking '/home/csanimatronics/CS_Animatronics/install/system_controller/lib/pkgconfig/system_controller.pc'
[23.416s] Level 1:colcon.colcon_core.environment:checking '/home/csanimatronics/CS_Animatronics/install/system_controller/lib/python3.12/site-packages'
[23.416s] Level 1:colcon.colcon_core.shell:create_environment_hook('system_controller', 'pythonpath')
[23.417s] INFO:colcon.colcon_core.shell:Creating environment hook '/home/csanimatronics/CS_Animatronics/install/system_controller/share/system_controller/hook/pythonpath.ps1'
[23.418s] INFO:colcon.colcon_core.shell:Creating environment descriptor '/home/csanimatronics/CS_Animatronics/install/system_controller/share/system_controller/hook/pythonpath.dsv'
[23.418s] INFO:colcon.colcon_core.shell:Creating environment hook '/home/csanimatronics/CS_Animatronics/install/system_controller/share/system_controller/hook/pythonpath.sh'
[23.419s] Level 1:colcon.colcon_core.environment:checking '/home/csanimatronics/CS_Animatronics/install/system_controller/bin'
[23.419s] Level 1:colcon.colcon_core.environment:create_environment_scripts_only(system_controller)
[23.420s] INFO:colcon.colcon_core.shell:Creating package script '/home/csanimatronics/CS_Animatronics/install/system_controller/share/system_controller/package.ps1'
[23.421s] INFO:colcon.colcon_core.shell:Creating package descriptor '/home/csanimatronics/CS_Animatronics/install/system_controller/share/system_controller/package.dsv'
[23.421s] INFO:colcon.colcon_core.shell:Creating package script '/home/csanimatronics/CS_Animatronics/install/system_controller/share/system_controller/package.sh'
[23.422s] INFO:colcon.colcon_core.shell:Creating package script '/home/csanimatronics/CS_Animatronics/install/system_controller/share/system_controller/package.bash'
[23.422s] INFO:colcon.colcon_core.shell:Creating package script '/home/csanimatronics/CS_Animatronics/install/system_controller/share/system_controller/package.zsh'
[23.422s] Level 1:colcon.colcon_core.environment:create_file_with_runtime_dependencies(/home/csanimatronics/CS_Animatronics/install/system_controller/share/colcon-core/packages/system_controller)
[23.426s] Level 1:colcon.colcon_core.environment:checking '/home/csanimatronics/CS_Animatronics/install/motion_editor' for CMake module files
[23.427s] DEBUG:colcon.colcon_core.event_handler.log_command:Invoked command in '/home/csanimatronics/CS_Animatronics/src/motion_editor' returned '0': AMENT_PREFIX_PATH=/home/csanimatronics/CS_Animatronics/install/motor_commands:${AMENT_PREFIX_PATH} CMAKE_PREFIX_PATH=/home/csanimatronics/CS_Animatronics/install/motor_commands:${CMAKE_PREFIX_PATH} DEBUGINFOD_URLS=https://debuginfod.ubuntu.com LD_LIBRARY_PATH=/home/csanimatronics/CS_Animatronics/install/motor_commands/lib:${LD_LIBRARY_PATH} PYTHONPATH=/home/csanimatronics/CS_Animatronics/build/motion_editor/prefix_override:/usr/lib/python3/dist-packages/colcon_core/task/python/colcon_distutils_commands:/home/csanimatronics/CS_Animatronics/install/motion_editor/lib/python3.12/site-packages:/home/csanimatronics/CS_Animatronics/install/motor_commands/lib/python3.12/site-packages:${PYTHONPATH} /usr/bin/python3 -W ignore:setup.py install is deprecated -W ignore:easy_install command is deprecated setup.py egg_info --egg-base ../../build/motion_editor build --build-base /home/csanimatronics/CS_Animatronics/build/motion_editor/build install --record /home/csanimatronics/CS_Animatronics/build/motion_editor/install.log --single-version-externally-managed install_data
[23.429s] Level 1:colcon.colcon_core.environment:checking '/home/csanimatronics/CS_Animatronics/install/motion_editor' for CMake config files
[23.430s] Level 1:colcon.colcon_core.environment:checking '/home/csanimatronics/CS_Animatronics/install/motion_editor/lib'
[23.430s] Level 1:colcon.colcon_core.environment:checking '/home/csanimatronics/CS_Animatronics/install/motion_editor/bin'
[23.430s] Level 1:colcon.colcon_core.environment:checking '/home/csanimatronics/CS_Animatronics/install/motion_editor/lib/pkgconfig/motion_editor.pc'
[23.430s] Level 1:colcon.colcon_core.environment:checking '/home/csanimatronics/CS_Animatronics/install/motion_editor/lib/python3.12/site-packages'
[23.431s] Level 1:colcon.colcon_core.shell:create_environment_hook('motion_editor', 'pythonpath')
[23.431s] INFO:colcon.colcon_core.shell:Creating environment hook '/home/csanimatronics/CS_Animatronics/install/motion_editor/share/motion_editor/hook/pythonpath.ps1'
[23.433s] INFO:colcon.colcon_core.shell:Creating environment descriptor '/home/csanimatronics/CS_Animatronics/install/motion_editor/share/motion_editor/hook/pythonpath.dsv'
[23.434s] INFO:colcon.colcon_core.shell:Creating environment hook '/home/csanimatronics/CS_Animatronics/install/motion_editor/share/motion_editor/hook/pythonpath.sh'
[23.436s] Level 1:colcon.colcon_core.environment:checking '/home/csanimatronics/CS_Animatronics/install/motion_editor/bin'
[23.436s] Level 1:colcon.colcon_core.environment:create_environment_scripts_only(motion_editor)
[23.437s] INFO:colcon.colcon_core.shell:Creating package script '/home/csanimatronics/CS_Animatronics/install/motion_editor/share/motion_editor/package.ps1'
[23.438s] INFO:colcon.colcon_core.shell:Creating package descriptor '/home/csanimatronics/CS_Animatronics/install/motion_editor/share/motion_editor/package.dsv'
[23.439s] INFO:colcon.colcon_core.shell:Creating package script '/home/csanimatronics/CS_Animatronics/install/motion_editor/share/motion_editor/package.sh'
[23.439s] INFO:colcon.colcon_core.shell:Creating package script '/home/csanimatronics/CS_Animatronics/install/motion_editor/share/motion_editor/package.bash'
[23.440s] INFO:colcon.colcon_core.shell:Creating package script '/home/csanimatronics/CS_Animatronics/install/motion_editor/share/motion_editor/package.zsh'
[23.440s] Level 1:colcon.colcon_core.environment:create_file_with_runtime_dependencies(/home/csanimatronics/CS_Animatronics/install/motion_editor/share/colcon-core/packages/motion_editor)
[23.441s] Level 1:colcon.colcon_core.environment:checking '/home/csanimatronics/CS_Animatronics/install/motor_controller' for CMake module files
[23.442s] DEBUG:colcon.colcon_core.event_handler.log_command:Invoked command in '/home/csanimatronics/CS_Animatronics/src/motor_controller' returned '0': AMENT_PREFIX_PATH=/home/csanimatronics/CS_Animatronics/install/motor_commands:/home/csanimatronics/CS_Animatronics/install/dynamixel_sdk_custom_interfaces:/home/csanimatronics/CS_Animatronics/install/dynamixel_sdk:${AMENT_PREFIX_PATH} CMAKE_PREFIX_PATH=/home/csanimatronics/CS_Animatronics/install/motor_commands:/home/csanimatronics/CS_Animatronics/install/dynamixel_sdk_custom_interfaces:/home/csanimatronics/CS_Animatronics/install/dynamixel_sdk:${CMAKE_PREFIX_PATH} DEBUGINFOD_URLS=https://debuginfod.ubuntu.com LD_LIBRARY_PATH=/home/csanimatronics/CS_Animatronics/install/motor_commands/lib:/home/csanimatronics/CS_Animatronics/install/dynamixel_sdk_custom_interfaces/lib:/home/csanimatronics/CS_Animatronics/install/dynamixel_sdk/lib:${LD_LIBRARY_PATH} PYTHONPATH=/home/csanimatronics/CS_Animatronics/build/motor_controller/prefix_override:/usr/lib/python3/dist-packages/colcon_core/task/python/colcon_distutils_commands:/home/csanimatronics/CS_Animatronics/install/motor_controller/lib/python3.12/site-packages:/home/csanimatronics/CS_Animatronics/install/motor_commands/lib/python3.12/site-packages:/home/csanimatronics/CS_Animatronics/install/dynamixel_sdk_custom_interfaces/lib/python3.12/site-packages:${PYTHONPATH} /usr/bin/python3 -W ignore:setup.py install is deprecated -W ignore:easy_install command is deprecated setup.py egg_info --egg-base ../../build/motor_controller build --build-base /home/csanimatronics/CS_Animatronics/build/motor_controller/build install --record /home/csanimatronics/CS_Animatronics/build/motor_controller/install.log --single-version-externally-managed install_data
[23.443s] Level 1:colcon.colcon_core.environment:checking '/home/csanimatronics/CS_Animatronics/install/motor_controller' for CMake config files
[23.443s] Level 1:colcon.colcon_core.environment:checking '/home/csanimatronics/CS_Animatronics/install/motor_controller/lib'
[23.443s] Level 1:colcon.colcon_core.environment:checking '/home/csanimatronics/CS_Animatronics/install/motor_controller/bin'
[23.443s] Level 1:colcon.colcon_core.environment:checking '/home/csanimatronics/CS_Animatronics/install/motor_controller/lib/pkgconfig/motor_controller.pc'
[23.444s] Level 1:colcon.colcon_core.environment:checking '/home/csanimatronics/CS_Animatronics/install/motor_controller/lib/python3.12/site-packages'
[23.444s] Level 1:colcon.colcon_core.shell:create_environment_hook('motor_controller', 'pythonpath')
[23.444s] INFO:colcon.colcon_core.shell:Creating environment hook '/home/csanimatronics/CS_Animatronics/install/motor_controller/share/motor_controller/hook/pythonpath.ps1'
[23.445s] INFO:colcon.colcon_core.shell:Creating environment descriptor '/home/csanimatronics/CS_Animatronics/install/motor_controller/share/motor_controller/hook/pythonpath.dsv'
[23.445s] INFO:colcon.colcon_core.shell:Creating environment hook '/home/csanimatronics/CS_Animatronics/install/motor_controller/share/motor_controller/hook/pythonpath.sh'
[23.446s] Level 1:colcon.colcon_core.environment:checking '/home/csanimatronics/CS_Animatronics/install/motor_controller/bin'
[23.446s] Level 1:colcon.colcon_core.environment:create_environment_scripts_only(motor_controller)
[23.446s] INFO:colcon.colcon_core.shell:Creating package script '/home/csanimatronics/CS_Animatronics/install/motor_controller/share/motor_controller/package.ps1'
[23.447s] INFO:colcon.colcon_core.shell:Creating package descriptor '/home/csanimatronics/CS_Animatronics/install/motor_controller/share/motor_controller/package.dsv'
[23.447s] INFO:colcon.colcon_core.shell:Creating package script '/home/csanimatronics/CS_Animatronics/install/motor_controller/share/motor_controller/package.sh'
[23.448s] INFO:colcon.colcon_core.shell:Creating package script '/home/csanimatronics/CS_Animatronics/install/motor_controller/share/motor_controller/package.bash'
[23.448s] INFO:colcon.colcon_core.shell:Creating package script '/home/csanimatronics/CS_Animatronics/install/motor_controller/share/motor_controller/package.zsh'
[23.448s] Level 1:colcon.colcon_core.environment:create_file_with_runtime_dependencies(/home/csanimatronics/CS_Animatronics/install/motor_controller/share/colcon-core/packages/motor_controller)
[23.449s] DEBUG:colcon.colcon_parallel_executor.executor.parallel:closing loop
[23.449s] DEBUG:colcon.colcon_parallel_executor.executor.parallel:loop closed
[23.449s] DEBUG:colcon.colcon_parallel_executor.executor.parallel:run_until_complete finished with '0'
[23.449s] DEBUG:colcon.colcon_core.event_reactor:joining thread
[23.463s] INFO:colcon.colcon_core.plugin_system:Skipping extension 'colcon_notification.desktop_notification.terminal_notifier': Not used on non-Darwin systems
[23.463s] INFO:colcon.colcon_core.plugin_system:Skipping extension 'colcon_notification.desktop_notification.win32': Not used on non-Windows systems
[23.463s] INFO:colcon.colcon_notification.desktop_notification:Sending desktop notification using 'notify2'
[23.488s] DEBUG:colcon.colcon_core.event_reactor:joined thread
[23.488s] INFO:colcon.colcon_core.shell:Creating prefix script '/home/csanimatronics/CS_Animatronics/install/local_setup.ps1'
[23.490s] INFO:colcon.colcon_core.shell:Creating prefix util module '/home/csanimatronics/CS_Animatronics/install/_local_setup_util_ps1.py'
[23.491s] INFO:colcon.colcon_core.shell:Creating prefix chain script '/home/csanimatronics/CS_Animatronics/install/setup.ps1'
[23.493s] INFO:colcon.colcon_core.shell:Creating prefix script '/home/csanimatronics/CS_Animatronics/install/local_setup.sh'
[23.493s] INFO:colcon.colcon_core.shell:Creating prefix util module '/home/csanimatronics/CS_Animatronics/install/_local_setup_util_sh.py'
[23.494s] INFO:colcon.colcon_core.shell:Creating prefix chain script '/home/csanimatronics/CS_Animatronics/install/setup.sh'
[23.496s] INFO:colcon.colcon_core.shell:Creating prefix script '/home/csanimatronics/CS_Animatronics/install/local_setup.bash'
[23.496s] INFO:colcon.colcon_core.shell:Creating prefix chain script '/home/csanimatronics/CS_Animatronics/install/setup.bash'
[23.497s] INFO:colcon.colcon_core.shell:Creating prefix script '/home/csanimatronics/CS_Animatronics/install/local_setup.zsh'
[23.498s] INFO:colcon.colcon_core.shell:Creating prefix chain script '/home/csanimatronics/CS_Animatronics/install/setup.zsh'
