[0.000000] (-) TimerEvent: {}
[0.000247] (audio_player) JobQueued: {'identifier': 'audio_player', 'dependencies': OrderedDict()}
[0.000294] (controller_publisher) JobQueued: {'identifier': 'controller_publisher', 'dependencies': OrderedDict()}
[0.000319] (dynamixel_sdk) JobQueued: {'identifier': 'dynamixel_sdk', 'dependencies': OrderedDict()}
[0.000338] (dynamixel_sdk_custom_interfaces) JobQueued: {'identifier': 'dynamixel_sdk_custom_interfaces', 'dependencies': OrderedDict()}
[0.000357] (imu_receiver) JobQueued: {'identifier': 'imu_receiver', 'dependencies': OrderedDict()}
[0.000375] (motor_commands) JobQueued: {'identifier': 'motor_commands', 'dependencies': OrderedDict()}
[0.000395] (motion_editor) JobQueued: {'identifier': 'motion_editor', 'dependencies': OrderedDict({'motor_commands': '/home/csanimatronics/CS_Animatronics/install/motor_commands'})}
[0.000424] (motor_controller) JobQueued: {'identifier': 'motor_controller', 'dependencies': OrderedDict({'dynamixel_sdk': '/home/csanimatronics/CS_Animatronics/install/dynamixel_sdk', 'dynamixel_sdk_custom_interfaces': '/home/csanimatronics/CS_Animatronics/install/dynamixel_sdk_custom_interfaces', 'motor_commands': '/home/csanimatronics/CS_Animatronics/install/motor_commands'})}
[0.000470] (system_controller) JobQueued: {'identifier': 'system_controller', 'dependencies': OrderedDict({'motor_commands': '/home/csanimatronics/CS_Animatronics/install/motor_commands'})}
[0.001955] (motor_commands) JobStarted: {'identifier': 'motor_commands'}
[0.016433] (dynamixel_sdk) JobStarted: {'identifier': 'dynamixel_sdk'}
[0.023421] (dynamixel_sdk_custom_interfaces) JobStarted: {'identifier': 'dynamixel_sdk_custom_interfaces'}
[0.032664] (audio_player) JobStarted: {'identifier': 'audio_player'}
[0.052587] (motor_commands) JobProgress: {'identifier': 'motor_commands', 'progress': 'cmake'}
[0.055075] (motor_commands) Command: {'cmd': ['/usr/bin/cmake', '/home/csanimatronics/CS_Animatronics/src/motor_commands', '-DCMAKE_INSTALL_PREFIX=/home/csanimatronics/CS_Animatronics/install/motor_commands'], 'cwd': '/home/csanimatronics/CS_Animatronics/build/motor_commands', 'env': OrderedDict({'LESSOPEN': '| /usr/bin/lesspipe %s', 'USER': 'csanimatronics', 'XDG_SESSION_TYPE': 'wayland', 'SHLVL': '1', 'LD_LIBRARY_PATH': '/opt/ros/jazzy/opt/rviz_ogre_vendor/lib:/opt/ros/jazzy/lib/aarch64-linux-gnu:/opt/ros/jazzy/opt/gz_math_vendor/lib:/opt/ros/jazzy/opt/gz_utils_vendor/lib:/opt/ros/jazzy/opt/gz_cmake_vendor/lib:/opt/ros/jazzy/lib', 'HOME': '/home/csanimatronics', 'CONDA_SHLVL': '0', 'OLDPWD': '/home/csanimatronics', 'DESKTOP_SESSION': 'ubuntu', 'ROS_PYTHON_VERSION': '3', 'GNOME_SHELL_SESSION_MODE': 'ubuntu', 'GTK_MODULES': 'gail:atk-bridge', 'SYSTEMD_EXEC_PID': '1724', 'GSM_SKIP_SSH_AGENT_WORKAROUND': 'true', 'DBUS_SESSION_BUS_ADDRESS': 'unix:path=/run/user/1002/bus', 'COLORTERM': 'truecolor', '_CE_M': '', 'DEBUGINFOD_URLS': 'https://debuginfod.ubuntu.com', 'IM_CONFIG_PHASE': '1', 'WAYLAND_DISPLAY': 'wayland-0', 'ROS_DISTRO': 'jazzy', 'LOGNAME': 'csanimatronics', '_': '/usr/bin/colcon', 'ROS_VERSION': '2', 'MEMORY_PRESSURE_WATCH': '/sys/fs/cgroup/user.slice/user-1002.slice/user@1002.service/session.slice/org.gnome.Shell@wayland.service/memory.pressure', 'XDG_SESSION_CLASS': 'user', 'USERNAME': 'csanimatronics', 'TERM': 'xterm-256color', 'GNOME_DESKTOP_SESSION_ID': 'this-is-deprecated', '_CE_CONDA': '', 'PATH': '/opt/ros/jazzy/bin:/home/csanimatronics/miniforge/condabin:/usr/local/sbin:/usr/local/bin:/usr/sbin:/usr/bin:/sbin:/bin:/usr/games:/usr/local/games:/snap/bin:/snap/bin', 'SESSION_MANAGER': 'local/csanimatronics:@/tmp/.ICE-unix/1690,unix/csanimatronics:/tmp/.ICE-unix/1690', 'XDG_MENU_PREFIX': 'gnome-', 'GNOME_TERMINAL_SCREEN': '/org/gnome/Terminal/screen/9ac44ee5_15f5_4249_9203_3d5f6b53b17b', 'GNOME_SETUP_DISPLAY': ':1', 'XDG_RUNTIME_DIR': '/run/user/1002', 'DISPLAY': ':0', 'LANG': 'en_US.UTF-8', 'XDG_CURRENT_DESKTOP': 'ubuntu:GNOME', 'XMODIFIERS': '@im=ibus', 'XDG_SESSION_DESKTOP': 'ubuntu', 'XAUTHORITY': '/run/user/1002/.mutter-Xwaylandauth.CAS3B3', 'LS_COLORS': 'rs=0:di=01;34:ln=01;36:mh=00:pi=40;33:so=01;35:do=01;35:bd=40;33;01:cd=40;33;01:or=40;31;01:mi=00:su=37;41:sg=30;43:ca=00:tw=30;42:ow=34;42:st=37;44:ex=01;32:*.tar=01;31:*.tgz=01;31:*.arc=01;31:*.arj=01;31:*.taz=01;31:*.lha=01;31:*.lz4=01;31:*.lzh=01;31:*.lzma=01;31:*.tlz=01;31:*.txz=01;31:*.tzo=01;31:*.t7z=01;31:*.zip=01;31:*.z=01;31:*.dz=01;31:*.gz=01;31:*.lrz=01;31:*.lz=01;31:*.lzo=01;31:*.xz=01;31:*.zst=01;31:*.tzst=01;31:*.bz2=01;31:*.bz=01;31:*.tbz=01;31:*.tbz2=01;31:*.tz=01;31:*.deb=01;31:*.rpm=01;31:*.jar=01;31:*.war=01;31:*.ear=01;31:*.sar=01;31:*.rar=01;31:*.alz=01;31:*.ace=01;31:*.zoo=01;31:*.cpio=01;31:*.7z=01;31:*.rz=01;31:*.cab=01;31:*.wim=01;31:*.swm=01;31:*.dwm=01;31:*.esd=01;31:*.avif=01;35:*.jpg=01;35:*.jpeg=01;35:*.mjpg=01;35:*.mjpeg=01;35:*.gif=01;35:*.bmp=01;35:*.pbm=01;35:*.pgm=01;35:*.ppm=01;35:*.tga=01;35:*.xbm=01;35:*.xpm=01;35:*.tif=01;35:*.tiff=01;35:*.png=01;35:*.svg=01;35:*.svgz=01;35:*.mng=01;35:*.pcx=01;35:*.mov=01;35:*.mpg=01;35:*.mpeg=01;35:*.m2v=01;35:*.mkv=01;35:*.webm=01;35:*.webp=01;35:*.ogm=01;35:*.mp4=01;35:*.m4v=01;35:*.mp4v=01;35:*.vob=01;35:*.qt=01;35:*.nuv=01;35:*.wmv=01;35:*.asf=01;35:*.rm=01;35:*.rmvb=01;35:*.flc=01;35:*.avi=01;35:*.fli=01;35:*.flv=01;35:*.gl=01;35:*.dl=01;35:*.xcf=01;35:*.xwd=01;35:*.yuv=01;35:*.cgm=01;35:*.emf=01;35:*.ogv=01;35:*.ogx=01;35:*.aac=00;36:*.au=00;36:*.flac=00;36:*.m4a=00;36:*.mid=00;36:*.midi=00;36:*.mka=00;36:*.mp3=00;36:*.mpc=00;36:*.ogg=00;36:*.ra=00;36:*.wav=00;36:*.oga=00;36:*.opus=00;36:*.spx=00;36:*.xspf=00;36:*~=00;90:*#=00;90:*.bak=00;90:*.crdownload=00;90:*.dpkg-dist=00;90:*.dpkg-new=00;90:*.dpkg-old=00;90:*.dpkg-tmp=00;90:*.old=00;90:*.orig=00;90:*.part=00;90:*.rej=00;90:*.rpmnew=00;90:*.rpmorig=00;90:*.rpmsave=00;90:*.swp=00;90:*.tmp=00;90:*.ucf-dist=00;90:*.ucf-new=00;90:*.ucf-old=00;90:', 'GNOME_TERMINAL_SERVICE': ':1.135', 'SSH_AUTH_SOCK': '/run/user/1002/keyring/ssh', 'AMENT_PREFIX_PATH': '/opt/ros/jazzy', 'CONDA_PYTHON_EXE': '/home/csanimatronics/miniforge/bin/python', 'SHELL': '/bin/bash', 'QT_ACCESSIBILITY': '1', 'GDMSESSION': 'ubuntu', 'LESSCLOSE': '/usr/bin/lesspipe %s %s', 'ROS_AUTOMATIC_DISCOVERY_RANGE': 'SUBNET', 'QT_IM_MODULE': 'ibus', 'PWD': '/home/csanimatronics/CS_Animatronics/build/motor_commands', 'LC_ALL': 'en_US.UTF-8', 'XDG_CONFIG_DIRS': '/etc/xdg/xdg-ubuntu:/etc/xdg', 'CONDA_EXE': '/home/csanimatronics/miniforge/bin/conda', 'XDG_DATA_DIRS': '/usr/share/ubuntu:/usr/share/gnome:/usr/local/share/:/usr/share/:/var/lib/snapd/desktop', 'PYTHONPATH': '/opt/ros/jazzy/lib/python3.12/site-packages', 'COLCON': '1', 'MEMORY_PRESSURE_WRITE': 'c29tZSAyMDAwMDAgMjAwMDAwMAA=', 'VTE_VERSION': '7600', 'CMAKE_PREFIX_PATH': '/opt/ros/jazzy/opt/gz_math_vendor:/opt/ros/jazzy/opt/gz_utils_vendor:/opt/ros/jazzy/opt/gz_cmake_vendor:/opt/ros/jazzy'}), 'shell': False}
[0.062158] (dynamixel_sdk) JobProgress: {'identifier': 'dynamixel_sdk', 'progress': 'cmake'}
[0.062529] (dynamixel_sdk) Command: {'cmd': ['/usr/bin/cmake', '/home/csanimatronics/CS_Animatronics/src/dynamixel_sdk', '-DCMAKE_INSTALL_PREFIX=/home/csanimatronics/CS_Animatronics/install/dynamixel_sdk'], 'cwd': '/home/csanimatronics/CS_Animatronics/build/dynamixel_sdk', 'env': OrderedDict({'LESSOPEN': '| /usr/bin/lesspipe %s', 'USER': 'csanimatronics', 'XDG_SESSION_TYPE': 'wayland', 'SHLVL': '1', 'LD_LIBRARY_PATH': '/opt/ros/jazzy/opt/rviz_ogre_vendor/lib:/opt/ros/jazzy/lib/aarch64-linux-gnu:/opt/ros/jazzy/opt/gz_math_vendor/lib:/opt/ros/jazzy/opt/gz_utils_vendor/lib:/opt/ros/jazzy/opt/gz_cmake_vendor/lib:/opt/ros/jazzy/lib', 'HOME': '/home/csanimatronics', 'CONDA_SHLVL': '0', 'OLDPWD': '/home/csanimatronics', 'DESKTOP_SESSION': 'ubuntu', 'ROS_PYTHON_VERSION': '3', 'GNOME_SHELL_SESSION_MODE': 'ubuntu', 'GTK_MODULES': 'gail:atk-bridge', 'SYSTEMD_EXEC_PID': '1724', 'GSM_SKIP_SSH_AGENT_WORKAROUND': 'true', 'DBUS_SESSION_BUS_ADDRESS': 'unix:path=/run/user/1002/bus', 'COLORTERM': 'truecolor', '_CE_M': '', 'DEBUGINFOD_URLS': 'https://debuginfod.ubuntu.com', 'IM_CONFIG_PHASE': '1', 'WAYLAND_DISPLAY': 'wayland-0', 'ROS_DISTRO': 'jazzy', 'LOGNAME': 'csanimatronics', '_': '/usr/bin/colcon', 'ROS_VERSION': '2', 'MEMORY_PRESSURE_WATCH': '/sys/fs/cgroup/user.slice/user-1002.slice/user@1002.service/session.slice/org.gnome.Shell@wayland.service/memory.pressure', 'XDG_SESSION_CLASS': 'user', 'USERNAME': 'csanimatronics', 'TERM': 'xterm-256color', 'GNOME_DESKTOP_SESSION_ID': 'this-is-deprecated', '_CE_CONDA': '', 'PATH': '/opt/ros/jazzy/bin:/home/csanimatronics/miniforge/condabin:/usr/local/sbin:/usr/local/bin:/usr/sbin:/usr/bin:/sbin:/bin:/usr/games:/usr/local/games:/snap/bin:/snap/bin', 'SESSION_MANAGER': 'local/csanimatronics:@/tmp/.ICE-unix/1690,unix/csanimatronics:/tmp/.ICE-unix/1690', 'XDG_MENU_PREFIX': 'gnome-', 'GNOME_TERMINAL_SCREEN': '/org/gnome/Terminal/screen/9ac44ee5_15f5_4249_9203_3d5f6b53b17b', 'GNOME_SETUP_DISPLAY': ':1', 'XDG_RUNTIME_DIR': '/run/user/1002', 'DISPLAY': ':0', 'LANG': 'en_US.UTF-8', 'XDG_CURRENT_DESKTOP': 'ubuntu:GNOME', 'XMODIFIERS': '@im=ibus', 'XDG_SESSION_DESKTOP': 'ubuntu', 'XAUTHORITY': '/run/user/1002/.mutter-Xwaylandauth.CAS3B3', 'LS_COLORS': 'rs=0:di=01;34:ln=01;36:mh=00:pi=40;33:so=01;35:do=01;35:bd=40;33;01:cd=40;33;01:or=40;31;01:mi=00:su=37;41:sg=30;43:ca=00:tw=30;42:ow=34;42:st=37;44:ex=01;32:*.tar=01;31:*.tgz=01;31:*.arc=01;31:*.arj=01;31:*.taz=01;31:*.lha=01;31:*.lz4=01;31:*.lzh=01;31:*.lzma=01;31:*.tlz=01;31:*.txz=01;31:*.tzo=01;31:*.t7z=01;31:*.zip=01;31:*.z=01;31:*.dz=01;31:*.gz=01;31:*.lrz=01;31:*.lz=01;31:*.lzo=01;31:*.xz=01;31:*.zst=01;31:*.tzst=01;31:*.bz2=01;31:*.bz=01;31:*.tbz=01;31:*.tbz2=01;31:*.tz=01;31:*.deb=01;31:*.rpm=01;31:*.jar=01;31:*.war=01;31:*.ear=01;31:*.sar=01;31:*.rar=01;31:*.alz=01;31:*.ace=01;31:*.zoo=01;31:*.cpio=01;31:*.7z=01;31:*.rz=01;31:*.cab=01;31:*.wim=01;31:*.swm=01;31:*.dwm=01;31:*.esd=01;31:*.avif=01;35:*.jpg=01;35:*.jpeg=01;35:*.mjpg=01;35:*.mjpeg=01;35:*.gif=01;35:*.bmp=01;35:*.pbm=01;35:*.pgm=01;35:*.ppm=01;35:*.tga=01;35:*.xbm=01;35:*.xpm=01;35:*.tif=01;35:*.tiff=01;35:*.png=01;35:*.svg=01;35:*.svgz=01;35:*.mng=01;35:*.pcx=01;35:*.mov=01;35:*.mpg=01;35:*.mpeg=01;35:*.m2v=01;35:*.mkv=01;35:*.webm=01;35:*.webp=01;35:*.ogm=01;35:*.mp4=01;35:*.m4v=01;35:*.mp4v=01;35:*.vob=01;35:*.qt=01;35:*.nuv=01;35:*.wmv=01;35:*.asf=01;35:*.rm=01;35:*.rmvb=01;35:*.flc=01;35:*.avi=01;35:*.fli=01;35:*.flv=01;35:*.gl=01;35:*.dl=01;35:*.xcf=01;35:*.xwd=01;35:*.yuv=01;35:*.cgm=01;35:*.emf=01;35:*.ogv=01;35:*.ogx=01;35:*.aac=00;36:*.au=00;36:*.flac=00;36:*.m4a=00;36:*.mid=00;36:*.midi=00;36:*.mka=00;36:*.mp3=00;36:*.mpc=00;36:*.ogg=00;36:*.ra=00;36:*.wav=00;36:*.oga=00;36:*.opus=00;36:*.spx=00;36:*.xspf=00;36:*~=00;90:*#=00;90:*.bak=00;90:*.crdownload=00;90:*.dpkg-dist=00;90:*.dpkg-new=00;90:*.dpkg-old=00;90:*.dpkg-tmp=00;90:*.old=00;90:*.orig=00;90:*.part=00;90:*.rej=00;90:*.rpmnew=00;90:*.rpmorig=00;90:*.rpmsave=00;90:*.swp=00;90:*.tmp=00;90:*.ucf-dist=00;90:*.ucf-new=00;90:*.ucf-old=00;90:', 'GNOME_TERMINAL_SERVICE': ':1.135', 'SSH_AUTH_SOCK': '/run/user/1002/keyring/ssh', 'AMENT_PREFIX_PATH': '/opt/ros/jazzy', 'CONDA_PYTHON_EXE': '/home/csanimatronics/miniforge/bin/python', 'SHELL': '/bin/bash', 'QT_ACCESSIBILITY': '1', 'GDMSESSION': 'ubuntu', 'LESSCLOSE': '/usr/bin/lesspipe %s %s', 'ROS_AUTOMATIC_DISCOVERY_RANGE': 'SUBNET', 'QT_IM_MODULE': 'ibus', 'PWD': '/home/csanimatronics/CS_Animatronics/build/dynamixel_sdk', 'LC_ALL': 'en_US.UTF-8', 'XDG_CONFIG_DIRS': '/etc/xdg/xdg-ubuntu:/etc/xdg', 'CONDA_EXE': '/home/csanimatronics/miniforge/bin/conda', 'XDG_DATA_DIRS': '/usr/share/ubuntu:/usr/share/gnome:/usr/local/share/:/usr/share/:/var/lib/snapd/desktop', 'PYTHONPATH': '/opt/ros/jazzy/lib/python3.12/site-packages', 'COLCON': '1', 'MEMORY_PRESSURE_WRITE': 'c29tZSAyMDAwMDAgMjAwMDAwMAA=', 'VTE_VERSION': '7600', 'CMAKE_PREFIX_PATH': '/opt/ros/jazzy/opt/gz_math_vendor:/opt/ros/jazzy/opt/gz_utils_vendor:/opt/ros/jazzy/opt/gz_cmake_vendor:/opt/ros/jazzy'}), 'shell': False}
[0.066525] (dynamixel_sdk_custom_interfaces) JobProgress: {'identifier': 'dynamixel_sdk_custom_interfaces', 'progress': 'cmake'}
[0.067351] (dynamixel_sdk_custom_interfaces) Command: {'cmd': ['/usr/bin/cmake', '/home/csanimatronics/CS_Animatronics/src/dynamixel_sdk_custom_interfaces', '-DCMAKE_INSTALL_PREFIX=/home/csanimatronics/CS_Animatronics/install/dynamixel_sdk_custom_interfaces'], 'cwd': '/home/csanimatronics/CS_Animatronics/build/dynamixel_sdk_custom_interfaces', 'env': OrderedDict({'LESSOPEN': '| /usr/bin/lesspipe %s', 'USER': 'csanimatronics', 'XDG_SESSION_TYPE': 'wayland', 'SHLVL': '1', 'LD_LIBRARY_PATH': '/opt/ros/jazzy/opt/rviz_ogre_vendor/lib:/opt/ros/jazzy/lib/aarch64-linux-gnu:/opt/ros/jazzy/opt/gz_math_vendor/lib:/opt/ros/jazzy/opt/gz_utils_vendor/lib:/opt/ros/jazzy/opt/gz_cmake_vendor/lib:/opt/ros/jazzy/lib', 'HOME': '/home/csanimatronics', 'CONDA_SHLVL': '0', 'OLDPWD': '/home/csanimatronics', 'DESKTOP_SESSION': 'ubuntu', 'ROS_PYTHON_VERSION': '3', 'GNOME_SHELL_SESSION_MODE': 'ubuntu', 'GTK_MODULES': 'gail:atk-bridge', 'SYSTEMD_EXEC_PID': '1724', 'GSM_SKIP_SSH_AGENT_WORKAROUND': 'true', 'DBUS_SESSION_BUS_ADDRESS': 'unix:path=/run/user/1002/bus', 'COLORTERM': 'truecolor', '_CE_M': '', 'DEBUGINFOD_URLS': 'https://debuginfod.ubuntu.com', 'IM_CONFIG_PHASE': '1', 'WAYLAND_DISPLAY': 'wayland-0', 'ROS_DISTRO': 'jazzy', 'LOGNAME': 'csanimatronics', '_': '/usr/bin/colcon', 'ROS_VERSION': '2', 'MEMORY_PRESSURE_WATCH': '/sys/fs/cgroup/user.slice/user-1002.slice/user@1002.service/session.slice/org.gnome.Shell@wayland.service/memory.pressure', 'XDG_SESSION_CLASS': 'user', 'USERNAME': 'csanimatronics', 'TERM': 'xterm-256color', 'GNOME_DESKTOP_SESSION_ID': 'this-is-deprecated', '_CE_CONDA': '', 'PATH': '/opt/ros/jazzy/bin:/home/csanimatronics/miniforge/condabin:/usr/local/sbin:/usr/local/bin:/usr/sbin:/usr/bin:/sbin:/bin:/usr/games:/usr/local/games:/snap/bin:/snap/bin', 'SESSION_MANAGER': 'local/csanimatronics:@/tmp/.ICE-unix/1690,unix/csanimatronics:/tmp/.ICE-unix/1690', 'XDG_MENU_PREFIX': 'gnome-', 'GNOME_TERMINAL_SCREEN': '/org/gnome/Terminal/screen/9ac44ee5_15f5_4249_9203_3d5f6b53b17b', 'GNOME_SETUP_DISPLAY': ':1', 'XDG_RUNTIME_DIR': '/run/user/1002', 'DISPLAY': ':0', 'LANG': 'en_US.UTF-8', 'XDG_CURRENT_DESKTOP': 'ubuntu:GNOME', 'XMODIFIERS': '@im=ibus', 'XDG_SESSION_DESKTOP': 'ubuntu', 'XAUTHORITY': '/run/user/1002/.mutter-Xwaylandauth.CAS3B3', 'LS_COLORS': 'rs=0:di=01;34:ln=01;36:mh=00:pi=40;33:so=01;35:do=01;35:bd=40;33;01:cd=40;33;01:or=40;31;01:mi=00:su=37;41:sg=30;43:ca=00:tw=30;42:ow=34;42:st=37;44:ex=01;32:*.tar=01;31:*.tgz=01;31:*.arc=01;31:*.arj=01;31:*.taz=01;31:*.lha=01;31:*.lz4=01;31:*.lzh=01;31:*.lzma=01;31:*.tlz=01;31:*.txz=01;31:*.tzo=01;31:*.t7z=01;31:*.zip=01;31:*.z=01;31:*.dz=01;31:*.gz=01;31:*.lrz=01;31:*.lz=01;31:*.lzo=01;31:*.xz=01;31:*.zst=01;31:*.tzst=01;31:*.bz2=01;31:*.bz=01;31:*.tbz=01;31:*.tbz2=01;31:*.tz=01;31:*.deb=01;31:*.rpm=01;31:*.jar=01;31:*.war=01;31:*.ear=01;31:*.sar=01;31:*.rar=01;31:*.alz=01;31:*.ace=01;31:*.zoo=01;31:*.cpio=01;31:*.7z=01;31:*.rz=01;31:*.cab=01;31:*.wim=01;31:*.swm=01;31:*.dwm=01;31:*.esd=01;31:*.avif=01;35:*.jpg=01;35:*.jpeg=01;35:*.mjpg=01;35:*.mjpeg=01;35:*.gif=01;35:*.bmp=01;35:*.pbm=01;35:*.pgm=01;35:*.ppm=01;35:*.tga=01;35:*.xbm=01;35:*.xpm=01;35:*.tif=01;35:*.tiff=01;35:*.png=01;35:*.svg=01;35:*.svgz=01;35:*.mng=01;35:*.pcx=01;35:*.mov=01;35:*.mpg=01;35:*.mpeg=01;35:*.m2v=01;35:*.mkv=01;35:*.webm=01;35:*.webp=01;35:*.ogm=01;35:*.mp4=01;35:*.m4v=01;35:*.mp4v=01;35:*.vob=01;35:*.qt=01;35:*.nuv=01;35:*.wmv=01;35:*.asf=01;35:*.rm=01;35:*.rmvb=01;35:*.flc=01;35:*.avi=01;35:*.fli=01;35:*.flv=01;35:*.gl=01;35:*.dl=01;35:*.xcf=01;35:*.xwd=01;35:*.yuv=01;35:*.cgm=01;35:*.emf=01;35:*.ogv=01;35:*.ogx=01;35:*.aac=00;36:*.au=00;36:*.flac=00;36:*.m4a=00;36:*.mid=00;36:*.midi=00;36:*.mka=00;36:*.mp3=00;36:*.mpc=00;36:*.ogg=00;36:*.ra=00;36:*.wav=00;36:*.oga=00;36:*.opus=00;36:*.spx=00;36:*.xspf=00;36:*~=00;90:*#=00;90:*.bak=00;90:*.crdownload=00;90:*.dpkg-dist=00;90:*.dpkg-new=00;90:*.dpkg-old=00;90:*.dpkg-tmp=00;90:*.old=00;90:*.orig=00;90:*.part=00;90:*.rej=00;90:*.rpmnew=00;90:*.rpmorig=00;90:*.rpmsave=00;90:*.swp=00;90:*.tmp=00;90:*.ucf-dist=00;90:*.ucf-new=00;90:*.ucf-old=00;90:', 'GNOME_TERMINAL_SERVICE': ':1.135', 'SSH_AUTH_SOCK': '/run/user/1002/keyring/ssh', 'AMENT_PREFIX_PATH': '/opt/ros/jazzy', 'CONDA_PYTHON_EXE': '/home/csanimatronics/miniforge/bin/python', 'SHELL': '/bin/bash', 'QT_ACCESSIBILITY': '1', 'GDMSESSION': 'ubuntu', 'LESSCLOSE': '/usr/bin/lesspipe %s %s', 'ROS_AUTOMATIC_DISCOVERY_RANGE': 'SUBNET', 'QT_IM_MODULE': 'ibus', 'PWD': '/home/csanimatronics/CS_Animatronics/build/dynamixel_sdk_custom_interfaces', 'LC_ALL': 'en_US.UTF-8', 'XDG_CONFIG_DIRS': '/etc/xdg/xdg-ubuntu:/etc/xdg', 'CONDA_EXE': '/home/csanimatronics/miniforge/bin/conda', 'XDG_DATA_DIRS': '/usr/share/ubuntu:/usr/share/gnome:/usr/local/share/:/usr/share/:/var/lib/snapd/desktop', 'PYTHONPATH': '/opt/ros/jazzy/lib/python3.12/site-packages', 'COLCON': '1', 'MEMORY_PRESSURE_WRITE': 'c29tZSAyMDAwMDAgMjAwMDAwMAA=', 'VTE_VERSION': '7600', 'CMAKE_PREFIX_PATH': '/opt/ros/jazzy/opt/gz_math_vendor:/opt/ros/jazzy/opt/gz_utils_vendor:/opt/ros/jazzy/opt/gz_cmake_vendor:/opt/ros/jazzy'}), 'shell': False}
[0.101875] (-) TimerEvent: {}
[0.202414] (-) TimerEvent: {}
[0.254508] (motor_commands) StdoutLine: {'line': b'-- The C compiler identification is GNU 13.3.0\n'}
[0.261336] (dynamixel_sdk_custom_interfaces) StdoutLine: {'line': b'-- The C compiler identification is GNU 13.3.0\n'}
[0.268885] (dynamixel_sdk) StdoutLine: {'line': b'-- The C compiler identification is GNU 13.3.0\n'}
[0.304999] (-) TimerEvent: {}
[0.405739] (-) TimerEvent: {}
[0.421068] (motor_commands) StdoutLine: {'line': b'-- The CXX compiler identification is GNU 13.3.0\n'}
[0.452818] (dynamixel_sdk) StdoutLine: {'line': b'-- The CXX compiler identification is GNU 13.3.0\n'}
[0.454546] (dynamixel_sdk_custom_interfaces) StdoutLine: {'line': b'-- The CXX compiler identification is GNU 13.3.0\n'}
[0.463968] (motor_commands) StdoutLine: {'line': b'-- Detecting C compiler ABI info\n'}
[0.491862] (dynamixel_sdk) StdoutLine: {'line': b'-- Detecting C compiler ABI info\n'}
[0.492703] (dynamixel_sdk_custom_interfaces) StdoutLine: {'line': b'-- Detecting C compiler ABI info\n'}
[0.506205] (-) TimerEvent: {}
[0.606672] (-) TimerEvent: {}
[0.707248] (-) TimerEvent: {}
[0.741231] (dynamixel_sdk_custom_interfaces) StdoutLine: {'line': b'-- Detecting C compiler ABI info - done\n'}
[0.742967] (motor_commands) StdoutLine: {'line': b'-- Detecting C compiler ABI info - done\n'}
[0.749646] (dynamixel_sdk) StdoutLine: {'line': b'-- Detecting C compiler ABI info - done\n'}
[0.757668] (dynamixel_sdk_custom_interfaces) StdoutLine: {'line': b'-- Check for working C compiler: /usr/bin/cc - skipped\n'}
[0.758045] (dynamixel_sdk_custom_interfaces) StdoutLine: {'line': b'-- Detecting C compile features\n'}
[0.759522] (dynamixel_sdk_custom_interfaces) StdoutLine: {'line': b'-- Detecting C compile features - done\n'}
[0.760801] (motor_commands) StdoutLine: {'line': b'-- Check for working C compiler: /usr/bin/cc - skipped\n'}
[0.761235] (motor_commands) StdoutLine: {'line': b'-- Detecting C compile features\n'}
[0.761356] (motor_commands) StdoutLine: {'line': b'-- Detecting C compile features - done\n'}
[0.773478] (dynamixel_sdk) StdoutLine: {'line': b'-- Check for working C compiler: /usr/bin/cc - skipped\n'}
[0.775386] (dynamixel_sdk) StdoutLine: {'line': b'-- Detecting C compile features\n'}
[0.775841] (dynamixel_sdk) StdoutLine: {'line': b'-- Detecting C compile features - done\n'}
[0.781896] (dynamixel_sdk_custom_interfaces) StdoutLine: {'line': b'-- Detecting CXX compiler ABI info\n'}
[0.784406] (motor_commands) StdoutLine: {'line': b'-- Detecting CXX compiler ABI info\n'}
[0.795594] (dynamixel_sdk) StdoutLine: {'line': b'-- Detecting CXX compiler ABI info\n'}
[0.807349] (-) TimerEvent: {}
[0.908483] (-) TimerEvent: {}
[1.010144] (-) TimerEvent: {}
[1.069420] (dynamixel_sdk_custom_interfaces) StdoutLine: {'line': b'-- Detecting CXX compiler ABI info - done\n'}
[1.083643] (dynamixel_sdk) StdoutLine: {'line': b'-- Detecting CXX compiler ABI info - done\n'}
[1.086453] (motor_commands) StdoutLine: {'line': b'-- Detecting CXX compiler ABI info - done\n'}
[1.087742] (dynamixel_sdk_custom_interfaces) StdoutLine: {'line': b'-- Check for working CXX compiler: /usr/bin/c++ - skipped\n'}
[1.088997] (dynamixel_sdk_custom_interfaces) StdoutLine: {'line': b'-- Detecting CXX compile features\n'}
[1.089195] (dynamixel_sdk_custom_interfaces) StdoutLine: {'line': b'-- Detecting CXX compile features - done\n'}
[1.092624] (dynamixel_sdk_custom_interfaces) StdoutLine: {'line': b'-- Found ament_cmake: 2.5.2 (/opt/ros/jazzy/share/ament_cmake/cmake)\n'}
[1.099867] (dynamixel_sdk) StdoutLine: {'line': b'-- Check for working CXX compiler: /usr/bin/c++ - skipped\n'}
[1.102838] (dynamixel_sdk) StdoutLine: {'line': b'-- Detecting CXX compile features\n'}
[1.103083] (dynamixel_sdk) StdoutLine: {'line': b'-- Detecting CXX compile features - done\n'}
[1.104947] (motor_commands) StdoutLine: {'line': b'-- Check for working CXX compiler: /usr/bin/c++ - skipped\n'}
[1.105391] (dynamixel_sdk) StdoutLine: {'line': b'-- Found ament_cmake: 2.5.2 (/opt/ros/jazzy/share/ament_cmake/cmake)\n'}
[1.106325] (motor_commands) StdoutLine: {'line': b'-- Detecting CXX compile features\n'}
[1.108198] (motor_commands) StdoutLine: {'line': b'-- Detecting CXX compile features - done\n'}
[1.110236] (-) TimerEvent: {}
[1.114690] (motor_commands) StdoutLine: {'line': b'-- Found ament_cmake: 2.5.2 (/opt/ros/jazzy/share/ament_cmake/cmake)\n'}
[1.211894] (-) TimerEvent: {}
[1.312370] (-) TimerEvent: {}
[1.413217] (-) TimerEvent: {}
[1.445857] (dynamixel_sdk_custom_interfaces) StdoutLine: {'line': b'-- Found Python3: /usr/bin/python3 (found version "3.12.3") found components: Interpreter \n'}
[1.472009] (dynamixel_sdk) StdoutLine: {'line': b'-- Found Python3: /usr/bin/python3 (found version "3.12.3") found components: Interpreter \n'}
[1.507514] (motor_commands) StdoutLine: {'line': b'-- Found Python3: /usr/bin/python3 (found version "3.12.3") found components: Interpreter \n'}
[1.514888] (-) TimerEvent: {}
[1.615428] (-) TimerEvent: {}
[1.710653] (dynamixel_sdk_custom_interfaces) StdoutLine: {'line': b'-- Found builtin_interfaces: 2.0.2 (/opt/ros/jazzy/share/builtin_interfaces/cmake)\n'}
[1.715856] (-) TimerEvent: {}
[1.783045] (motor_commands) StdoutLine: {'line': b'-- Found builtin_interfaces: 2.0.2 (/opt/ros/jazzy/share/builtin_interfaces/cmake)\n'}
[1.789968] (dynamixel_sdk_custom_interfaces) StdoutLine: {'line': b'-- Found rosidl_generator_c: 4.6.4 (/opt/ros/jazzy/share/rosidl_generator_c/cmake)\n'}
[1.811715] (dynamixel_sdk_custom_interfaces) StdoutLine: {'line': b'-- Found rosidl_generator_cpp: 4.6.4 (/opt/ros/jazzy/share/rosidl_generator_cpp/cmake)\n'}
[1.815881] (-) TimerEvent: {}
[1.845921] (dynamixel_sdk_custom_interfaces) StdoutLine: {'line': b'-- Using all available rosidl_typesupport_c: rosidl_typesupport_fastrtps_c;rosidl_typesupport_introspection_c\n'}
[1.846485] (motor_commands) StdoutLine: {'line': b'-- Found rosidl_generator_c: 4.6.4 (/opt/ros/jazzy/share/rosidl_generator_c/cmake)\n'}
[1.867979] (motor_commands) StdoutLine: {'line': b'-- Found rosidl_generator_cpp: 4.6.4 (/opt/ros/jazzy/share/rosidl_generator_cpp/cmake)\n'}
[1.877288] (dynamixel_sdk_custom_interfaces) StdoutLine: {'line': b'-- Using all available rosidl_typesupport_cpp: rosidl_typesupport_fastrtps_cpp;rosidl_typesupport_introspection_cpp\n'}
[1.896956] (motor_commands) StdoutLine: {'line': b'-- Using all available rosidl_typesupport_c: rosidl_typesupport_fastrtps_c;rosidl_typesupport_introspection_c\n'}
[1.911354] (dynamixel_sdk_custom_interfaces) StdoutLine: {'line': b'-- Found rosidl_default_generators: 1.6.0 (/opt/ros/jazzy/share/rosidl_default_generators/cmake)\n'}
[1.916892] (-) TimerEvent: {}
[1.939791] (motor_commands) StdoutLine: {'line': b'-- Using all available rosidl_typesupport_cpp: rosidl_typesupport_fastrtps_cpp;rosidl_typesupport_introspection_cpp\n'}
[1.941740] (dynamixel_sdk_custom_interfaces) StdoutLine: {'line': b'-- Found rosidl_adapter: 4.6.4 (/opt/ros/jazzy/share/rosidl_adapter/cmake)\n'}
[1.946884] (dynamixel_sdk) StdoutLine: {'line': b'-- Configuring done (1.9s)\n'}
[1.955820] (dynamixel_sdk) StdoutLine: {'line': b'-- Generating done (0.0s)\n'}
[1.962096] (dynamixel_sdk) StdoutLine: {'line': b'-- Build files have been written to: /home/csanimatronics/CS_Animatronics/build/dynamixel_sdk\n'}
[1.969416] (motor_commands) StdoutLine: {'line': b'-- Found rosidl_default_generators: 1.6.0 (/opt/ros/jazzy/share/rosidl_default_generators/cmake)\n'}
[1.976131] (dynamixel_sdk) CommandEnded: {'returncode': 0}
[1.976722] (dynamixel_sdk) JobProgress: {'identifier': 'dynamixel_sdk', 'progress': 'build'}
[1.976759] (dynamixel_sdk) Command: {'cmd': ['/usr/bin/cmake', '--build', '/home/csanimatronics/CS_Animatronics/build/dynamixel_sdk', '--', '-j4', '-l4'], 'cwd': '/home/csanimatronics/CS_Animatronics/build/dynamixel_sdk', 'env': OrderedDict({'LESSOPEN': '| /usr/bin/lesspipe %s', 'USER': 'csanimatronics', 'XDG_SESSION_TYPE': 'wayland', 'SHLVL': '1', 'LD_LIBRARY_PATH': '/opt/ros/jazzy/opt/rviz_ogre_vendor/lib:/opt/ros/jazzy/lib/aarch64-linux-gnu:/opt/ros/jazzy/opt/gz_math_vendor/lib:/opt/ros/jazzy/opt/gz_utils_vendor/lib:/opt/ros/jazzy/opt/gz_cmake_vendor/lib:/opt/ros/jazzy/lib', 'HOME': '/home/csanimatronics', 'CONDA_SHLVL': '0', 'OLDPWD': '/home/csanimatronics', 'DESKTOP_SESSION': 'ubuntu', 'ROS_PYTHON_VERSION': '3', 'GNOME_SHELL_SESSION_MODE': 'ubuntu', 'GTK_MODULES': 'gail:atk-bridge', 'SYSTEMD_EXEC_PID': '1724', 'GSM_SKIP_SSH_AGENT_WORKAROUND': 'true', 'DBUS_SESSION_BUS_ADDRESS': 'unix:path=/run/user/1002/bus', 'COLORTERM': 'truecolor', '_CE_M': '', 'DEBUGINFOD_URLS': 'https://debuginfod.ubuntu.com', 'IM_CONFIG_PHASE': '1', 'WAYLAND_DISPLAY': 'wayland-0', 'ROS_DISTRO': 'jazzy', 'LOGNAME': 'csanimatronics', '_': '/usr/bin/colcon', 'ROS_VERSION': '2', 'MEMORY_PRESSURE_WATCH': '/sys/fs/cgroup/user.slice/user-1002.slice/user@1002.service/session.slice/org.gnome.Shell@wayland.service/memory.pressure', 'XDG_SESSION_CLASS': 'user', 'USERNAME': 'csanimatronics', 'TERM': 'xterm-256color', 'GNOME_DESKTOP_SESSION_ID': 'this-is-deprecated', '_CE_CONDA': '', 'PATH': '/opt/ros/jazzy/bin:/home/csanimatronics/miniforge/condabin:/usr/local/sbin:/usr/local/bin:/usr/sbin:/usr/bin:/sbin:/bin:/usr/games:/usr/local/games:/snap/bin:/snap/bin', 'SESSION_MANAGER': 'local/csanimatronics:@/tmp/.ICE-unix/1690,unix/csanimatronics:/tmp/.ICE-unix/1690', 'XDG_MENU_PREFIX': 'gnome-', 'GNOME_TERMINAL_SCREEN': '/org/gnome/Terminal/screen/9ac44ee5_15f5_4249_9203_3d5f6b53b17b', 'GNOME_SETUP_DISPLAY': ':1', 'XDG_RUNTIME_DIR': '/run/user/1002', 'DISPLAY': ':0', 'LANG': 'en_US.UTF-8', 'XDG_CURRENT_DESKTOP': 'ubuntu:GNOME', 'XMODIFIERS': '@im=ibus', 'XDG_SESSION_DESKTOP': 'ubuntu', 'XAUTHORITY': '/run/user/1002/.mutter-Xwaylandauth.CAS3B3', 'LS_COLORS': 'rs=0:di=01;34:ln=01;36:mh=00:pi=40;33:so=01;35:do=01;35:bd=40;33;01:cd=40;33;01:or=40;31;01:mi=00:su=37;41:sg=30;43:ca=00:tw=30;42:ow=34;42:st=37;44:ex=01;32:*.tar=01;31:*.tgz=01;31:*.arc=01;31:*.arj=01;31:*.taz=01;31:*.lha=01;31:*.lz4=01;31:*.lzh=01;31:*.lzma=01;31:*.tlz=01;31:*.txz=01;31:*.tzo=01;31:*.t7z=01;31:*.zip=01;31:*.z=01;31:*.dz=01;31:*.gz=01;31:*.lrz=01;31:*.lz=01;31:*.lzo=01;31:*.xz=01;31:*.zst=01;31:*.tzst=01;31:*.bz2=01;31:*.bz=01;31:*.tbz=01;31:*.tbz2=01;31:*.tz=01;31:*.deb=01;31:*.rpm=01;31:*.jar=01;31:*.war=01;31:*.ear=01;31:*.sar=01;31:*.rar=01;31:*.alz=01;31:*.ace=01;31:*.zoo=01;31:*.cpio=01;31:*.7z=01;31:*.rz=01;31:*.cab=01;31:*.wim=01;31:*.swm=01;31:*.dwm=01;31:*.esd=01;31:*.avif=01;35:*.jpg=01;35:*.jpeg=01;35:*.mjpg=01;35:*.mjpeg=01;35:*.gif=01;35:*.bmp=01;35:*.pbm=01;35:*.pgm=01;35:*.ppm=01;35:*.tga=01;35:*.xbm=01;35:*.xpm=01;35:*.tif=01;35:*.tiff=01;35:*.png=01;35:*.svg=01;35:*.svgz=01;35:*.mng=01;35:*.pcx=01;35:*.mov=01;35:*.mpg=01;35:*.mpeg=01;35:*.m2v=01;35:*.mkv=01;35:*.webm=01;35:*.webp=01;35:*.ogm=01;35:*.mp4=01;35:*.m4v=01;35:*.mp4v=01;35:*.vob=01;35:*.qt=01;35:*.nuv=01;35:*.wmv=01;35:*.asf=01;35:*.rm=01;35:*.rmvb=01;35:*.flc=01;35:*.avi=01;35:*.fli=01;35:*.flv=01;35:*.gl=01;35:*.dl=01;35:*.xcf=01;35:*.xwd=01;35:*.yuv=01;35:*.cgm=01;35:*.emf=01;35:*.ogv=01;35:*.ogx=01;35:*.aac=00;36:*.au=00;36:*.flac=00;36:*.m4a=00;36:*.mid=00;36:*.midi=00;36:*.mka=00;36:*.mp3=00;36:*.mpc=00;36:*.ogg=00;36:*.ra=00;36:*.wav=00;36:*.oga=00;36:*.opus=00;36:*.spx=00;36:*.xspf=00;36:*~=00;90:*#=00;90:*.bak=00;90:*.crdownload=00;90:*.dpkg-dist=00;90:*.dpkg-new=00;90:*.dpkg-old=00;90:*.dpkg-tmp=00;90:*.old=00;90:*.orig=00;90:*.part=00;90:*.rej=00;90:*.rpmnew=00;90:*.rpmorig=00;90:*.rpmsave=00;90:*.swp=00;90:*.tmp=00;90:*.ucf-dist=00;90:*.ucf-new=00;90:*.ucf-old=00;90:', 'GNOME_TERMINAL_SERVICE': ':1.135', 'SSH_AUTH_SOCK': '/run/user/1002/keyring/ssh', 'AMENT_PREFIX_PATH': '/opt/ros/jazzy', 'CONDA_PYTHON_EXE': '/home/csanimatronics/miniforge/bin/python', 'SHELL': '/bin/bash', 'QT_ACCESSIBILITY': '1', 'GDMSESSION': 'ubuntu', 'LESSCLOSE': '/usr/bin/lesspipe %s %s', 'ROS_AUTOMATIC_DISCOVERY_RANGE': 'SUBNET', 'QT_IM_MODULE': 'ibus', 'PWD': '/home/csanimatronics/CS_Animatronics/build/dynamixel_sdk', 'LC_ALL': 'en_US.UTF-8', 'XDG_CONFIG_DIRS': '/etc/xdg/xdg-ubuntu:/etc/xdg', 'CONDA_EXE': '/home/csanimatronics/miniforge/bin/conda', 'XDG_DATA_DIRS': '/usr/share/ubuntu:/usr/share/gnome:/usr/local/share/:/usr/share/:/var/lib/snapd/desktop', 'PYTHONPATH': '/opt/ros/jazzy/lib/python3.12/site-packages', 'COLCON': '1', 'MEMORY_PRESSURE_WRITE': 'c29tZSAyMDAwMDAgMjAwMDAwMAA=', 'VTE_VERSION': '7600', 'CMAKE_PREFIX_PATH': '/opt/ros/jazzy/opt/gz_math_vendor:/opt/ros/jazzy/opt/gz_utils_vendor:/opt/ros/jazzy/opt/gz_cmake_vendor:/opt/ros/jazzy'}), 'shell': False}
[1.996954] (motor_commands) StdoutLine: {'line': b'-- Found rosidl_adapter: 4.6.4 (/opt/ros/jazzy/share/rosidl_adapter/cmake)\n'}
[2.017041] (-) TimerEvent: {}
[2.110162] (dynamixel_sdk) StdoutLine: {'line': b'[ 10%] \x1b[32mBuilding CXX object CMakeFiles/dynamixel_sdk.dir/src/dynamixel_sdk/packet_handler.cpp.o\x1b[0m\n'}
[2.117997] (-) TimerEvent: {}
[2.218532] (-) TimerEvent: {}
[2.320386] (-) TimerEvent: {}
[2.434903] (-) TimerEvent: {}
[2.506278] (audio_player) Command: {'cmd': ['/usr/bin/python3', '-W', 'ignore:setup.py install is deprecated', '-W', 'ignore:easy_install command is deprecated', 'setup.py', 'egg_info', '--egg-base', '../../build/audio_player', 'build', '--build-base', '/home/csanimatronics/CS_Animatronics/build/audio_player/build', 'install', '--record', '/home/csanimatronics/CS_Animatronics/build/audio_player/install.log', '--single-version-externally-managed', 'install_data'], 'cwd': '/home/csanimatronics/CS_Animatronics/src/audio_player', 'env': {'LESSOPEN': '| /usr/bin/lesspipe %s', 'USER': 'csanimatronics', 'XDG_SESSION_TYPE': 'wayland', 'SHLVL': '1', 'LD_LIBRARY_PATH': '/opt/ros/jazzy/opt/rviz_ogre_vendor/lib:/opt/ros/jazzy/lib/aarch64-linux-gnu:/opt/ros/jazzy/opt/gz_math_vendor/lib:/opt/ros/jazzy/opt/gz_utils_vendor/lib:/opt/ros/jazzy/opt/gz_cmake_vendor/lib:/opt/ros/jazzy/lib', 'HOME': '/home/csanimatronics', 'CONDA_SHLVL': '0', 'OLDPWD': '/home/csanimatronics', 'DESKTOP_SESSION': 'ubuntu', 'ROS_PYTHON_VERSION': '3', 'GNOME_SHELL_SESSION_MODE': 'ubuntu', 'GTK_MODULES': 'gail:atk-bridge', 'SYSTEMD_EXEC_PID': '1724', 'GSM_SKIP_SSH_AGENT_WORKAROUND': 'true', 'DBUS_SESSION_BUS_ADDRESS': 'unix:path=/run/user/1002/bus', 'COLORTERM': 'truecolor', '_CE_M': '', 'DEBUGINFOD_URLS': 'https://debuginfod.ubuntu.com', 'IM_CONFIG_PHASE': '1', 'WAYLAND_DISPLAY': 'wayland-0', 'ROS_DISTRO': 'jazzy', 'LOGNAME': 'csanimatronics', '_': '/usr/bin/colcon', 'ROS_VERSION': '2', 'MEMORY_PRESSURE_WATCH': '/sys/fs/cgroup/user.slice/user-1002.slice/user@1002.service/session.slice/org.gnome.Shell@wayland.service/memory.pressure', 'XDG_SESSION_CLASS': 'user', 'USERNAME': 'csanimatronics', 'TERM': 'xterm-256color', 'GNOME_DESKTOP_SESSION_ID': 'this-is-deprecated', '_CE_CONDA': '', 'PATH': '/opt/ros/jazzy/bin:/home/csanimatronics/miniforge/condabin:/usr/local/sbin:/usr/local/bin:/usr/sbin:/usr/bin:/sbin:/bin:/usr/games:/usr/local/games:/snap/bin:/snap/bin', 'SESSION_MANAGER': 'local/csanimatronics:@/tmp/.ICE-unix/1690,unix/csanimatronics:/tmp/.ICE-unix/1690', 'XDG_MENU_PREFIX': 'gnome-', 'GNOME_TERMINAL_SCREEN': '/org/gnome/Terminal/screen/9ac44ee5_15f5_4249_9203_3d5f6b53b17b', 'GNOME_SETUP_DISPLAY': ':1', 'XDG_RUNTIME_DIR': '/run/user/1002', 'DISPLAY': ':0', 'LANG': 'en_US.UTF-8', 'XDG_CURRENT_DESKTOP': 'ubuntu:GNOME', 'XMODIFIERS': '@im=ibus', 'XDG_SESSION_DESKTOP': 'ubuntu', 'XAUTHORITY': '/run/user/1002/.mutter-Xwaylandauth.CAS3B3', 'LS_COLORS': 'rs=0:di=01;34:ln=01;36:mh=00:pi=40;33:so=01;35:do=01;35:bd=40;33;01:cd=40;33;01:or=40;31;01:mi=00:su=37;41:sg=30;43:ca=00:tw=30;42:ow=34;42:st=37;44:ex=01;32:*.tar=01;31:*.tgz=01;31:*.arc=01;31:*.arj=01;31:*.taz=01;31:*.lha=01;31:*.lz4=01;31:*.lzh=01;31:*.lzma=01;31:*.tlz=01;31:*.txz=01;31:*.tzo=01;31:*.t7z=01;31:*.zip=01;31:*.z=01;31:*.dz=01;31:*.gz=01;31:*.lrz=01;31:*.lz=01;31:*.lzo=01;31:*.xz=01;31:*.zst=01;31:*.tzst=01;31:*.bz2=01;31:*.bz=01;31:*.tbz=01;31:*.tbz2=01;31:*.tz=01;31:*.deb=01;31:*.rpm=01;31:*.jar=01;31:*.war=01;31:*.ear=01;31:*.sar=01;31:*.rar=01;31:*.alz=01;31:*.ace=01;31:*.zoo=01;31:*.cpio=01;31:*.7z=01;31:*.rz=01;31:*.cab=01;31:*.wim=01;31:*.swm=01;31:*.dwm=01;31:*.esd=01;31:*.avif=01;35:*.jpg=01;35:*.jpeg=01;35:*.mjpg=01;35:*.mjpeg=01;35:*.gif=01;35:*.bmp=01;35:*.pbm=01;35:*.pgm=01;35:*.ppm=01;35:*.tga=01;35:*.xbm=01;35:*.xpm=01;35:*.tif=01;35:*.tiff=01;35:*.png=01;35:*.svg=01;35:*.svgz=01;35:*.mng=01;35:*.pcx=01;35:*.mov=01;35:*.mpg=01;35:*.mpeg=01;35:*.m2v=01;35:*.mkv=01;35:*.webm=01;35:*.webp=01;35:*.ogm=01;35:*.mp4=01;35:*.m4v=01;35:*.mp4v=01;35:*.vob=01;35:*.qt=01;35:*.nuv=01;35:*.wmv=01;35:*.asf=01;35:*.rm=01;35:*.rmvb=01;35:*.flc=01;35:*.avi=01;35:*.fli=01;35:*.flv=01;35:*.gl=01;35:*.dl=01;35:*.xcf=01;35:*.xwd=01;35:*.yuv=01;35:*.cgm=01;35:*.emf=01;35:*.ogv=01;35:*.ogx=01;35:*.aac=00;36:*.au=00;36:*.flac=00;36:*.m4a=00;36:*.mid=00;36:*.midi=00;36:*.mka=00;36:*.mp3=00;36:*.mpc=00;36:*.ogg=00;36:*.ra=00;36:*.wav=00;36:*.oga=00;36:*.opus=00;36:*.spx=00;36:*.xspf=00;36:*~=00;90:*#=00;90:*.bak=00;90:*.crdownload=00;90:*.dpkg-dist=00;90:*.dpkg-new=00;90:*.dpkg-old=00;90:*.dpkg-tmp=00;90:*.old=00;90:*.orig=00;90:*.part=00;90:*.rej=00;90:*.rpmnew=00;90:*.rpmorig=00;90:*.rpmsave=00;90:*.swp=00;90:*.tmp=00;90:*.ucf-dist=00;90:*.ucf-new=00;90:*.ucf-old=00;90:', 'GNOME_TERMINAL_SERVICE': ':1.135', 'SSH_AUTH_SOCK': '/run/user/1002/keyring/ssh', 'AMENT_PREFIX_PATH': '/opt/ros/jazzy', 'CONDA_PYTHON_EXE': '/home/csanimatronics/miniforge/bin/python', 'SHELL': '/bin/bash', 'QT_ACCESSIBILITY': '1', 'GDMSESSION': 'ubuntu', 'LESSCLOSE': '/usr/bin/lesspipe %s %s', 'ROS_AUTOMATIC_DISCOVERY_RANGE': 'SUBNET', 'QT_IM_MODULE': 'ibus', 'PWD': '/home/csanimatronics/CS_Animatronics/build/audio_player', 'LC_ALL': 'en_US.UTF-8', 'XDG_CONFIG_DIRS': '/etc/xdg/xdg-ubuntu:/etc/xdg', 'CONDA_EXE': '/home/csanimatronics/miniforge/bin/conda', 'XDG_DATA_DIRS': '/usr/share/ubuntu:/usr/share/gnome:/usr/local/share/:/usr/share/:/var/lib/snapd/desktop', 'PYTHONPATH': '/home/csanimatronics/CS_Animatronics/build/audio_player/prefix_override:/usr/lib/python3/dist-packages/colcon_core/task/python/colcon_distutils_commands:/home/csanimatronics/CS_Animatronics/install/audio_player/lib/python3.12/site-packages:/opt/ros/jazzy/lib/python3.12/site-packages', 'COLCON': '1', 'MEMORY_PRESSURE_WRITE': 'c29tZSAyMDAwMDAgMjAwMDAwMAA=', 'VTE_VERSION': '7600', 'CMAKE_PREFIX_PATH': '/opt/ros/jazzy/opt/gz_math_vendor:/opt/ros/jazzy/opt/gz_utils_vendor:/opt/ros/jazzy/opt/gz_cmake_vendor'}, 'shell': False}
[2.536934] (-) TimerEvent: {}
[2.561933] (dynamixel_sdk) StdoutLine: {'line': b'[ 20%] \x1b[32mBuilding CXX object CMakeFiles/dynamixel_sdk.dir/src/dynamixel_sdk/group_sync_read.cpp.o\x1b[0m\n'}
[2.639969] (-) TimerEvent: {}
[2.740406] (-) TimerEvent: {}
[2.840913] (-) TimerEvent: {}
[2.941348] (-) TimerEvent: {}
[3.041886] (-) TimerEvent: {}
[3.142536] (-) TimerEvent: {}
[3.209547] (audio_player) StdoutLine: {'line': b'running egg_info\n'}
[3.210927] (audio_player) StdoutLine: {'line': b'creating ../../build/audio_player/audio_player.egg-info\n'}
[3.242677] (-) TimerEvent: {}
[3.259739] (audio_player) StdoutLine: {'line': b'writing ../../build/audio_player/audio_player.egg-info/PKG-INFO\n'}
[3.260138] (audio_player) StdoutLine: {'line': b'writing dependency_links to ../../build/audio_player/audio_player.egg-info/dependency_links.txt\n'}
[3.260307] (audio_player) StdoutLine: {'line': b'writing entry points to ../../build/audio_player/audio_player.egg-info/entry_points.txt\n'}
[3.260678] (audio_player) StdoutLine: {'line': b'writing requirements to ../../build/audio_player/audio_player.egg-info/requires.txt\n'}
[3.260896] (audio_player) StdoutLine: {'line': b'writing top-level names to ../../build/audio_player/audio_player.egg-info/top_level.txt\n'}
[3.261889] (audio_player) StdoutLine: {'line': b"writing manifest file '../../build/audio_player/audio_player.egg-info/SOURCES.txt'\n"}
[3.342851] (-) TimerEvent: {}
[3.373867] (audio_player) StdoutLine: {'line': b"reading manifest file '../../build/audio_player/audio_player.egg-info/SOURCES.txt'\n"}
[3.375980] (audio_player) StdoutLine: {'line': b"writing manifest file '../../build/audio_player/audio_player.egg-info/SOURCES.txt'\n"}
[3.376291] (audio_player) StdoutLine: {'line': b'running build\n'}
[3.376411] (audio_player) StdoutLine: {'line': b'running build_py\n'}
[3.376544] (audio_player) StdoutLine: {'line': b'creating /home/csanimatronics/CS_Animatronics/build/audio_player/build\n'}
[3.376659] (audio_player) StdoutLine: {'line': b'creating /home/csanimatronics/CS_Animatronics/build/audio_player/build/lib\n'}
[3.376750] (audio_player) StdoutLine: {'line': b'creating /home/csanimatronics/CS_Animatronics/build/audio_player/build/lib/audio_player\n'}
[3.376907] (audio_player) StdoutLine: {'line': b'copying audio_player/__init__.py -> /home/csanimatronics/CS_Animatronics/build/audio_player/build/lib/audio_player\n'}
[3.377853] (audio_player) StdoutLine: {'line': b'copying audio_player/audio_player.py -> /home/csanimatronics/CS_Animatronics/build/audio_player/build/lib/audio_player\n'}
[3.378168] (audio_player) StdoutLine: {'line': b'running install\n'}
[3.390165] (audio_player) StdoutLine: {'line': b'running install_lib\n'}
[3.442716] (audio_player) StdoutLine: {'line': b'creating /home/csanimatronics/CS_Animatronics/install/audio_player/lib/python3.12/site-packages/audio_player\n'}
[3.443081] (-) TimerEvent: {}
[3.447051] (audio_player) StdoutLine: {'line': b'copying /home/csanimatronics/CS_Animatronics/build/audio_player/build/lib/audio_player/__init__.py -> /home/csanimatronics/CS_Animatronics/install/audio_player/lib/python3.12/site-packages/audio_player\n'}
[3.447354] (audio_player) StdoutLine: {'line': b'copying /home/csanimatronics/CS_Animatronics/build/audio_player/build/lib/audio_player/audio_player.py -> /home/csanimatronics/CS_Animatronics/install/audio_player/lib/python3.12/site-packages/audio_player\n'}
[3.447483] (audio_player) StdoutLine: {'line': b'byte-compiling /home/csanimatronics/CS_Animatronics/install/audio_player/lib/python3.12/site-packages/audio_player/__init__.py to __init__.cpython-312.pyc\n'}
[3.447599] (audio_player) StdoutLine: {'line': b'byte-compiling /home/csanimatronics/CS_Animatronics/install/audio_player/lib/python3.12/site-packages/audio_player/audio_player.py to audio_player.cpython-312.pyc\n'}
[3.454354] (audio_player) StdoutLine: {'line': b'running install_data\n'}
[3.454653] (audio_player) StdoutLine: {'line': b'creating /home/csanimatronics/CS_Animatronics/install/audio_player/share/ament_index\n'}
[3.454868] (audio_player) StdoutLine: {'line': b'creating /home/csanimatronics/CS_Animatronics/install/audio_player/share/ament_index/resource_index\n'}
[3.455066] (audio_player) StdoutLine: {'line': b'creating /home/csanimatronics/CS_Animatronics/install/audio_player/share/ament_index/resource_index/packages\n'}
[3.455231] (audio_player) StdoutLine: {'line': b'copying resource/audio_player -> /home/csanimatronics/CS_Animatronics/install/audio_player/share/ament_index/resource_index/packages\n'}
[3.455465] (audio_player) StdoutLine: {'line': b'copying package.xml -> /home/csanimatronics/CS_Animatronics/install/audio_player/share/audio_player\n'}
[3.455597] (audio_player) StdoutLine: {'line': b'running install_egg_info\n'}
[3.512856] (audio_player) StdoutLine: {'line': b'Copying ../../build/audio_player/audio_player.egg-info to /home/csanimatronics/CS_Animatronics/install/audio_player/lib/python3.12/site-packages/audio_player-0.0.0-py3.12.egg-info\n'}
[3.514585] (audio_player) StdoutLine: {'line': b'running install_scripts\n'}
[3.543262] (-) TimerEvent: {}
[3.571165] (dynamixel_sdk) StdoutLine: {'line': b'[ 30%] \x1b[32mBuilding CXX object CMakeFiles/dynamixel_sdk.dir/src/dynamixel_sdk/group_sync_write.cpp.o\x1b[0m\n'}
[3.643368] (-) TimerEvent: {}
[3.676906] (dynamixel_sdk_custom_interfaces) StdoutLine: {'line': b'-- Found ament_cmake_ros: 0.12.0 (/opt/ros/jazzy/share/ament_cmake_ros/cmake)\n'}
[3.741794] (motor_commands) StdoutLine: {'line': b'-- Found ament_cmake_ros: 0.12.0 (/opt/ros/jazzy/share/ament_cmake_ros/cmake)\n'}
[3.743488] (-) TimerEvent: {}
[3.846085] (-) TimerEvent: {}
[3.859377] (audio_player) StdoutLine: {'line': b'Installing audio_player script to /home/csanimatronics/CS_Animatronics/install/audio_player/lib/audio_player\n'}
[3.860416] (audio_player) StdoutLine: {'line': b"writing list of installed files to '/home/csanimatronics/CS_Animatronics/build/audio_player/install.log'\n"}
[3.946237] (-) TimerEvent: {}
[4.010473] (audio_player) CommandEnded: {'returncode': 0}
[4.033026] (audio_player) JobEnded: {'identifier': 'audio_player', 'rc': 0}
[4.041561] (controller_publisher) JobStarted: {'identifier': 'controller_publisher'}
[4.046423] (-) TimerEvent: {}
[4.146898] (-) TimerEvent: {}
[4.248883] (-) TimerEvent: {}
[4.349384] (-) TimerEvent: {}
[4.449914] (-) TimerEvent: {}
[4.552892] (-) TimerEvent: {}
[4.646470] (dynamixel_sdk) StdoutLine: {'line': b'[ 40%] \x1b[32mBuilding CXX object CMakeFiles/dynamixel_sdk.dir/src/dynamixel_sdk/group_bulk_read.cpp.o\x1b[0m\n'}
[4.653139] (-) TimerEvent: {}
[4.754105] (-) TimerEvent: {}
[4.860096] (-) TimerEvent: {}
[4.960586] (-) TimerEvent: {}
[5.061178] (-) TimerEvent: {}
[5.163593] (-) TimerEvent: {}
[5.264116] (-) TimerEvent: {}
[5.364668] (-) TimerEvent: {}
[5.465273] (-) TimerEvent: {}
[5.566888] (-) TimerEvent: {}
[5.668127] (-) TimerEvent: {}
[5.735960] (dynamixel_sdk_custom_interfaces) StdoutLine: {'line': b'-- Using all available rosidl_typesupport_c: rosidl_typesupport_fastrtps_c;rosidl_typesupport_introspection_c\n'}
[5.770898] (-) TimerEvent: {}
[5.871374] (-) TimerEvent: {}
[5.891016] (dynamixel_sdk) StdoutLine: {'line': b'[ 50%] \x1b[32mBuilding CXX object CMakeFiles/dynamixel_sdk.dir/src/dynamixel_sdk/group_bulk_write.cpp.o\x1b[0m\n'}
[5.945559] (motor_commands) StdoutLine: {'line': b'-- Using all available rosidl_typesupport_c: rosidl_typesupport_fastrtps_c;rosidl_typesupport_introspection_c\n'}
[5.971533] (-) TimerEvent: {}
[6.073909] (-) TimerEvent: {}
[6.174466] (-) TimerEvent: {}
[6.275163] (-) TimerEvent: {}
[6.373907] (controller_publisher) Command: {'cmd': ['/usr/bin/python3', '-W', 'ignore:setup.py install is deprecated', '-W', 'ignore:easy_install command is deprecated', 'setup.py', 'egg_info', '--egg-base', '../../build/controller_publisher', 'build', '--build-base', '/home/csanimatronics/CS_Animatronics/build/controller_publisher/build', 'install', '--record', '/home/csanimatronics/CS_Animatronics/build/controller_publisher/install.log', '--single-version-externally-managed', 'install_data'], 'cwd': '/home/csanimatronics/CS_Animatronics/src/controller_publisher', 'env': {'LESSOPEN': '| /usr/bin/lesspipe %s', 'USER': 'csanimatronics', 'XDG_SESSION_TYPE': 'wayland', 'SHLVL': '1', 'LD_LIBRARY_PATH': '/opt/ros/jazzy/opt/rviz_ogre_vendor/lib:/opt/ros/jazzy/lib/aarch64-linux-gnu:/opt/ros/jazzy/opt/gz_math_vendor/lib:/opt/ros/jazzy/opt/gz_utils_vendor/lib:/opt/ros/jazzy/opt/gz_cmake_vendor/lib:/opt/ros/jazzy/lib', 'HOME': '/home/csanimatronics', 'CONDA_SHLVL': '0', 'OLDPWD': '/home/csanimatronics', 'DESKTOP_SESSION': 'ubuntu', 'ROS_PYTHON_VERSION': '3', 'GNOME_SHELL_SESSION_MODE': 'ubuntu', 'GTK_MODULES': 'gail:atk-bridge', 'SYSTEMD_EXEC_PID': '1724', 'GSM_SKIP_SSH_AGENT_WORKAROUND': 'true', 'DBUS_SESSION_BUS_ADDRESS': 'unix:path=/run/user/1002/bus', 'COLORTERM': 'truecolor', '_CE_M': '', 'DEBUGINFOD_URLS': 'https://debuginfod.ubuntu.com', 'IM_CONFIG_PHASE': '1', 'WAYLAND_DISPLAY': 'wayland-0', 'ROS_DISTRO': 'jazzy', 'LOGNAME': 'csanimatronics', '_': '/usr/bin/colcon', 'ROS_VERSION': '2', 'MEMORY_PRESSURE_WATCH': '/sys/fs/cgroup/user.slice/user-1002.slice/user@1002.service/session.slice/org.gnome.Shell@wayland.service/memory.pressure', 'XDG_SESSION_CLASS': 'user', 'USERNAME': 'csanimatronics', 'TERM': 'xterm-256color', 'GNOME_DESKTOP_SESSION_ID': 'this-is-deprecated', '_CE_CONDA': '', 'PATH': '/opt/ros/jazzy/bin:/home/csanimatronics/miniforge/condabin:/usr/local/sbin:/usr/local/bin:/usr/sbin:/usr/bin:/sbin:/bin:/usr/games:/usr/local/games:/snap/bin:/snap/bin', 'SESSION_MANAGER': 'local/csanimatronics:@/tmp/.ICE-unix/1690,unix/csanimatronics:/tmp/.ICE-unix/1690', 'XDG_MENU_PREFIX': 'gnome-', 'GNOME_TERMINAL_SCREEN': '/org/gnome/Terminal/screen/9ac44ee5_15f5_4249_9203_3d5f6b53b17b', 'GNOME_SETUP_DISPLAY': ':1', 'XDG_RUNTIME_DIR': '/run/user/1002', 'DISPLAY': ':0', 'LANG': 'en_US.UTF-8', 'XDG_CURRENT_DESKTOP': 'ubuntu:GNOME', 'XMODIFIERS': '@im=ibus', 'XDG_SESSION_DESKTOP': 'ubuntu', 'XAUTHORITY': '/run/user/1002/.mutter-Xwaylandauth.CAS3B3', 'LS_COLORS': 'rs=0:di=01;34:ln=01;36:mh=00:pi=40;33:so=01;35:do=01;35:bd=40;33;01:cd=40;33;01:or=40;31;01:mi=00:su=37;41:sg=30;43:ca=00:tw=30;42:ow=34;42:st=37;44:ex=01;32:*.tar=01;31:*.tgz=01;31:*.arc=01;31:*.arj=01;31:*.taz=01;31:*.lha=01;31:*.lz4=01;31:*.lzh=01;31:*.lzma=01;31:*.tlz=01;31:*.txz=01;31:*.tzo=01;31:*.t7z=01;31:*.zip=01;31:*.z=01;31:*.dz=01;31:*.gz=01;31:*.lrz=01;31:*.lz=01;31:*.lzo=01;31:*.xz=01;31:*.zst=01;31:*.tzst=01;31:*.bz2=01;31:*.bz=01;31:*.tbz=01;31:*.tbz2=01;31:*.tz=01;31:*.deb=01;31:*.rpm=01;31:*.jar=01;31:*.war=01;31:*.ear=01;31:*.sar=01;31:*.rar=01;31:*.alz=01;31:*.ace=01;31:*.zoo=01;31:*.cpio=01;31:*.7z=01;31:*.rz=01;31:*.cab=01;31:*.wim=01;31:*.swm=01;31:*.dwm=01;31:*.esd=01;31:*.avif=01;35:*.jpg=01;35:*.jpeg=01;35:*.mjpg=01;35:*.mjpeg=01;35:*.gif=01;35:*.bmp=01;35:*.pbm=01;35:*.pgm=01;35:*.ppm=01;35:*.tga=01;35:*.xbm=01;35:*.xpm=01;35:*.tif=01;35:*.tiff=01;35:*.png=01;35:*.svg=01;35:*.svgz=01;35:*.mng=01;35:*.pcx=01;35:*.mov=01;35:*.mpg=01;35:*.mpeg=01;35:*.m2v=01;35:*.mkv=01;35:*.webm=01;35:*.webp=01;35:*.ogm=01;35:*.mp4=01;35:*.m4v=01;35:*.mp4v=01;35:*.vob=01;35:*.qt=01;35:*.nuv=01;35:*.wmv=01;35:*.asf=01;35:*.rm=01;35:*.rmvb=01;35:*.flc=01;35:*.avi=01;35:*.fli=01;35:*.flv=01;35:*.gl=01;35:*.dl=01;35:*.xcf=01;35:*.xwd=01;35:*.yuv=01;35:*.cgm=01;35:*.emf=01;35:*.ogv=01;35:*.ogx=01;35:*.aac=00;36:*.au=00;36:*.flac=00;36:*.m4a=00;36:*.mid=00;36:*.midi=00;36:*.mka=00;36:*.mp3=00;36:*.mpc=00;36:*.ogg=00;36:*.ra=00;36:*.wav=00;36:*.oga=00;36:*.opus=00;36:*.spx=00;36:*.xspf=00;36:*~=00;90:*#=00;90:*.bak=00;90:*.crdownload=00;90:*.dpkg-dist=00;90:*.dpkg-new=00;90:*.dpkg-old=00;90:*.dpkg-tmp=00;90:*.old=00;90:*.orig=00;90:*.part=00;90:*.rej=00;90:*.rpmnew=00;90:*.rpmorig=00;90:*.rpmsave=00;90:*.swp=00;90:*.tmp=00;90:*.ucf-dist=00;90:*.ucf-new=00;90:*.ucf-old=00;90:', 'GNOME_TERMINAL_SERVICE': ':1.135', 'SSH_AUTH_SOCK': '/run/user/1002/keyring/ssh', 'AMENT_PREFIX_PATH': '/opt/ros/jazzy', 'CONDA_PYTHON_EXE': '/home/csanimatronics/miniforge/bin/python', 'SHELL': '/bin/bash', 'QT_ACCESSIBILITY': '1', 'GDMSESSION': 'ubuntu', 'LESSCLOSE': '/usr/bin/lesspipe %s %s', 'ROS_AUTOMATIC_DISCOVERY_RANGE': 'SUBNET', 'QT_IM_MODULE': 'ibus', 'PWD': '/home/csanimatronics/CS_Animatronics/build/controller_publisher', 'LC_ALL': 'en_US.UTF-8', 'XDG_CONFIG_DIRS': '/etc/xdg/xdg-ubuntu:/etc/xdg', 'CONDA_EXE': '/home/csanimatronics/miniforge/bin/conda', 'XDG_DATA_DIRS': '/usr/share/ubuntu:/usr/share/gnome:/usr/local/share/:/usr/share/:/var/lib/snapd/desktop', 'PYTHONPATH': '/home/csanimatronics/CS_Animatronics/build/controller_publisher/prefix_override:/usr/lib/python3/dist-packages/colcon_core/task/python/colcon_distutils_commands:/home/csanimatronics/CS_Animatronics/install/controller_publisher/lib/python3.12/site-packages:/opt/ros/jazzy/lib/python3.12/site-packages', 'COLCON': '1', 'MEMORY_PRESSURE_WRITE': 'c29tZSAyMDAwMDAgMjAwMDAwMAA=', 'VTE_VERSION': '7600', 'CMAKE_PREFIX_PATH': '/opt/ros/jazzy/opt/gz_math_vendor:/opt/ros/jazzy/opt/gz_utils_vendor:/opt/ros/jazzy/opt/gz_cmake_vendor'}, 'shell': False}
[6.375254] (-) TimerEvent: {}
[6.477643] (-) TimerEvent: {}
[6.543995] (dynamixel_sdk_custom_interfaces) StdoutLine: {'line': b'-- Using all available rosidl_typesupport_cpp: rosidl_typesupport_fastrtps_cpp;rosidl_typesupport_introspection_cpp\n'}
[6.550891] (dynamixel_sdk_custom_interfaces) StdoutLine: {'line': b'-- Found python_cmake_module: 0.11.1 (/opt/ros/jazzy/share/python_cmake_module/cmake)\n'}
[6.577765] (-) TimerEvent: {}
[6.678244] (-) TimerEvent: {}
[6.748670] (motor_commands) StdoutLine: {'line': b'-- Using all available rosidl_typesupport_cpp: rosidl_typesupport_fastrtps_cpp;rosidl_typesupport_introspection_cpp\n'}
[6.753955] (motor_commands) StdoutLine: {'line': b'-- Found python_cmake_module: 0.11.1 (/opt/ros/jazzy/share/python_cmake_module/cmake)\n'}
[6.778424] (-) TimerEvent: {}
[6.881891] (-) TimerEvent: {}
[6.916976] (dynamixel_sdk_custom_interfaces) StdoutLine: {'line': b'-- Found PythonExtra: /usr/bin/python3  \n'}
[6.982026] (-) TimerEvent: {}
[7.084983] (-) TimerEvent: {}
[7.090114] (dynamixel_sdk) StdoutLine: {'line': b'[ 60%] \x1b[32mBuilding CXX object CMakeFiles/dynamixel_sdk.dir/src/dynamixel_sdk/port_handler.cpp.o\x1b[0m\n'}
[7.139176] (motor_commands) StdoutLine: {'line': b'-- Found PythonExtra: /usr/bin/python3  \n'}
[7.165219] (controller_publisher) StdoutLine: {'line': b'running egg_info\n'}
[7.166880] (controller_publisher) StdoutLine: {'line': b'creating ../../build/controller_publisher/controller_publisher.egg-info\n'}
[7.167272] (dynamixel_sdk) StdoutLine: {'line': b'[ 70%] \x1b[32mBuilding CXX object CMakeFiles/dynamixel_sdk.dir/src/dynamixel_sdk/port_handler_linux.cpp.o\x1b[0m\n'}
[7.185085] (-) TimerEvent: {}
[7.220153] (controller_publisher) StdoutLine: {'line': b'writing ../../build/controller_publisher/controller_publisher.egg-info/PKG-INFO\n'}
[7.221621] (controller_publisher) StdoutLine: {'line': b'writing dependency_links to ../../build/controller_publisher/controller_publisher.egg-info/dependency_links.txt\n'}
[7.223930] (controller_publisher) StdoutLine: {'line': b'writing entry points to ../../build/controller_publisher/controller_publisher.egg-info/entry_points.txt\n'}
[7.224363] (controller_publisher) StdoutLine: {'line': b'writing requirements to ../../build/controller_publisher/controller_publisher.egg-info/requires.txt\n'}
[7.224502] (controller_publisher) StdoutLine: {'line': b'writing top-level names to ../../build/controller_publisher/controller_publisher.egg-info/top_level.txt\n'}
[7.224609] (controller_publisher) StdoutLine: {'line': b"writing manifest file '../../build/controller_publisher/controller_publisher.egg-info/SOURCES.txt'\n"}
[7.285198] (-) TimerEvent: {}
[7.317433] (dynamixel_sdk) StdoutLine: {'line': b'[ 80%] \x1b[32mBuilding CXX object CMakeFiles/dynamixel_sdk.dir/src/dynamixel_sdk/protocol2_packet_handler.cpp.o\x1b[0m\n'}
[7.331672] (controller_publisher) StdoutLine: {'line': b"reading manifest file '../../build/controller_publisher/controller_publisher.egg-info/SOURCES.txt'\n"}
[7.333414] (controller_publisher) StdoutLine: {'line': b"writing manifest file '../../build/controller_publisher/controller_publisher.egg-info/SOURCES.txt'\n"}
[7.334618] (controller_publisher) StdoutLine: {'line': b'running build\n'}
[7.335356] (controller_publisher) StdoutLine: {'line': b'running build_py\n'}
[7.335491] (controller_publisher) StdoutLine: {'line': b'creating /home/csanimatronics/CS_Animatronics/build/controller_publisher/build\n'}
[7.335591] (controller_publisher) StdoutLine: {'line': b'creating /home/csanimatronics/CS_Animatronics/build/controller_publisher/build/lib\n'}
[7.337194] (controller_publisher) StdoutLine: {'line': b'creating /home/csanimatronics/CS_Animatronics/build/controller_publisher/build/lib/controller_publisher\n'}
[7.337466] (controller_publisher) StdoutLine: {'line': b'copying controller_publisher/__init__.py -> /home/csanimatronics/CS_Animatronics/build/controller_publisher/build/lib/controller_publisher\n'}
[7.337603] (controller_publisher) StdoutLine: {'line': b'copying controller_publisher/controller_publisher.py -> /home/csanimatronics/CS_Animatronics/build/controller_publisher/build/lib/controller_publisher\n'}
[7.337704] (controller_publisher) StdoutLine: {'line': b'running install\n'}
[7.348488] (controller_publisher) StdoutLine: {'line': b'running install_lib\n'}
[7.385848] (-) TimerEvent: {}
[7.397132] (controller_publisher) StdoutLine: {'line': b'creating /home/csanimatronics/CS_Animatronics/install/controller_publisher/lib/python3.12/site-packages/controller_publisher\n'}
[7.397707] (controller_publisher) StdoutLine: {'line': b'copying /home/csanimatronics/CS_Animatronics/build/controller_publisher/build/lib/controller_publisher/__init__.py -> /home/csanimatronics/CS_Animatronics/install/controller_publisher/lib/python3.12/site-packages/controller_publisher\n'}
[7.397970] (controller_publisher) StdoutLine: {'line': b'copying /home/csanimatronics/CS_Animatronics/build/controller_publisher/build/lib/controller_publisher/controller_publisher.py -> /home/csanimatronics/CS_Animatronics/install/controller_publisher/lib/python3.12/site-packages/controller_publisher\n'}
[7.399292] (controller_publisher) StdoutLine: {'line': b'byte-compiling /home/csanimatronics/CS_Animatronics/install/controller_publisher/lib/python3.12/site-packages/controller_publisher/__init__.py to __init__.cpython-312.pyc\n'}
[7.399821] (controller_publisher) StdoutLine: {'line': b'byte-compiling /home/csanimatronics/CS_Animatronics/install/controller_publisher/lib/python3.12/site-packages/controller_publisher/controller_publisher.py to controller_publisher.cpython-312.pyc\n'}
[7.401298] (controller_publisher) StdoutLine: {'line': b'running install_data\n'}
[7.402473] (controller_publisher) StdoutLine: {'line': b'creating /home/csanimatronics/CS_Animatronics/install/controller_publisher/share/ament_index\n'}
[7.402688] (controller_publisher) StdoutLine: {'line': b'creating /home/csanimatronics/CS_Animatronics/install/controller_publisher/share/ament_index/resource_index\n'}
[7.404997] (controller_publisher) StdoutLine: {'line': b'creating /home/csanimatronics/CS_Animatronics/install/controller_publisher/share/ament_index/resource_index/packages\n'}
[7.405227] (controller_publisher) StdoutLine: {'line': b'copying resource/controller_publisher -> /home/csanimatronics/CS_Animatronics/install/controller_publisher/share/ament_index/resource_index/packages\n'}
[7.405438] (controller_publisher) StdoutLine: {'line': b'copying package.xml -> /home/csanimatronics/CS_Animatronics/install/controller_publisher/share/controller_publisher\n'}
[7.405597] (controller_publisher) StdoutLine: {'line': b'running install_egg_info\n'}
[7.455731] (controller_publisher) StdoutLine: {'line': b'Copying ../../build/controller_publisher/controller_publisher.egg-info to /home/csanimatronics/CS_Animatronics/install/controller_publisher/lib/python3.12/site-packages/controller_publisher-0.0.0-py3.12.egg-info\n'}
[7.458913] (controller_publisher) StdoutLine: {'line': b'running install_scripts\n'}
[7.486070] (-) TimerEvent: {}
[7.587193] (-) TimerEvent: {}
[7.688801] (-) TimerEvent: {}
[7.792160] (-) TimerEvent: {}
[7.800953] (controller_publisher) StdoutLine: {'line': b'Installing controller_publisher script to /home/csanimatronics/CS_Animatronics/install/controller_publisher/lib/controller_publisher\n'}
[7.802354] (controller_publisher) StdoutLine: {'line': b"writing list of installed files to '/home/csanimatronics/CS_Animatronics/build/controller_publisher/install.log'\n"}
[7.892381] (-) TimerEvent: {}
[7.961797] (controller_publisher) CommandEnded: {'returncode': 0}
[7.977507] (controller_publisher) JobEnded: {'identifier': 'controller_publisher', 'rc': 0}
[7.980170] (imu_receiver) JobStarted: {'identifier': 'imu_receiver'}
[7.990877] (dynamixel_sdk) StdoutLine: {'line': b'[ 90%] \x1b[32mBuilding CXX object CMakeFiles/dynamixel_sdk.dir/src/dynamixel_sdk/protocol1_packet_handler.cpp.o\x1b[0m\n'}
[7.995990] (-) TimerEvent: {}
[8.096763] (-) TimerEvent: {}
[8.197520] (-) TimerEvent: {}
[8.281953] (dynamixel_sdk_custom_interfaces) StdoutLine: {'line': b'-- Found Python3: /usr/bin/python3 (found version "3.12.3") found components: Interpreter Development NumPy Development.Module Development.Embed \n'}
[8.297669] (-) TimerEvent: {}
[8.388121] (dynamixel_sdk_custom_interfaces) StdoutLine: {'line': b'-- Configuring done (8.3s)\n'}
[8.397813] (-) TimerEvent: {}
[8.494085] (motor_commands) StdoutLine: {'line': b'-- Found Python3: /usr/bin/python3 (found version "3.12.3") found components: Interpreter Development NumPy Development.Module Development.Embed \n'}
[8.497917] (-) TimerEvent: {}
[8.517556] (dynamixel_sdk_custom_interfaces) StdoutLine: {'line': b'-- Generating done (0.1s)\n'}
[8.541932] (dynamixel_sdk) StdoutLine: {'line': b'[100%] \x1b[32m\x1b[1mLinking CXX shared library libdynamixel_sdk.so\x1b[0m\n'}
[8.546091] (dynamixel_sdk_custom_interfaces) StdoutLine: {'line': b'-- Build files have been written to: /home/csanimatronics/CS_Animatronics/build/dynamixel_sdk_custom_interfaces\n'}
[8.598128] (-) TimerEvent: {}
[8.606882] (motor_commands) StdoutLine: {'line': b'-- Configuring done (8.5s)\n'}
[8.657273] (dynamixel_sdk_custom_interfaces) CommandEnded: {'returncode': 0}
[8.658028] (dynamixel_sdk_custom_interfaces) JobProgress: {'identifier': 'dynamixel_sdk_custom_interfaces', 'progress': 'build'}
[8.658091] (dynamixel_sdk_custom_interfaces) Command: {'cmd': ['/usr/bin/cmake', '--build', '/home/csanimatronics/CS_Animatronics/build/dynamixel_sdk_custom_interfaces', '--', '-j4', '-l4'], 'cwd': '/home/csanimatronics/CS_Animatronics/build/dynamixel_sdk_custom_interfaces', 'env': OrderedDict({'LESSOPEN': '| /usr/bin/lesspipe %s', 'USER': 'csanimatronics', 'XDG_SESSION_TYPE': 'wayland', 'SHLVL': '1', 'LD_LIBRARY_PATH': '/opt/ros/jazzy/opt/rviz_ogre_vendor/lib:/opt/ros/jazzy/lib/aarch64-linux-gnu:/opt/ros/jazzy/opt/gz_math_vendor/lib:/opt/ros/jazzy/opt/gz_utils_vendor/lib:/opt/ros/jazzy/opt/gz_cmake_vendor/lib:/opt/ros/jazzy/lib', 'HOME': '/home/csanimatronics', 'CONDA_SHLVL': '0', 'OLDPWD': '/home/csanimatronics', 'DESKTOP_SESSION': 'ubuntu', 'ROS_PYTHON_VERSION': '3', 'GNOME_SHELL_SESSION_MODE': 'ubuntu', 'GTK_MODULES': 'gail:atk-bridge', 'SYSTEMD_EXEC_PID': '1724', 'GSM_SKIP_SSH_AGENT_WORKAROUND': 'true', 'DBUS_SESSION_BUS_ADDRESS': 'unix:path=/run/user/1002/bus', 'COLORTERM': 'truecolor', '_CE_M': '', 'DEBUGINFOD_URLS': 'https://debuginfod.ubuntu.com', 'IM_CONFIG_PHASE': '1', 'WAYLAND_DISPLAY': 'wayland-0', 'ROS_DISTRO': 'jazzy', 'LOGNAME': 'csanimatronics', '_': '/usr/bin/colcon', 'ROS_VERSION': '2', 'MEMORY_PRESSURE_WATCH': '/sys/fs/cgroup/user.slice/user-1002.slice/user@1002.service/session.slice/org.gnome.Shell@wayland.service/memory.pressure', 'XDG_SESSION_CLASS': 'user', 'USERNAME': 'csanimatronics', 'TERM': 'xterm-256color', 'GNOME_DESKTOP_SESSION_ID': 'this-is-deprecated', '_CE_CONDA': '', 'PATH': '/opt/ros/jazzy/bin:/home/csanimatronics/miniforge/condabin:/usr/local/sbin:/usr/local/bin:/usr/sbin:/usr/bin:/sbin:/bin:/usr/games:/usr/local/games:/snap/bin:/snap/bin', 'SESSION_MANAGER': 'local/csanimatronics:@/tmp/.ICE-unix/1690,unix/csanimatronics:/tmp/.ICE-unix/1690', 'XDG_MENU_PREFIX': 'gnome-', 'GNOME_TERMINAL_SCREEN': '/org/gnome/Terminal/screen/9ac44ee5_15f5_4249_9203_3d5f6b53b17b', 'GNOME_SETUP_DISPLAY': ':1', 'XDG_RUNTIME_DIR': '/run/user/1002', 'DISPLAY': ':0', 'LANG': 'en_US.UTF-8', 'XDG_CURRENT_DESKTOP': 'ubuntu:GNOME', 'XMODIFIERS': '@im=ibus', 'XDG_SESSION_DESKTOP': 'ubuntu', 'XAUTHORITY': '/run/user/1002/.mutter-Xwaylandauth.CAS3B3', 'LS_COLORS': 'rs=0:di=01;34:ln=01;36:mh=00:pi=40;33:so=01;35:do=01;35:bd=40;33;01:cd=40;33;01:or=40;31;01:mi=00:su=37;41:sg=30;43:ca=00:tw=30;42:ow=34;42:st=37;44:ex=01;32:*.tar=01;31:*.tgz=01;31:*.arc=01;31:*.arj=01;31:*.taz=01;31:*.lha=01;31:*.lz4=01;31:*.lzh=01;31:*.lzma=01;31:*.tlz=01;31:*.txz=01;31:*.tzo=01;31:*.t7z=01;31:*.zip=01;31:*.z=01;31:*.dz=01;31:*.gz=01;31:*.lrz=01;31:*.lz=01;31:*.lzo=01;31:*.xz=01;31:*.zst=01;31:*.tzst=01;31:*.bz2=01;31:*.bz=01;31:*.tbz=01;31:*.tbz2=01;31:*.tz=01;31:*.deb=01;31:*.rpm=01;31:*.jar=01;31:*.war=01;31:*.ear=01;31:*.sar=01;31:*.rar=01;31:*.alz=01;31:*.ace=01;31:*.zoo=01;31:*.cpio=01;31:*.7z=01;31:*.rz=01;31:*.cab=01;31:*.wim=01;31:*.swm=01;31:*.dwm=01;31:*.esd=01;31:*.avif=01;35:*.jpg=01;35:*.jpeg=01;35:*.mjpg=01;35:*.mjpeg=01;35:*.gif=01;35:*.bmp=01;35:*.pbm=01;35:*.pgm=01;35:*.ppm=01;35:*.tga=01;35:*.xbm=01;35:*.xpm=01;35:*.tif=01;35:*.tiff=01;35:*.png=01;35:*.svg=01;35:*.svgz=01;35:*.mng=01;35:*.pcx=01;35:*.mov=01;35:*.mpg=01;35:*.mpeg=01;35:*.m2v=01;35:*.mkv=01;35:*.webm=01;35:*.webp=01;35:*.ogm=01;35:*.mp4=01;35:*.m4v=01;35:*.mp4v=01;35:*.vob=01;35:*.qt=01;35:*.nuv=01;35:*.wmv=01;35:*.asf=01;35:*.rm=01;35:*.rmvb=01;35:*.flc=01;35:*.avi=01;35:*.fli=01;35:*.flv=01;35:*.gl=01;35:*.dl=01;35:*.xcf=01;35:*.xwd=01;35:*.yuv=01;35:*.cgm=01;35:*.emf=01;35:*.ogv=01;35:*.ogx=01;35:*.aac=00;36:*.au=00;36:*.flac=00;36:*.m4a=00;36:*.mid=00;36:*.midi=00;36:*.mka=00;36:*.mp3=00;36:*.mpc=00;36:*.ogg=00;36:*.ra=00;36:*.wav=00;36:*.oga=00;36:*.opus=00;36:*.spx=00;36:*.xspf=00;36:*~=00;90:*#=00;90:*.bak=00;90:*.crdownload=00;90:*.dpkg-dist=00;90:*.dpkg-new=00;90:*.dpkg-old=00;90:*.dpkg-tmp=00;90:*.old=00;90:*.orig=00;90:*.part=00;90:*.rej=00;90:*.rpmnew=00;90:*.rpmorig=00;90:*.rpmsave=00;90:*.swp=00;90:*.tmp=00;90:*.ucf-dist=00;90:*.ucf-new=00;90:*.ucf-old=00;90:', 'GNOME_TERMINAL_SERVICE': ':1.135', 'SSH_AUTH_SOCK': '/run/user/1002/keyring/ssh', 'AMENT_PREFIX_PATH': '/opt/ros/jazzy', 'CONDA_PYTHON_EXE': '/home/csanimatronics/miniforge/bin/python', 'SHELL': '/bin/bash', 'QT_ACCESSIBILITY': '1', 'GDMSESSION': 'ubuntu', 'LESSCLOSE': '/usr/bin/lesspipe %s %s', 'ROS_AUTOMATIC_DISCOVERY_RANGE': 'SUBNET', 'QT_IM_MODULE': 'ibus', 'PWD': '/home/csanimatronics/CS_Animatronics/build/dynamixel_sdk_custom_interfaces', 'LC_ALL': 'en_US.UTF-8', 'XDG_CONFIG_DIRS': '/etc/xdg/xdg-ubuntu:/etc/xdg', 'CONDA_EXE': '/home/csanimatronics/miniforge/bin/conda', 'XDG_DATA_DIRS': '/usr/share/ubuntu:/usr/share/gnome:/usr/local/share/:/usr/share/:/var/lib/snapd/desktop', 'PYTHONPATH': '/opt/ros/jazzy/lib/python3.12/site-packages', 'COLCON': '1', 'MEMORY_PRESSURE_WRITE': 'c29tZSAyMDAwMDAgMjAwMDAwMAA=', 'VTE_VERSION': '7600', 'CMAKE_PREFIX_PATH': '/opt/ros/jazzy/opt/gz_math_vendor:/opt/ros/jazzy/opt/gz_utils_vendor:/opt/ros/jazzy/opt/gz_cmake_vendor:/opt/ros/jazzy'}), 'shell': False}
[8.699911] (-) TimerEvent: {}
[8.720925] (motor_commands) StdoutLine: {'line': b'-- Generating done (0.1s)\n'}
[8.749610] (motor_commands) StdoutLine: {'line': b'-- Build files have been written to: /home/csanimatronics/CS_Animatronics/build/motor_commands\n'}
[8.773114] (motor_commands) CommandEnded: {'returncode': 0}
[8.774128] (motor_commands) JobProgress: {'identifier': 'motor_commands', 'progress': 'build'}
[8.774575] (motor_commands) Command: {'cmd': ['/usr/bin/cmake', '--build', '/home/csanimatronics/CS_Animatronics/build/motor_commands', '--', '-j4', '-l4'], 'cwd': '/home/csanimatronics/CS_Animatronics/build/motor_commands', 'env': OrderedDict({'LESSOPEN': '| /usr/bin/lesspipe %s', 'USER': 'csanimatronics', 'XDG_SESSION_TYPE': 'wayland', 'SHLVL': '1', 'LD_LIBRARY_PATH': '/opt/ros/jazzy/opt/rviz_ogre_vendor/lib:/opt/ros/jazzy/lib/aarch64-linux-gnu:/opt/ros/jazzy/opt/gz_math_vendor/lib:/opt/ros/jazzy/opt/gz_utils_vendor/lib:/opt/ros/jazzy/opt/gz_cmake_vendor/lib:/opt/ros/jazzy/lib', 'HOME': '/home/csanimatronics', 'CONDA_SHLVL': '0', 'OLDPWD': '/home/csanimatronics', 'DESKTOP_SESSION': 'ubuntu', 'ROS_PYTHON_VERSION': '3', 'GNOME_SHELL_SESSION_MODE': 'ubuntu', 'GTK_MODULES': 'gail:atk-bridge', 'SYSTEMD_EXEC_PID': '1724', 'GSM_SKIP_SSH_AGENT_WORKAROUND': 'true', 'DBUS_SESSION_BUS_ADDRESS': 'unix:path=/run/user/1002/bus', 'COLORTERM': 'truecolor', '_CE_M': '', 'DEBUGINFOD_URLS': 'https://debuginfod.ubuntu.com', 'IM_CONFIG_PHASE': '1', 'WAYLAND_DISPLAY': 'wayland-0', 'ROS_DISTRO': 'jazzy', 'LOGNAME': 'csanimatronics', '_': '/usr/bin/colcon', 'ROS_VERSION': '2', 'MEMORY_PRESSURE_WATCH': '/sys/fs/cgroup/user.slice/user-1002.slice/user@1002.service/session.slice/org.gnome.Shell@wayland.service/memory.pressure', 'XDG_SESSION_CLASS': 'user', 'USERNAME': 'csanimatronics', 'TERM': 'xterm-256color', 'GNOME_DESKTOP_SESSION_ID': 'this-is-deprecated', '_CE_CONDA': '', 'PATH': '/opt/ros/jazzy/bin:/home/csanimatronics/miniforge/condabin:/usr/local/sbin:/usr/local/bin:/usr/sbin:/usr/bin:/sbin:/bin:/usr/games:/usr/local/games:/snap/bin:/snap/bin', 'SESSION_MANAGER': 'local/csanimatronics:@/tmp/.ICE-unix/1690,unix/csanimatronics:/tmp/.ICE-unix/1690', 'XDG_MENU_PREFIX': 'gnome-', 'GNOME_TERMINAL_SCREEN': '/org/gnome/Terminal/screen/9ac44ee5_15f5_4249_9203_3d5f6b53b17b', 'GNOME_SETUP_DISPLAY': ':1', 'XDG_RUNTIME_DIR': '/run/user/1002', 'DISPLAY': ':0', 'LANG': 'en_US.UTF-8', 'XDG_CURRENT_DESKTOP': 'ubuntu:GNOME', 'XMODIFIERS': '@im=ibus', 'XDG_SESSION_DESKTOP': 'ubuntu', 'XAUTHORITY': '/run/user/1002/.mutter-Xwaylandauth.CAS3B3', 'LS_COLORS': 'rs=0:di=01;34:ln=01;36:mh=00:pi=40;33:so=01;35:do=01;35:bd=40;33;01:cd=40;33;01:or=40;31;01:mi=00:su=37;41:sg=30;43:ca=00:tw=30;42:ow=34;42:st=37;44:ex=01;32:*.tar=01;31:*.tgz=01;31:*.arc=01;31:*.arj=01;31:*.taz=01;31:*.lha=01;31:*.lz4=01;31:*.lzh=01;31:*.lzma=01;31:*.tlz=01;31:*.txz=01;31:*.tzo=01;31:*.t7z=01;31:*.zip=01;31:*.z=01;31:*.dz=01;31:*.gz=01;31:*.lrz=01;31:*.lz=01;31:*.lzo=01;31:*.xz=01;31:*.zst=01;31:*.tzst=01;31:*.bz2=01;31:*.bz=01;31:*.tbz=01;31:*.tbz2=01;31:*.tz=01;31:*.deb=01;31:*.rpm=01;31:*.jar=01;31:*.war=01;31:*.ear=01;31:*.sar=01;31:*.rar=01;31:*.alz=01;31:*.ace=01;31:*.zoo=01;31:*.cpio=01;31:*.7z=01;31:*.rz=01;31:*.cab=01;31:*.wim=01;31:*.swm=01;31:*.dwm=01;31:*.esd=01;31:*.avif=01;35:*.jpg=01;35:*.jpeg=01;35:*.mjpg=01;35:*.mjpeg=01;35:*.gif=01;35:*.bmp=01;35:*.pbm=01;35:*.pgm=01;35:*.ppm=01;35:*.tga=01;35:*.xbm=01;35:*.xpm=01;35:*.tif=01;35:*.tiff=01;35:*.png=01;35:*.svg=01;35:*.svgz=01;35:*.mng=01;35:*.pcx=01;35:*.mov=01;35:*.mpg=01;35:*.mpeg=01;35:*.m2v=01;35:*.mkv=01;35:*.webm=01;35:*.webp=01;35:*.ogm=01;35:*.mp4=01;35:*.m4v=01;35:*.mp4v=01;35:*.vob=01;35:*.qt=01;35:*.nuv=01;35:*.wmv=01;35:*.asf=01;35:*.rm=01;35:*.rmvb=01;35:*.flc=01;35:*.avi=01;35:*.fli=01;35:*.flv=01;35:*.gl=01;35:*.dl=01;35:*.xcf=01;35:*.xwd=01;35:*.yuv=01;35:*.cgm=01;35:*.emf=01;35:*.ogv=01;35:*.ogx=01;35:*.aac=00;36:*.au=00;36:*.flac=00;36:*.m4a=00;36:*.mid=00;36:*.midi=00;36:*.mka=00;36:*.mp3=00;36:*.mpc=00;36:*.ogg=00;36:*.ra=00;36:*.wav=00;36:*.oga=00;36:*.opus=00;36:*.spx=00;36:*.xspf=00;36:*~=00;90:*#=00;90:*.bak=00;90:*.crdownload=00;90:*.dpkg-dist=00;90:*.dpkg-new=00;90:*.dpkg-old=00;90:*.dpkg-tmp=00;90:*.old=00;90:*.orig=00;90:*.part=00;90:*.rej=00;90:*.rpmnew=00;90:*.rpmorig=00;90:*.rpmsave=00;90:*.swp=00;90:*.tmp=00;90:*.ucf-dist=00;90:*.ucf-new=00;90:*.ucf-old=00;90:', 'GNOME_TERMINAL_SERVICE': ':1.135', 'SSH_AUTH_SOCK': '/run/user/1002/keyring/ssh', 'AMENT_PREFIX_PATH': '/opt/ros/jazzy', 'CONDA_PYTHON_EXE': '/home/csanimatronics/miniforge/bin/python', 'SHELL': '/bin/bash', 'QT_ACCESSIBILITY': '1', 'GDMSESSION': 'ubuntu', 'LESSCLOSE': '/usr/bin/lesspipe %s %s', 'ROS_AUTOMATIC_DISCOVERY_RANGE': 'SUBNET', 'QT_IM_MODULE': 'ibus', 'PWD': '/home/csanimatronics/CS_Animatronics/build/motor_commands', 'LC_ALL': 'en_US.UTF-8', 'XDG_CONFIG_DIRS': '/etc/xdg/xdg-ubuntu:/etc/xdg', 'CONDA_EXE': '/home/csanimatronics/miniforge/bin/conda', 'XDG_DATA_DIRS': '/usr/share/ubuntu:/usr/share/gnome:/usr/local/share/:/usr/share/:/var/lib/snapd/desktop', 'PYTHONPATH': '/opt/ros/jazzy/lib/python3.12/site-packages', 'COLCON': '1', 'MEMORY_PRESSURE_WRITE': 'c29tZSAyMDAwMDAgMjAwMDAwMAA=', 'VTE_VERSION': '7600', 'CMAKE_PREFIX_PATH': '/opt/ros/jazzy/opt/gz_math_vendor:/opt/ros/jazzy/opt/gz_utils_vendor:/opt/ros/jazzy/opt/gz_cmake_vendor:/opt/ros/jazzy'}), 'shell': False}
[8.776456] (dynamixel_sdk) StdoutLine: {'line': b'[100%] Built target dynamixel_sdk\n'}
[8.795926] (dynamixel_sdk_custom_interfaces) StdoutLine: {'line': b'[  2%] \x1b[34m\x1b[1mGenerating type hashes for ROS interfaces\x1b[0m\n'}
[8.800039] (-) TimerEvent: {}
[8.807551] (dynamixel_sdk) CommandEnded: {'returncode': 0}
[8.808223] (dynamixel_sdk) JobProgress: {'identifier': 'dynamixel_sdk', 'progress': 'install'}
[8.840316] (dynamixel_sdk) Command: {'cmd': ['/usr/bin/cmake', '--install', '/home/csanimatronics/CS_Animatronics/build/dynamixel_sdk'], 'cwd': '/home/csanimatronics/CS_Animatronics/build/dynamixel_sdk', 'env': OrderedDict({'LESSOPEN': '| /usr/bin/lesspipe %s', 'USER': 'csanimatronics', 'XDG_SESSION_TYPE': 'wayland', 'SHLVL': '1', 'LD_LIBRARY_PATH': '/opt/ros/jazzy/opt/rviz_ogre_vendor/lib:/opt/ros/jazzy/lib/aarch64-linux-gnu:/opt/ros/jazzy/opt/gz_math_vendor/lib:/opt/ros/jazzy/opt/gz_utils_vendor/lib:/opt/ros/jazzy/opt/gz_cmake_vendor/lib:/opt/ros/jazzy/lib', 'HOME': '/home/csanimatronics', 'CONDA_SHLVL': '0', 'OLDPWD': '/home/csanimatronics', 'DESKTOP_SESSION': 'ubuntu', 'ROS_PYTHON_VERSION': '3', 'GNOME_SHELL_SESSION_MODE': 'ubuntu', 'GTK_MODULES': 'gail:atk-bridge', 'SYSTEMD_EXEC_PID': '1724', 'GSM_SKIP_SSH_AGENT_WORKAROUND': 'true', 'DBUS_SESSION_BUS_ADDRESS': 'unix:path=/run/user/1002/bus', 'COLORTERM': 'truecolor', '_CE_M': '', 'DEBUGINFOD_URLS': 'https://debuginfod.ubuntu.com', 'IM_CONFIG_PHASE': '1', 'WAYLAND_DISPLAY': 'wayland-0', 'ROS_DISTRO': 'jazzy', 'LOGNAME': 'csanimatronics', '_': '/usr/bin/colcon', 'ROS_VERSION': '2', 'MEMORY_PRESSURE_WATCH': '/sys/fs/cgroup/user.slice/user-1002.slice/user@1002.service/session.slice/org.gnome.Shell@wayland.service/memory.pressure', 'XDG_SESSION_CLASS': 'user', 'USERNAME': 'csanimatronics', 'TERM': 'xterm-256color', 'GNOME_DESKTOP_SESSION_ID': 'this-is-deprecated', '_CE_CONDA': '', 'PATH': '/opt/ros/jazzy/bin:/home/csanimatronics/miniforge/condabin:/usr/local/sbin:/usr/local/bin:/usr/sbin:/usr/bin:/sbin:/bin:/usr/games:/usr/local/games:/snap/bin:/snap/bin', 'SESSION_MANAGER': 'local/csanimatronics:@/tmp/.ICE-unix/1690,unix/csanimatronics:/tmp/.ICE-unix/1690', 'XDG_MENU_PREFIX': 'gnome-', 'GNOME_TERMINAL_SCREEN': '/org/gnome/Terminal/screen/9ac44ee5_15f5_4249_9203_3d5f6b53b17b', 'GNOME_SETUP_DISPLAY': ':1', 'XDG_RUNTIME_DIR': '/run/user/1002', 'DISPLAY': ':0', 'LANG': 'en_US.UTF-8', 'XDG_CURRENT_DESKTOP': 'ubuntu:GNOME', 'XMODIFIERS': '@im=ibus', 'XDG_SESSION_DESKTOP': 'ubuntu', 'XAUTHORITY': '/run/user/1002/.mutter-Xwaylandauth.CAS3B3', 'LS_COLORS': 'rs=0:di=01;34:ln=01;36:mh=00:pi=40;33:so=01;35:do=01;35:bd=40;33;01:cd=40;33;01:or=40;31;01:mi=00:su=37;41:sg=30;43:ca=00:tw=30;42:ow=34;42:st=37;44:ex=01;32:*.tar=01;31:*.tgz=01;31:*.arc=01;31:*.arj=01;31:*.taz=01;31:*.lha=01;31:*.lz4=01;31:*.lzh=01;31:*.lzma=01;31:*.tlz=01;31:*.txz=01;31:*.tzo=01;31:*.t7z=01;31:*.zip=01;31:*.z=01;31:*.dz=01;31:*.gz=01;31:*.lrz=01;31:*.lz=01;31:*.lzo=01;31:*.xz=01;31:*.zst=01;31:*.tzst=01;31:*.bz2=01;31:*.bz=01;31:*.tbz=01;31:*.tbz2=01;31:*.tz=01;31:*.deb=01;31:*.rpm=01;31:*.jar=01;31:*.war=01;31:*.ear=01;31:*.sar=01;31:*.rar=01;31:*.alz=01;31:*.ace=01;31:*.zoo=01;31:*.cpio=01;31:*.7z=01;31:*.rz=01;31:*.cab=01;31:*.wim=01;31:*.swm=01;31:*.dwm=01;31:*.esd=01;31:*.avif=01;35:*.jpg=01;35:*.jpeg=01;35:*.mjpg=01;35:*.mjpeg=01;35:*.gif=01;35:*.bmp=01;35:*.pbm=01;35:*.pgm=01;35:*.ppm=01;35:*.tga=01;35:*.xbm=01;35:*.xpm=01;35:*.tif=01;35:*.tiff=01;35:*.png=01;35:*.svg=01;35:*.svgz=01;35:*.mng=01;35:*.pcx=01;35:*.mov=01;35:*.mpg=01;35:*.mpeg=01;35:*.m2v=01;35:*.mkv=01;35:*.webm=01;35:*.webp=01;35:*.ogm=01;35:*.mp4=01;35:*.m4v=01;35:*.mp4v=01;35:*.vob=01;35:*.qt=01;35:*.nuv=01;35:*.wmv=01;35:*.asf=01;35:*.rm=01;35:*.rmvb=01;35:*.flc=01;35:*.avi=01;35:*.fli=01;35:*.flv=01;35:*.gl=01;35:*.dl=01;35:*.xcf=01;35:*.xwd=01;35:*.yuv=01;35:*.cgm=01;35:*.emf=01;35:*.ogv=01;35:*.ogx=01;35:*.aac=00;36:*.au=00;36:*.flac=00;36:*.m4a=00;36:*.mid=00;36:*.midi=00;36:*.mka=00;36:*.mp3=00;36:*.mpc=00;36:*.ogg=00;36:*.ra=00;36:*.wav=00;36:*.oga=00;36:*.opus=00;36:*.spx=00;36:*.xspf=00;36:*~=00;90:*#=00;90:*.bak=00;90:*.crdownload=00;90:*.dpkg-dist=00;90:*.dpkg-new=00;90:*.dpkg-old=00;90:*.dpkg-tmp=00;90:*.old=00;90:*.orig=00;90:*.part=00;90:*.rej=00;90:*.rpmnew=00;90:*.rpmorig=00;90:*.rpmsave=00;90:*.swp=00;90:*.tmp=00;90:*.ucf-dist=00;90:*.ucf-new=00;90:*.ucf-old=00;90:', 'GNOME_TERMINAL_SERVICE': ':1.135', 'SSH_AUTH_SOCK': '/run/user/1002/keyring/ssh', 'AMENT_PREFIX_PATH': '/opt/ros/jazzy', 'CONDA_PYTHON_EXE': '/home/csanimatronics/miniforge/bin/python', 'SHELL': '/bin/bash', 'QT_ACCESSIBILITY': '1', 'GDMSESSION': 'ubuntu', 'LESSCLOSE': '/usr/bin/lesspipe %s %s', 'ROS_AUTOMATIC_DISCOVERY_RANGE': 'SUBNET', 'QT_IM_MODULE': 'ibus', 'PWD': '/home/csanimatronics/CS_Animatronics/build/dynamixel_sdk', 'LC_ALL': 'en_US.UTF-8', 'XDG_CONFIG_DIRS': '/etc/xdg/xdg-ubuntu:/etc/xdg', 'CONDA_EXE': '/home/csanimatronics/miniforge/bin/conda', 'XDG_DATA_DIRS': '/usr/share/ubuntu:/usr/share/gnome:/usr/local/share/:/usr/share/:/var/lib/snapd/desktop', 'PYTHONPATH': '/opt/ros/jazzy/lib/python3.12/site-packages', 'COLCON': '1', 'MEMORY_PRESSURE_WRITE': 'c29tZSAyMDAwMDAgMjAwMDAwMAA=', 'VTE_VERSION': '7600', 'CMAKE_PREFIX_PATH': '/opt/ros/jazzy/opt/gz_math_vendor:/opt/ros/jazzy/opt/gz_utils_vendor:/opt/ros/jazzy/opt/gz_cmake_vendor:/opt/ros/jazzy'}), 'shell': False}
[8.866489] (dynamixel_sdk) StdoutLine: {'line': b'-- Install configuration: ""\n'}
[8.866810] (dynamixel_sdk) StdoutLine: {'line': b'-- Installing: /home/csanimatronics/CS_Animatronics/install/dynamixel_sdk/include/\n'}
[8.866933] (dynamixel_sdk) StdoutLine: {'line': b'-- Installing: /home/csanimatronics/CS_Animatronics/install/dynamixel_sdk/include//dynamixel_sdk\n'}
[8.867035] (dynamixel_sdk) StdoutLine: {'line': b'-- Installing: /home/csanimatronics/CS_Animatronics/install/dynamixel_sdk/include//dynamixel_sdk/port_handler_linux.h\n'}
[8.867132] (dynamixel_sdk) StdoutLine: {'line': b'-- Installing: /home/csanimatronics/CS_Animatronics/install/dynamixel_sdk/include//dynamixel_sdk/port_handler_mac.h\n'}
[8.869266] (dynamixel_sdk) StdoutLine: {'line': b'-- Installing: /home/csanimatronics/CS_Animatronics/install/dynamixel_sdk/include//dynamixel_sdk/port_handler.h\n'}
[8.869815] (dynamixel_sdk) StdoutLine: {'line': b'-- Installing: /home/csanimatronics/CS_Animatronics/install/dynamixel_sdk/include//dynamixel_sdk/port_handler_windows.h\n'}
[8.869969] (dynamixel_sdk) StdoutLine: {'line': b'-- Installing: /home/csanimatronics/CS_Animatronics/install/dynamixel_sdk/include//dynamixel_sdk/group_bulk_write.h\n'}
[8.870069] (dynamixel_sdk) StdoutLine: {'line': b'-- Installing: /home/csanimatronics/CS_Animatronics/install/dynamixel_sdk/include//dynamixel_sdk/protocol2_packet_handler.h\n'}
[8.870189] (dynamixel_sdk) StdoutLine: {'line': b'-- Installing: /home/csanimatronics/CS_Animatronics/install/dynamixel_sdk/include//dynamixel_sdk/protocol1_packet_handler.h\n'}
[8.870292] (dynamixel_sdk) StdoutLine: {'line': b'-- Installing: /home/csanimatronics/CS_Animatronics/install/dynamixel_sdk/include//dynamixel_sdk/port_handler_arduino.h\n'}
[8.870377] (dynamixel_sdk) StdoutLine: {'line': b'-- Installing: /home/csanimatronics/CS_Animatronics/install/dynamixel_sdk/include//dynamixel_sdk/dynamixel_sdk.h\n'}
[8.870460] (dynamixel_sdk) StdoutLine: {'line': b'-- Installing: /home/csanimatronics/CS_Animatronics/install/dynamixel_sdk/include//dynamixel_sdk/packet_handler.h\n'}
[8.870545] (dynamixel_sdk) StdoutLine: {'line': b'-- Installing: /home/csanimatronics/CS_Animatronics/install/dynamixel_sdk/include//dynamixel_sdk/group_sync_read.h\n'}
[8.870623] (dynamixel_sdk) StdoutLine: {'line': b'-- Installing: /home/csanimatronics/CS_Animatronics/install/dynamixel_sdk/include//dynamixel_sdk/group_bulk_read.h\n'}
[8.870699] (dynamixel_sdk) StdoutLine: {'line': b'-- Installing: /home/csanimatronics/CS_Animatronics/install/dynamixel_sdk/include//dynamixel_sdk/group_sync_write.h\n'}
[8.870840] (dynamixel_sdk) StdoutLine: {'line': b'-- Installing: /home/csanimatronics/CS_Animatronics/install/dynamixel_sdk/lib/libdynamixel_sdk.so\n'}
[8.871650] (dynamixel_sdk) StdoutLine: {'line': b'-- Installing: /home/csanimatronics/CS_Animatronics/install/dynamixel_sdk/share/dynamixel_sdk/environment/library_path.sh\n'}
[8.874192] (dynamixel_sdk) StdoutLine: {'line': b'-- Installing: /home/csanimatronics/CS_Animatronics/install/dynamixel_sdk/share/dynamixel_sdk/environment/library_path.dsv\n'}
[8.874399] (dynamixel_sdk) StdoutLine: {'line': b'-- Installing: /home/csanimatronics/CS_Animatronics/install/dynamixel_sdk/share/ament_index/resource_index/package_run_dependencies/dynamixel_sdk\n'}
[8.874540] (dynamixel_sdk) StdoutLine: {'line': b'-- Installing: /home/csanimatronics/CS_Animatronics/install/dynamixel_sdk/share/ament_index/resource_index/parent_prefix_path/dynamixel_sdk\n'}
[8.874643] (dynamixel_sdk) StdoutLine: {'line': b'-- Installing: /home/csanimatronics/CS_Animatronics/install/dynamixel_sdk/share/dynamixel_sdk/environment/ament_prefix_path.sh\n'}
[8.874743] (dynamixel_sdk) StdoutLine: {'line': b'-- Installing: /home/csanimatronics/CS_Animatronics/install/dynamixel_sdk/share/dynamixel_sdk/environment/ament_prefix_path.dsv\n'}
[8.874899] (dynamixel_sdk) StdoutLine: {'line': b'-- Installing: /home/csanimatronics/CS_Animatronics/install/dynamixel_sdk/share/dynamixel_sdk/environment/path.sh\n'}
[8.875008] (dynamixel_sdk) StdoutLine: {'line': b'-- Installing: /home/csanimatronics/CS_Animatronics/install/dynamixel_sdk/share/dynamixel_sdk/environment/path.dsv\n'}
[8.875115] (dynamixel_sdk) StdoutLine: {'line': b'-- Installing: /home/csanimatronics/CS_Animatronics/install/dynamixel_sdk/share/dynamixel_sdk/local_setup.bash\n'}
[8.875212] (dynamixel_sdk) StdoutLine: {'line': b'-- Installing: /home/csanimatronics/CS_Animatronics/install/dynamixel_sdk/share/dynamixel_sdk/local_setup.sh\n'}
[8.875400] (dynamixel_sdk) StdoutLine: {'line': b'-- Installing: /home/csanimatronics/CS_Animatronics/install/dynamixel_sdk/share/dynamixel_sdk/local_setup.zsh\n'}
[8.875526] (dynamixel_sdk) StdoutLine: {'line': b'-- Installing: /home/csanimatronics/CS_Animatronics/install/dynamixel_sdk/share/dynamixel_sdk/local_setup.dsv\n'}
[8.875621] (dynamixel_sdk) StdoutLine: {'line': b'-- Installing: /home/csanimatronics/CS_Animatronics/install/dynamixel_sdk/share/dynamixel_sdk/package.dsv\n'}
[8.875727] (dynamixel_sdk) StdoutLine: {'line': b'-- Installing: /home/csanimatronics/CS_Animatronics/install/dynamixel_sdk/share/ament_index/resource_index/packages/dynamixel_sdk\n'}
[8.876221] (dynamixel_sdk) StdoutLine: {'line': b'-- Installing: /home/csanimatronics/CS_Animatronics/install/dynamixel_sdk/share/dynamixel_sdk/cmake/ament_cmake_export_include_directories-extras.cmake\n'}
[8.878935] (dynamixel_sdk) StdoutLine: {'line': b'-- Installing: /home/csanimatronics/CS_Animatronics/install/dynamixel_sdk/share/dynamixel_sdk/cmake/ament_cmake_export_libraries-extras.cmake\n'}
[8.879312] (dynamixel_sdk) StdoutLine: {'line': b'-- Installing: /home/csanimatronics/CS_Animatronics/install/dynamixel_sdk/share/dynamixel_sdk/cmake/dynamixel_sdkConfig.cmake\n'}
[8.879430] (dynamixel_sdk) StdoutLine: {'line': b'-- Installing: /home/csanimatronics/CS_Animatronics/install/dynamixel_sdk/share/dynamixel_sdk/cmake/dynamixel_sdkConfig-version.cmake\n'}
[8.879649] (dynamixel_sdk) StdoutLine: {'line': b'-- Installing: /home/csanimatronics/CS_Animatronics/install/dynamixel_sdk/share/dynamixel_sdk/package.xml\n'}
[8.882744] (dynamixel_sdk) CommandEnded: {'returncode': 0}
[8.900531] (-) TimerEvent: {}
[8.931911] (motor_commands) StdoutLine: {'line': b'[  2%] \x1b[34m\x1b[1mGenerating type hashes for ROS interfaces\x1b[0m\n'}
[8.969332] (dynamixel_sdk) JobEnded: {'identifier': 'dynamixel_sdk', 'rc': 0}
[9.000674] (-) TimerEvent: {}
[9.101866] (-) TimerEvent: {}
[9.202290] (-) TimerEvent: {}
[9.286645] (dynamixel_sdk_custom_interfaces) StdoutLine: {'line': b'[  2%] Built target dynamixel_sdk_custom_interfaces__rosidl_generator_type_description\n'}
[9.302446] (-) TimerEvent: {}
[9.364401] (dynamixel_sdk_custom_interfaces) StdoutLine: {'line': b'[  2%] Built target ament_cmake_python_copy_dynamixel_sdk_custom_interfaces\n'}
[9.364873] (motor_commands) StdoutLine: {'line': b'[  2%] Built target motor_commands__rosidl_generator_type_description\n'}
[9.384035] (dynamixel_sdk_custom_interfaces) StdoutLine: {'line': b'[  4%] \x1b[34m\x1b[1mGenerating C code for ROS interfaces\x1b[0m\n'}
[9.402591] (-) TimerEvent: {}
[9.429978] (motor_commands) StdoutLine: {'line': b'[  2%] Built target ament_cmake_python_copy_motor_commands\n'}
[9.451001] (motor_commands) StdoutLine: {'line': b'[  4%] \x1b[34m\x1b[1mGenerating C code for ROS interfaces\x1b[0m\n'}
[9.502741] (-) TimerEvent: {}
[9.603257] (-) TimerEvent: {}
[9.703816] (-) TimerEvent: {}
[9.807207] (-) TimerEvent: {}
[9.837349] (imu_receiver) Command: {'cmd': ['/usr/bin/python3', '-W', 'ignore:setup.py install is deprecated', '-W', 'ignore:easy_install command is deprecated', 'setup.py', 'egg_info', '--egg-base', '../../build/imu_receiver', 'build', '--build-base', '/home/csanimatronics/CS_Animatronics/build/imu_receiver/build', 'install', '--record', '/home/csanimatronics/CS_Animatronics/build/imu_receiver/install.log', '--single-version-externally-managed', 'install_data'], 'cwd': '/home/csanimatronics/CS_Animatronics/src/imu_receiver', 'env': {'LESSOPEN': '| /usr/bin/lesspipe %s', 'USER': 'csanimatronics', 'XDG_SESSION_TYPE': 'wayland', 'SHLVL': '1', 'LD_LIBRARY_PATH': '/opt/ros/jazzy/opt/rviz_ogre_vendor/lib:/opt/ros/jazzy/lib/aarch64-linux-gnu:/opt/ros/jazzy/opt/gz_math_vendor/lib:/opt/ros/jazzy/opt/gz_utils_vendor/lib:/opt/ros/jazzy/opt/gz_cmake_vendor/lib:/opt/ros/jazzy/lib', 'HOME': '/home/csanimatronics', 'CONDA_SHLVL': '0', 'OLDPWD': '/home/csanimatronics', 'DESKTOP_SESSION': 'ubuntu', 'ROS_PYTHON_VERSION': '3', 'GNOME_SHELL_SESSION_MODE': 'ubuntu', 'GTK_MODULES': 'gail:atk-bridge', 'SYSTEMD_EXEC_PID': '1724', 'GSM_SKIP_SSH_AGENT_WORKAROUND': 'true', 'DBUS_SESSION_BUS_ADDRESS': 'unix:path=/run/user/1002/bus', 'COLORTERM': 'truecolor', '_CE_M': '', 'DEBUGINFOD_URLS': 'https://debuginfod.ubuntu.com', 'IM_CONFIG_PHASE': '1', 'WAYLAND_DISPLAY': 'wayland-0', 'ROS_DISTRO': 'jazzy', 'LOGNAME': 'csanimatronics', '_': '/usr/bin/colcon', 'ROS_VERSION': '2', 'MEMORY_PRESSURE_WATCH': '/sys/fs/cgroup/user.slice/user-1002.slice/user@1002.service/session.slice/org.gnome.Shell@wayland.service/memory.pressure', 'XDG_SESSION_CLASS': 'user', 'USERNAME': 'csanimatronics', 'TERM': 'xterm-256color', 'GNOME_DESKTOP_SESSION_ID': 'this-is-deprecated', '_CE_CONDA': '', 'PATH': '/opt/ros/jazzy/bin:/home/csanimatronics/miniforge/condabin:/usr/local/sbin:/usr/local/bin:/usr/sbin:/usr/bin:/sbin:/bin:/usr/games:/usr/local/games:/snap/bin:/snap/bin', 'SESSION_MANAGER': 'local/csanimatronics:@/tmp/.ICE-unix/1690,unix/csanimatronics:/tmp/.ICE-unix/1690', 'XDG_MENU_PREFIX': 'gnome-', 'GNOME_TERMINAL_SCREEN': '/org/gnome/Terminal/screen/9ac44ee5_15f5_4249_9203_3d5f6b53b17b', 'GNOME_SETUP_DISPLAY': ':1', 'XDG_RUNTIME_DIR': '/run/user/1002', 'DISPLAY': ':0', 'LANG': 'en_US.UTF-8', 'XDG_CURRENT_DESKTOP': 'ubuntu:GNOME', 'XMODIFIERS': '@im=ibus', 'XDG_SESSION_DESKTOP': 'ubuntu', 'XAUTHORITY': '/run/user/1002/.mutter-Xwaylandauth.CAS3B3', 'LS_COLORS': 'rs=0:di=01;34:ln=01;36:mh=00:pi=40;33:so=01;35:do=01;35:bd=40;33;01:cd=40;33;01:or=40;31;01:mi=00:su=37;41:sg=30;43:ca=00:tw=30;42:ow=34;42:st=37;44:ex=01;32:*.tar=01;31:*.tgz=01;31:*.arc=01;31:*.arj=01;31:*.taz=01;31:*.lha=01;31:*.lz4=01;31:*.lzh=01;31:*.lzma=01;31:*.tlz=01;31:*.txz=01;31:*.tzo=01;31:*.t7z=01;31:*.zip=01;31:*.z=01;31:*.dz=01;31:*.gz=01;31:*.lrz=01;31:*.lz=01;31:*.lzo=01;31:*.xz=01;31:*.zst=01;31:*.tzst=01;31:*.bz2=01;31:*.bz=01;31:*.tbz=01;31:*.tbz2=01;31:*.tz=01;31:*.deb=01;31:*.rpm=01;31:*.jar=01;31:*.war=01;31:*.ear=01;31:*.sar=01;31:*.rar=01;31:*.alz=01;31:*.ace=01;31:*.zoo=01;31:*.cpio=01;31:*.7z=01;31:*.rz=01;31:*.cab=01;31:*.wim=01;31:*.swm=01;31:*.dwm=01;31:*.esd=01;31:*.avif=01;35:*.jpg=01;35:*.jpeg=01;35:*.mjpg=01;35:*.mjpeg=01;35:*.gif=01;35:*.bmp=01;35:*.pbm=01;35:*.pgm=01;35:*.ppm=01;35:*.tga=01;35:*.xbm=01;35:*.xpm=01;35:*.tif=01;35:*.tiff=01;35:*.png=01;35:*.svg=01;35:*.svgz=01;35:*.mng=01;35:*.pcx=01;35:*.mov=01;35:*.mpg=01;35:*.mpeg=01;35:*.m2v=01;35:*.mkv=01;35:*.webm=01;35:*.webp=01;35:*.ogm=01;35:*.mp4=01;35:*.m4v=01;35:*.mp4v=01;35:*.vob=01;35:*.qt=01;35:*.nuv=01;35:*.wmv=01;35:*.asf=01;35:*.rm=01;35:*.rmvb=01;35:*.flc=01;35:*.avi=01;35:*.fli=01;35:*.flv=01;35:*.gl=01;35:*.dl=01;35:*.xcf=01;35:*.xwd=01;35:*.yuv=01;35:*.cgm=01;35:*.emf=01;35:*.ogv=01;35:*.ogx=01;35:*.aac=00;36:*.au=00;36:*.flac=00;36:*.m4a=00;36:*.mid=00;36:*.midi=00;36:*.mka=00;36:*.mp3=00;36:*.mpc=00;36:*.ogg=00;36:*.ra=00;36:*.wav=00;36:*.oga=00;36:*.opus=00;36:*.spx=00;36:*.xspf=00;36:*~=00;90:*#=00;90:*.bak=00;90:*.crdownload=00;90:*.dpkg-dist=00;90:*.dpkg-new=00;90:*.dpkg-old=00;90:*.dpkg-tmp=00;90:*.old=00;90:*.orig=00;90:*.part=00;90:*.rej=00;90:*.rpmnew=00;90:*.rpmorig=00;90:*.rpmsave=00;90:*.swp=00;90:*.tmp=00;90:*.ucf-dist=00;90:*.ucf-new=00;90:*.ucf-old=00;90:', 'GNOME_TERMINAL_SERVICE': ':1.135', 'SSH_AUTH_SOCK': '/run/user/1002/keyring/ssh', 'AMENT_PREFIX_PATH': '/opt/ros/jazzy', 'CONDA_PYTHON_EXE': '/home/csanimatronics/miniforge/bin/python', 'SHELL': '/bin/bash', 'QT_ACCESSIBILITY': '1', 'GDMSESSION': 'ubuntu', 'LESSCLOSE': '/usr/bin/lesspipe %s %s', 'ROS_AUTOMATIC_DISCOVERY_RANGE': 'SUBNET', 'QT_IM_MODULE': 'ibus', 'PWD': '/home/csanimatronics/CS_Animatronics/build/imu_receiver', 'LC_ALL': 'en_US.UTF-8', 'XDG_CONFIG_DIRS': '/etc/xdg/xdg-ubuntu:/etc/xdg', 'CONDA_EXE': '/home/csanimatronics/miniforge/bin/conda', 'XDG_DATA_DIRS': '/usr/share/ubuntu:/usr/share/gnome:/usr/local/share/:/usr/share/:/var/lib/snapd/desktop', 'PYTHONPATH': '/home/csanimatronics/CS_Animatronics/build/imu_receiver/prefix_override:/usr/lib/python3/dist-packages/colcon_core/task/python/colcon_distutils_commands:/home/csanimatronics/CS_Animatronics/install/imu_receiver/lib/python3.12/site-packages:/opt/ros/jazzy/lib/python3.12/site-packages', 'COLCON': '1', 'MEMORY_PRESSURE_WRITE': 'c29tZSAyMDAwMDAgMjAwMDAwMAA=', 'VTE_VERSION': '7600', 'CMAKE_PREFIX_PATH': '/opt/ros/jazzy/opt/gz_math_vendor:/opt/ros/jazzy/opt/gz_utils_vendor:/opt/ros/jazzy/opt/gz_cmake_vendor'}, 'shell': False}
[9.907307] (-) TimerEvent: {}
[10.007728] (-) TimerEvent: {}
[10.108281] (-) TimerEvent: {}
[10.208677] (-) TimerEvent: {}
[10.252877] (dynamixel_sdk_custom_interfaces) StdoutLine: {'line': b'[  6%] \x1b[32mBuilding C object CMakeFiles/dynamixel_sdk_custom_interfaces__rosidl_generator_c.dir/rosidl_generator_c/dynamixel_sdk_custom_interfaces/msg/detail/set_position__description.c.o\x1b[0m\n'}
[10.301122] (motor_commands) StdoutLine: {'line': b'[  6%] \x1b[32mBuilding C object CMakeFiles/motor_commands__rosidl_generator_c.dir/rosidl_generator_c/motor_commands/msg/detail/id_angle__description.c.o\x1b[0m\n'}
[10.308852] (-) TimerEvent: {}
[10.331864] (imu_receiver) StdoutLine: {'line': b'running egg_info\n'}
[10.332309] (imu_receiver) StdoutLine: {'line': b'creating ../../build/imu_receiver/imu_receiver.egg-info\n'}
[10.334488] (dynamixel_sdk_custom_interfaces) StdoutLine: {'line': b'[  9%] \x1b[32mBuilding C object CMakeFiles/dynamixel_sdk_custom_interfaces__rosidl_generator_c.dir/rosidl_generator_c/dynamixel_sdk_custom_interfaces/msg/detail/set_position__functions.c.o\x1b[0m\n'}
[10.364370] (imu_receiver) StdoutLine: {'line': b'writing ../../build/imu_receiver/imu_receiver.egg-info/PKG-INFO\n'}
[10.364738] (imu_receiver) StdoutLine: {'line': b'writing dependency_links to ../../build/imu_receiver/imu_receiver.egg-info/dependency_links.txt\n'}
[10.365076] (imu_receiver) StdoutLine: {'line': b'writing entry points to ../../build/imu_receiver/imu_receiver.egg-info/entry_points.txt\n'}
[10.365925] (imu_receiver) StdoutLine: {'line': b'writing requirements to ../../build/imu_receiver/imu_receiver.egg-info/requires.txt\n'}
[10.366200] (imu_receiver) StdoutLine: {'line': b'writing top-level names to ../../build/imu_receiver/imu_receiver.egg-info/top_level.txt\n'}
[10.366336] (imu_receiver) StdoutLine: {'line': b"writing manifest file '../../build/imu_receiver/imu_receiver.egg-info/SOURCES.txt'\n"}
[10.383268] (motor_commands) StdoutLine: {'line': b'[  9%] \x1b[32mBuilding C object CMakeFiles/motor_commands__rosidl_generator_c.dir/rosidl_generator_c/motor_commands/msg/detail/id_angle__functions.c.o\x1b[0m\n'}
[10.408951] (-) TimerEvent: {}
[10.436920] (dynamixel_sdk_custom_interfaces) StdoutLine: {'line': b'[ 11%] \x1b[32mBuilding C object CMakeFiles/dynamixel_sdk_custom_interfaces__rosidl_generator_c.dir/rosidl_generator_c/dynamixel_sdk_custom_interfaces/msg/detail/set_position__type_support.c.o\x1b[0m\n'}
[10.441713] (imu_receiver) StdoutLine: {'line': b"reading manifest file '../../build/imu_receiver/imu_receiver.egg-info/SOURCES.txt'\n"}
[10.443589] (imu_receiver) StdoutLine: {'line': b"writing manifest file '../../build/imu_receiver/imu_receiver.egg-info/SOURCES.txt'\n"}
[10.444619] (imu_receiver) StdoutLine: {'line': b'running build\n'}
[10.444963] (imu_receiver) StdoutLine: {'line': b'running build_py\n'}
[10.445114] (imu_receiver) StdoutLine: {'line': b'creating /home/csanimatronics/CS_Animatronics/build/imu_receiver/build\n'}
[10.445358] (imu_receiver) StdoutLine: {'line': b'creating /home/csanimatronics/CS_Animatronics/build/imu_receiver/build/lib\n'}
[10.445497] (imu_receiver) StdoutLine: {'line': b'creating /home/csanimatronics/CS_Animatronics/build/imu_receiver/build/lib/imu_receiver\n'}
[10.445633] (imu_receiver) StdoutLine: {'line': b'copying imu_receiver/imu_receiver_node.py -> /home/csanimatronics/CS_Animatronics/build/imu_receiver/build/lib/imu_receiver\n'}
[10.445842] (imu_receiver) StdoutLine: {'line': b'copying imu_receiver/__init__.py -> /home/csanimatronics/CS_Animatronics/build/imu_receiver/build/lib/imu_receiver\n'}
[10.446062] (imu_receiver) StdoutLine: {'line': b'running install\n'}
[10.457290] (imu_receiver) StdoutLine: {'line': b'running install_lib\n'}
[10.488119] (motor_commands) StdoutLine: {'line': b'[ 11%] \x1b[32mBuilding C object CMakeFiles/motor_commands__rosidl_generator_c.dir/rosidl_generator_c/motor_commands/msg/detail/id_angle__type_support.c.o\x1b[0m\n'}
[10.492708] (imu_receiver) StdoutLine: {'line': b'creating /home/csanimatronics/CS_Animatronics/install/imu_receiver/lib/python3.12/site-packages/imu_receiver\n'}
[10.493211] (imu_receiver) StdoutLine: {'line': b'copying /home/csanimatronics/CS_Animatronics/build/imu_receiver/build/lib/imu_receiver/imu_receiver_node.py -> /home/csanimatronics/CS_Animatronics/install/imu_receiver/lib/python3.12/site-packages/imu_receiver\n'}
[10.493378] (imu_receiver) StdoutLine: {'line': b'copying /home/csanimatronics/CS_Animatronics/build/imu_receiver/build/lib/imu_receiver/__init__.py -> /home/csanimatronics/CS_Animatronics/install/imu_receiver/lib/python3.12/site-packages/imu_receiver\n'}
[10.493941] (imu_receiver) StdoutLine: {'line': b'byte-compiling /home/csanimatronics/CS_Animatronics/install/imu_receiver/lib/python3.12/site-packages/imu_receiver/imu_receiver_node.py to imu_receiver_node.cpython-312.pyc\n'}
[10.496988] (imu_receiver) StdoutLine: {'line': b'byte-compiling /home/csanimatronics/CS_Animatronics/install/imu_receiver/lib/python3.12/site-packages/imu_receiver/__init__.py to __init__.cpython-312.pyc\n'}
[10.497416] (imu_receiver) StdoutLine: {'line': b'running install_data\n'}
[10.497609] (imu_receiver) StdoutLine: {'line': b'creating /home/csanimatronics/CS_Animatronics/install/imu_receiver/share/ament_index\n'}
[10.497773] (imu_receiver) StdoutLine: {'line': b'creating /home/csanimatronics/CS_Animatronics/install/imu_receiver/share/ament_index/resource_index\n'}
[10.497995] (imu_receiver) StdoutLine: {'line': b'creating /home/csanimatronics/CS_Animatronics/install/imu_receiver/share/ament_index/resource_index/packages\n'}
[10.498125] (imu_receiver) StdoutLine: {'line': b'copying resource/imu_receiver -> /home/csanimatronics/CS_Animatronics/install/imu_receiver/share/ament_index/resource_index/packages\n'}
[10.498299] (dynamixel_sdk_custom_interfaces) StdoutLine: {'line': b'[ 13%] \x1b[32mBuilding C object CMakeFiles/dynamixel_sdk_custom_interfaces__rosidl_generator_c.dir/rosidl_generator_c/dynamixel_sdk_custom_interfaces/srv/detail/get_position__description.c.o\x1b[0m\n'}
[10.498553] (imu_receiver) StdoutLine: {'line': b'copying package.xml -> /home/csanimatronics/CS_Animatronics/install/imu_receiver/share/imu_receiver\n'}
[10.498736] (imu_receiver) StdoutLine: {'line': b'running install_egg_info\n'}
[10.509068] (-) TimerEvent: {}
[10.539979] (imu_receiver) StdoutLine: {'line': b'Copying ../../build/imu_receiver/imu_receiver.egg-info to /home/csanimatronics/CS_Animatronics/install/imu_receiver/lib/python3.12/site-packages/imu_receiver-0.0.0-py3.12.egg-info\n'}
[10.541491] (imu_receiver) StdoutLine: {'line': b'running install_scripts\n'}
[10.558915] (motor_commands) StdoutLine: {'line': b'[ 13%] \x1b[32mBuilding C object CMakeFiles/motor_commands__rosidl_generator_c.dir/rosidl_generator_c/motor_commands/srv/detail/get_motor_states__description.c.o\x1b[0m\n'}
[10.602296] (dynamixel_sdk_custom_interfaces) StdoutLine: {'line': b'[ 15%] \x1b[32mBuilding C object CMakeFiles/dynamixel_sdk_custom_interfaces__rosidl_generator_c.dir/rosidl_generator_c/dynamixel_sdk_custom_interfaces/srv/detail/get_position__functions.c.o\x1b[0m\n'}
[10.609196] (-) TimerEvent: {}
[10.667523] (motor_commands) StdoutLine: {'line': b'[ 15%] \x1b[32mBuilding C object CMakeFiles/motor_commands__rosidl_generator_c.dir/rosidl_generator_c/motor_commands/srv/detail/get_motor_states__functions.c.o\x1b[0m\n'}
[10.710871] (-) TimerEvent: {}
[10.756347] (dynamixel_sdk_custom_interfaces) StdoutLine: {'line': b'[ 18%] \x1b[32mBuilding C object CMakeFiles/dynamixel_sdk_custom_interfaces__rosidl_generator_c.dir/rosidl_generator_c/dynamixel_sdk_custom_interfaces/srv/detail/get_position__type_support.c.o\x1b[0m\n'}
[10.792080] (imu_receiver) StdoutLine: {'line': b'Installing imu_receiver_node script to /home/csanimatronics/CS_Animatronics/install/imu_receiver/lib/imu_receiver\n'}
[10.792431] (imu_receiver) StdoutLine: {'line': b"writing list of installed files to '/home/csanimatronics/CS_Animatronics/build/imu_receiver/install.log'\n"}
[10.811022] (-) TimerEvent: {}
[10.838020] (motor_commands) StdoutLine: {'line': b'[ 18%] \x1b[32mBuilding C object CMakeFiles/motor_commands__rosidl_generator_c.dir/rosidl_generator_c/motor_commands/srv/detail/get_motor_states__type_support.c.o\x1b[0m\n'}
[10.847609] (dynamixel_sdk_custom_interfaces) StdoutLine: {'line': b'[ 20%] \x1b[32m\x1b[1mLinking C shared library libdynamixel_sdk_custom_interfaces__rosidl_generator_c.so\x1b[0m\n'}
[10.911176] (-) TimerEvent: {}
[10.930752] (imu_receiver) CommandEnded: {'returncode': 0}
[10.938936] (motor_commands) StdoutLine: {'line': b'[ 20%] \x1b[32m\x1b[1mLinking C shared library libmotor_commands__rosidl_generator_c.so\x1b[0m\n'}
[10.942046] (imu_receiver) JobEnded: {'identifier': 'imu_receiver', 'rc': 0}
[10.951167] (dynamixel_sdk_custom_interfaces) StdoutLine: {'line': b'[ 20%] Built target dynamixel_sdk_custom_interfaces__rosidl_generator_c\n'}
[11.011293] (-) TimerEvent: {}
[11.025953] (motor_commands) StdoutLine: {'line': b'[ 20%] Built target motor_commands__rosidl_generator_c\n'}
[11.111417] (-) TimerEvent: {}
[11.211802] (-) TimerEvent: {}
[11.310135] (dynamixel_sdk_custom_interfaces) StdoutLine: {'line': b'running egg_info\n'}
[11.311392] (dynamixel_sdk_custom_interfaces) StdoutLine: {'line': b'creating dynamixel_sdk_custom_interfaces.egg-info\n'}
[11.311845] (-) TimerEvent: {}
[11.343883] (dynamixel_sdk_custom_interfaces) StdoutLine: {'line': b'writing dynamixel_sdk_custom_interfaces.egg-info/PKG-INFO\n'}
[11.344199] (dynamixel_sdk_custom_interfaces) StdoutLine: {'line': b'writing dependency_links to dynamixel_sdk_custom_interfaces.egg-info/dependency_links.txt\n'}
[11.344446] (dynamixel_sdk_custom_interfaces) StdoutLine: {'line': b'writing top-level names to dynamixel_sdk_custom_interfaces.egg-info/top_level.txt\n'}
[11.344626] (dynamixel_sdk_custom_interfaces) StdoutLine: {'line': b"writing manifest file 'dynamixel_sdk_custom_interfaces.egg-info/SOURCES.txt'\n"}
[11.365408] (motor_commands) StdoutLine: {'line': b'running egg_info\n'}
[11.366559] (motor_commands) StdoutLine: {'line': b'creating motor_commands.egg-info\n'}
[11.391840] (motor_commands) StdoutLine: {'line': b'writing motor_commands.egg-info/PKG-INFO\n'}
[11.392185] (motor_commands) StdoutLine: {'line': b'writing dependency_links to motor_commands.egg-info/dependency_links.txt\n'}
[11.392405] (motor_commands) StdoutLine: {'line': b'writing top-level names to motor_commands.egg-info/top_level.txt\n'}
[11.392572] (motor_commands) StdoutLine: {'line': b"writing manifest file 'motor_commands.egg-info/SOURCES.txt'\n"}
[11.411921] (-) TimerEvent: {}
[11.426042] (dynamixel_sdk_custom_interfaces) StdoutLine: {'line': b"reading manifest file 'dynamixel_sdk_custom_interfaces.egg-info/SOURCES.txt'\n"}
[11.426805] (dynamixel_sdk_custom_interfaces) StdoutLine: {'line': b"writing manifest file 'dynamixel_sdk_custom_interfaces.egg-info/SOURCES.txt'\n"}
[11.474558] (motor_commands) StdoutLine: {'line': b"reading manifest file 'motor_commands.egg-info/SOURCES.txt'\n"}
[11.475428] (motor_commands) StdoutLine: {'line': b"writing manifest file 'motor_commands.egg-info/SOURCES.txt'\n"}
[11.508867] (dynamixel_sdk_custom_interfaces) StdoutLine: {'line': b'[ 20%] Built target ament_cmake_python_build_dynamixel_sdk_custom_interfaces_egg\n'}
[11.512070] (-) TimerEvent: {}
[11.534455] (dynamixel_sdk_custom_interfaces) StdoutLine: {'line': b'[ 22%] \x1b[34m\x1b[1mGenerating C type support dispatch for ROS interfaces\x1b[0m\n'}
[11.570140] (motor_commands) StdoutLine: {'line': b'[ 20%] Built target ament_cmake_python_build_motor_commands_egg\n'}
[11.588753] (motor_commands) StdoutLine: {'line': b'[ 22%] \x1b[34m\x1b[1mGenerating C type support dispatch for ROS interfaces\x1b[0m\n'}
[11.612173] (-) TimerEvent: {}
[11.712523] (-) TimerEvent: {}
[11.816042] (-) TimerEvent: {}
[11.919032] (-) TimerEvent: {}
[12.000239] (dynamixel_sdk_custom_interfaces) StdoutLine: {'line': b'[ 25%] \x1b[32mBuilding CXX object CMakeFiles/dynamixel_sdk_custom_interfaces__rosidl_typesupport_c.dir/rosidl_typesupport_c/dynamixel_sdk_custom_interfaces/msg/set_position__type_support.cpp.o\x1b[0m\n'}
[12.019179] (-) TimerEvent: {}
[12.041450] (motor_commands) StdoutLine: {'line': b'[ 25%] \x1b[32mBuilding CXX object CMakeFiles/motor_commands__rosidl_typesupport_c.dir/rosidl_typesupport_c/motor_commands/msg/id_angle__type_support.cpp.o\x1b[0m\n'}
[12.080151] (dynamixel_sdk_custom_interfaces) StdoutLine: {'line': b'[ 27%] \x1b[32mBuilding CXX object CMakeFiles/dynamixel_sdk_custom_interfaces__rosidl_typesupport_c.dir/rosidl_typesupport_c/dynamixel_sdk_custom_interfaces/srv/get_position__type_support.cpp.o\x1b[0m\n'}
[12.118116] (motor_commands) StdoutLine: {'line': b'[ 27%] \x1b[32mBuilding CXX object CMakeFiles/motor_commands__rosidl_typesupport_c.dir/rosidl_typesupport_c/motor_commands/srv/get_motor_states__type_support.cpp.o\x1b[0m\n'}
[12.119246] (-) TimerEvent: {}
[12.169695] (dynamixel_sdk_custom_interfaces) StdoutLine: {'line': b'[ 29%] \x1b[32m\x1b[1mLinking CXX shared library libdynamixel_sdk_custom_interfaces__rosidl_typesupport_c.so\x1b[0m\n'}
[12.208025] (motor_commands) StdoutLine: {'line': b'[ 29%] \x1b[32m\x1b[1mLinking CXX shared library libmotor_commands__rosidl_typesupport_c.so\x1b[0m\n'}
[12.219460] (-) TimerEvent: {}
[12.250356] (dynamixel_sdk_custom_interfaces) StdoutLine: {'line': b'[ 29%] Built target dynamixel_sdk_custom_interfaces__rosidl_typesupport_c\n'}
[12.271423] (dynamixel_sdk_custom_interfaces) StdoutLine: {'line': b'[ 31%] \x1b[34m\x1b[1mGenerating C type support for eProsima Fast-RTPS\x1b[0m\n'}
[12.289580] (motor_commands) StdoutLine: {'line': b'[ 29%] Built target motor_commands__rosidl_typesupport_c\n'}
[12.308038] (motor_commands) StdoutLine: {'line': b'[ 31%] \x1b[34m\x1b[1mGenerating C type support for eProsima Fast-RTPS\x1b[0m\n'}
[12.319553] (-) TimerEvent: {}
[12.419910] (-) TimerEvent: {}
[12.520238] (-) TimerEvent: {}
[12.620590] (-) TimerEvent: {}
[12.720937] (-) TimerEvent: {}
[12.821312] (-) TimerEvent: {}
[12.879813] (dynamixel_sdk_custom_interfaces) StdoutLine: {'line': b'[ 34%] \x1b[32mBuilding CXX object CMakeFiles/dynamixel_sdk_custom_interfaces__rosidl_typesupport_fastrtps_c.dir/rosidl_typesupport_fastrtps_c/dynamixel_sdk_custom_interfaces/msg/detail/set_position__type_support_c.cpp.o\x1b[0m\n'}
[12.921459] (-) TimerEvent: {}
[12.937148] (motor_commands) StdoutLine: {'line': b'[ 34%] \x1b[32mBuilding CXX object CMakeFiles/motor_commands__rosidl_typesupport_fastrtps_c.dir/rosidl_typesupport_fastrtps_c/motor_commands/msg/detail/id_angle__type_support_c.cpp.o\x1b[0m\n'}
[13.021588] (-) TimerEvent: {}
[13.122020] (-) TimerEvent: {}
[13.222429] (-) TimerEvent: {}
[13.322858] (-) TimerEvent: {}
[13.423282] (-) TimerEvent: {}
[13.526155] (-) TimerEvent: {}
[13.626607] (-) TimerEvent: {}
[13.656040] (dynamixel_sdk_custom_interfaces) StdoutLine: {'line': b'[ 36%] \x1b[32mBuilding CXX object CMakeFiles/dynamixel_sdk_custom_interfaces__rosidl_typesupport_fastrtps_c.dir/rosidl_typesupport_fastrtps_c/dynamixel_sdk_custom_interfaces/srv/detail/get_position__type_support_c.cpp.o\x1b[0m\n'}
[13.702931] (motor_commands) StdoutLine: {'line': b'[ 36%] \x1b[32mBuilding CXX object CMakeFiles/motor_commands__rosidl_typesupport_fastrtps_c.dir/rosidl_typesupport_fastrtps_c/motor_commands/srv/detail/get_motor_states__type_support_c.cpp.o\x1b[0m\n'}
[13.726724] (-) TimerEvent: {}
[13.827276] (-) TimerEvent: {}
[13.928114] (-) TimerEvent: {}
[14.028568] (-) TimerEvent: {}
[14.129011] (-) TimerEvent: {}
[14.229422] (-) TimerEvent: {}
[14.329843] (-) TimerEvent: {}
[14.430308] (-) TimerEvent: {}
[14.473498] (dynamixel_sdk_custom_interfaces) StdoutLine: {'line': b'[ 38%] \x1b[32m\x1b[1mLinking CXX shared library libdynamixel_sdk_custom_interfaces__rosidl_typesupport_fastrtps_c.so\x1b[0m\n'}
[14.530435] (-) TimerEvent: {}
[14.576330] (dynamixel_sdk_custom_interfaces) StdoutLine: {'line': b'[ 38%] Built target dynamixel_sdk_custom_interfaces__rosidl_typesupport_fastrtps_c\n'}
[14.595566] (dynamixel_sdk_custom_interfaces) StdoutLine: {'line': b'[ 40%] \x1b[34m\x1b[1mGenerating C introspection for ROS interfaces\x1b[0m\n'}
[14.605875] (motor_commands) StdoutLine: {'line': b'[ 38%] \x1b[32m\x1b[1mLinking CXX shared library libmotor_commands__rosidl_typesupport_fastrtps_c.so\x1b[0m\n'}
[14.630550] (-) TimerEvent: {}
[14.730962] (-) TimerEvent: {}
[14.784317] (motor_commands) StdoutLine: {'line': b'[ 38%] Built target motor_commands__rosidl_typesupport_fastrtps_c\n'}
[14.802580] (motor_commands) StdoutLine: {'line': b'[ 40%] \x1b[34m\x1b[1mGenerating C introspection for ROS interfaces\x1b[0m\n'}
[14.831070] (-) TimerEvent: {}
[14.931465] (-) TimerEvent: {}
[15.035117] (-) TimerEvent: {}
[15.135435] (dynamixel_sdk_custom_interfaces) StdoutLine: {'line': b'[ 43%] \x1b[32mBuilding C object CMakeFiles/dynamixel_sdk_custom_interfaces__rosidl_typesupport_introspection_c.dir/rosidl_typesupport_introspection_c/dynamixel_sdk_custom_interfaces/msg/detail/set_position__type_support.c.o\x1b[0m\n'}
[15.135713] (-) TimerEvent: {}
[15.206773] (dynamixel_sdk_custom_interfaces) StdoutLine: {'line': b'[ 45%] \x1b[32mBuilding C object CMakeFiles/dynamixel_sdk_custom_interfaces__rosidl_typesupport_introspection_c.dir/rosidl_typesupport_introspection_c/dynamixel_sdk_custom_interfaces/srv/detail/get_position__type_support.c.o\x1b[0m\n'}
[15.235884] (-) TimerEvent: {}
[15.299183] (dynamixel_sdk_custom_interfaces) StdoutLine: {'line': b'[ 47%] \x1b[32m\x1b[1mLinking C shared library libdynamixel_sdk_custom_interfaces__rosidl_typesupport_introspection_c.so\x1b[0m\n'}
[15.336021] (-) TimerEvent: {}
[15.348860] (motor_commands) StdoutLine: {'line': b'[ 43%] \x1b[32mBuilding C object CMakeFiles/motor_commands__rosidl_typesupport_introspection_c.dir/rosidl_typesupport_introspection_c/motor_commands/msg/detail/id_angle__type_support.c.o\x1b[0m\n'}
[15.361573] (dynamixel_sdk_custom_interfaces) StdoutLine: {'line': b'[ 47%] Built target dynamixel_sdk_custom_interfaces__rosidl_typesupport_introspection_c\n'}
[15.400479] (dynamixel_sdk_custom_interfaces) StdoutLine: {'line': b'[ 50%] \x1b[34m\x1b[1mGenerating C++ code for ROS interfaces\x1b[0m\n'}
[15.428616] (motor_commands) StdoutLine: {'line': b'[ 45%] \x1b[32mBuilding C object CMakeFiles/motor_commands__rosidl_typesupport_introspection_c.dir/rosidl_typesupport_introspection_c/motor_commands/srv/detail/get_motor_states__type_support.c.o\x1b[0m\n'}
[15.436133] (-) TimerEvent: {}
[15.536563] (-) TimerEvent: {}
[15.544744] (motor_commands) StdoutLine: {'line': b'[ 47%] \x1b[32m\x1b[1mLinking C shared library libmotor_commands__rosidl_typesupport_introspection_c.so\x1b[0m\n'}
[15.602814] (motor_commands) StdoutLine: {'line': b'[ 47%] Built target motor_commands__rosidl_typesupport_introspection_c\n'}
[15.636686] (-) TimerEvent: {}
[15.642878] (motor_commands) StdoutLine: {'line': b'[ 50%] \x1b[34m\x1b[1mGenerating C++ code for ROS interfaces\x1b[0m\n'}
[15.736822] (-) TimerEvent: {}
[15.837175] (-) TimerEvent: {}
[15.937525] (-) TimerEvent: {}
[16.037957] (-) TimerEvent: {}
[16.064337] (dynamixel_sdk_custom_interfaces) StdoutLine: {'line': b'[ 50%] Built target dynamixel_sdk_custom_interfaces__cpp\n'}
[16.081655] (dynamixel_sdk_custom_interfaces) StdoutLine: {'line': b'[ 52%] \x1b[34m\x1b[1mGenerating C++ type support for eProsima Fast-RTPS\x1b[0m\n'}
[16.138063] (-) TimerEvent: {}
[16.238477] (-) TimerEvent: {}
[16.327056] (motor_commands) StdoutLine: {'line': b'[ 50%] Built target motor_commands__cpp\n'}
[16.338647] (-) TimerEvent: {}
[16.349210] (motor_commands) StdoutLine: {'line': b'[ 52%] \x1b[34m\x1b[1mGenerating C++ type support for eProsima Fast-RTPS\x1b[0m\n'}
[16.438749] (-) TimerEvent: {}
[16.539112] (-) TimerEvent: {}
[16.639482] (-) TimerEvent: {}
[16.684343] (dynamixel_sdk_custom_interfaces) StdoutLine: {'line': b'[ 54%] \x1b[32mBuilding CXX object CMakeFiles/dynamixel_sdk_custom_interfaces__rosidl_typesupport_fastrtps_cpp.dir/rosidl_typesupport_fastrtps_cpp/dynamixel_sdk_custom_interfaces/msg/detail/dds_fastrtps/set_position__type_support.cpp.o\x1b[0m\n'}
[16.739622] (-) TimerEvent: {}
[16.840088] (-) TimerEvent: {}
[16.940588] (-) TimerEvent: {}
[16.953911] (motor_commands) StdoutLine: {'line': b'[ 54%] \x1b[32mBuilding CXX object CMakeFiles/motor_commands__rosidl_typesupport_fastrtps_cpp.dir/rosidl_typesupport_fastrtps_cpp/motor_commands/msg/detail/dds_fastrtps/id_angle__type_support.cpp.o\x1b[0m\n'}
[17.040720] (-) TimerEvent: {}
[17.141155] (-) TimerEvent: {}
[17.241621] (-) TimerEvent: {}
[17.342045] (-) TimerEvent: {}
[17.445089] (-) TimerEvent: {}
[17.476895] (dynamixel_sdk_custom_interfaces) StdoutLine: {'line': b'[ 56%] \x1b[32mBuilding CXX object CMakeFiles/dynamixel_sdk_custom_interfaces__rosidl_typesupport_fastrtps_cpp.dir/rosidl_typesupport_fastrtps_cpp/dynamixel_sdk_custom_interfaces/srv/detail/dds_fastrtps/get_position__type_support.cpp.o\x1b[0m\n'}
[17.545213] (-) TimerEvent: {}
[17.645597] (-) TimerEvent: {}
[17.746042] (-) TimerEvent: {}
[17.836926] (motor_commands) StdoutLine: {'line': b'[ 56%] \x1b[32mBuilding CXX object CMakeFiles/motor_commands__rosidl_typesupport_fastrtps_cpp.dir/rosidl_typesupport_fastrtps_cpp/motor_commands/srv/detail/dds_fastrtps/get_motor_states__type_support.cpp.o\x1b[0m\n'}
[17.846168] (-) TimerEvent: {}
[17.946614] (-) TimerEvent: {}
[18.047117] (-) TimerEvent: {}
[18.147536] (-) TimerEvent: {}
[18.247974] (-) TimerEvent: {}
[18.348379] (-) TimerEvent: {}
[18.448872] (-) TimerEvent: {}
[18.505350] (dynamixel_sdk_custom_interfaces) StdoutLine: {'line': b'[ 59%] \x1b[32m\x1b[1mLinking CXX shared library libdynamixel_sdk_custom_interfaces__rosidl_typesupport_fastrtps_cpp.so\x1b[0m\n'}
[18.549006] (-) TimerEvent: {}
[18.649451] (-) TimerEvent: {}
[18.687203] (dynamixel_sdk_custom_interfaces) StdoutLine: {'line': b'[ 59%] Built target dynamixel_sdk_custom_interfaces__rosidl_typesupport_fastrtps_cpp\n'}
[18.706238] (dynamixel_sdk_custom_interfaces) StdoutLine: {'line': b'[ 61%] \x1b[34m\x1b[1mGenerating C++ type support dispatch for ROS interfaces\x1b[0m\n'}
[18.749564] (-) TimerEvent: {}
[18.849941] (-) TimerEvent: {}
[18.950306] (-) TimerEvent: {}
[19.050654] (-) TimerEvent: {}
[19.150998] (-) TimerEvent: {}
[19.160486] (motor_commands) StdoutLine: {'line': b'[ 59%] \x1b[32m\x1b[1mLinking CXX shared library libmotor_commands__rosidl_typesupport_fastrtps_cpp.so\x1b[0m\n'}
[19.181712] (dynamixel_sdk_custom_interfaces) StdoutLine: {'line': b'[ 63%] \x1b[32mBuilding CXX object CMakeFiles/dynamixel_sdk_custom_interfaces__rosidl_typesupport_cpp.dir/rosidl_typesupport_cpp/dynamixel_sdk_custom_interfaces/msg/set_position__type_support.cpp.o\x1b[0m\n'}
[19.251150] (-) TimerEvent: {}
[19.349036] (motor_commands) StdoutLine: {'line': b'[ 59%] Built target motor_commands__rosidl_typesupport_fastrtps_cpp\n'}
[19.351231] (-) TimerEvent: {}
[19.372378] (motor_commands) StdoutLine: {'line': b'[ 61%] \x1b[34m\x1b[1mGenerating C++ type support dispatch for ROS interfaces\x1b[0m\n'}
[19.451353] (-) TimerEvent: {}
[19.551740] (-) TimerEvent: {}
[19.652138] (-) TimerEvent: {}
[19.698497] (dynamixel_sdk_custom_interfaces) StdoutLine: {'line': b'[ 65%] \x1b[32mBuilding CXX object CMakeFiles/dynamixel_sdk_custom_interfaces__rosidl_typesupport_cpp.dir/rosidl_typesupport_cpp/dynamixel_sdk_custom_interfaces/srv/get_position__type_support.cpp.o\x1b[0m\n'}
[19.752367] (-) TimerEvent: {}
[19.834257] (motor_commands) StdoutLine: {'line': b'[ 63%] \x1b[32mBuilding CXX object CMakeFiles/motor_commands__rosidl_typesupport_cpp.dir/rosidl_typesupport_cpp/motor_commands/msg/id_angle__type_support.cpp.o\x1b[0m\n'}
[19.852541] (-) TimerEvent: {}
[19.953151] (-) TimerEvent: {}
[20.053588] (-) TimerEvent: {}
[20.157093] (-) TimerEvent: {}
[20.257532] (-) TimerEvent: {}
[20.335942] (dynamixel_sdk_custom_interfaces) StdoutLine: {'line': b'[ 68%] \x1b[32m\x1b[1mLinking CXX shared library libdynamixel_sdk_custom_interfaces__rosidl_typesupport_cpp.so\x1b[0m\n'}
[20.357663] (-) TimerEvent: {}
[20.372648] (motor_commands) StdoutLine: {'line': b'[ 65%] \x1b[32mBuilding CXX object CMakeFiles/motor_commands__rosidl_typesupport_cpp.dir/rosidl_typesupport_cpp/motor_commands/srv/get_motor_states__type_support.cpp.o\x1b[0m\n'}
[20.457905] (-) TimerEvent: {}
[20.511127] (dynamixel_sdk_custom_interfaces) StdoutLine: {'line': b'[ 68%] Built target dynamixel_sdk_custom_interfaces__rosidl_typesupport_cpp\n'}
[20.530008] (dynamixel_sdk_custom_interfaces) StdoutLine: {'line': b'[ 70%] \x1b[34m\x1b[1mGenerating C++ introspection for ROS interfaces\x1b[0m\n'}
[20.558041] (-) TimerEvent: {}
[20.658485] (-) TimerEvent: {}
[20.758863] (-) TimerEvent: {}
[20.859232] (-) TimerEvent: {}
[20.959621] (-) TimerEvent: {}
[21.057507] (dynamixel_sdk_custom_interfaces) StdoutLine: {'line': b'[ 72%] \x1b[32mBuilding CXX object CMakeFiles/dynamixel_sdk_custom_interfaces__rosidl_typesupport_introspection_cpp.dir/rosidl_typesupport_introspection_cpp/dynamixel_sdk_custom_interfaces/msg/detail/set_position__type_support.cpp.o\x1b[0m\n'}
[21.059750] (-) TimerEvent: {}
[21.160505] (-) TimerEvent: {}
[21.179121] (motor_commands) StdoutLine: {'line': b'[ 68%] \x1b[32m\x1b[1mLinking CXX shared library libmotor_commands__rosidl_typesupport_cpp.so\x1b[0m\n'}
[21.260680] (-) TimerEvent: {}
[21.361131] (-) TimerEvent: {}
[21.379836] (motor_commands) StdoutLine: {'line': b'[ 68%] Built target motor_commands__rosidl_typesupport_cpp\n'}
[21.398953] (motor_commands) StdoutLine: {'line': b'[ 70%] \x1b[34m\x1b[1mGenerating C++ introspection for ROS interfaces\x1b[0m\n'}
[21.461268] (-) TimerEvent: {}
[21.561695] (-) TimerEvent: {}
[21.614326] (dynamixel_sdk_custom_interfaces) StdoutLine: {'line': b'[ 75%] \x1b[32mBuilding CXX object CMakeFiles/dynamixel_sdk_custom_interfaces__rosidl_typesupport_introspection_cpp.dir/rosidl_typesupport_introspection_cpp/dynamixel_sdk_custom_interfaces/srv/detail/get_position__type_support.cpp.o\x1b[0m\n'}
[21.661881] (-) TimerEvent: {}
[21.762284] (-) TimerEvent: {}
[21.862873] (-) TimerEvent: {}
[21.926893] (motor_commands) StdoutLine: {'line': b'[ 72%] \x1b[32mBuilding CXX object CMakeFiles/motor_commands__rosidl_typesupport_introspection_cpp.dir/rosidl_typesupport_introspection_cpp/motor_commands/msg/detail/id_angle__type_support.cpp.o\x1b[0m\n'}
[21.962993] (-) TimerEvent: {}
[22.063404] (-) TimerEvent: {}
[22.163869] (-) TimerEvent: {}
[22.264283] (-) TimerEvent: {}
[22.295908] (dynamixel_sdk_custom_interfaces) StdoutLine: {'line': b'[ 77%] \x1b[32m\x1b[1mLinking CXX shared library libdynamixel_sdk_custom_interfaces__rosidl_typesupport_introspection_cpp.so\x1b[0m\n'}
[22.364508] (-) TimerEvent: {}
[22.465203] (-) TimerEvent: {}
[22.468066] (dynamixel_sdk_custom_interfaces) StdoutLine: {'line': b'[ 77%] Built target dynamixel_sdk_custom_interfaces__rosidl_typesupport_introspection_cpp\n'}
[22.509089] (dynamixel_sdk_custom_interfaces) StdoutLine: {'line': b'[ 77%] Built target dynamixel_sdk_custom_interfaces\n'}
[22.548332] (dynamixel_sdk_custom_interfaces) StdoutLine: {'line': b'[ 79%] \x1b[34m\x1b[1mGenerating Python code for ROS interfaces\x1b[0m\n'}
[22.565320] (-) TimerEvent: {}
[22.582103] (motor_commands) StdoutLine: {'line': b'[ 75%] \x1b[32mBuilding CXX object CMakeFiles/motor_commands__rosidl_typesupport_introspection_cpp.dir/rosidl_typesupport_introspection_cpp/motor_commands/srv/detail/get_motor_states__type_support.cpp.o\x1b[0m\n'}
[22.665438] (-) TimerEvent: {}
[22.765800] (-) TimerEvent: {}
[22.866188] (-) TimerEvent: {}
[22.966635] (-) TimerEvent: {}
[23.067039] (-) TimerEvent: {}
[23.167452] (-) TimerEvent: {}
[23.267876] (-) TimerEvent: {}
[23.368348] (-) TimerEvent: {}
[23.380027] (dynamixel_sdk_custom_interfaces) StdoutLine: {'line': b'[ 79%] Built target dynamixel_sdk_custom_interfaces__py\n'}
[23.417896] (dynamixel_sdk_custom_interfaces) StdoutLine: {'line': b'[ 81%] \x1b[32mBuilding C object CMakeFiles/dynamixel_sdk_custom_interfaces__rosidl_generator_py.dir/rosidl_generator_py/dynamixel_sdk_custom_interfaces/msg/_set_position_s.c.o\x1b[0m\n'}
[23.468469] (-) TimerEvent: {}
[23.568882] (-) TimerEvent: {}
[23.628628] (dynamixel_sdk_custom_interfaces) StdoutLine: {'line': b'[ 84%] \x1b[32mBuilding C object CMakeFiles/dynamixel_sdk_custom_interfaces__rosidl_generator_py.dir/rosidl_generator_py/dynamixel_sdk_custom_interfaces/srv/_get_position_s.c.o\x1b[0m\n'}
[23.659547] (motor_commands) StdoutLine: {'line': b'[ 77%] \x1b[32m\x1b[1mLinking CXX shared library libmotor_commands__rosidl_typesupport_introspection_cpp.so\x1b[0m\n'}
[23.669012] (-) TimerEvent: {}
[23.769411] (-) TimerEvent: {}
[23.851813] (motor_commands) StdoutLine: {'line': b'[ 77%] Built target motor_commands__rosidl_typesupport_introspection_cpp\n'}
[23.869548] (-) TimerEvent: {}
[23.894866] (motor_commands) StdoutLine: {'line': b'[ 77%] Built target motor_commands\n'}
[23.895229] (dynamixel_sdk_custom_interfaces) StdoutLine: {'line': b'[ 86%] \x1b[32m\x1b[1mLinking C shared library libdynamixel_sdk_custom_interfaces__rosidl_generator_py.so\x1b[0m\n'}
[23.933358] (motor_commands) StdoutLine: {'line': b'[ 79%] \x1b[34m\x1b[1mGenerating Python code for ROS interfaces\x1b[0m\n'}
[23.969684] (-) TimerEvent: {}
[23.989134] (dynamixel_sdk_custom_interfaces) StdoutLine: {'line': b'[ 86%] Built target dynamixel_sdk_custom_interfaces__rosidl_generator_py\n'}
[24.027969] (dynamixel_sdk_custom_interfaces) StdoutLine: {'line': b'[ 88%] \x1b[32mBuilding C object CMakeFiles/dynamixel_sdk_custom_interfaces_s__rosidl_typesupport_fastrtps_c.dir/rosidl_generator_py/dynamixel_sdk_custom_interfaces/_dynamixel_sdk_custom_interfaces_s.ep.rosidl_typesupport_fastrtps_c.c.o\x1b[0m\n'}
[24.069813] (-) TimerEvent: {}
[24.170197] (-) TimerEvent: {}
[24.229912] (dynamixel_sdk_custom_interfaces) StdoutLine: {'line': b'[ 90%] \x1b[32m\x1b[1mLinking C shared module rosidl_generator_py/dynamixel_sdk_custom_interfaces/dynamixel_sdk_custom_interfaces_s__rosidl_typesupport_fastrtps_c.so\x1b[0m\n'}
[24.270363] (-) TimerEvent: {}
[24.290013] (dynamixel_sdk_custom_interfaces) StdoutLine: {'line': b'[ 90%] Built target dynamixel_sdk_custom_interfaces_s__rosidl_typesupport_fastrtps_c\n'}
[24.327046] (dynamixel_sdk_custom_interfaces) StdoutLine: {'line': b'[ 93%] \x1b[32mBuilding C object CMakeFiles/dynamixel_sdk_custom_interfaces_s__rosidl_typesupport_c.dir/rosidl_generator_py/dynamixel_sdk_custom_interfaces/_dynamixel_sdk_custom_interfaces_s.ep.rosidl_typesupport_c.c.o\x1b[0m\n'}
[24.370479] (-) TimerEvent: {}
[24.470855] (-) TimerEvent: {}
[24.508945] (dynamixel_sdk_custom_interfaces) StdoutLine: {'line': b'[ 95%] \x1b[32m\x1b[1mLinking C shared module rosidl_generator_py/dynamixel_sdk_custom_interfaces/dynamixel_sdk_custom_interfaces_s__rosidl_typesupport_c.so\x1b[0m\n'}
[24.563396] (dynamixel_sdk_custom_interfaces) StdoutLine: {'line': b'[ 95%] Built target dynamixel_sdk_custom_interfaces_s__rosidl_typesupport_c\n'}
[24.570967] (-) TimerEvent: {}
[24.605536] (dynamixel_sdk_custom_interfaces) StdoutLine: {'line': b'[ 97%] \x1b[32mBuilding C object CMakeFiles/dynamixel_sdk_custom_interfaces_s__rosidl_typesupport_introspection_c.dir/rosidl_generator_py/dynamixel_sdk_custom_interfaces/_dynamixel_sdk_custom_interfaces_s.ep.rosidl_typesupport_introspection_c.c.o\x1b[0m\n'}
[24.671106] (-) TimerEvent: {}
[24.771521] (-) TimerEvent: {}
[24.803629] (motor_commands) StdoutLine: {'line': b'[ 79%] Built target motor_commands__py\n'}
[24.811869] (dynamixel_sdk_custom_interfaces) StdoutLine: {'line': b'[100%] \x1b[32m\x1b[1mLinking C shared module rosidl_generator_py/dynamixel_sdk_custom_interfaces/dynamixel_sdk_custom_interfaces_s__rosidl_typesupport_introspection_c.so\x1b[0m\n'}
[24.843001] (motor_commands) StdoutLine: {'line': b'[ 81%] \x1b[32mBuilding C object CMakeFiles/motor_commands__rosidl_generator_py.dir/rosidl_generator_py/motor_commands/msg/_id_angle_s.c.o\x1b[0m\n'}
[24.871646] (-) TimerEvent: {}
[24.872804] (dynamixel_sdk_custom_interfaces) StdoutLine: {'line': b'[100%] Built target dynamixel_sdk_custom_interfaces_s__rosidl_typesupport_introspection_c\n'}
[24.899125] (dynamixel_sdk_custom_interfaces) CommandEnded: {'returncode': 0}
[24.900054] (dynamixel_sdk_custom_interfaces) JobProgress: {'identifier': 'dynamixel_sdk_custom_interfaces', 'progress': 'install'}
[24.900361] (dynamixel_sdk_custom_interfaces) Command: {'cmd': ['/usr/bin/cmake', '--install', '/home/csanimatronics/CS_Animatronics/build/dynamixel_sdk_custom_interfaces'], 'cwd': '/home/csanimatronics/CS_Animatronics/build/dynamixel_sdk_custom_interfaces', 'env': OrderedDict({'LESSOPEN': '| /usr/bin/lesspipe %s', 'USER': 'csanimatronics', 'XDG_SESSION_TYPE': 'wayland', 'SHLVL': '1', 'LD_LIBRARY_PATH': '/opt/ros/jazzy/opt/rviz_ogre_vendor/lib:/opt/ros/jazzy/lib/aarch64-linux-gnu:/opt/ros/jazzy/opt/gz_math_vendor/lib:/opt/ros/jazzy/opt/gz_utils_vendor/lib:/opt/ros/jazzy/opt/gz_cmake_vendor/lib:/opt/ros/jazzy/lib', 'HOME': '/home/csanimatronics', 'CONDA_SHLVL': '0', 'OLDPWD': '/home/csanimatronics', 'DESKTOP_SESSION': 'ubuntu', 'ROS_PYTHON_VERSION': '3', 'GNOME_SHELL_SESSION_MODE': 'ubuntu', 'GTK_MODULES': 'gail:atk-bridge', 'SYSTEMD_EXEC_PID': '1724', 'GSM_SKIP_SSH_AGENT_WORKAROUND': 'true', 'DBUS_SESSION_BUS_ADDRESS': 'unix:path=/run/user/1002/bus', 'COLORTERM': 'truecolor', '_CE_M': '', 'DEBUGINFOD_URLS': 'https://debuginfod.ubuntu.com', 'IM_CONFIG_PHASE': '1', 'WAYLAND_DISPLAY': 'wayland-0', 'ROS_DISTRO': 'jazzy', 'LOGNAME': 'csanimatronics', '_': '/usr/bin/colcon', 'ROS_VERSION': '2', 'MEMORY_PRESSURE_WATCH': '/sys/fs/cgroup/user.slice/user-1002.slice/user@1002.service/session.slice/org.gnome.Shell@wayland.service/memory.pressure', 'XDG_SESSION_CLASS': 'user', 'USERNAME': 'csanimatronics', 'TERM': 'xterm-256color', 'GNOME_DESKTOP_SESSION_ID': 'this-is-deprecated', '_CE_CONDA': '', 'PATH': '/opt/ros/jazzy/bin:/home/csanimatronics/miniforge/condabin:/usr/local/sbin:/usr/local/bin:/usr/sbin:/usr/bin:/sbin:/bin:/usr/games:/usr/local/games:/snap/bin:/snap/bin', 'SESSION_MANAGER': 'local/csanimatronics:@/tmp/.ICE-unix/1690,unix/csanimatronics:/tmp/.ICE-unix/1690', 'XDG_MENU_PREFIX': 'gnome-', 'GNOME_TERMINAL_SCREEN': '/org/gnome/Terminal/screen/9ac44ee5_15f5_4249_9203_3d5f6b53b17b', 'GNOME_SETUP_DISPLAY': ':1', 'XDG_RUNTIME_DIR': '/run/user/1002', 'DISPLAY': ':0', 'LANG': 'en_US.UTF-8', 'XDG_CURRENT_DESKTOP': 'ubuntu:GNOME', 'XMODIFIERS': '@im=ibus', 'XDG_SESSION_DESKTOP': 'ubuntu', 'XAUTHORITY': '/run/user/1002/.mutter-Xwaylandauth.CAS3B3', 'LS_COLORS': 'rs=0:di=01;34:ln=01;36:mh=00:pi=40;33:so=01;35:do=01;35:bd=40;33;01:cd=40;33;01:or=40;31;01:mi=00:su=37;41:sg=30;43:ca=00:tw=30;42:ow=34;42:st=37;44:ex=01;32:*.tar=01;31:*.tgz=01;31:*.arc=01;31:*.arj=01;31:*.taz=01;31:*.lha=01;31:*.lz4=01;31:*.lzh=01;31:*.lzma=01;31:*.tlz=01;31:*.txz=01;31:*.tzo=01;31:*.t7z=01;31:*.zip=01;31:*.z=01;31:*.dz=01;31:*.gz=01;31:*.lrz=01;31:*.lz=01;31:*.lzo=01;31:*.xz=01;31:*.zst=01;31:*.tzst=01;31:*.bz2=01;31:*.bz=01;31:*.tbz=01;31:*.tbz2=01;31:*.tz=01;31:*.deb=01;31:*.rpm=01;31:*.jar=01;31:*.war=01;31:*.ear=01;31:*.sar=01;31:*.rar=01;31:*.alz=01;31:*.ace=01;31:*.zoo=01;31:*.cpio=01;31:*.7z=01;31:*.rz=01;31:*.cab=01;31:*.wim=01;31:*.swm=01;31:*.dwm=01;31:*.esd=01;31:*.avif=01;35:*.jpg=01;35:*.jpeg=01;35:*.mjpg=01;35:*.mjpeg=01;35:*.gif=01;35:*.bmp=01;35:*.pbm=01;35:*.pgm=01;35:*.ppm=01;35:*.tga=01;35:*.xbm=01;35:*.xpm=01;35:*.tif=01;35:*.tiff=01;35:*.png=01;35:*.svg=01;35:*.svgz=01;35:*.mng=01;35:*.pcx=01;35:*.mov=01;35:*.mpg=01;35:*.mpeg=01;35:*.m2v=01;35:*.mkv=01;35:*.webm=01;35:*.webp=01;35:*.ogm=01;35:*.mp4=01;35:*.m4v=01;35:*.mp4v=01;35:*.vob=01;35:*.qt=01;35:*.nuv=01;35:*.wmv=01;35:*.asf=01;35:*.rm=01;35:*.rmvb=01;35:*.flc=01;35:*.avi=01;35:*.fli=01;35:*.flv=01;35:*.gl=01;35:*.dl=01;35:*.xcf=01;35:*.xwd=01;35:*.yuv=01;35:*.cgm=01;35:*.emf=01;35:*.ogv=01;35:*.ogx=01;35:*.aac=00;36:*.au=00;36:*.flac=00;36:*.m4a=00;36:*.mid=00;36:*.midi=00;36:*.mka=00;36:*.mp3=00;36:*.mpc=00;36:*.ogg=00;36:*.ra=00;36:*.wav=00;36:*.oga=00;36:*.opus=00;36:*.spx=00;36:*.xspf=00;36:*~=00;90:*#=00;90:*.bak=00;90:*.crdownload=00;90:*.dpkg-dist=00;90:*.dpkg-new=00;90:*.dpkg-old=00;90:*.dpkg-tmp=00;90:*.old=00;90:*.orig=00;90:*.part=00;90:*.rej=00;90:*.rpmnew=00;90:*.rpmorig=00;90:*.rpmsave=00;90:*.swp=00;90:*.tmp=00;90:*.ucf-dist=00;90:*.ucf-new=00;90:*.ucf-old=00;90:', 'GNOME_TERMINAL_SERVICE': ':1.135', 'SSH_AUTH_SOCK': '/run/user/1002/keyring/ssh', 'AMENT_PREFIX_PATH': '/opt/ros/jazzy', 'CONDA_PYTHON_EXE': '/home/csanimatronics/miniforge/bin/python', 'SHELL': '/bin/bash', 'QT_ACCESSIBILITY': '1', 'GDMSESSION': 'ubuntu', 'LESSCLOSE': '/usr/bin/lesspipe %s %s', 'ROS_AUTOMATIC_DISCOVERY_RANGE': 'SUBNET', 'QT_IM_MODULE': 'ibus', 'PWD': '/home/csanimatronics/CS_Animatronics/build/dynamixel_sdk_custom_interfaces', 'LC_ALL': 'en_US.UTF-8', 'XDG_CONFIG_DIRS': '/etc/xdg/xdg-ubuntu:/etc/xdg', 'CONDA_EXE': '/home/csanimatronics/miniforge/bin/conda', 'XDG_DATA_DIRS': '/usr/share/ubuntu:/usr/share/gnome:/usr/local/share/:/usr/share/:/var/lib/snapd/desktop', 'PYTHONPATH': '/opt/ros/jazzy/lib/python3.12/site-packages', 'COLCON': '1', 'MEMORY_PRESSURE_WRITE': 'c29tZSAyMDAwMDAgMjAwMDAwMAA=', 'VTE_VERSION': '7600', 'CMAKE_PREFIX_PATH': '/opt/ros/jazzy/opt/gz_math_vendor:/opt/ros/jazzy/opt/gz_utils_vendor:/opt/ros/jazzy/opt/gz_cmake_vendor:/opt/ros/jazzy'}), 'shell': False}
[24.917018] (dynamixel_sdk_custom_interfaces) StdoutLine: {'line': b'-- Install configuration: ""\n'}
[24.917356] (dynamixel_sdk_custom_interfaces) StdoutLine: {'line': b'-- Installing: /home/csanimatronics/CS_Animatronics/install/dynamixel_sdk_custom_interfaces/share/ament_index/resource_index/rosidl_interfaces/dynamixel_sdk_custom_interfaces\n'}
[24.917688] (dynamixel_sdk_custom_interfaces) StdoutLine: {'line': b'-- Installing: /home/csanimatronics/CS_Animatronics/install/dynamixel_sdk_custom_interfaces/share/dynamixel_sdk_custom_interfaces/msg/SetPosition.json\n'}
[24.917965] (dynamixel_sdk_custom_interfaces) StdoutLine: {'line': b'-- Installing: /home/csanimatronics/CS_Animatronics/install/dynamixel_sdk_custom_interfaces/share/dynamixel_sdk_custom_interfaces/srv/GetPosition.json\n'}
[24.918163] (dynamixel_sdk_custom_interfaces) StdoutLine: {'line': b'-- Installing: /home/csanimatronics/CS_Animatronics/install/dynamixel_sdk_custom_interfaces/include/dynamixel_sdk_custom_interfaces/dynamixel_sdk_custom_interfaces\n'}
[24.918324] (dynamixel_sdk_custom_interfaces) StdoutLine: {'line': b'-- Installing: /home/csanimatronics/CS_Animatronics/install/dynamixel_sdk_custom_interfaces/include/dynamixel_sdk_custom_interfaces/dynamixel_sdk_custom_interfaces/msg\n'}
[24.918446] (dynamixel_sdk_custom_interfaces) StdoutLine: {'line': b'-- Installing: /home/csanimatronics/CS_Animatronics/install/dynamixel_sdk_custom_interfaces/include/dynamixel_sdk_custom_interfaces/dynamixel_sdk_custom_interfaces/msg/set_position.h\n'}
[24.918564] (dynamixel_sdk_custom_interfaces) StdoutLine: {'line': b'-- Installing: /home/csanimatronics/CS_Animatronics/install/dynamixel_sdk_custom_interfaces/include/dynamixel_sdk_custom_interfaces/dynamixel_sdk_custom_interfaces/msg/detail\n'}
[24.918683] (dynamixel_sdk_custom_interfaces) StdoutLine: {'line': b'-- Installing: /home/csanimatronics/CS_Animatronics/install/dynamixel_sdk_custom_interfaces/include/dynamixel_sdk_custom_interfaces/dynamixel_sdk_custom_interfaces/msg/detail/set_position__type_support.c\n'}
[24.918835] (dynamixel_sdk_custom_interfaces) StdoutLine: {'line': b'-- Installing: /home/csanimatronics/CS_Animatronics/install/dynamixel_sdk_custom_interfaces/include/dynamixel_sdk_custom_interfaces/dynamixel_sdk_custom_interfaces/msg/detail/set_position__description.c\n'}
[24.919006] (dynamixel_sdk_custom_interfaces) StdoutLine: {'line': b'-- Installing: /home/csanimatronics/CS_Animatronics/install/dynamixel_sdk_custom_interfaces/include/dynamixel_sdk_custom_interfaces/dynamixel_sdk_custom_interfaces/msg/detail/set_position__functions.c\n'}
[24.919125] (dynamixel_sdk_custom_interfaces) StdoutLine: {'line': b'-- Installing: /home/csanimatronics/CS_Animatronics/install/dynamixel_sdk_custom_interfaces/include/dynamixel_sdk_custom_interfaces/dynamixel_sdk_custom_interfaces/msg/detail/set_position__type_support.h\n'}
[24.919267] (dynamixel_sdk_custom_interfaces) StdoutLine: {'line': b'-- Installing: /home/csanimatronics/CS_Animatronics/install/dynamixel_sdk_custom_interfaces/include/dynamixel_sdk_custom_interfaces/dynamixel_sdk_custom_interfaces/msg/detail/set_position__struct.h\n'}
[24.919400] (dynamixel_sdk_custom_interfaces) StdoutLine: {'line': b'-- Installing: /home/csanimatronics/CS_Animatronics/install/dynamixel_sdk_custom_interfaces/include/dynamixel_sdk_custom_interfaces/dynamixel_sdk_custom_interfaces/msg/detail/set_position__functions.h\n'}
[24.919560] (dynamixel_sdk_custom_interfaces) StdoutLine: {'line': b'-- Installing: /home/csanimatronics/CS_Animatronics/install/dynamixel_sdk_custom_interfaces/include/dynamixel_sdk_custom_interfaces/dynamixel_sdk_custom_interfaces/msg/rosidl_generator_c__visibility_control.h\n'}
[24.919700] (dynamixel_sdk_custom_interfaces) StdoutLine: {'line': b'-- Installing: /home/csanimatronics/CS_Animatronics/install/dynamixel_sdk_custom_interfaces/include/dynamixel_sdk_custom_interfaces/dynamixel_sdk_custom_interfaces/srv\n'}
[24.919859] (dynamixel_sdk_custom_interfaces) StdoutLine: {'line': b'-- Installing: /home/csanimatronics/CS_Animatronics/install/dynamixel_sdk_custom_interfaces/include/dynamixel_sdk_custom_interfaces/dynamixel_sdk_custom_interfaces/srv/get_position.h\n'}
[24.919984] (dynamixel_sdk_custom_interfaces) StdoutLine: {'line': b'-- Installing: /home/csanimatronics/CS_Animatronics/install/dynamixel_sdk_custom_interfaces/include/dynamixel_sdk_custom_interfaces/dynamixel_sdk_custom_interfaces/srv/detail\n'}
[24.920088] (dynamixel_sdk_custom_interfaces) StdoutLine: {'line': b'-- Installing: /home/csanimatronics/CS_Animatronics/install/dynamixel_sdk_custom_interfaces/include/dynamixel_sdk_custom_interfaces/dynamixel_sdk_custom_interfaces/srv/detail/get_position__functions.h\n'}
[24.920299] (dynamixel_sdk_custom_interfaces) StdoutLine: {'line': b'-- Installing: /home/csanimatronics/CS_Animatronics/install/dynamixel_sdk_custom_interfaces/include/dynamixel_sdk_custom_interfaces/dynamixel_sdk_custom_interfaces/srv/detail/get_position__type_support.c\n'}
[24.920440] (dynamixel_sdk_custom_interfaces) StdoutLine: {'line': b'-- Installing: /home/csanimatronics/CS_Animatronics/install/dynamixel_sdk_custom_interfaces/include/dynamixel_sdk_custom_interfaces/dynamixel_sdk_custom_interfaces/srv/detail/get_position__type_support.h\n'}
[24.920574] (dynamixel_sdk_custom_interfaces) StdoutLine: {'line': b'-- Installing: /home/csanimatronics/CS_Animatronics/install/dynamixel_sdk_custom_interfaces/include/dynamixel_sdk_custom_interfaces/dynamixel_sdk_custom_interfaces/srv/detail/get_position__description.c\n'}
[24.920744] (dynamixel_sdk_custom_interfaces) StdoutLine: {'line': b'-- Installing: /home/csanimatronics/CS_Animatronics/install/dynamixel_sdk_custom_interfaces/include/dynamixel_sdk_custom_interfaces/dynamixel_sdk_custom_interfaces/srv/detail/get_position__struct.h\n'}
[24.920910] (dynamixel_sdk_custom_interfaces) StdoutLine: {'line': b'-- Installing: /home/csanimatronics/CS_Animatronics/install/dynamixel_sdk_custom_interfaces/include/dynamixel_sdk_custom_interfaces/dynamixel_sdk_custom_interfaces/srv/detail/get_position__functions.c\n'}
[24.921255] (dynamixel_sdk_custom_interfaces) StdoutLine: {'line': b'-- Installing: /home/csanimatronics/CS_Animatronics/install/dynamixel_sdk_custom_interfaces/share/dynamixel_sdk_custom_interfaces/environment/library_path.sh\n'}
[24.921443] (dynamixel_sdk_custom_interfaces) StdoutLine: {'line': b'-- Installing: /home/csanimatronics/CS_Animatronics/install/dynamixel_sdk_custom_interfaces/share/dynamixel_sdk_custom_interfaces/environment/library_path.dsv\n'}
[24.921712] (dynamixel_sdk_custom_interfaces) StdoutLine: {'line': b'-- Installing: /home/csanimatronics/CS_Animatronics/install/dynamixel_sdk_custom_interfaces/lib/libdynamixel_sdk_custom_interfaces__rosidl_generator_c.so\n'}
[24.922400] (dynamixel_sdk_custom_interfaces) StdoutLine: {'line': b'-- Set non-toolchain portion of runtime path of "/home/csanimatronics/CS_Animatronics/install/dynamixel_sdk_custom_interfaces/lib/libdynamixel_sdk_custom_interfaces__rosidl_generator_c.so" to ""\n'}
[24.922560] (dynamixel_sdk_custom_interfaces) StdoutLine: {'line': b'-- Up-to-date: /home/csanimatronics/CS_Animatronics/install/dynamixel_sdk_custom_interfaces/include/dynamixel_sdk_custom_interfaces/dynamixel_sdk_custom_interfaces\n'}
[24.922698] (dynamixel_sdk_custom_interfaces) StdoutLine: {'line': b'-- Up-to-date: /home/csanimatronics/CS_Animatronics/install/dynamixel_sdk_custom_interfaces/include/dynamixel_sdk_custom_interfaces/dynamixel_sdk_custom_interfaces/msg\n'}
[24.922808] (dynamixel_sdk_custom_interfaces) StdoutLine: {'line': b'-- Installing: /home/csanimatronics/CS_Animatronics/install/dynamixel_sdk_custom_interfaces/include/dynamixel_sdk_custom_interfaces/dynamixel_sdk_custom_interfaces/msg/rosidl_typesupport_fastrtps_c__visibility_control.h\n'}
[24.922954] (dynamixel_sdk_custom_interfaces) StdoutLine: {'line': b'-- Up-to-date: /home/csanimatronics/CS_Animatronics/install/dynamixel_sdk_custom_interfaces/include/dynamixel_sdk_custom_interfaces/dynamixel_sdk_custom_interfaces/msg/detail\n'}
[24.923091] (dynamixel_sdk_custom_interfaces) StdoutLine: {'line': b'-- Installing: /home/csanimatronics/CS_Animatronics/install/dynamixel_sdk_custom_interfaces/include/dynamixel_sdk_custom_interfaces/dynamixel_sdk_custom_interfaces/msg/detail/set_position__rosidl_typesupport_fastrtps_c.h\n'}
[24.923186] (dynamixel_sdk_custom_interfaces) StdoutLine: {'line': b'-- Up-to-date: /home/csanimatronics/CS_Animatronics/install/dynamixel_sdk_custom_interfaces/include/dynamixel_sdk_custom_interfaces/dynamixel_sdk_custom_interfaces/srv\n'}
[24.923282] (dynamixel_sdk_custom_interfaces) StdoutLine: {'line': b'-- Up-to-date: /home/csanimatronics/CS_Animatronics/install/dynamixel_sdk_custom_interfaces/include/dynamixel_sdk_custom_interfaces/dynamixel_sdk_custom_interfaces/srv/detail\n'}
[24.923423] (dynamixel_sdk_custom_interfaces) StdoutLine: {'line': b'-- Installing: /home/csanimatronics/CS_Animatronics/install/dynamixel_sdk_custom_interfaces/include/dynamixel_sdk_custom_interfaces/dynamixel_sdk_custom_interfaces/srv/detail/get_position__rosidl_typesupport_fastrtps_c.h\n'}
[24.923524] (dynamixel_sdk_custom_interfaces) StdoutLine: {'line': b'-- Installing: /home/csanimatronics/CS_Animatronics/install/dynamixel_sdk_custom_interfaces/lib/libdynamixel_sdk_custom_interfaces__rosidl_typesupport_fastrtps_c.so\n'}
[24.924008] (dynamixel_sdk_custom_interfaces) StdoutLine: {'line': b'-- Set non-toolchain portion of runtime path of "/home/csanimatronics/CS_Animatronics/install/dynamixel_sdk_custom_interfaces/lib/libdynamixel_sdk_custom_interfaces__rosidl_typesupport_fastrtps_c.so" to ""\n'}
[24.924223] (dynamixel_sdk_custom_interfaces) StdoutLine: {'line': b'-- Up-to-date: /home/csanimatronics/CS_Animatronics/install/dynamixel_sdk_custom_interfaces/include/dynamixel_sdk_custom_interfaces/dynamixel_sdk_custom_interfaces\n'}
[24.924317] (dynamixel_sdk_custom_interfaces) StdoutLine: {'line': b'-- Up-to-date: /home/csanimatronics/CS_Animatronics/install/dynamixel_sdk_custom_interfaces/include/dynamixel_sdk_custom_interfaces/dynamixel_sdk_custom_interfaces/msg\n'}
[24.924405] (dynamixel_sdk_custom_interfaces) StdoutLine: {'line': b'-- Installing: /home/csanimatronics/CS_Animatronics/install/dynamixel_sdk_custom_interfaces/include/dynamixel_sdk_custom_interfaces/dynamixel_sdk_custom_interfaces/msg/set_position.hpp\n'}
[24.924529] (dynamixel_sdk_custom_interfaces) StdoutLine: {'line': b'-- Installing: /home/csanimatronics/CS_Animatronics/install/dynamixel_sdk_custom_interfaces/include/dynamixel_sdk_custom_interfaces/dynamixel_sdk_custom_interfaces/msg/rosidl_generator_cpp__visibility_control.hpp\n'}
[24.924624] (dynamixel_sdk_custom_interfaces) StdoutLine: {'line': b'-- Up-to-date: /home/csanimatronics/CS_Animatronics/install/dynamixel_sdk_custom_interfaces/include/dynamixel_sdk_custom_interfaces/dynamixel_sdk_custom_interfaces/msg/detail\n'}
[24.924730] (dynamixel_sdk_custom_interfaces) StdoutLine: {'line': b'-- Installing: /home/csanimatronics/CS_Animatronics/install/dynamixel_sdk_custom_interfaces/include/dynamixel_sdk_custom_interfaces/dynamixel_sdk_custom_interfaces/msg/detail/set_position__type_support.hpp\n'}
[24.924862] (dynamixel_sdk_custom_interfaces) StdoutLine: {'line': b'-- Installing: /home/csanimatronics/CS_Animatronics/install/dynamixel_sdk_custom_interfaces/include/dynamixel_sdk_custom_interfaces/dynamixel_sdk_custom_interfaces/msg/detail/set_position__struct.hpp\n'}
[24.924987] (dynamixel_sdk_custom_interfaces) StdoutLine: {'line': b'-- Installing: /home/csanimatronics/CS_Animatronics/install/dynamixel_sdk_custom_interfaces/include/dynamixel_sdk_custom_interfaces/dynamixel_sdk_custom_interfaces/msg/detail/set_position__traits.hpp\n'}
[24.925106] (dynamixel_sdk_custom_interfaces) StdoutLine: {'line': b'-- Installing: /home/csanimatronics/CS_Animatronics/install/dynamixel_sdk_custom_interfaces/include/dynamixel_sdk_custom_interfaces/dynamixel_sdk_custom_interfaces/msg/detail/set_position__builder.hpp\n'}
[24.925230] (dynamixel_sdk_custom_interfaces) StdoutLine: {'line': b'-- Up-to-date: /home/csanimatronics/CS_Animatronics/install/dynamixel_sdk_custom_interfaces/include/dynamixel_sdk_custom_interfaces/dynamixel_sdk_custom_interfaces/srv\n'}
[24.925328] (dynamixel_sdk_custom_interfaces) StdoutLine: {'line': b'-- Up-to-date: /home/csanimatronics/CS_Animatronics/install/dynamixel_sdk_custom_interfaces/include/dynamixel_sdk_custom_interfaces/dynamixel_sdk_custom_interfaces/srv/detail\n'}
[24.925451] (dynamixel_sdk_custom_interfaces) StdoutLine: {'line': b'-- Installing: /home/csanimatronics/CS_Animatronics/install/dynamixel_sdk_custom_interfaces/include/dynamixel_sdk_custom_interfaces/dynamixel_sdk_custom_interfaces/srv/detail/get_position__type_support.hpp\n'}
[24.925560] (dynamixel_sdk_custom_interfaces) StdoutLine: {'line': b'-- Installing: /home/csanimatronics/CS_Animatronics/install/dynamixel_sdk_custom_interfaces/include/dynamixel_sdk_custom_interfaces/dynamixel_sdk_custom_interfaces/srv/detail/get_position__builder.hpp\n'}
[24.925643] (dynamixel_sdk_custom_interfaces) StdoutLine: {'line': b'-- Installing: /home/csanimatronics/CS_Animatronics/install/dynamixel_sdk_custom_interfaces/include/dynamixel_sdk_custom_interfaces/dynamixel_sdk_custom_interfaces/srv/detail/get_position__struct.hpp\n'}
[24.925740] (dynamixel_sdk_custom_interfaces) StdoutLine: {'line': b'-- Installing: /home/csanimatronics/CS_Animatronics/install/dynamixel_sdk_custom_interfaces/include/dynamixel_sdk_custom_interfaces/dynamixel_sdk_custom_interfaces/srv/detail/get_position__traits.hpp\n'}
[24.925887] (dynamixel_sdk_custom_interfaces) StdoutLine: {'line': b'-- Installing: /home/csanimatronics/CS_Animatronics/install/dynamixel_sdk_custom_interfaces/include/dynamixel_sdk_custom_interfaces/dynamixel_sdk_custom_interfaces/srv/get_position.hpp\n'}
[24.926102] (dynamixel_sdk_custom_interfaces) StdoutLine: {'line': b'-- Up-to-date: /home/csanimatronics/CS_Animatronics/install/dynamixel_sdk_custom_interfaces/include/dynamixel_sdk_custom_interfaces/dynamixel_sdk_custom_interfaces\n'}
[24.926265] (dynamixel_sdk_custom_interfaces) StdoutLine: {'line': b'-- Up-to-date: /home/csanimatronics/CS_Animatronics/install/dynamixel_sdk_custom_interfaces/include/dynamixel_sdk_custom_interfaces/dynamixel_sdk_custom_interfaces/msg\n'}
[24.926371] (dynamixel_sdk_custom_interfaces) StdoutLine: {'line': b'-- Installing: /home/csanimatronics/CS_Animatronics/install/dynamixel_sdk_custom_interfaces/include/dynamixel_sdk_custom_interfaces/dynamixel_sdk_custom_interfaces/msg/rosidl_typesupport_fastrtps_cpp__visibility_control.h\n'}
[24.926461] (dynamixel_sdk_custom_interfaces) StdoutLine: {'line': b'-- Up-to-date: /home/csanimatronics/CS_Animatronics/install/dynamixel_sdk_custom_interfaces/include/dynamixel_sdk_custom_interfaces/dynamixel_sdk_custom_interfaces/msg/detail\n'}
[24.926569] (dynamixel_sdk_custom_interfaces) StdoutLine: {'line': b'-- Installing: /home/csanimatronics/CS_Animatronics/install/dynamixel_sdk_custom_interfaces/include/dynamixel_sdk_custom_interfaces/dynamixel_sdk_custom_interfaces/msg/detail/set_position__rosidl_typesupport_fastrtps_cpp.hpp\n'}
[24.926679] (dynamixel_sdk_custom_interfaces) StdoutLine: {'line': b'-- Installing: /home/csanimatronics/CS_Animatronics/install/dynamixel_sdk_custom_interfaces/include/dynamixel_sdk_custom_interfaces/dynamixel_sdk_custom_interfaces/msg/detail/dds_fastrtps\n'}
[24.926816] (dynamixel_sdk_custom_interfaces) StdoutLine: {'line': b'-- Up-to-date: /home/csanimatronics/CS_Animatronics/install/dynamixel_sdk_custom_interfaces/include/dynamixel_sdk_custom_interfaces/dynamixel_sdk_custom_interfaces/srv\n'}
[24.926941] (dynamixel_sdk_custom_interfaces) StdoutLine: {'line': b'-- Up-to-date: /home/csanimatronics/CS_Animatronics/install/dynamixel_sdk_custom_interfaces/include/dynamixel_sdk_custom_interfaces/dynamixel_sdk_custom_interfaces/srv/detail\n'}
[24.927026] (dynamixel_sdk_custom_interfaces) StdoutLine: {'line': b'-- Installing: /home/csanimatronics/CS_Animatronics/install/dynamixel_sdk_custom_interfaces/include/dynamixel_sdk_custom_interfaces/dynamixel_sdk_custom_interfaces/srv/detail/dds_fastrtps\n'}
[24.927108] (dynamixel_sdk_custom_interfaces) StdoutLine: {'line': b'-- Installing: /home/csanimatronics/CS_Animatronics/install/dynamixel_sdk_custom_interfaces/include/dynamixel_sdk_custom_interfaces/dynamixel_sdk_custom_interfaces/srv/detail/get_position__rosidl_typesupport_fastrtps_cpp.hpp\n'}
[24.927228] (dynamixel_sdk_custom_interfaces) StdoutLine: {'line': b'-- Installing: /home/csanimatronics/CS_Animatronics/install/dynamixel_sdk_custom_interfaces/lib/libdynamixel_sdk_custom_interfaces__rosidl_typesupport_fastrtps_cpp.so\n'}
[24.928106] (dynamixel_sdk_custom_interfaces) StdoutLine: {'line': b'-- Set non-toolchain portion of runtime path of "/home/csanimatronics/CS_Animatronics/install/dynamixel_sdk_custom_interfaces/lib/libdynamixel_sdk_custom_interfaces__rosidl_typesupport_fastrtps_cpp.so" to ""\n'}
[24.928308] (dynamixel_sdk_custom_interfaces) StdoutLine: {'line': b'-- Up-to-date: /home/csanimatronics/CS_Animatronics/install/dynamixel_sdk_custom_interfaces/include/dynamixel_sdk_custom_interfaces/dynamixel_sdk_custom_interfaces\n'}
[24.928411] (dynamixel_sdk_custom_interfaces) StdoutLine: {'line': b'-- Up-to-date: /home/csanimatronics/CS_Animatronics/install/dynamixel_sdk_custom_interfaces/include/dynamixel_sdk_custom_interfaces/dynamixel_sdk_custom_interfaces/msg\n'}
[24.928544] (dynamixel_sdk_custom_interfaces) StdoutLine: {'line': b'-- Installing: /home/csanimatronics/CS_Animatronics/install/dynamixel_sdk_custom_interfaces/include/dynamixel_sdk_custom_interfaces/dynamixel_sdk_custom_interfaces/msg/rosidl_typesupport_introspection_c__visibility_control.h\n'}
[24.928635] (dynamixel_sdk_custom_interfaces) StdoutLine: {'line': b'-- Up-to-date: /home/csanimatronics/CS_Animatronics/install/dynamixel_sdk_custom_interfaces/include/dynamixel_sdk_custom_interfaces/dynamixel_sdk_custom_interfaces/msg/detail\n'}
[24.928719] (dynamixel_sdk_custom_interfaces) StdoutLine: {'line': b'-- Installing: /home/csanimatronics/CS_Animatronics/install/dynamixel_sdk_custom_interfaces/include/dynamixel_sdk_custom_interfaces/dynamixel_sdk_custom_interfaces/msg/detail/set_position__type_support.c\n'}
[24.928860] (dynamixel_sdk_custom_interfaces) StdoutLine: {'line': b'-- Installing: /home/csanimatronics/CS_Animatronics/install/dynamixel_sdk_custom_interfaces/include/dynamixel_sdk_custom_interfaces/dynamixel_sdk_custom_interfaces/msg/detail/set_position__rosidl_typesupport_introspection_c.h\n'}
[24.928983] (dynamixel_sdk_custom_interfaces) StdoutLine: {'line': b'-- Up-to-date: /home/csanimatronics/CS_Animatronics/install/dynamixel_sdk_custom_interfaces/include/dynamixel_sdk_custom_interfaces/dynamixel_sdk_custom_interfaces/srv\n'}
[24.929123] (dynamixel_sdk_custom_interfaces) StdoutLine: {'line': b'-- Up-to-date: /home/csanimatronics/CS_Animatronics/install/dynamixel_sdk_custom_interfaces/include/dynamixel_sdk_custom_interfaces/dynamixel_sdk_custom_interfaces/srv/detail\n'}
[24.929242] (dynamixel_sdk_custom_interfaces) StdoutLine: {'line': b'-- Installing: /home/csanimatronics/CS_Animatronics/install/dynamixel_sdk_custom_interfaces/include/dynamixel_sdk_custom_interfaces/dynamixel_sdk_custom_interfaces/srv/detail/get_position__rosidl_typesupport_introspection_c.h\n'}
[24.929377] (dynamixel_sdk_custom_interfaces) StdoutLine: {'line': b'-- Installing: /home/csanimatronics/CS_Animatronics/install/dynamixel_sdk_custom_interfaces/include/dynamixel_sdk_custom_interfaces/dynamixel_sdk_custom_interfaces/srv/detail/get_position__type_support.c\n'}
[24.929519] (dynamixel_sdk_custom_interfaces) StdoutLine: {'line': b'-- Installing: /home/csanimatronics/CS_Animatronics/install/dynamixel_sdk_custom_interfaces/lib/libdynamixel_sdk_custom_interfaces__rosidl_typesupport_introspection_c.so\n'}
[24.930179] (dynamixel_sdk_custom_interfaces) StdoutLine: {'line': b'-- Set non-toolchain portion of runtime path of "/home/csanimatronics/CS_Animatronics/install/dynamixel_sdk_custom_interfaces/lib/libdynamixel_sdk_custom_interfaces__rosidl_typesupport_introspection_c.so" to ""\n'}
[24.930341] (dynamixel_sdk_custom_interfaces) StdoutLine: {'line': b'-- Installing: /home/csanimatronics/CS_Animatronics/install/dynamixel_sdk_custom_interfaces/lib/libdynamixel_sdk_custom_interfaces__rosidl_typesupport_c.so\n'}
[24.931009] (dynamixel_sdk_custom_interfaces) StdoutLine: {'line': b'-- Set non-toolchain portion of runtime path of "/home/csanimatronics/CS_Animatronics/install/dynamixel_sdk_custom_interfaces/lib/libdynamixel_sdk_custom_interfaces__rosidl_typesupport_c.so" to ""\n'}
[24.931194] (dynamixel_sdk_custom_interfaces) StdoutLine: {'line': b'-- Up-to-date: /home/csanimatronics/CS_Animatronics/install/dynamixel_sdk_custom_interfaces/include/dynamixel_sdk_custom_interfaces/dynamixel_sdk_custom_interfaces\n'}
[24.931300] (dynamixel_sdk_custom_interfaces) StdoutLine: {'line': b'-- Up-to-date: /home/csanimatronics/CS_Animatronics/install/dynamixel_sdk_custom_interfaces/include/dynamixel_sdk_custom_interfaces/dynamixel_sdk_custom_interfaces/msg\n'}
[24.931418] (dynamixel_sdk_custom_interfaces) StdoutLine: {'line': b'-- Up-to-date: /home/csanimatronics/CS_Animatronics/install/dynamixel_sdk_custom_interfaces/include/dynamixel_sdk_custom_interfaces/dynamixel_sdk_custom_interfaces/msg/detail\n'}
[24.931552] (dynamixel_sdk_custom_interfaces) StdoutLine: {'line': b'-- Installing: /home/csanimatronics/CS_Animatronics/install/dynamixel_sdk_custom_interfaces/include/dynamixel_sdk_custom_interfaces/dynamixel_sdk_custom_interfaces/msg/detail/set_position__type_support.cpp\n'}
[24.931645] (dynamixel_sdk_custom_interfaces) StdoutLine: {'line': b'-- Installing: /home/csanimatronics/CS_Animatronics/install/dynamixel_sdk_custom_interfaces/include/dynamixel_sdk_custom_interfaces/dynamixel_sdk_custom_interfaces/msg/detail/set_position__rosidl_typesupport_introspection_cpp.hpp\n'}
[24.931794] (dynamixel_sdk_custom_interfaces) StdoutLine: {'line': b'-- Up-to-date: /home/csanimatronics/CS_Animatronics/install/dynamixel_sdk_custom_interfaces/include/dynamixel_sdk_custom_interfaces/dynamixel_sdk_custom_interfaces/srv\n'}
[24.931907] (dynamixel_sdk_custom_interfaces) StdoutLine: {'line': b'-- Up-to-date: /home/csanimatronics/CS_Animatronics/install/dynamixel_sdk_custom_interfaces/include/dynamixel_sdk_custom_interfaces/dynamixel_sdk_custom_interfaces/srv/detail\n'}
[24.931999] (dynamixel_sdk_custom_interfaces) StdoutLine: {'line': b'-- Installing: /home/csanimatronics/CS_Animatronics/install/dynamixel_sdk_custom_interfaces/include/dynamixel_sdk_custom_interfaces/dynamixel_sdk_custom_interfaces/srv/detail/get_position__type_support.cpp\n'}
[24.932121] (dynamixel_sdk_custom_interfaces) StdoutLine: {'line': b'-- Installing: /home/csanimatronics/CS_Animatronics/install/dynamixel_sdk_custom_interfaces/include/dynamixel_sdk_custom_interfaces/dynamixel_sdk_custom_interfaces/srv/detail/get_position__rosidl_typesupport_introspection_cpp.hpp\n'}
[24.932236] (dynamixel_sdk_custom_interfaces) StdoutLine: {'line': b'-- Installing: /home/csanimatronics/CS_Animatronics/install/dynamixel_sdk_custom_interfaces/lib/libdynamixel_sdk_custom_interfaces__rosidl_typesupport_introspection_cpp.so\n'}
[24.932944] (dynamixel_sdk_custom_interfaces) StdoutLine: {'line': b'-- Set non-toolchain portion of runtime path of "/home/csanimatronics/CS_Animatronics/install/dynamixel_sdk_custom_interfaces/lib/libdynamixel_sdk_custom_interfaces__rosidl_typesupport_introspection_cpp.so" to ""\n'}
[24.933124] (dynamixel_sdk_custom_interfaces) StdoutLine: {'line': b'-- Installing: /home/csanimatronics/CS_Animatronics/install/dynamixel_sdk_custom_interfaces/lib/libdynamixel_sdk_custom_interfaces__rosidl_typesupport_cpp.so\n'}
[24.933710] (dynamixel_sdk_custom_interfaces) StdoutLine: {'line': b'-- Set non-toolchain portion of runtime path of "/home/csanimatronics/CS_Animatronics/install/dynamixel_sdk_custom_interfaces/lib/libdynamixel_sdk_custom_interfaces__rosidl_typesupport_cpp.so" to ""\n'}
[24.933874] (dynamixel_sdk_custom_interfaces) StdoutLine: {'line': b'-- Installing: /home/csanimatronics/CS_Animatronics/install/dynamixel_sdk_custom_interfaces/share/dynamixel_sdk_custom_interfaces/environment/pythonpath.sh\n'}
[24.934124] (dynamixel_sdk_custom_interfaces) StdoutLine: {'line': b'-- Installing: /home/csanimatronics/CS_Animatronics/install/dynamixel_sdk_custom_interfaces/share/dynamixel_sdk_custom_interfaces/environment/pythonpath.dsv\n'}
[24.934308] (dynamixel_sdk_custom_interfaces) StdoutLine: {'line': b'-- Installing: /home/csanimatronics/CS_Animatronics/install/dynamixel_sdk_custom_interfaces/lib/python3.12/site-packages/dynamixel_sdk_custom_interfaces-3.7.60-py3.12.egg-info\n'}
[24.934476] (dynamixel_sdk_custom_interfaces) StdoutLine: {'line': b'-- Installing: /home/csanimatronics/CS_Animatronics/install/dynamixel_sdk_custom_interfaces/lib/python3.12/site-packages/dynamixel_sdk_custom_interfaces-3.7.60-py3.12.egg-info/SOURCES.txt\n'}
[24.934636] (dynamixel_sdk_custom_interfaces) StdoutLine: {'line': b'-- Installing: /home/csanimatronics/CS_Animatronics/install/dynamixel_sdk_custom_interfaces/lib/python3.12/site-packages/dynamixel_sdk_custom_interfaces-3.7.60-py3.12.egg-info/top_level.txt\n'}
[24.934761] (dynamixel_sdk_custom_interfaces) StdoutLine: {'line': b'-- Installing: /home/csanimatronics/CS_Animatronics/install/dynamixel_sdk_custom_interfaces/lib/python3.12/site-packages/dynamixel_sdk_custom_interfaces-3.7.60-py3.12.egg-info/PKG-INFO\n'}
[24.934916] (dynamixel_sdk_custom_interfaces) StdoutLine: {'line': b'-- Installing: /home/csanimatronics/CS_Animatronics/install/dynamixel_sdk_custom_interfaces/lib/python3.12/site-packages/dynamixel_sdk_custom_interfaces-3.7.60-py3.12.egg-info/dependency_links.txt\n'}
[24.935163] (dynamixel_sdk_custom_interfaces) StdoutLine: {'line': b'-- Installing: /home/csanimatronics/CS_Animatronics/install/dynamixel_sdk_custom_interfaces/lib/python3.12/site-packages/dynamixel_sdk_custom_interfaces\n'}
[24.935333] (dynamixel_sdk_custom_interfaces) StdoutLine: {'line': b'-- Installing: /home/csanimatronics/CS_Animatronics/install/dynamixel_sdk_custom_interfaces/lib/python3.12/site-packages/dynamixel_sdk_custom_interfaces/__init__.py\n'}
[24.935504] (dynamixel_sdk_custom_interfaces) StdoutLine: {'line': b'-- Installing: /home/csanimatronics/CS_Animatronics/install/dynamixel_sdk_custom_interfaces/lib/python3.12/site-packages/dynamixel_sdk_custom_interfaces/msg\n'}
[24.935627] (dynamixel_sdk_custom_interfaces) StdoutLine: {'line': b'-- Installing: /home/csanimatronics/CS_Animatronics/install/dynamixel_sdk_custom_interfaces/lib/python3.12/site-packages/dynamixel_sdk_custom_interfaces/msg/__init__.py\n'}
[24.935738] (dynamixel_sdk_custom_interfaces) StdoutLine: {'line': b'-- Installing: /home/csanimatronics/CS_Animatronics/install/dynamixel_sdk_custom_interfaces/lib/python3.12/site-packages/dynamixel_sdk_custom_interfaces/msg/_set_position_s.c\n'}
[24.935921] (dynamixel_sdk_custom_interfaces) StdoutLine: {'line': b'-- Installing: /home/csanimatronics/CS_Animatronics/install/dynamixel_sdk_custom_interfaces/lib/python3.12/site-packages/dynamixel_sdk_custom_interfaces/msg/_set_position.py\n'}
[24.936067] (dynamixel_sdk_custom_interfaces) StdoutLine: {'line': b'-- Installing: /home/csanimatronics/CS_Animatronics/install/dynamixel_sdk_custom_interfaces/lib/python3.12/site-packages/dynamixel_sdk_custom_interfaces/_dynamixel_sdk_custom_interfaces_s.ep.rosidl_typesupport_c.c\n'}
[24.936233] (dynamixel_sdk_custom_interfaces) StdoutLine: {'line': b'-- Installing: /home/csanimatronics/CS_Animatronics/install/dynamixel_sdk_custom_interfaces/lib/python3.12/site-packages/dynamixel_sdk_custom_interfaces/_dynamixel_sdk_custom_interfaces_s.ep.rosidl_typesupport_introspection_c.c\n'}
[24.936460] (dynamixel_sdk_custom_interfaces) StdoutLine: {'line': b'-- Installing: /home/csanimatronics/CS_Animatronics/install/dynamixel_sdk_custom_interfaces/lib/python3.12/site-packages/dynamixel_sdk_custom_interfaces/dynamixel_sdk_custom_interfaces_s__rosidl_typesupport_fastrtps_c.so\n'}
[24.936803] (dynamixel_sdk_custom_interfaces) StdoutLine: {'line': b'-- Installing: /home/csanimatronics/CS_Animatronics/install/dynamixel_sdk_custom_interfaces/lib/python3.12/site-packages/dynamixel_sdk_custom_interfaces/dynamixel_sdk_custom_interfaces_s__rosidl_typesupport_introspection_c.so\n'}
[24.937107] (dynamixel_sdk_custom_interfaces) StdoutLine: {'line': b'-- Installing: /home/csanimatronics/CS_Animatronics/install/dynamixel_sdk_custom_interfaces/lib/python3.12/site-packages/dynamixel_sdk_custom_interfaces/srv\n'}
[24.937237] (dynamixel_sdk_custom_interfaces) StdoutLine: {'line': b'-- Installing: /home/csanimatronics/CS_Animatronics/install/dynamixel_sdk_custom_interfaces/lib/python3.12/site-packages/dynamixel_sdk_custom_interfaces/srv/_get_position_s.c\n'}
[24.937406] (dynamixel_sdk_custom_interfaces) StdoutLine: {'line': b'-- Installing: /home/csanimatronics/CS_Animatronics/install/dynamixel_sdk_custom_interfaces/lib/python3.12/site-packages/dynamixel_sdk_custom_interfaces/srv/__init__.py\n'}
[24.937547] (dynamixel_sdk_custom_interfaces) StdoutLine: {'line': b'-- Installing: /home/csanimatronics/CS_Animatronics/install/dynamixel_sdk_custom_interfaces/lib/python3.12/site-packages/dynamixel_sdk_custom_interfaces/srv/_get_position.py\n'}
[24.937754] (dynamixel_sdk_custom_interfaces) StdoutLine: {'line': b'-- Installing: /home/csanimatronics/CS_Animatronics/install/dynamixel_sdk_custom_interfaces/lib/python3.12/site-packages/dynamixel_sdk_custom_interfaces/_dynamixel_sdk_custom_interfaces_s.ep.rosidl_typesupport_fastrtps_c.c\n'}
[24.937986] (dynamixel_sdk_custom_interfaces) StdoutLine: {'line': b'-- Installing: /home/csanimatronics/CS_Animatronics/install/dynamixel_sdk_custom_interfaces/lib/python3.12/site-packages/dynamixel_sdk_custom_interfaces/dynamixel_sdk_custom_interfaces_s__rosidl_typesupport_c.so\n'}
[24.971743] (-) TimerEvent: {}
[25.013655] (dynamixel_sdk_custom_interfaces) StdoutLine: {'line': b"Listing '/home/csanimatronics/CS_Animatronics/install/dynamixel_sdk_custom_interfaces/lib/python3.12/site-packages/dynamixel_sdk_custom_interfaces'...\n"}
[25.014033] (dynamixel_sdk_custom_interfaces) StdoutLine: {'line': b"Compiling '/home/csanimatronics/CS_Animatronics/install/dynamixel_sdk_custom_interfaces/lib/python3.12/site-packages/dynamixel_sdk_custom_interfaces/__init__.py'...\n"}
[25.014196] (dynamixel_sdk_custom_interfaces) StdoutLine: {'line': b"Listing '/home/csanimatronics/CS_Animatronics/install/dynamixel_sdk_custom_interfaces/lib/python3.12/site-packages/dynamixel_sdk_custom_interfaces/msg'...\n"}
[25.014410] (dynamixel_sdk_custom_interfaces) StdoutLine: {'line': b"Compiling '/home/csanimatronics/CS_Animatronics/install/dynamixel_sdk_custom_interfaces/lib/python3.12/site-packages/dynamixel_sdk_custom_interfaces/msg/__init__.py'...\n"}
[25.014528] (dynamixel_sdk_custom_interfaces) StdoutLine: {'line': b"Compiling '/home/csanimatronics/CS_Animatronics/install/dynamixel_sdk_custom_interfaces/lib/python3.12/site-packages/dynamixel_sdk_custom_interfaces/msg/_set_position.py'...\n"}
[25.014627] (dynamixel_sdk_custom_interfaces) StdoutLine: {'line': b"Listing '/home/csanimatronics/CS_Animatronics/install/dynamixel_sdk_custom_interfaces/lib/python3.12/site-packages/dynamixel_sdk_custom_interfaces/srv'...\n"}
[25.014729] (dynamixel_sdk_custom_interfaces) StdoutLine: {'line': b"Compiling '/home/csanimatronics/CS_Animatronics/install/dynamixel_sdk_custom_interfaces/lib/python3.12/site-packages/dynamixel_sdk_custom_interfaces/srv/__init__.py'...\n"}
[25.014865] (dynamixel_sdk_custom_interfaces) StdoutLine: {'line': b"Compiling '/home/csanimatronics/CS_Animatronics/install/dynamixel_sdk_custom_interfaces/lib/python3.12/site-packages/dynamixel_sdk_custom_interfaces/srv/_get_position.py'...\n"}
[25.029379] (dynamixel_sdk_custom_interfaces) StdoutLine: {'line': b'-- Installing: /home/csanimatronics/CS_Animatronics/install/dynamixel_sdk_custom_interfaces/lib/python3.12/site-packages/dynamixel_sdk_custom_interfaces/dynamixel_sdk_custom_interfaces_s__rosidl_typesupport_fastrtps_c.so\n'}
[25.030075] (dynamixel_sdk_custom_interfaces) StdoutLine: {'line': b'-- Set non-toolchain portion of runtime path of "/home/csanimatronics/CS_Animatronics/install/dynamixel_sdk_custom_interfaces/lib/python3.12/site-packages/dynamixel_sdk_custom_interfaces/dynamixel_sdk_custom_interfaces_s__rosidl_typesupport_fastrtps_c.so" to ""\n'}
[25.030482] (dynamixel_sdk_custom_interfaces) StdoutLine: {'line': b'-- Installing: /home/csanimatronics/CS_Animatronics/install/dynamixel_sdk_custom_interfaces/lib/python3.12/site-packages/dynamixel_sdk_custom_interfaces/dynamixel_sdk_custom_interfaces_s__rosidl_typesupport_introspection_c.so\n'}
[25.031124] (dynamixel_sdk_custom_interfaces) StdoutLine: {'line': b'-- Set non-toolchain portion of runtime path of "/home/csanimatronics/CS_Animatronics/install/dynamixel_sdk_custom_interfaces/lib/python3.12/site-packages/dynamixel_sdk_custom_interfaces/dynamixel_sdk_custom_interfaces_s__rosidl_typesupport_introspection_c.so" to ""\n'}
[25.031503] (dynamixel_sdk_custom_interfaces) StdoutLine: {'line': b'-- Installing: /home/csanimatronics/CS_Animatronics/install/dynamixel_sdk_custom_interfaces/lib/python3.12/site-packages/dynamixel_sdk_custom_interfaces/dynamixel_sdk_custom_interfaces_s__rosidl_typesupport_c.so\n'}
[25.032115] (dynamixel_sdk_custom_interfaces) StdoutLine: {'line': b'-- Set non-toolchain portion of runtime path of "/home/csanimatronics/CS_Animatronics/install/dynamixel_sdk_custom_interfaces/lib/python3.12/site-packages/dynamixel_sdk_custom_interfaces/dynamixel_sdk_custom_interfaces_s__rosidl_typesupport_c.so" to ""\n'}
[25.032286] (dynamixel_sdk_custom_interfaces) StdoutLine: {'line': b'-- Installing: /home/csanimatronics/CS_Animatronics/install/dynamixel_sdk_custom_interfaces/lib/libdynamixel_sdk_custom_interfaces__rosidl_generator_py.so\n'}
[25.033896] (dynamixel_sdk_custom_interfaces) StdoutLine: {'line': b'-- Set non-toolchain portion of runtime path of "/home/csanimatronics/CS_Animatronics/install/dynamixel_sdk_custom_interfaces/lib/libdynamixel_sdk_custom_interfaces__rosidl_generator_py.so" to ""\n'}
[25.034093] (dynamixel_sdk_custom_interfaces) StdoutLine: {'line': b'-- Installing: /home/csanimatronics/CS_Animatronics/install/dynamixel_sdk_custom_interfaces/share/dynamixel_sdk_custom_interfaces/msg/SetPosition.idl\n'}
[25.034212] (dynamixel_sdk_custom_interfaces) StdoutLine: {'line': b'-- Installing: /home/csanimatronics/CS_Animatronics/install/dynamixel_sdk_custom_interfaces/share/dynamixel_sdk_custom_interfaces/srv/GetPosition.idl\n'}
[25.034318] (dynamixel_sdk_custom_interfaces) StdoutLine: {'line': b'-- Installing: /home/csanimatronics/CS_Animatronics/install/dynamixel_sdk_custom_interfaces/share/dynamixel_sdk_custom_interfaces/msg/SetPosition.msg\n'}
[25.034407] (dynamixel_sdk_custom_interfaces) StdoutLine: {'line': b'-- Installing: /home/csanimatronics/CS_Animatronics/install/dynamixel_sdk_custom_interfaces/share/dynamixel_sdk_custom_interfaces/srv/GetPosition.srv\n'}
[25.034503] (dynamixel_sdk_custom_interfaces) StdoutLine: {'line': b'-- Installing: /home/csanimatronics/CS_Animatronics/install/dynamixel_sdk_custom_interfaces/share/ament_index/resource_index/package_run_dependencies/dynamixel_sdk_custom_interfaces\n'}
[25.036995] (dynamixel_sdk_custom_interfaces) StdoutLine: {'line': b'-- Installing: /home/csanimatronics/CS_Animatronics/install/dynamixel_sdk_custom_interfaces/share/ament_index/resource_index/parent_prefix_path/dynamixel_sdk_custom_interfaces\n'}
[25.037300] (dynamixel_sdk_custom_interfaces) StdoutLine: {'line': b'-- Installing: /home/csanimatronics/CS_Animatronics/install/dynamixel_sdk_custom_interfaces/share/dynamixel_sdk_custom_interfaces/environment/ament_prefix_path.sh\n'}
[25.037419] (dynamixel_sdk_custom_interfaces) StdoutLine: {'line': b'-- Installing: /home/csanimatronics/CS_Animatronics/install/dynamixel_sdk_custom_interfaces/share/dynamixel_sdk_custom_interfaces/environment/ament_prefix_path.dsv\n'}
[25.037534] (dynamixel_sdk_custom_interfaces) StdoutLine: {'line': b'-- Installing: /home/csanimatronics/CS_Animatronics/install/dynamixel_sdk_custom_interfaces/share/dynamixel_sdk_custom_interfaces/environment/path.sh\n'}
[25.037705] (dynamixel_sdk_custom_interfaces) StdoutLine: {'line': b'-- Installing: /home/csanimatronics/CS_Animatronics/install/dynamixel_sdk_custom_interfaces/share/dynamixel_sdk_custom_interfaces/environment/path.dsv\n'}
[25.037891] (dynamixel_sdk_custom_interfaces) StdoutLine: {'line': b'-- Installing: /home/csanimatronics/CS_Animatronics/install/dynamixel_sdk_custom_interfaces/share/dynamixel_sdk_custom_interfaces/local_setup.bash\n'}
[25.038010] (dynamixel_sdk_custom_interfaces) StdoutLine: {'line': b'-- Installing: /home/csanimatronics/CS_Animatronics/install/dynamixel_sdk_custom_interfaces/share/dynamixel_sdk_custom_interfaces/local_setup.sh\n'}
[25.038123] (dynamixel_sdk_custom_interfaces) StdoutLine: {'line': b'-- Installing: /home/csanimatronics/CS_Animatronics/install/dynamixel_sdk_custom_interfaces/share/dynamixel_sdk_custom_interfaces/local_setup.zsh\n'}
[25.038230] (dynamixel_sdk_custom_interfaces) StdoutLine: {'line': b'-- Installing: /home/csanimatronics/CS_Animatronics/install/dynamixel_sdk_custom_interfaces/share/dynamixel_sdk_custom_interfaces/local_setup.dsv\n'}
[25.038328] (dynamixel_sdk_custom_interfaces) StdoutLine: {'line': b'-- Installing: /home/csanimatronics/CS_Animatronics/install/dynamixel_sdk_custom_interfaces/share/dynamixel_sdk_custom_interfaces/package.dsv\n'}
[25.038423] (dynamixel_sdk_custom_interfaces) StdoutLine: {'line': b'-- Installing: /home/csanimatronics/CS_Animatronics/install/dynamixel_sdk_custom_interfaces/share/ament_index/resource_index/packages/dynamixel_sdk_custom_interfaces\n'}
[25.038523] (dynamixel_sdk_custom_interfaces) StdoutLine: {'line': b'-- Installing: /home/csanimatronics/CS_Animatronics/install/dynamixel_sdk_custom_interfaces/share/dynamixel_sdk_custom_interfaces/cmake/export_dynamixel_sdk_custom_interfaces__rosidl_generator_cExport.cmake\n'}
[25.038620] (dynamixel_sdk_custom_interfaces) StdoutLine: {'line': b'-- Installing: /home/csanimatronics/CS_Animatronics/install/dynamixel_sdk_custom_interfaces/share/dynamixel_sdk_custom_interfaces/cmake/export_dynamixel_sdk_custom_interfaces__rosidl_generator_cExport-noconfig.cmake\n'}
[25.038721] (dynamixel_sdk_custom_interfaces) StdoutLine: {'line': b'-- Installing: /home/csanimatronics/CS_Animatronics/install/dynamixel_sdk_custom_interfaces/share/dynamixel_sdk_custom_interfaces/cmake/export_dynamixel_sdk_custom_interfaces__rosidl_typesupport_fastrtps_cExport.cmake\n'}
[25.038894] (dynamixel_sdk_custom_interfaces) StdoutLine: {'line': b'-- Installing: /home/csanimatronics/CS_Animatronics/install/dynamixel_sdk_custom_interfaces/share/dynamixel_sdk_custom_interfaces/cmake/export_dynamixel_sdk_custom_interfaces__rosidl_typesupport_fastrtps_cExport-noconfig.cmake\n'}
[25.039003] (dynamixel_sdk_custom_interfaces) StdoutLine: {'line': b'-- Installing: /home/csanimatronics/CS_Animatronics/install/dynamixel_sdk_custom_interfaces/share/dynamixel_sdk_custom_interfaces/cmake/export_dynamixel_sdk_custom_interfaces__rosidl_generator_cppExport.cmake\n'}
[25.039095] (dynamixel_sdk_custom_interfaces) StdoutLine: {'line': b'-- Installing: /home/csanimatronics/CS_Animatronics/install/dynamixel_sdk_custom_interfaces/share/dynamixel_sdk_custom_interfaces/cmake/export_dynamixel_sdk_custom_interfaces__rosidl_typesupport_fastrtps_cppExport.cmake\n'}
[25.039207] (dynamixel_sdk_custom_interfaces) StdoutLine: {'line': b'-- Installing: /home/csanimatronics/CS_Animatronics/install/dynamixel_sdk_custom_interfaces/share/dynamixel_sdk_custom_interfaces/cmake/export_dynamixel_sdk_custom_interfaces__rosidl_typesupport_fastrtps_cppExport-noconfig.cmake\n'}
[25.039903] (dynamixel_sdk_custom_interfaces) StdoutLine: {'line': b'-- Installing: /home/csanimatronics/CS_Animatronics/install/dynamixel_sdk_custom_interfaces/share/dynamixel_sdk_custom_interfaces/cmake/dynamixel_sdk_custom_interfaces__rosidl_typesupport_introspection_cExport.cmake\n'}
[25.040147] (dynamixel_sdk_custom_interfaces) StdoutLine: {'line': b'-- Installing: /home/csanimatronics/CS_Animatronics/install/dynamixel_sdk_custom_interfaces/share/dynamixel_sdk_custom_interfaces/cmake/dynamixel_sdk_custom_interfaces__rosidl_typesupport_introspection_cExport-noconfig.cmake\n'}
[25.040263] (dynamixel_sdk_custom_interfaces) StdoutLine: {'line': b'-- Installing: /home/csanimatronics/CS_Animatronics/install/dynamixel_sdk_custom_interfaces/share/dynamixel_sdk_custom_interfaces/cmake/dynamixel_sdk_custom_interfaces__rosidl_typesupport_cExport.cmake\n'}
[25.040417] (dynamixel_sdk_custom_interfaces) StdoutLine: {'line': b'-- Installing: /home/csanimatronics/CS_Animatronics/install/dynamixel_sdk_custom_interfaces/share/dynamixel_sdk_custom_interfaces/cmake/dynamixel_sdk_custom_interfaces__rosidl_typesupport_cExport-noconfig.cmake\n'}
[25.040534] (dynamixel_sdk_custom_interfaces) StdoutLine: {'line': b'-- Installing: /home/csanimatronics/CS_Animatronics/install/dynamixel_sdk_custom_interfaces/share/dynamixel_sdk_custom_interfaces/cmake/dynamixel_sdk_custom_interfaces__rosidl_typesupport_introspection_cppExport.cmake\n'}
[25.040636] (dynamixel_sdk_custom_interfaces) StdoutLine: {'line': b'-- Installing: /home/csanimatronics/CS_Animatronics/install/dynamixel_sdk_custom_interfaces/share/dynamixel_sdk_custom_interfaces/cmake/dynamixel_sdk_custom_interfaces__rosidl_typesupport_introspection_cppExport-noconfig.cmake\n'}
[25.040793] (dynamixel_sdk_custom_interfaces) StdoutLine: {'line': b'-- Installing: /home/csanimatronics/CS_Animatronics/install/dynamixel_sdk_custom_interfaces/share/dynamixel_sdk_custom_interfaces/cmake/dynamixel_sdk_custom_interfaces__rosidl_typesupport_cppExport.cmake\n'}
[25.040987] (dynamixel_sdk_custom_interfaces) StdoutLine: {'line': b'-- Installing: /home/csanimatronics/CS_Animatronics/install/dynamixel_sdk_custom_interfaces/share/dynamixel_sdk_custom_interfaces/cmake/dynamixel_sdk_custom_interfaces__rosidl_typesupport_cppExport-noconfig.cmake\n'}
[25.041111] (dynamixel_sdk_custom_interfaces) StdoutLine: {'line': b'-- Installing: /home/csanimatronics/CS_Animatronics/install/dynamixel_sdk_custom_interfaces/share/dynamixel_sdk_custom_interfaces/cmake/export_dynamixel_sdk_custom_interfaces__rosidl_generator_pyExport.cmake\n'}
[25.041251] (dynamixel_sdk_custom_interfaces) StdoutLine: {'line': b'-- Installing: /home/csanimatronics/CS_Animatronics/install/dynamixel_sdk_custom_interfaces/share/dynamixel_sdk_custom_interfaces/cmake/export_dynamixel_sdk_custom_interfaces__rosidl_generator_pyExport-noconfig.cmake\n'}
[25.041392] (dynamixel_sdk_custom_interfaces) StdoutLine: {'line': b'-- Installing: /home/csanimatronics/CS_Animatronics/install/dynamixel_sdk_custom_interfaces/share/dynamixel_sdk_custom_interfaces/cmake/rosidl_cmake-extras.cmake\n'}
[25.041559] (dynamixel_sdk_custom_interfaces) StdoutLine: {'line': b'-- Installing: /home/csanimatronics/CS_Animatronics/install/dynamixel_sdk_custom_interfaces/share/dynamixel_sdk_custom_interfaces/cmake/ament_cmake_export_dependencies-extras.cmake\n'}
[25.041719] (dynamixel_sdk_custom_interfaces) StdoutLine: {'line': b'-- Installing: /home/csanimatronics/CS_Animatronics/install/dynamixel_sdk_custom_interfaces/share/dynamixel_sdk_custom_interfaces/cmake/ament_cmake_export_include_directories-extras.cmake\n'}
[25.041876] (dynamixel_sdk_custom_interfaces) StdoutLine: {'line': b'-- Installing: /home/csanimatronics/CS_Animatronics/install/dynamixel_sdk_custom_interfaces/share/dynamixel_sdk_custom_interfaces/cmake/ament_cmake_export_libraries-extras.cmake\n'}
[25.042127] (dynamixel_sdk_custom_interfaces) StdoutLine: {'line': b'-- Installing: /home/csanimatronics/CS_Animatronics/install/dynamixel_sdk_custom_interfaces/share/dynamixel_sdk_custom_interfaces/cmake/ament_cmake_export_targets-extras.cmake\n'}
[25.042339] (dynamixel_sdk_custom_interfaces) StdoutLine: {'line': b'-- Installing: /home/csanimatronics/CS_Animatronics/install/dynamixel_sdk_custom_interfaces/share/dynamixel_sdk_custom_interfaces/cmake/rosidl_cmake_export_typesupport_targets-extras.cmake\n'}
[25.042554] (dynamixel_sdk_custom_interfaces) StdoutLine: {'line': b'-- Installing: /home/csanimatronics/CS_Animatronics/install/dynamixel_sdk_custom_interfaces/share/dynamixel_sdk_custom_interfaces/cmake/rosidl_cmake_export_typesupport_libraries-extras.cmake\n'}
[25.042743] (dynamixel_sdk_custom_interfaces) StdoutLine: {'line': b'-- Installing: /home/csanimatronics/CS_Animatronics/install/dynamixel_sdk_custom_interfaces/share/dynamixel_sdk_custom_interfaces/cmake/dynamixel_sdk_custom_interfacesConfig.cmake\n'}
[25.042913] (dynamixel_sdk_custom_interfaces) StdoutLine: {'line': b'-- Installing: /home/csanimatronics/CS_Animatronics/install/dynamixel_sdk_custom_interfaces/share/dynamixel_sdk_custom_interfaces/cmake/dynamixel_sdk_custom_interfacesConfig-version.cmake\n'}
[25.043104] (dynamixel_sdk_custom_interfaces) StdoutLine: {'line': b'-- Installing: /home/csanimatronics/CS_Animatronics/install/dynamixel_sdk_custom_interfaces/share/dynamixel_sdk_custom_interfaces/package.xml\n'}
[25.047202] (dynamixel_sdk_custom_interfaces) CommandEnded: {'returncode': 0}
[25.071910] (-) TimerEvent: {}
[25.082136] (dynamixel_sdk_custom_interfaces) JobEnded: {'identifier': 'dynamixel_sdk_custom_interfaces', 'rc': 0}
[25.109443] (motor_commands) StdoutLine: {'line': b'[ 84%] \x1b[32mBuilding C object CMakeFiles/motor_commands__rosidl_generator_py.dir/rosidl_generator_py/motor_commands/srv/_get_motor_states_s.c.o\x1b[0m\n'}
[25.172041] (-) TimerEvent: {}
[25.272411] (-) TimerEvent: {}
[25.372770] (-) TimerEvent: {}
[25.473224] (-) TimerEvent: {}
[25.485474] (motor_commands) StdoutLine: {'line': b'[ 86%] \x1b[32m\x1b[1mLinking C shared library libmotor_commands__rosidl_generator_py.so\x1b[0m\n'}
[25.568240] (motor_commands) StdoutLine: {'line': b'[ 86%] Built target motor_commands__rosidl_generator_py\n'}
[25.573324] (-) TimerEvent: {}
[25.610249] (motor_commands) StdoutLine: {'line': b'[ 88%] \x1b[32mBuilding C object CMakeFiles/motor_commands_s__rosidl_typesupport_fastrtps_c.dir/rosidl_generator_py/motor_commands/_motor_commands_s.ep.rosidl_typesupport_fastrtps_c.c.o\x1b[0m\n'}
[25.673435] (-) TimerEvent: {}
[25.773888] (-) TimerEvent: {}
[25.797668] (motor_commands) StdoutLine: {'line': b'[ 90%] \x1b[32m\x1b[1mLinking C shared module rosidl_generator_py/motor_commands/motor_commands_s__rosidl_typesupport_fastrtps_c.so\x1b[0m\n'}
[25.855253] (motor_commands) StdoutLine: {'line': b'[ 90%] Built target motor_commands_s__rosidl_typesupport_fastrtps_c\n'}
[25.873971] (-) TimerEvent: {}
[25.895218] (motor_commands) StdoutLine: {'line': b'[ 93%] \x1b[32mBuilding C object CMakeFiles/motor_commands_s__rosidl_typesupport_c.dir/rosidl_generator_py/motor_commands/_motor_commands_s.ep.rosidl_typesupport_c.c.o\x1b[0m\n'}
[25.974112] (-) TimerEvent: {}
[26.072386] (motor_commands) StdoutLine: {'line': b'[ 95%] \x1b[32m\x1b[1mLinking C shared module rosidl_generator_py/motor_commands/motor_commands_s__rosidl_typesupport_c.so\x1b[0m\n'}
[26.074184] (-) TimerEvent: {}
[26.131686] (motor_commands) StdoutLine: {'line': b'[ 95%] Built target motor_commands_s__rosidl_typesupport_c\n'}
[26.168857] (motor_commands) StdoutLine: {'line': b'[ 97%] \x1b[32mBuilding C object CMakeFiles/motor_commands_s__rosidl_typesupport_introspection_c.dir/rosidl_generator_py/motor_commands/_motor_commands_s.ep.rosidl_typesupport_introspection_c.c.o\x1b[0m\n'}
[26.174314] (-) TimerEvent: {}
[26.274671] (-) TimerEvent: {}
[26.356207] (motor_commands) StdoutLine: {'line': b'[100%] \x1b[32m\x1b[1mLinking C shared module rosidl_generator_py/motor_commands/motor_commands_s__rosidl_typesupport_introspection_c.so\x1b[0m\n'}
[26.374808] (-) TimerEvent: {}
[26.416573] (motor_commands) StdoutLine: {'line': b'[100%] Built target motor_commands_s__rosidl_typesupport_introspection_c\n'}
[26.438231] (motor_commands) CommandEnded: {'returncode': 0}
[26.439120] (motor_commands) JobProgress: {'identifier': 'motor_commands', 'progress': 'install'}
[26.439412] (motor_commands) Command: {'cmd': ['/usr/bin/cmake', '--install', '/home/csanimatronics/CS_Animatronics/build/motor_commands'], 'cwd': '/home/csanimatronics/CS_Animatronics/build/motor_commands', 'env': OrderedDict({'LESSOPEN': '| /usr/bin/lesspipe %s', 'USER': 'csanimatronics', 'XDG_SESSION_TYPE': 'wayland', 'SHLVL': '1', 'LD_LIBRARY_PATH': '/opt/ros/jazzy/opt/rviz_ogre_vendor/lib:/opt/ros/jazzy/lib/aarch64-linux-gnu:/opt/ros/jazzy/opt/gz_math_vendor/lib:/opt/ros/jazzy/opt/gz_utils_vendor/lib:/opt/ros/jazzy/opt/gz_cmake_vendor/lib:/opt/ros/jazzy/lib', 'HOME': '/home/csanimatronics', 'CONDA_SHLVL': '0', 'OLDPWD': '/home/csanimatronics', 'DESKTOP_SESSION': 'ubuntu', 'ROS_PYTHON_VERSION': '3', 'GNOME_SHELL_SESSION_MODE': 'ubuntu', 'GTK_MODULES': 'gail:atk-bridge', 'SYSTEMD_EXEC_PID': '1724', 'GSM_SKIP_SSH_AGENT_WORKAROUND': 'true', 'DBUS_SESSION_BUS_ADDRESS': 'unix:path=/run/user/1002/bus', 'COLORTERM': 'truecolor', '_CE_M': '', 'DEBUGINFOD_URLS': 'https://debuginfod.ubuntu.com', 'IM_CONFIG_PHASE': '1', 'WAYLAND_DISPLAY': 'wayland-0', 'ROS_DISTRO': 'jazzy', 'LOGNAME': 'csanimatronics', '_': '/usr/bin/colcon', 'ROS_VERSION': '2', 'MEMORY_PRESSURE_WATCH': '/sys/fs/cgroup/user.slice/user-1002.slice/user@1002.service/session.slice/org.gnome.Shell@wayland.service/memory.pressure', 'XDG_SESSION_CLASS': 'user', 'USERNAME': 'csanimatronics', 'TERM': 'xterm-256color', 'GNOME_DESKTOP_SESSION_ID': 'this-is-deprecated', '_CE_CONDA': '', 'PATH': '/opt/ros/jazzy/bin:/home/csanimatronics/miniforge/condabin:/usr/local/sbin:/usr/local/bin:/usr/sbin:/usr/bin:/sbin:/bin:/usr/games:/usr/local/games:/snap/bin:/snap/bin', 'SESSION_MANAGER': 'local/csanimatronics:@/tmp/.ICE-unix/1690,unix/csanimatronics:/tmp/.ICE-unix/1690', 'XDG_MENU_PREFIX': 'gnome-', 'GNOME_TERMINAL_SCREEN': '/org/gnome/Terminal/screen/9ac44ee5_15f5_4249_9203_3d5f6b53b17b', 'GNOME_SETUP_DISPLAY': ':1', 'XDG_RUNTIME_DIR': '/run/user/1002', 'DISPLAY': ':0', 'LANG': 'en_US.UTF-8', 'XDG_CURRENT_DESKTOP': 'ubuntu:GNOME', 'XMODIFIERS': '@im=ibus', 'XDG_SESSION_DESKTOP': 'ubuntu', 'XAUTHORITY': '/run/user/1002/.mutter-Xwaylandauth.CAS3B3', 'LS_COLORS': 'rs=0:di=01;34:ln=01;36:mh=00:pi=40;33:so=01;35:do=01;35:bd=40;33;01:cd=40;33;01:or=40;31;01:mi=00:su=37;41:sg=30;43:ca=00:tw=30;42:ow=34;42:st=37;44:ex=01;32:*.tar=01;31:*.tgz=01;31:*.arc=01;31:*.arj=01;31:*.taz=01;31:*.lha=01;31:*.lz4=01;31:*.lzh=01;31:*.lzma=01;31:*.tlz=01;31:*.txz=01;31:*.tzo=01;31:*.t7z=01;31:*.zip=01;31:*.z=01;31:*.dz=01;31:*.gz=01;31:*.lrz=01;31:*.lz=01;31:*.lzo=01;31:*.xz=01;31:*.zst=01;31:*.tzst=01;31:*.bz2=01;31:*.bz=01;31:*.tbz=01;31:*.tbz2=01;31:*.tz=01;31:*.deb=01;31:*.rpm=01;31:*.jar=01;31:*.war=01;31:*.ear=01;31:*.sar=01;31:*.rar=01;31:*.alz=01;31:*.ace=01;31:*.zoo=01;31:*.cpio=01;31:*.7z=01;31:*.rz=01;31:*.cab=01;31:*.wim=01;31:*.swm=01;31:*.dwm=01;31:*.esd=01;31:*.avif=01;35:*.jpg=01;35:*.jpeg=01;35:*.mjpg=01;35:*.mjpeg=01;35:*.gif=01;35:*.bmp=01;35:*.pbm=01;35:*.pgm=01;35:*.ppm=01;35:*.tga=01;35:*.xbm=01;35:*.xpm=01;35:*.tif=01;35:*.tiff=01;35:*.png=01;35:*.svg=01;35:*.svgz=01;35:*.mng=01;35:*.pcx=01;35:*.mov=01;35:*.mpg=01;35:*.mpeg=01;35:*.m2v=01;35:*.mkv=01;35:*.webm=01;35:*.webp=01;35:*.ogm=01;35:*.mp4=01;35:*.m4v=01;35:*.mp4v=01;35:*.vob=01;35:*.qt=01;35:*.nuv=01;35:*.wmv=01;35:*.asf=01;35:*.rm=01;35:*.rmvb=01;35:*.flc=01;35:*.avi=01;35:*.fli=01;35:*.flv=01;35:*.gl=01;35:*.dl=01;35:*.xcf=01;35:*.xwd=01;35:*.yuv=01;35:*.cgm=01;35:*.emf=01;35:*.ogv=01;35:*.ogx=01;35:*.aac=00;36:*.au=00;36:*.flac=00;36:*.m4a=00;36:*.mid=00;36:*.midi=00;36:*.mka=00;36:*.mp3=00;36:*.mpc=00;36:*.ogg=00;36:*.ra=00;36:*.wav=00;36:*.oga=00;36:*.opus=00;36:*.spx=00;36:*.xspf=00;36:*~=00;90:*#=00;90:*.bak=00;90:*.crdownload=00;90:*.dpkg-dist=00;90:*.dpkg-new=00;90:*.dpkg-old=00;90:*.dpkg-tmp=00;90:*.old=00;90:*.orig=00;90:*.part=00;90:*.rej=00;90:*.rpmnew=00;90:*.rpmorig=00;90:*.rpmsave=00;90:*.swp=00;90:*.tmp=00;90:*.ucf-dist=00;90:*.ucf-new=00;90:*.ucf-old=00;90:', 'GNOME_TERMINAL_SERVICE': ':1.135', 'SSH_AUTH_SOCK': '/run/user/1002/keyring/ssh', 'AMENT_PREFIX_PATH': '/opt/ros/jazzy', 'CONDA_PYTHON_EXE': '/home/csanimatronics/miniforge/bin/python', 'SHELL': '/bin/bash', 'QT_ACCESSIBILITY': '1', 'GDMSESSION': 'ubuntu', 'LESSCLOSE': '/usr/bin/lesspipe %s %s', 'ROS_AUTOMATIC_DISCOVERY_RANGE': 'SUBNET', 'QT_IM_MODULE': 'ibus', 'PWD': '/home/csanimatronics/CS_Animatronics/build/motor_commands', 'LC_ALL': 'en_US.UTF-8', 'XDG_CONFIG_DIRS': '/etc/xdg/xdg-ubuntu:/etc/xdg', 'CONDA_EXE': '/home/csanimatronics/miniforge/bin/conda', 'XDG_DATA_DIRS': '/usr/share/ubuntu:/usr/share/gnome:/usr/local/share/:/usr/share/:/var/lib/snapd/desktop', 'PYTHONPATH': '/opt/ros/jazzy/lib/python3.12/site-packages', 'COLCON': '1', 'MEMORY_PRESSURE_WRITE': 'c29tZSAyMDAwMDAgMjAwMDAwMAA=', 'VTE_VERSION': '7600', 'CMAKE_PREFIX_PATH': '/opt/ros/jazzy/opt/gz_math_vendor:/opt/ros/jazzy/opt/gz_utils_vendor:/opt/ros/jazzy/opt/gz_cmake_vendor:/opt/ros/jazzy'}), 'shell': False}
[26.456985] (motor_commands) StdoutLine: {'line': b'-- Install configuration: ""\n'}
[26.457275] (motor_commands) StdoutLine: {'line': b'-- Installing: /home/csanimatronics/CS_Animatronics/install/motor_commands/share/ament_index/resource_index/rosidl_interfaces/motor_commands\n'}
[26.457562] (motor_commands) StdoutLine: {'line': b'-- Installing: /home/csanimatronics/CS_Animatronics/install/motor_commands/share/motor_commands/msg/IdAngle.json\n'}
[26.457783] (motor_commands) StdoutLine: {'line': b'-- Installing: /home/csanimatronics/CS_Animatronics/install/motor_commands/share/motor_commands/srv/GetMotorStates.json\n'}
[26.457969] (motor_commands) StdoutLine: {'line': b'-- Installing: /home/csanimatronics/CS_Animatronics/install/motor_commands/include/motor_commands/motor_commands\n'}
[26.458126] (motor_commands) StdoutLine: {'line': b'-- Installing: /home/csanimatronics/CS_Animatronics/install/motor_commands/include/motor_commands/motor_commands/msg\n'}
[26.458226] (motor_commands) StdoutLine: {'line': b'-- Installing: /home/csanimatronics/CS_Animatronics/install/motor_commands/include/motor_commands/motor_commands/msg/detail\n'}
[26.458331] (motor_commands) StdoutLine: {'line': b'-- Installing: /home/csanimatronics/CS_Animatronics/install/motor_commands/include/motor_commands/motor_commands/msg/detail/id_angle__type_support.c\n'}
[26.458435] (motor_commands) StdoutLine: {'line': b'-- Installing: /home/csanimatronics/CS_Animatronics/install/motor_commands/include/motor_commands/motor_commands/msg/detail/id_angle__struct.h\n'}
[26.458552] (motor_commands) StdoutLine: {'line': b'-- Installing: /home/csanimatronics/CS_Animatronics/install/motor_commands/include/motor_commands/motor_commands/msg/detail/id_angle__functions.h\n'}
[26.458690] (motor_commands) StdoutLine: {'line': b'-- Installing: /home/csanimatronics/CS_Animatronics/install/motor_commands/include/motor_commands/motor_commands/msg/detail/id_angle__type_support.h\n'}
[26.458825] (motor_commands) StdoutLine: {'line': b'-- Installing: /home/csanimatronics/CS_Animatronics/install/motor_commands/include/motor_commands/motor_commands/msg/detail/id_angle__functions.c\n'}
[26.458961] (motor_commands) StdoutLine: {'line': b'-- Installing: /home/csanimatronics/CS_Animatronics/install/motor_commands/include/motor_commands/motor_commands/msg/detail/id_angle__description.c\n'}
[26.459088] (motor_commands) StdoutLine: {'line': b'-- Installing: /home/csanimatronics/CS_Animatronics/install/motor_commands/include/motor_commands/motor_commands/msg/rosidl_generator_c__visibility_control.h\n'}
[26.459214] (motor_commands) StdoutLine: {'line': b'-- Installing: /home/csanimatronics/CS_Animatronics/install/motor_commands/include/motor_commands/motor_commands/msg/id_angle.h\n'}
[26.459333] (motor_commands) StdoutLine: {'line': b'-- Installing: /home/csanimatronics/CS_Animatronics/install/motor_commands/include/motor_commands/motor_commands/srv\n'}
[26.459434] (motor_commands) StdoutLine: {'line': b'-- Installing: /home/csanimatronics/CS_Animatronics/install/motor_commands/include/motor_commands/motor_commands/srv/detail\n'}
[26.459536] (motor_commands) StdoutLine: {'line': b'-- Installing: /home/csanimatronics/CS_Animatronics/install/motor_commands/include/motor_commands/motor_commands/srv/detail/get_motor_states__functions.c\n'}
[26.459697] (motor_commands) StdoutLine: {'line': b'-- Installing: /home/csanimatronics/CS_Animatronics/install/motor_commands/include/motor_commands/motor_commands/srv/detail/get_motor_states__functions.h\n'}
[26.459902] (motor_commands) StdoutLine: {'line': b'-- Installing: /home/csanimatronics/CS_Animatronics/install/motor_commands/include/motor_commands/motor_commands/srv/detail/get_motor_states__type_support.c\n'}
[26.460033] (motor_commands) StdoutLine: {'line': b'-- Installing: /home/csanimatronics/CS_Animatronics/install/motor_commands/include/motor_commands/motor_commands/srv/detail/get_motor_states__type_support.h\n'}
[26.460160] (motor_commands) StdoutLine: {'line': b'-- Installing: /home/csanimatronics/CS_Animatronics/install/motor_commands/include/motor_commands/motor_commands/srv/detail/get_motor_states__description.c\n'}
[26.460336] (motor_commands) StdoutLine: {'line': b'-- Installing: /home/csanimatronics/CS_Animatronics/install/motor_commands/include/motor_commands/motor_commands/srv/detail/get_motor_states__struct.h\n'}
[26.460464] (motor_commands) StdoutLine: {'line': b'-- Installing: /home/csanimatronics/CS_Animatronics/install/motor_commands/include/motor_commands/motor_commands/srv/get_motor_states.h\n'}
[26.460686] (motor_commands) StdoutLine: {'line': b'-- Installing: /home/csanimatronics/CS_Animatronics/install/motor_commands/share/motor_commands/environment/library_path.sh\n'}
[26.460867] (motor_commands) StdoutLine: {'line': b'-- Installing: /home/csanimatronics/CS_Animatronics/install/motor_commands/share/motor_commands/environment/library_path.dsv\n'}
[26.461104] (motor_commands) StdoutLine: {'line': b'-- Installing: /home/csanimatronics/CS_Animatronics/install/motor_commands/lib/libmotor_commands__rosidl_generator_c.so\n'}
[26.461714] (motor_commands) StdoutLine: {'line': b'-- Set non-toolchain portion of runtime path of "/home/csanimatronics/CS_Animatronics/install/motor_commands/lib/libmotor_commands__rosidl_generator_c.so" to ""\n'}
[26.461830] (motor_commands) StdoutLine: {'line': b'-- Up-to-date: /home/csanimatronics/CS_Animatronics/install/motor_commands/include/motor_commands/motor_commands\n'}
[26.461962] (motor_commands) StdoutLine: {'line': b'-- Up-to-date: /home/csanimatronics/CS_Animatronics/install/motor_commands/include/motor_commands/motor_commands/msg\n'}
[26.462045] (motor_commands) StdoutLine: {'line': b'-- Installing: /home/csanimatronics/CS_Animatronics/install/motor_commands/include/motor_commands/motor_commands/msg/rosidl_typesupport_fastrtps_c__visibility_control.h\n'}
[26.462158] (motor_commands) StdoutLine: {'line': b'-- Up-to-date: /home/csanimatronics/CS_Animatronics/install/motor_commands/include/motor_commands/motor_commands/msg/detail\n'}
[26.462263] (motor_commands) StdoutLine: {'line': b'-- Installing: /home/csanimatronics/CS_Animatronics/install/motor_commands/include/motor_commands/motor_commands/msg/detail/id_angle__rosidl_typesupport_fastrtps_c.h\n'}
[26.462346] (motor_commands) StdoutLine: {'line': b'-- Up-to-date: /home/csanimatronics/CS_Animatronics/install/motor_commands/include/motor_commands/motor_commands/srv\n'}
[26.462428] (motor_commands) StdoutLine: {'line': b'-- Up-to-date: /home/csanimatronics/CS_Animatronics/install/motor_commands/include/motor_commands/motor_commands/srv/detail\n'}
[26.462541] (motor_commands) StdoutLine: {'line': b'-- Installing: /home/csanimatronics/CS_Animatronics/install/motor_commands/include/motor_commands/motor_commands/srv/detail/get_motor_states__rosidl_typesupport_fastrtps_c.h\n'}
[26.462635] (motor_commands) StdoutLine: {'line': b'-- Installing: /home/csanimatronics/CS_Animatronics/install/motor_commands/lib/libmotor_commands__rosidl_typesupport_fastrtps_c.so\n'}
[26.463105] (motor_commands) StdoutLine: {'line': b'-- Set non-toolchain portion of runtime path of "/home/csanimatronics/CS_Animatronics/install/motor_commands/lib/libmotor_commands__rosidl_typesupport_fastrtps_c.so" to ""\n'}
[26.463230] (motor_commands) StdoutLine: {'line': b'-- Up-to-date: /home/csanimatronics/CS_Animatronics/install/motor_commands/include/motor_commands/motor_commands\n'}
[26.463314] (motor_commands) StdoutLine: {'line': b'-- Up-to-date: /home/csanimatronics/CS_Animatronics/install/motor_commands/include/motor_commands/motor_commands/msg\n'}
[26.463425] (motor_commands) StdoutLine: {'line': b'-- Installing: /home/csanimatronics/CS_Animatronics/install/motor_commands/include/motor_commands/motor_commands/msg/rosidl_generator_cpp__visibility_control.hpp\n'}
[26.463508] (motor_commands) StdoutLine: {'line': b'-- Up-to-date: /home/csanimatronics/CS_Animatronics/install/motor_commands/include/motor_commands/motor_commands/msg/detail\n'}
[26.463619] (motor_commands) StdoutLine: {'line': b'-- Installing: /home/csanimatronics/CS_Animatronics/install/motor_commands/include/motor_commands/motor_commands/msg/detail/id_angle__traits.hpp\n'}
[26.463697] (motor_commands) StdoutLine: {'line': b'-- Installing: /home/csanimatronics/CS_Animatronics/install/motor_commands/include/motor_commands/motor_commands/msg/detail/id_angle__struct.hpp\n'}
[26.463802] (motor_commands) StdoutLine: {'line': b'-- Installing: /home/csanimatronics/CS_Animatronics/install/motor_commands/include/motor_commands/motor_commands/msg/detail/id_angle__builder.hpp\n'}
[26.463931] (motor_commands) StdoutLine: {'line': b'-- Installing: /home/csanimatronics/CS_Animatronics/install/motor_commands/include/motor_commands/motor_commands/msg/detail/id_angle__type_support.hpp\n'}
[26.464109] (motor_commands) StdoutLine: {'line': b'-- Installing: /home/csanimatronics/CS_Animatronics/install/motor_commands/include/motor_commands/motor_commands/msg/id_angle.hpp\n'}
[26.464207] (motor_commands) StdoutLine: {'line': b'-- Up-to-date: /home/csanimatronics/CS_Animatronics/install/motor_commands/include/motor_commands/motor_commands/srv\n'}
[26.464328] (motor_commands) StdoutLine: {'line': b'-- Installing: /home/csanimatronics/CS_Animatronics/install/motor_commands/include/motor_commands/motor_commands/srv/get_motor_states.hpp\n'}
[26.464411] (motor_commands) StdoutLine: {'line': b'-- Up-to-date: /home/csanimatronics/CS_Animatronics/install/motor_commands/include/motor_commands/motor_commands/srv/detail\n'}
[26.464493] (motor_commands) StdoutLine: {'line': b'-- Installing: /home/csanimatronics/CS_Animatronics/install/motor_commands/include/motor_commands/motor_commands/srv/detail/get_motor_states__type_support.hpp\n'}
[26.464606] (motor_commands) StdoutLine: {'line': b'-- Installing: /home/csanimatronics/CS_Animatronics/install/motor_commands/include/motor_commands/motor_commands/srv/detail/get_motor_states__traits.hpp\n'}
[26.464686] (motor_commands) StdoutLine: {'line': b'-- Installing: /home/csanimatronics/CS_Animatronics/install/motor_commands/include/motor_commands/motor_commands/srv/detail/get_motor_states__builder.hpp\n'}
[26.464811] (motor_commands) StdoutLine: {'line': b'-- Installing: /home/csanimatronics/CS_Animatronics/install/motor_commands/include/motor_commands/motor_commands/srv/detail/get_motor_states__struct.hpp\n'}
[26.464965] (motor_commands) StdoutLine: {'line': b'-- Up-to-date: /home/csanimatronics/CS_Animatronics/install/motor_commands/include/motor_commands/motor_commands\n'}
[26.465061] (motor_commands) StdoutLine: {'line': b'-- Up-to-date: /home/csanimatronics/CS_Animatronics/install/motor_commands/include/motor_commands/motor_commands/msg\n'}
[26.465166] (motor_commands) StdoutLine: {'line': b'-- Installing: /home/csanimatronics/CS_Animatronics/install/motor_commands/include/motor_commands/motor_commands/msg/rosidl_typesupport_fastrtps_cpp__visibility_control.h\n'}
[26.465290] (motor_commands) StdoutLine: {'line': b'-- Up-to-date: /home/csanimatronics/CS_Animatronics/install/motor_commands/include/motor_commands/motor_commands/msg/detail\n'}
[26.465374] (motor_commands) StdoutLine: {'line': b'-- Installing: /home/csanimatronics/CS_Animatronics/install/motor_commands/include/motor_commands/motor_commands/msg/detail/dds_fastrtps\n'}
[26.465485] (motor_commands) StdoutLine: {'line': b'-- Installing: /home/csanimatronics/CS_Animatronics/install/motor_commands/include/motor_commands/motor_commands/msg/detail/id_angle__rosidl_typesupport_fastrtps_cpp.hpp\n'}
[26.465595] (motor_commands) StdoutLine: {'line': b'-- Up-to-date: /home/csanimatronics/CS_Animatronics/install/motor_commands/include/motor_commands/motor_commands/srv\n'}
[26.465674] (motor_commands) StdoutLine: {'line': b'-- Up-to-date: /home/csanimatronics/CS_Animatronics/install/motor_commands/include/motor_commands/motor_commands/srv/detail\n'}
[26.465753] (motor_commands) StdoutLine: {'line': b'-- Installing: /home/csanimatronics/CS_Animatronics/install/motor_commands/include/motor_commands/motor_commands/srv/detail/get_motor_states__rosidl_typesupport_fastrtps_cpp.hpp\n'}
[26.465864] (motor_commands) StdoutLine: {'line': b'-- Installing: /home/csanimatronics/CS_Animatronics/install/motor_commands/include/motor_commands/motor_commands/srv/detail/dds_fastrtps\n'}
[26.465972] (motor_commands) StdoutLine: {'line': b'-- Installing: /home/csanimatronics/CS_Animatronics/install/motor_commands/lib/libmotor_commands__rosidl_typesupport_fastrtps_cpp.so\n'}
[26.466804] (motor_commands) StdoutLine: {'line': b'-- Set non-toolchain portion of runtime path of "/home/csanimatronics/CS_Animatronics/install/motor_commands/lib/libmotor_commands__rosidl_typesupport_fastrtps_cpp.so" to ""\n'}
[26.466917] (motor_commands) StdoutLine: {'line': b'-- Up-to-date: /home/csanimatronics/CS_Animatronics/install/motor_commands/include/motor_commands/motor_commands\n'}
[26.467032] (motor_commands) StdoutLine: {'line': b'-- Up-to-date: /home/csanimatronics/CS_Animatronics/install/motor_commands/include/motor_commands/motor_commands/msg\n'}
[26.467110] (motor_commands) StdoutLine: {'line': b'-- Installing: /home/csanimatronics/CS_Animatronics/install/motor_commands/include/motor_commands/motor_commands/msg/rosidl_typesupport_introspection_c__visibility_control.h\n'}
[26.467221] (motor_commands) StdoutLine: {'line': b'-- Up-to-date: /home/csanimatronics/CS_Animatronics/install/motor_commands/include/motor_commands/motor_commands/msg/detail\n'}
[26.467299] (motor_commands) StdoutLine: {'line': b'-- Installing: /home/csanimatronics/CS_Animatronics/install/motor_commands/include/motor_commands/motor_commands/msg/detail/id_angle__type_support.c\n'}
[26.467388] (motor_commands) StdoutLine: {'line': b'-- Installing: /home/csanimatronics/CS_Animatronics/install/motor_commands/include/motor_commands/motor_commands/msg/detail/id_angle__rosidl_typesupport_introspection_c.h\n'}
[26.467475] (motor_commands) StdoutLine: {'line': b'-- Up-to-date: /home/csanimatronics/CS_Animatronics/install/motor_commands/include/motor_commands/motor_commands/srv\n'}
[26.467585] (motor_commands) StdoutLine: {'line': b'-- Up-to-date: /home/csanimatronics/CS_Animatronics/install/motor_commands/include/motor_commands/motor_commands/srv/detail\n'}
[26.467662] (motor_commands) StdoutLine: {'line': b'-- Installing: /home/csanimatronics/CS_Animatronics/install/motor_commands/include/motor_commands/motor_commands/srv/detail/get_motor_states__type_support.c\n'}
[26.467802] (motor_commands) StdoutLine: {'line': b'-- Installing: /home/csanimatronics/CS_Animatronics/install/motor_commands/include/motor_commands/motor_commands/srv/detail/get_motor_states__rosidl_typesupport_introspection_c.h\n'}
[26.467994] (motor_commands) StdoutLine: {'line': b'-- Installing: /home/csanimatronics/CS_Animatronics/install/motor_commands/lib/libmotor_commands__rosidl_typesupport_introspection_c.so\n'}
[26.468574] (motor_commands) StdoutLine: {'line': b'-- Set non-toolchain portion of runtime path of "/home/csanimatronics/CS_Animatronics/install/motor_commands/lib/libmotor_commands__rosidl_typesupport_introspection_c.so" to ""\n'}
[26.468674] (motor_commands) StdoutLine: {'line': b'-- Installing: /home/csanimatronics/CS_Animatronics/install/motor_commands/lib/libmotor_commands__rosidl_typesupport_c.so\n'}
[26.469208] (motor_commands) StdoutLine: {'line': b'-- Set non-toolchain portion of runtime path of "/home/csanimatronics/CS_Animatronics/install/motor_commands/lib/libmotor_commands__rosidl_typesupport_c.so" to ""\n'}
[26.469334] (motor_commands) StdoutLine: {'line': b'-- Up-to-date: /home/csanimatronics/CS_Animatronics/install/motor_commands/include/motor_commands/motor_commands\n'}
[26.469459] (motor_commands) StdoutLine: {'line': b'-- Up-to-date: /home/csanimatronics/CS_Animatronics/install/motor_commands/include/motor_commands/motor_commands/msg\n'}
[26.469536] (motor_commands) StdoutLine: {'line': b'-- Up-to-date: /home/csanimatronics/CS_Animatronics/install/motor_commands/include/motor_commands/motor_commands/msg/detail\n'}
[26.469616] (motor_commands) StdoutLine: {'line': b'-- Installing: /home/csanimatronics/CS_Animatronics/install/motor_commands/include/motor_commands/motor_commands/msg/detail/id_angle__rosidl_typesupport_introspection_cpp.hpp\n'}
[26.469729] (motor_commands) StdoutLine: {'line': b'-- Installing: /home/csanimatronics/CS_Animatronics/install/motor_commands/include/motor_commands/motor_commands/msg/detail/id_angle__type_support.cpp\n'}
[26.469845] (motor_commands) StdoutLine: {'line': b'-- Up-to-date: /home/csanimatronics/CS_Animatronics/install/motor_commands/include/motor_commands/motor_commands/srv\n'}
[26.469925] (motor_commands) StdoutLine: {'line': b'-- Up-to-date: /home/csanimatronics/CS_Animatronics/install/motor_commands/include/motor_commands/motor_commands/srv/detail\n'}
[26.470020] (motor_commands) StdoutLine: {'line': b'-- Installing: /home/csanimatronics/CS_Animatronics/install/motor_commands/include/motor_commands/motor_commands/srv/detail/get_motor_states__type_support.cpp\n'}
[26.470098] (motor_commands) StdoutLine: {'line': b'-- Installing: /home/csanimatronics/CS_Animatronics/install/motor_commands/include/motor_commands/motor_commands/srv/detail/get_motor_states__rosidl_typesupport_introspection_cpp.hpp\n'}
[26.470196] (motor_commands) StdoutLine: {'line': b'-- Installing: /home/csanimatronics/CS_Animatronics/install/motor_commands/lib/libmotor_commands__rosidl_typesupport_introspection_cpp.so\n'}
[26.471142] (motor_commands) StdoutLine: {'line': b'-- Set non-toolchain portion of runtime path of "/home/csanimatronics/CS_Animatronics/install/motor_commands/lib/libmotor_commands__rosidl_typesupport_introspection_cpp.so" to ""\n'}
[26.471257] (motor_commands) StdoutLine: {'line': b'-- Installing: /home/csanimatronics/CS_Animatronics/install/motor_commands/lib/libmotor_commands__rosidl_typesupport_cpp.so\n'}
[26.472025] (motor_commands) StdoutLine: {'line': b'-- Set non-toolchain portion of runtime path of "/home/csanimatronics/CS_Animatronics/install/motor_commands/lib/libmotor_commands__rosidl_typesupport_cpp.so" to ""\n'}
[26.472130] (motor_commands) StdoutLine: {'line': b'-- Installing: /home/csanimatronics/CS_Animatronics/install/motor_commands/share/motor_commands/environment/pythonpath.sh\n'}
[26.472264] (motor_commands) StdoutLine: {'line': b'-- Installing: /home/csanimatronics/CS_Animatronics/install/motor_commands/share/motor_commands/environment/pythonpath.dsv\n'}
[26.472418] (motor_commands) StdoutLine: {'line': b'-- Installing: /home/csanimatronics/CS_Animatronics/install/motor_commands/lib/python3.12/site-packages/motor_commands-0.0.0-py3.12.egg-info\n'}
[26.472581] (motor_commands) StdoutLine: {'line': b'-- Installing: /home/csanimatronics/CS_Animatronics/install/motor_commands/lib/python3.12/site-packages/motor_commands-0.0.0-py3.12.egg-info/SOURCES.txt\n'}
[26.472711] (motor_commands) StdoutLine: {'line': b'-- Installing: /home/csanimatronics/CS_Animatronics/install/motor_commands/lib/python3.12/site-packages/motor_commands-0.0.0-py3.12.egg-info/top_level.txt\n'}
[26.472840] (motor_commands) StdoutLine: {'line': b'-- Installing: /home/csanimatronics/CS_Animatronics/install/motor_commands/lib/python3.12/site-packages/motor_commands-0.0.0-py3.12.egg-info/PKG-INFO\n'}
[26.472964] (motor_commands) StdoutLine: {'line': b'-- Installing: /home/csanimatronics/CS_Animatronics/install/motor_commands/lib/python3.12/site-packages/motor_commands-0.0.0-py3.12.egg-info/dependency_links.txt\n'}
[26.473131] (motor_commands) StdoutLine: {'line': b'-- Installing: /home/csanimatronics/CS_Animatronics/install/motor_commands/lib/python3.12/site-packages/motor_commands\n'}
[26.473241] (motor_commands) StdoutLine: {'line': b'-- Installing: /home/csanimatronics/CS_Animatronics/install/motor_commands/lib/python3.12/site-packages/motor_commands/motor_commands_s__rosidl_typesupport_introspection_c.so\n'}
[26.473511] (motor_commands) StdoutLine: {'line': b'-- Installing: /home/csanimatronics/CS_Animatronics/install/motor_commands/lib/python3.12/site-packages/motor_commands/__init__.py\n'}
[26.473625] (motor_commands) StdoutLine: {'line': b'-- Installing: /home/csanimatronics/CS_Animatronics/install/motor_commands/lib/python3.12/site-packages/motor_commands/motor_commands_s__rosidl_typesupport_c.so\n'}
[26.473906] (motor_commands) StdoutLine: {'line': b'-- Installing: /home/csanimatronics/CS_Animatronics/install/motor_commands/lib/python3.12/site-packages/motor_commands/_motor_commands_s.ep.rosidl_typesupport_introspection_c.c\n'}
[26.474065] (motor_commands) StdoutLine: {'line': b'-- Installing: /home/csanimatronics/CS_Animatronics/install/motor_commands/lib/python3.12/site-packages/motor_commands/msg\n'}
[26.474169] (motor_commands) StdoutLine: {'line': b'-- Installing: /home/csanimatronics/CS_Animatronics/install/motor_commands/lib/python3.12/site-packages/motor_commands/msg/__init__.py\n'}
[26.474303] (motor_commands) StdoutLine: {'line': b'-- Installing: /home/csanimatronics/CS_Animatronics/install/motor_commands/lib/python3.12/site-packages/motor_commands/msg/_id_angle_s.c\n'}
[26.474446] (motor_commands) StdoutLine: {'line': b'-- Installing: /home/csanimatronics/CS_Animatronics/install/motor_commands/lib/python3.12/site-packages/motor_commands/msg/_id_angle.py\n'}
[26.474587] (motor_commands) StdoutLine: {'line': b'-- Installing: /home/csanimatronics/CS_Animatronics/install/motor_commands/lib/python3.12/site-packages/motor_commands/motor_commands_s__rosidl_typesupport_fastrtps_c.so\n'}
[26.474840] (-) TimerEvent: {}
[26.474998] (motor_commands) StdoutLine: {'line': b'-- Installing: /home/csanimatronics/CS_Animatronics/install/motor_commands/lib/python3.12/site-packages/motor_commands/srv\n'}
[26.475108] (motor_commands) StdoutLine: {'line': b'-- Installing: /home/csanimatronics/CS_Animatronics/install/motor_commands/lib/python3.12/site-packages/motor_commands/srv/__init__.py\n'}
[26.475955] (motor_commands) StdoutLine: {'line': b'-- Installing: /home/csanimatronics/CS_Animatronics/install/motor_commands/lib/python3.12/site-packages/motor_commands/srv/_get_motor_states_s.c\n'}
[26.476397] (motor_commands) StdoutLine: {'line': b'-- Installing: /home/csanimatronics/CS_Animatronics/install/motor_commands/lib/python3.12/site-packages/motor_commands/srv/_get_motor_states.py\n'}
[26.476701] (motor_commands) StdoutLine: {'line': b'-- Installing: /home/csanimatronics/CS_Animatronics/install/motor_commands/lib/python3.12/site-packages/motor_commands/_motor_commands_s.ep.rosidl_typesupport_fastrtps_c.c\n'}
[26.477018] (motor_commands) StdoutLine: {'line': b'-- Installing: /home/csanimatronics/CS_Animatronics/install/motor_commands/lib/python3.12/site-packages/motor_commands/_motor_commands_s.ep.rosidl_typesupport_c.c\n'}
[26.542597] (motor_commands) StdoutLine: {'line': b"Listing '/home/csanimatronics/CS_Animatronics/install/motor_commands/lib/python3.12/site-packages/motor_commands'...\n"}
[26.542937] (motor_commands) StdoutLine: {'line': b"Compiling '/home/csanimatronics/CS_Animatronics/install/motor_commands/lib/python3.12/site-packages/motor_commands/__init__.py'...\n"}
[26.543059] (motor_commands) StdoutLine: {'line': b"Listing '/home/csanimatronics/CS_Animatronics/install/motor_commands/lib/python3.12/site-packages/motor_commands/msg'...\n"}
[26.543152] (motor_commands) StdoutLine: {'line': b"Compiling '/home/csanimatronics/CS_Animatronics/install/motor_commands/lib/python3.12/site-packages/motor_commands/msg/__init__.py'...\n"}
[26.543245] (motor_commands) StdoutLine: {'line': b"Compiling '/home/csanimatronics/CS_Animatronics/install/motor_commands/lib/python3.12/site-packages/motor_commands/msg/_id_angle.py'...\n"}
[26.543329] (motor_commands) StdoutLine: {'line': b"Listing '/home/csanimatronics/CS_Animatronics/install/motor_commands/lib/python3.12/site-packages/motor_commands/srv'...\n"}
[26.543410] (motor_commands) StdoutLine: {'line': b"Compiling '/home/csanimatronics/CS_Animatronics/install/motor_commands/lib/python3.12/site-packages/motor_commands/srv/__init__.py'...\n"}
[26.543487] (motor_commands) StdoutLine: {'line': b"Compiling '/home/csanimatronics/CS_Animatronics/install/motor_commands/lib/python3.12/site-packages/motor_commands/srv/_get_motor_states.py'...\n"}
[26.556110] (motor_commands) StdoutLine: {'line': b'-- Installing: /home/csanimatronics/CS_Animatronics/install/motor_commands/lib/python3.12/site-packages/motor_commands/motor_commands_s__rosidl_typesupport_fastrtps_c.so\n'}
[26.556676] (motor_commands) StdoutLine: {'line': b'-- Set non-toolchain portion of runtime path of "/home/csanimatronics/CS_Animatronics/install/motor_commands/lib/python3.12/site-packages/motor_commands/motor_commands_s__rosidl_typesupport_fastrtps_c.so" to ""\n'}
[26.557037] (motor_commands) StdoutLine: {'line': b'-- Installing: /home/csanimatronics/CS_Animatronics/install/motor_commands/lib/python3.12/site-packages/motor_commands/motor_commands_s__rosidl_typesupport_introspection_c.so\n'}
[26.557592] (motor_commands) StdoutLine: {'line': b'-- Set non-toolchain portion of runtime path of "/home/csanimatronics/CS_Animatronics/install/motor_commands/lib/python3.12/site-packages/motor_commands/motor_commands_s__rosidl_typesupport_introspection_c.so" to ""\n'}
[26.557898] (motor_commands) StdoutLine: {'line': b'-- Installing: /home/csanimatronics/CS_Animatronics/install/motor_commands/lib/python3.12/site-packages/motor_commands/motor_commands_s__rosidl_typesupport_c.so\n'}
[26.558432] (motor_commands) StdoutLine: {'line': b'-- Set non-toolchain portion of runtime path of "/home/csanimatronics/CS_Animatronics/install/motor_commands/lib/python3.12/site-packages/motor_commands/motor_commands_s__rosidl_typesupport_c.so" to ""\n'}
[26.558556] (motor_commands) StdoutLine: {'line': b'-- Installing: /home/csanimatronics/CS_Animatronics/install/motor_commands/lib/libmotor_commands__rosidl_generator_py.so\n'}
[26.559116] (motor_commands) StdoutLine: {'line': b'-- Set non-toolchain portion of runtime path of "/home/csanimatronics/CS_Animatronics/install/motor_commands/lib/libmotor_commands__rosidl_generator_py.so" to ""\n'}
[26.559242] (motor_commands) StdoutLine: {'line': b'-- Installing: /home/csanimatronics/CS_Animatronics/install/motor_commands/share/motor_commands/msg/IdAngle.idl\n'}
[26.559380] (motor_commands) StdoutLine: {'line': b'-- Installing: /home/csanimatronics/CS_Animatronics/install/motor_commands/share/motor_commands/srv/GetMotorStates.idl\n'}
[26.559565] (motor_commands) StdoutLine: {'line': b'-- Installing: /home/csanimatronics/CS_Animatronics/install/motor_commands/share/motor_commands/msg/IdAngle.msg\n'}
[26.559731] (motor_commands) StdoutLine: {'line': b'-- Installing: /home/csanimatronics/CS_Animatronics/install/motor_commands/share/motor_commands/srv/GetMotorStates.srv\n'}
[26.559990] (motor_commands) StdoutLine: {'line': b'-- Installing: /home/csanimatronics/CS_Animatronics/install/motor_commands/share/ament_index/resource_index/package_run_dependencies/motor_commands\n'}
[26.560240] (motor_commands) StdoutLine: {'line': b'-- Installing: /home/csanimatronics/CS_Animatronics/install/motor_commands/share/ament_index/resource_index/parent_prefix_path/motor_commands\n'}
[26.560427] (motor_commands) StdoutLine: {'line': b'-- Installing: /home/csanimatronics/CS_Animatronics/install/motor_commands/share/motor_commands/environment/ament_prefix_path.sh\n'}
[26.560602] (motor_commands) StdoutLine: {'line': b'-- Installing: /home/csanimatronics/CS_Animatronics/install/motor_commands/share/motor_commands/environment/ament_prefix_path.dsv\n'}
[26.560785] (motor_commands) StdoutLine: {'line': b'-- Installing: /home/csanimatronics/CS_Animatronics/install/motor_commands/share/motor_commands/environment/path.sh\n'}
[26.560956] (motor_commands) StdoutLine: {'line': b'-- Installing: /home/csanimatronics/CS_Animatronics/install/motor_commands/share/motor_commands/environment/path.dsv\n'}
[26.561127] (motor_commands) StdoutLine: {'line': b'-- Installing: /home/csanimatronics/CS_Animatronics/install/motor_commands/share/motor_commands/local_setup.bash\n'}
[26.561324] (motor_commands) StdoutLine: {'line': b'-- Installing: /home/csanimatronics/CS_Animatronics/install/motor_commands/share/motor_commands/local_setup.sh\n'}
[26.561487] (motor_commands) StdoutLine: {'line': b'-- Installing: /home/csanimatronics/CS_Animatronics/install/motor_commands/share/motor_commands/local_setup.zsh\n'}
[26.561665] (motor_commands) StdoutLine: {'line': b'-- Installing: /home/csanimatronics/CS_Animatronics/install/motor_commands/share/motor_commands/local_setup.dsv\n'}
[26.561832] (motor_commands) StdoutLine: {'line': b'-- Installing: /home/csanimatronics/CS_Animatronics/install/motor_commands/share/motor_commands/package.dsv\n'}
[26.562070] (motor_commands) StdoutLine: {'line': b'-- Installing: /home/csanimatronics/CS_Animatronics/install/motor_commands/share/ament_index/resource_index/packages/motor_commands\n'}
[26.562301] (motor_commands) StdoutLine: {'line': b'-- Installing: /home/csanimatronics/CS_Animatronics/install/motor_commands/share/motor_commands/cmake/export_motor_commands__rosidl_generator_cExport.cmake\n'}
[26.562502] (motor_commands) StdoutLine: {'line': b'-- Installing: /home/csanimatronics/CS_Animatronics/install/motor_commands/share/motor_commands/cmake/export_motor_commands__rosidl_generator_cExport-noconfig.cmake\n'}
[26.562702] (motor_commands) StdoutLine: {'line': b'-- Installing: /home/csanimatronics/CS_Animatronics/install/motor_commands/share/motor_commands/cmake/export_motor_commands__rosidl_typesupport_fastrtps_cExport.cmake\n'}
[26.562908] (motor_commands) StdoutLine: {'line': b'-- Installing: /home/csanimatronics/CS_Animatronics/install/motor_commands/share/motor_commands/cmake/export_motor_commands__rosidl_typesupport_fastrtps_cExport-noconfig.cmake\n'}
[26.563104] (motor_commands) StdoutLine: {'line': b'-- Installing: /home/csanimatronics/CS_Animatronics/install/motor_commands/share/motor_commands/cmake/export_motor_commands__rosidl_generator_cppExport.cmake\n'}
[26.563301] (motor_commands) StdoutLine: {'line': b'-- Installing: /home/csanimatronics/CS_Animatronics/install/motor_commands/share/motor_commands/cmake/export_motor_commands__rosidl_typesupport_fastrtps_cppExport.cmake\n'}
[26.563483] (motor_commands) StdoutLine: {'line': b'-- Installing: /home/csanimatronics/CS_Animatronics/install/motor_commands/share/motor_commands/cmake/export_motor_commands__rosidl_typesupport_fastrtps_cppExport-noconfig.cmake\n'}
[26.563681] (motor_commands) StdoutLine: {'line': b'-- Installing: /home/csanimatronics/CS_Animatronics/install/motor_commands/share/motor_commands/cmake/motor_commands__rosidl_typesupport_introspection_cExport.cmake\n'}
[26.563889] (motor_commands) StdoutLine: {'line': b'-- Installing: /home/csanimatronics/CS_Animatronics/install/motor_commands/share/motor_commands/cmake/motor_commands__rosidl_typesupport_introspection_cExport-noconfig.cmake\n'}
[26.564086] (motor_commands) StdoutLine: {'line': b'-- Installing: /home/csanimatronics/CS_Animatronics/install/motor_commands/share/motor_commands/cmake/motor_commands__rosidl_typesupport_cExport.cmake\n'}
[26.564259] (motor_commands) StdoutLine: {'line': b'-- Installing: /home/csanimatronics/CS_Animatronics/install/motor_commands/share/motor_commands/cmake/motor_commands__rosidl_typesupport_cExport-noconfig.cmake\n'}
[26.564471] (motor_commands) StdoutLine: {'line': b'-- Installing: /home/csanimatronics/CS_Animatronics/install/motor_commands/share/motor_commands/cmake/motor_commands__rosidl_typesupport_introspection_cppExport.cmake\n'}
[26.564649] (motor_commands) StdoutLine: {'line': b'-- Installing: /home/csanimatronics/CS_Animatronics/install/motor_commands/share/motor_commands/cmake/motor_commands__rosidl_typesupport_introspection_cppExport-noconfig.cmake\n'}
[26.564852] (motor_commands) StdoutLine: {'line': b'-- Installing: /home/csanimatronics/CS_Animatronics/install/motor_commands/share/motor_commands/cmake/motor_commands__rosidl_typesupport_cppExport.cmake\n'}
[26.565037] (motor_commands) StdoutLine: {'line': b'-- Installing: /home/csanimatronics/CS_Animatronics/install/motor_commands/share/motor_commands/cmake/motor_commands__rosidl_typesupport_cppExport-noconfig.cmake\n'}
[26.565231] (motor_commands) StdoutLine: {'line': b'-- Installing: /home/csanimatronics/CS_Animatronics/install/motor_commands/share/motor_commands/cmake/export_motor_commands__rosidl_generator_pyExport.cmake\n'}
[26.565407] (motor_commands) StdoutLine: {'line': b'-- Installing: /home/csanimatronics/CS_Animatronics/install/motor_commands/share/motor_commands/cmake/export_motor_commands__rosidl_generator_pyExport-noconfig.cmake\n'}
[26.565577] (motor_commands) StdoutLine: {'line': b'-- Installing: /home/csanimatronics/CS_Animatronics/install/motor_commands/share/motor_commands/cmake/rosidl_cmake-extras.cmake\n'}
[26.565745] (motor_commands) StdoutLine: {'line': b'-- Installing: /home/csanimatronics/CS_Animatronics/install/motor_commands/share/motor_commands/cmake/ament_cmake_export_dependencies-extras.cmake\n'}
[26.565940] (motor_commands) StdoutLine: {'line': b'-- Installing: /home/csanimatronics/CS_Animatronics/install/motor_commands/share/motor_commands/cmake/ament_cmake_export_include_directories-extras.cmake\n'}
[26.566109] (motor_commands) StdoutLine: {'line': b'-- Installing: /home/csanimatronics/CS_Animatronics/install/motor_commands/share/motor_commands/cmake/ament_cmake_export_libraries-extras.cmake\n'}
[26.566290] (motor_commands) StdoutLine: {'line': b'-- Installing: /home/csanimatronics/CS_Animatronics/install/motor_commands/share/motor_commands/cmake/ament_cmake_export_targets-extras.cmake\n'}
[26.566462] (motor_commands) StdoutLine: {'line': b'-- Installing: /home/csanimatronics/CS_Animatronics/install/motor_commands/share/motor_commands/cmake/rosidl_cmake_export_typesupport_targets-extras.cmake\n'}
[26.566636] (motor_commands) StdoutLine: {'line': b'-- Installing: /home/csanimatronics/CS_Animatronics/install/motor_commands/share/motor_commands/cmake/rosidl_cmake_export_typesupport_libraries-extras.cmake\n'}
[26.566808] (motor_commands) StdoutLine: {'line': b'-- Installing: /home/csanimatronics/CS_Animatronics/install/motor_commands/share/motor_commands/cmake/motor_commandsConfig.cmake\n'}
[26.566969] (motor_commands) StdoutLine: {'line': b'-- Installing: /home/csanimatronics/CS_Animatronics/install/motor_commands/share/motor_commands/cmake/motor_commandsConfig-version.cmake\n'}
[26.567134] (motor_commands) StdoutLine: {'line': b'-- Installing: /home/csanimatronics/CS_Animatronics/install/motor_commands/share/motor_commands/package.xml\n'}
[26.571010] (motor_commands) CommandEnded: {'returncode': 0}
[26.575128] (-) TimerEvent: {}
[26.600050] (motor_commands) JobEnded: {'identifier': 'motor_commands', 'rc': 0}
[26.601201] (motion_editor) JobStarted: {'identifier': 'motion_editor'}
[26.610135] (motor_controller) JobStarted: {'identifier': 'motor_controller'}
[26.621354] (system_controller) JobStarted: {'identifier': 'system_controller'}
[26.675290] (-) TimerEvent: {}
[26.775638] (-) TimerEvent: {}
[26.875966] (-) TimerEvent: {}
[26.976337] (-) TimerEvent: {}
[27.076865] (-) TimerEvent: {}
[27.177210] (-) TimerEvent: {}
[27.277556] (-) TimerEvent: {}
[27.377998] (-) TimerEvent: {}
[27.478332] (-) TimerEvent: {}
[27.578677] (-) TimerEvent: {}
[27.679036] (-) TimerEvent: {}
[27.780874] (-) TimerEvent: {}
[27.881246] (-) TimerEvent: {}
[27.981604] (-) TimerEvent: {}
[28.081967] (-) TimerEvent: {}
[28.182374] (-) TimerEvent: {}
[28.285845] (-) TimerEvent: {}
[28.386187] (-) TimerEvent: {}
[28.486585] (-) TimerEvent: {}
[28.587088] (-) TimerEvent: {}
[28.687634] (-) TimerEvent: {}
[28.732741] (motion_editor) Command: {'cmd': ['/usr/bin/python3', '-W', 'ignore:setup.py install is deprecated', '-W', 'ignore:easy_install command is deprecated', 'setup.py', 'egg_info', '--egg-base', '../../build/motion_editor', 'build', '--build-base', '/home/csanimatronics/CS_Animatronics/build/motion_editor/build', 'install', '--record', '/home/csanimatronics/CS_Animatronics/build/motion_editor/install.log', '--single-version-externally-managed', 'install_data'], 'cwd': '/home/csanimatronics/CS_Animatronics/src/motion_editor', 'env': {'LESSOPEN': '| /usr/bin/lesspipe %s', 'USER': 'csanimatronics', 'XDG_SESSION_TYPE': 'wayland', 'SHLVL': '1', 'LD_LIBRARY_PATH': '/home/csanimatronics/CS_Animatronics/install/motor_commands/lib:/opt/ros/jazzy/opt/rviz_ogre_vendor/lib:/opt/ros/jazzy/lib/aarch64-linux-gnu:/opt/ros/jazzy/opt/gz_math_vendor/lib:/opt/ros/jazzy/opt/gz_utils_vendor/lib:/opt/ros/jazzy/opt/gz_cmake_vendor/lib:/opt/ros/jazzy/lib', 'HOME': '/home/csanimatronics', 'CONDA_SHLVL': '0', 'OLDPWD': '/home/csanimatronics', 'DESKTOP_SESSION': 'ubuntu', 'ROS_PYTHON_VERSION': '3', 'GNOME_SHELL_SESSION_MODE': 'ubuntu', 'GTK_MODULES': 'gail:atk-bridge', 'SYSTEMD_EXEC_PID': '1724', 'GSM_SKIP_SSH_AGENT_WORKAROUND': 'true', 'DBUS_SESSION_BUS_ADDRESS': 'unix:path=/run/user/1002/bus', 'COLORTERM': 'truecolor', '_CE_M': '', 'DEBUGINFOD_URLS': 'https://debuginfod.ubuntu.com', 'IM_CONFIG_PHASE': '1', 'WAYLAND_DISPLAY': 'wayland-0', 'ROS_DISTRO': 'jazzy', 'LOGNAME': 'csanimatronics', '_': '/usr/bin/colcon', 'ROS_VERSION': '2', 'MEMORY_PRESSURE_WATCH': '/sys/fs/cgroup/user.slice/user-1002.slice/user@1002.service/session.slice/org.gnome.Shell@wayland.service/memory.pressure', 'XDG_SESSION_CLASS': 'user', 'USERNAME': 'csanimatronics', 'TERM': 'xterm-256color', 'GNOME_DESKTOP_SESSION_ID': 'this-is-deprecated', '_CE_CONDA': '', 'PATH': '/opt/ros/jazzy/bin:/home/csanimatronics/miniforge/condabin:/usr/local/sbin:/usr/local/bin:/usr/sbin:/usr/bin:/sbin:/bin:/usr/games:/usr/local/games:/snap/bin:/snap/bin', 'SESSION_MANAGER': 'local/csanimatronics:@/tmp/.ICE-unix/1690,unix/csanimatronics:/tmp/.ICE-unix/1690', 'XDG_MENU_PREFIX': 'gnome-', 'GNOME_TERMINAL_SCREEN': '/org/gnome/Terminal/screen/9ac44ee5_15f5_4249_9203_3d5f6b53b17b', 'GNOME_SETUP_DISPLAY': ':1', 'XDG_RUNTIME_DIR': '/run/user/1002', 'DISPLAY': ':0', 'LANG': 'en_US.UTF-8', 'XDG_CURRENT_DESKTOP': 'ubuntu:GNOME', 'XMODIFIERS': '@im=ibus', 'XDG_SESSION_DESKTOP': 'ubuntu', 'XAUTHORITY': '/run/user/1002/.mutter-Xwaylandauth.CAS3B3', 'LS_COLORS': 'rs=0:di=01;34:ln=01;36:mh=00:pi=40;33:so=01;35:do=01;35:bd=40;33;01:cd=40;33;01:or=40;31;01:mi=00:su=37;41:sg=30;43:ca=00:tw=30;42:ow=34;42:st=37;44:ex=01;32:*.tar=01;31:*.tgz=01;31:*.arc=01;31:*.arj=01;31:*.taz=01;31:*.lha=01;31:*.lz4=01;31:*.lzh=01;31:*.lzma=01;31:*.tlz=01;31:*.txz=01;31:*.tzo=01;31:*.t7z=01;31:*.zip=01;31:*.z=01;31:*.dz=01;31:*.gz=01;31:*.lrz=01;31:*.lz=01;31:*.lzo=01;31:*.xz=01;31:*.zst=01;31:*.tzst=01;31:*.bz2=01;31:*.bz=01;31:*.tbz=01;31:*.tbz2=01;31:*.tz=01;31:*.deb=01;31:*.rpm=01;31:*.jar=01;31:*.war=01;31:*.ear=01;31:*.sar=01;31:*.rar=01;31:*.alz=01;31:*.ace=01;31:*.zoo=01;31:*.cpio=01;31:*.7z=01;31:*.rz=01;31:*.cab=01;31:*.wim=01;31:*.swm=01;31:*.dwm=01;31:*.esd=01;31:*.avif=01;35:*.jpg=01;35:*.jpeg=01;35:*.mjpg=01;35:*.mjpeg=01;35:*.gif=01;35:*.bmp=01;35:*.pbm=01;35:*.pgm=01;35:*.ppm=01;35:*.tga=01;35:*.xbm=01;35:*.xpm=01;35:*.tif=01;35:*.tiff=01;35:*.png=01;35:*.svg=01;35:*.svgz=01;35:*.mng=01;35:*.pcx=01;35:*.mov=01;35:*.mpg=01;35:*.mpeg=01;35:*.m2v=01;35:*.mkv=01;35:*.webm=01;35:*.webp=01;35:*.ogm=01;35:*.mp4=01;35:*.m4v=01;35:*.mp4v=01;35:*.vob=01;35:*.qt=01;35:*.nuv=01;35:*.wmv=01;35:*.asf=01;35:*.rm=01;35:*.rmvb=01;35:*.flc=01;35:*.avi=01;35:*.fli=01;35:*.flv=01;35:*.gl=01;35:*.dl=01;35:*.xcf=01;35:*.xwd=01;35:*.yuv=01;35:*.cgm=01;35:*.emf=01;35:*.ogv=01;35:*.ogx=01;35:*.aac=00;36:*.au=00;36:*.flac=00;36:*.m4a=00;36:*.mid=00;36:*.midi=00;36:*.mka=00;36:*.mp3=00;36:*.mpc=00;36:*.ogg=00;36:*.ra=00;36:*.wav=00;36:*.oga=00;36:*.opus=00;36:*.spx=00;36:*.xspf=00;36:*~=00;90:*#=00;90:*.bak=00;90:*.crdownload=00;90:*.dpkg-dist=00;90:*.dpkg-new=00;90:*.dpkg-old=00;90:*.dpkg-tmp=00;90:*.old=00;90:*.orig=00;90:*.part=00;90:*.rej=00;90:*.rpmnew=00;90:*.rpmorig=00;90:*.rpmsave=00;90:*.swp=00;90:*.tmp=00;90:*.ucf-dist=00;90:*.ucf-new=00;90:*.ucf-old=00;90:', 'GNOME_TERMINAL_SERVICE': ':1.135', 'SSH_AUTH_SOCK': '/run/user/1002/keyring/ssh', 'AMENT_PREFIX_PATH': '/home/csanimatronics/CS_Animatronics/install/motor_commands:/opt/ros/jazzy', 'CONDA_PYTHON_EXE': '/home/csanimatronics/miniforge/bin/python', 'SHELL': '/bin/bash', 'QT_ACCESSIBILITY': '1', 'GDMSESSION': 'ubuntu', 'LESSCLOSE': '/usr/bin/lesspipe %s %s', 'ROS_AUTOMATIC_DISCOVERY_RANGE': 'SUBNET', 'QT_IM_MODULE': 'ibus', 'PWD': '/home/csanimatronics/CS_Animatronics/build/motion_editor', 'LC_ALL': 'en_US.UTF-8', 'XDG_CONFIG_DIRS': '/etc/xdg/xdg-ubuntu:/etc/xdg', 'CONDA_EXE': '/home/csanimatronics/miniforge/bin/conda', 'XDG_DATA_DIRS': '/usr/share/ubuntu:/usr/share/gnome:/usr/local/share/:/usr/share/:/var/lib/snapd/desktop', 'PYTHONPATH': '/home/csanimatronics/CS_Animatronics/build/motion_editor/prefix_override:/usr/lib/python3/dist-packages/colcon_core/task/python/colcon_distutils_commands:/home/csanimatronics/CS_Animatronics/install/motion_editor/lib/python3.12/site-packages:/home/csanimatronics/CS_Animatronics/install/motor_commands/lib/python3.12/site-packages:/opt/ros/jazzy/lib/python3.12/site-packages', 'COLCON': '1', 'MEMORY_PRESSURE_WRITE': 'c29tZSAyMDAwMDAgMjAwMDAwMAA=', 'VTE_VERSION': '7600', 'CMAKE_PREFIX_PATH': '/home/csanimatronics/CS_Animatronics/install/motor_commands:/opt/ros/jazzy/opt/gz_math_vendor:/opt/ros/jazzy/opt/gz_utils_vendor:/opt/ros/jazzy/opt/gz_cmake_vendor'}, 'shell': False}
[28.757394] (motor_controller) Command: {'cmd': ['/usr/bin/python3', '-W', 'ignore:setup.py install is deprecated', '-W', 'ignore:easy_install command is deprecated', 'setup.py', 'egg_info', '--egg-base', '../../build/motor_controller', 'build', '--build-base', '/home/csanimatronics/CS_Animatronics/build/motor_controller/build', 'install', '--record', '/home/csanimatronics/CS_Animatronics/build/motor_controller/install.log', '--single-version-externally-managed', 'install_data'], 'cwd': '/home/csanimatronics/CS_Animatronics/src/motor_controller', 'env': {'LESSOPEN': '| /usr/bin/lesspipe %s', 'USER': 'csanimatronics', 'XDG_SESSION_TYPE': 'wayland', 'SHLVL': '1', 'LD_LIBRARY_PATH': '/home/csanimatronics/CS_Animatronics/install/motor_commands/lib:/home/csanimatronics/CS_Animatronics/install/dynamixel_sdk_custom_interfaces/lib:/home/csanimatronics/CS_Animatronics/install/dynamixel_sdk/lib:/opt/ros/jazzy/opt/rviz_ogre_vendor/lib:/opt/ros/jazzy/lib/aarch64-linux-gnu:/opt/ros/jazzy/opt/gz_math_vendor/lib:/opt/ros/jazzy/opt/gz_utils_vendor/lib:/opt/ros/jazzy/opt/gz_cmake_vendor/lib:/opt/ros/jazzy/lib', 'HOME': '/home/csanimatronics', 'CONDA_SHLVL': '0', 'OLDPWD': '/home/csanimatronics', 'DESKTOP_SESSION': 'ubuntu', 'ROS_PYTHON_VERSION': '3', 'GNOME_SHELL_SESSION_MODE': 'ubuntu', 'GTK_MODULES': 'gail:atk-bridge', 'SYSTEMD_EXEC_PID': '1724', 'GSM_SKIP_SSH_AGENT_WORKAROUND': 'true', 'DBUS_SESSION_BUS_ADDRESS': 'unix:path=/run/user/1002/bus', 'COLORTERM': 'truecolor', '_CE_M': '', 'DEBUGINFOD_URLS': 'https://debuginfod.ubuntu.com', 'IM_CONFIG_PHASE': '1', 'WAYLAND_DISPLAY': 'wayland-0', 'ROS_DISTRO': 'jazzy', 'LOGNAME': 'csanimatronics', '_': '/usr/bin/colcon', 'ROS_VERSION': '2', 'MEMORY_PRESSURE_WATCH': '/sys/fs/cgroup/user.slice/user-1002.slice/user@1002.service/session.slice/org.gnome.Shell@wayland.service/memory.pressure', 'XDG_SESSION_CLASS': 'user', 'USERNAME': 'csanimatronics', 'TERM': 'xterm-256color', 'GNOME_DESKTOP_SESSION_ID': 'this-is-deprecated', '_CE_CONDA': '', 'PATH': '/opt/ros/jazzy/bin:/home/csanimatronics/miniforge/condabin:/usr/local/sbin:/usr/local/bin:/usr/sbin:/usr/bin:/sbin:/bin:/usr/games:/usr/local/games:/snap/bin:/snap/bin', 'SESSION_MANAGER': 'local/csanimatronics:@/tmp/.ICE-unix/1690,unix/csanimatronics:/tmp/.ICE-unix/1690', 'XDG_MENU_PREFIX': 'gnome-', 'GNOME_TERMINAL_SCREEN': '/org/gnome/Terminal/screen/9ac44ee5_15f5_4249_9203_3d5f6b53b17b', 'GNOME_SETUP_DISPLAY': ':1', 'XDG_RUNTIME_DIR': '/run/user/1002', 'DISPLAY': ':0', 'LANG': 'en_US.UTF-8', 'XDG_CURRENT_DESKTOP': 'ubuntu:GNOME', 'XMODIFIERS': '@im=ibus', 'XDG_SESSION_DESKTOP': 'ubuntu', 'XAUTHORITY': '/run/user/1002/.mutter-Xwaylandauth.CAS3B3', 'LS_COLORS': 'rs=0:di=01;34:ln=01;36:mh=00:pi=40;33:so=01;35:do=01;35:bd=40;33;01:cd=40;33;01:or=40;31;01:mi=00:su=37;41:sg=30;43:ca=00:tw=30;42:ow=34;42:st=37;44:ex=01;32:*.tar=01;31:*.tgz=01;31:*.arc=01;31:*.arj=01;31:*.taz=01;31:*.lha=01;31:*.lz4=01;31:*.lzh=01;31:*.lzma=01;31:*.tlz=01;31:*.txz=01;31:*.tzo=01;31:*.t7z=01;31:*.zip=01;31:*.z=01;31:*.dz=01;31:*.gz=01;31:*.lrz=01;31:*.lz=01;31:*.lzo=01;31:*.xz=01;31:*.zst=01;31:*.tzst=01;31:*.bz2=01;31:*.bz=01;31:*.tbz=01;31:*.tbz2=01;31:*.tz=01;31:*.deb=01;31:*.rpm=01;31:*.jar=01;31:*.war=01;31:*.ear=01;31:*.sar=01;31:*.rar=01;31:*.alz=01;31:*.ace=01;31:*.zoo=01;31:*.cpio=01;31:*.7z=01;31:*.rz=01;31:*.cab=01;31:*.wim=01;31:*.swm=01;31:*.dwm=01;31:*.esd=01;31:*.avif=01;35:*.jpg=01;35:*.jpeg=01;35:*.mjpg=01;35:*.mjpeg=01;35:*.gif=01;35:*.bmp=01;35:*.pbm=01;35:*.pgm=01;35:*.ppm=01;35:*.tga=01;35:*.xbm=01;35:*.xpm=01;35:*.tif=01;35:*.tiff=01;35:*.png=01;35:*.svg=01;35:*.svgz=01;35:*.mng=01;35:*.pcx=01;35:*.mov=01;35:*.mpg=01;35:*.mpeg=01;35:*.m2v=01;35:*.mkv=01;35:*.webm=01;35:*.webp=01;35:*.ogm=01;35:*.mp4=01;35:*.m4v=01;35:*.mp4v=01;35:*.vob=01;35:*.qt=01;35:*.nuv=01;35:*.wmv=01;35:*.asf=01;35:*.rm=01;35:*.rmvb=01;35:*.flc=01;35:*.avi=01;35:*.fli=01;35:*.flv=01;35:*.gl=01;35:*.dl=01;35:*.xcf=01;35:*.xwd=01;35:*.yuv=01;35:*.cgm=01;35:*.emf=01;35:*.ogv=01;35:*.ogx=01;35:*.aac=00;36:*.au=00;36:*.flac=00;36:*.m4a=00;36:*.mid=00;36:*.midi=00;36:*.mka=00;36:*.mp3=00;36:*.mpc=00;36:*.ogg=00;36:*.ra=00;36:*.wav=00;36:*.oga=00;36:*.opus=00;36:*.spx=00;36:*.xspf=00;36:*~=00;90:*#=00;90:*.bak=00;90:*.crdownload=00;90:*.dpkg-dist=00;90:*.dpkg-new=00;90:*.dpkg-old=00;90:*.dpkg-tmp=00;90:*.old=00;90:*.orig=00;90:*.part=00;90:*.rej=00;90:*.rpmnew=00;90:*.rpmorig=00;90:*.rpmsave=00;90:*.swp=00;90:*.tmp=00;90:*.ucf-dist=00;90:*.ucf-new=00;90:*.ucf-old=00;90:', 'GNOME_TERMINAL_SERVICE': ':1.135', 'SSH_AUTH_SOCK': '/run/user/1002/keyring/ssh', 'AMENT_PREFIX_PATH': '/home/csanimatronics/CS_Animatronics/install/motor_commands:/home/csanimatronics/CS_Animatronics/install/dynamixel_sdk_custom_interfaces:/home/csanimatronics/CS_Animatronics/install/dynamixel_sdk:/opt/ros/jazzy', 'CONDA_PYTHON_EXE': '/home/csanimatronics/miniforge/bin/python', 'SHELL': '/bin/bash', 'QT_ACCESSIBILITY': '1', 'GDMSESSION': 'ubuntu', 'LESSCLOSE': '/usr/bin/lesspipe %s %s', 'ROS_AUTOMATIC_DISCOVERY_RANGE': 'SUBNET', 'QT_IM_MODULE': 'ibus', 'PWD': '/home/csanimatronics/CS_Animatronics/build/motor_controller', 'LC_ALL': 'en_US.UTF-8', 'XDG_CONFIG_DIRS': '/etc/xdg/xdg-ubuntu:/etc/xdg', 'CONDA_EXE': '/home/csanimatronics/miniforge/bin/conda', 'XDG_DATA_DIRS': '/usr/share/ubuntu:/usr/share/gnome:/usr/local/share/:/usr/share/:/var/lib/snapd/desktop', 'PYTHONPATH': '/home/csanimatronics/CS_Animatronics/build/motor_controller/prefix_override:/usr/lib/python3/dist-packages/colcon_core/task/python/colcon_distutils_commands:/home/csanimatronics/CS_Animatronics/install/motor_controller/lib/python3.12/site-packages:/home/csanimatronics/CS_Animatronics/install/motor_commands/lib/python3.12/site-packages:/home/csanimatronics/CS_Animatronics/install/dynamixel_sdk_custom_interfaces/lib/python3.12/site-packages:/opt/ros/jazzy/lib/python3.12/site-packages', 'COLCON': '1', 'MEMORY_PRESSURE_WRITE': 'c29tZSAyMDAwMDAgMjAwMDAwMAA=', 'VTE_VERSION': '7600', 'CMAKE_PREFIX_PATH': '/home/csanimatronics/CS_Animatronics/install/motor_commands:/home/csanimatronics/CS_Animatronics/install/dynamixel_sdk_custom_interfaces:/home/csanimatronics/CS_Animatronics/install/dynamixel_sdk:/opt/ros/jazzy/opt/gz_math_vendor:/opt/ros/jazzy/opt/gz_utils_vendor:/opt/ros/jazzy/opt/gz_cmake_vendor'}, 'shell': False}
[28.762190] (system_controller) Command: {'cmd': ['/usr/bin/python3', '-W', 'ignore:setup.py install is deprecated', '-W', 'ignore:easy_install command is deprecated', 'setup.py', 'egg_info', '--egg-base', '../../build/system_controller', 'build', '--build-base', '/home/csanimatronics/CS_Animatronics/build/system_controller/build', 'install', '--record', '/home/csanimatronics/CS_Animatronics/build/system_controller/install.log', '--single-version-externally-managed', 'install_data'], 'cwd': '/home/csanimatronics/CS_Animatronics/src/system_controller', 'env': {'LESSOPEN': '| /usr/bin/lesspipe %s', 'USER': 'csanimatronics', 'XDG_SESSION_TYPE': 'wayland', 'SHLVL': '1', 'LD_LIBRARY_PATH': '/home/csanimatronics/CS_Animatronics/install/motor_commands/lib:/opt/ros/jazzy/opt/rviz_ogre_vendor/lib:/opt/ros/jazzy/lib/aarch64-linux-gnu:/opt/ros/jazzy/opt/gz_math_vendor/lib:/opt/ros/jazzy/opt/gz_utils_vendor/lib:/opt/ros/jazzy/opt/gz_cmake_vendor/lib:/opt/ros/jazzy/lib', 'HOME': '/home/csanimatronics', 'CONDA_SHLVL': '0', 'OLDPWD': '/home/csanimatronics', 'DESKTOP_SESSION': 'ubuntu', 'ROS_PYTHON_VERSION': '3', 'GNOME_SHELL_SESSION_MODE': 'ubuntu', 'GTK_MODULES': 'gail:atk-bridge', 'SYSTEMD_EXEC_PID': '1724', 'GSM_SKIP_SSH_AGENT_WORKAROUND': 'true', 'DBUS_SESSION_BUS_ADDRESS': 'unix:path=/run/user/1002/bus', 'COLORTERM': 'truecolor', '_CE_M': '', 'DEBUGINFOD_URLS': 'https://debuginfod.ubuntu.com', 'IM_CONFIG_PHASE': '1', 'WAYLAND_DISPLAY': 'wayland-0', 'ROS_DISTRO': 'jazzy', 'LOGNAME': 'csanimatronics', '_': '/usr/bin/colcon', 'ROS_VERSION': '2', 'MEMORY_PRESSURE_WATCH': '/sys/fs/cgroup/user.slice/user-1002.slice/user@1002.service/session.slice/org.gnome.Shell@wayland.service/memory.pressure', 'XDG_SESSION_CLASS': 'user', 'USERNAME': 'csanimatronics', 'TERM': 'xterm-256color', 'GNOME_DESKTOP_SESSION_ID': 'this-is-deprecated', '_CE_CONDA': '', 'PATH': '/opt/ros/jazzy/bin:/home/csanimatronics/miniforge/condabin:/usr/local/sbin:/usr/local/bin:/usr/sbin:/usr/bin:/sbin:/bin:/usr/games:/usr/local/games:/snap/bin:/snap/bin', 'SESSION_MANAGER': 'local/csanimatronics:@/tmp/.ICE-unix/1690,unix/csanimatronics:/tmp/.ICE-unix/1690', 'XDG_MENU_PREFIX': 'gnome-', 'GNOME_TERMINAL_SCREEN': '/org/gnome/Terminal/screen/9ac44ee5_15f5_4249_9203_3d5f6b53b17b', 'GNOME_SETUP_DISPLAY': ':1', 'XDG_RUNTIME_DIR': '/run/user/1002', 'DISPLAY': ':0', 'LANG': 'en_US.UTF-8', 'XDG_CURRENT_DESKTOP': 'ubuntu:GNOME', 'XMODIFIERS': '@im=ibus', 'XDG_SESSION_DESKTOP': 'ubuntu', 'XAUTHORITY': '/run/user/1002/.mutter-Xwaylandauth.CAS3B3', 'LS_COLORS': 'rs=0:di=01;34:ln=01;36:mh=00:pi=40;33:so=01;35:do=01;35:bd=40;33;01:cd=40;33;01:or=40;31;01:mi=00:su=37;41:sg=30;43:ca=00:tw=30;42:ow=34;42:st=37;44:ex=01;32:*.tar=01;31:*.tgz=01;31:*.arc=01;31:*.arj=01;31:*.taz=01;31:*.lha=01;31:*.lz4=01;31:*.lzh=01;31:*.lzma=01;31:*.tlz=01;31:*.txz=01;31:*.tzo=01;31:*.t7z=01;31:*.zip=01;31:*.z=01;31:*.dz=01;31:*.gz=01;31:*.lrz=01;31:*.lz=01;31:*.lzo=01;31:*.xz=01;31:*.zst=01;31:*.tzst=01;31:*.bz2=01;31:*.bz=01;31:*.tbz=01;31:*.tbz2=01;31:*.tz=01;31:*.deb=01;31:*.rpm=01;31:*.jar=01;31:*.war=01;31:*.ear=01;31:*.sar=01;31:*.rar=01;31:*.alz=01;31:*.ace=01;31:*.zoo=01;31:*.cpio=01;31:*.7z=01;31:*.rz=01;31:*.cab=01;31:*.wim=01;31:*.swm=01;31:*.dwm=01;31:*.esd=01;31:*.avif=01;35:*.jpg=01;35:*.jpeg=01;35:*.mjpg=01;35:*.mjpeg=01;35:*.gif=01;35:*.bmp=01;35:*.pbm=01;35:*.pgm=01;35:*.ppm=01;35:*.tga=01;35:*.xbm=01;35:*.xpm=01;35:*.tif=01;35:*.tiff=01;35:*.png=01;35:*.svg=01;35:*.svgz=01;35:*.mng=01;35:*.pcx=01;35:*.mov=01;35:*.mpg=01;35:*.mpeg=01;35:*.m2v=01;35:*.mkv=01;35:*.webm=01;35:*.webp=01;35:*.ogm=01;35:*.mp4=01;35:*.m4v=01;35:*.mp4v=01;35:*.vob=01;35:*.qt=01;35:*.nuv=01;35:*.wmv=01;35:*.asf=01;35:*.rm=01;35:*.rmvb=01;35:*.flc=01;35:*.avi=01;35:*.fli=01;35:*.flv=01;35:*.gl=01;35:*.dl=01;35:*.xcf=01;35:*.xwd=01;35:*.yuv=01;35:*.cgm=01;35:*.emf=01;35:*.ogv=01;35:*.ogx=01;35:*.aac=00;36:*.au=00;36:*.flac=00;36:*.m4a=00;36:*.mid=00;36:*.midi=00;36:*.mka=00;36:*.mp3=00;36:*.mpc=00;36:*.ogg=00;36:*.ra=00;36:*.wav=00;36:*.oga=00;36:*.opus=00;36:*.spx=00;36:*.xspf=00;36:*~=00;90:*#=00;90:*.bak=00;90:*.crdownload=00;90:*.dpkg-dist=00;90:*.dpkg-new=00;90:*.dpkg-old=00;90:*.dpkg-tmp=00;90:*.old=00;90:*.orig=00;90:*.part=00;90:*.rej=00;90:*.rpmnew=00;90:*.rpmorig=00;90:*.rpmsave=00;90:*.swp=00;90:*.tmp=00;90:*.ucf-dist=00;90:*.ucf-new=00;90:*.ucf-old=00;90:', 'GNOME_TERMINAL_SERVICE': ':1.135', 'SSH_AUTH_SOCK': '/run/user/1002/keyring/ssh', 'AMENT_PREFIX_PATH': '/home/csanimatronics/CS_Animatronics/install/motor_commands:/opt/ros/jazzy', 'CONDA_PYTHON_EXE': '/home/csanimatronics/miniforge/bin/python', 'SHELL': '/bin/bash', 'QT_ACCESSIBILITY': '1', 'GDMSESSION': 'ubuntu', 'LESSCLOSE': '/usr/bin/lesspipe %s %s', 'ROS_AUTOMATIC_DISCOVERY_RANGE': 'SUBNET', 'QT_IM_MODULE': 'ibus', 'PWD': '/home/csanimatronics/CS_Animatronics/build/system_controller', 'LC_ALL': 'en_US.UTF-8', 'XDG_CONFIG_DIRS': '/etc/xdg/xdg-ubuntu:/etc/xdg', 'CONDA_EXE': '/home/csanimatronics/miniforge/bin/conda', 'XDG_DATA_DIRS': '/usr/share/ubuntu:/usr/share/gnome:/usr/local/share/:/usr/share/:/var/lib/snapd/desktop', 'PYTHONPATH': '/home/csanimatronics/CS_Animatronics/build/system_controller/prefix_override:/usr/lib/python3/dist-packages/colcon_core/task/python/colcon_distutils_commands:/home/csanimatronics/CS_Animatronics/install/system_controller/lib/python3.12/site-packages:/home/csanimatronics/CS_Animatronics/install/motor_commands/lib/python3.12/site-packages:/opt/ros/jazzy/lib/python3.12/site-packages', 'COLCON': '1', 'MEMORY_PRESSURE_WRITE': 'c29tZSAyMDAwMDAgMjAwMDAwMAA=', 'VTE_VERSION': '7600', 'CMAKE_PREFIX_PATH': '/home/csanimatronics/CS_Animatronics/install/motor_commands:/opt/ros/jazzy/opt/gz_math_vendor:/opt/ros/jazzy/opt/gz_utils_vendor:/opt/ros/jazzy/opt/gz_cmake_vendor'}, 'shell': False}
[28.787723] (-) TimerEvent: {}
[28.888124] (-) TimerEvent: {}
[28.988492] (-) TimerEvent: {}
[29.088837] (-) TimerEvent: {}
[29.168636] (motion_editor) StdoutLine: {'line': b'running egg_info\n'}
[29.169534] (motion_editor) StdoutLine: {'line': b'creating ../../build/motion_editor/motion_editor.egg-info\n'}
[29.186365] (motor_controller) StdoutLine: {'line': b'running egg_info\n'}
[29.186934] (motor_controller) StdoutLine: {'line': b'creating ../../build/motor_controller/motor_controller.egg-info\n'}
[29.188906] (-) TimerEvent: {}
[29.198119] (motion_editor) StdoutLine: {'line': b'writing ../../build/motion_editor/motion_editor.egg-info/PKG-INFO\n'}
[29.200742] (motion_editor) StdoutLine: {'line': b'writing dependency_links to ../../build/motion_editor/motion_editor.egg-info/dependency_links.txt\n'}
[29.214510] (system_controller) StdoutLine: {'line': b'running egg_info\n'}
[29.214703] (system_controller) StdoutLine: {'line': b'creating ../../build/system_controller/system_controller.egg-info\n'}
[29.215048] (motion_editor) StdoutLine: {'line': b'writing entry points to ../../build/motion_editor/motion_editor.egg-info/entry_points.txt\n'}
[29.215243] (motion_editor) StdoutLine: {'line': b'writing requirements to ../../build/motion_editor/motion_editor.egg-info/requires.txt\n'}
[29.215393] (motion_editor) StdoutLine: {'line': b'writing top-level names to ../../build/motion_editor/motion_editor.egg-info/top_level.txt\n'}
[29.215564] (motion_editor) StdoutLine: {'line': b"writing manifest file '../../build/motion_editor/motion_editor.egg-info/SOURCES.txt'\n"}
[29.217959] (motor_controller) StdoutLine: {'line': b'writing ../../build/motor_controller/motor_controller.egg-info/PKG-INFO\n'}
[29.218375] (motor_controller) StdoutLine: {'line': b'writing dependency_links to ../../build/motor_controller/motor_controller.egg-info/dependency_links.txt\n'}
[29.218636] (motor_controller) StdoutLine: {'line': b'writing entry points to ../../build/motor_controller/motor_controller.egg-info/entry_points.txt\n'}
[29.218833] (motor_controller) StdoutLine: {'line': b'writing requirements to ../../build/motor_controller/motor_controller.egg-info/requires.txt\n'}
[29.220567] (motor_controller) StdoutLine: {'line': b'writing top-level names to ../../build/motor_controller/motor_controller.egg-info/top_level.txt\n'}
[29.220736] (motor_controller) StdoutLine: {'line': b"writing manifest file '../../build/motor_controller/motor_controller.egg-info/SOURCES.txt'\n"}
[29.240781] (system_controller) StdoutLine: {'line': b'writing ../../build/system_controller/system_controller.egg-info/PKG-INFO\n'}
[29.241244] (system_controller) StdoutLine: {'line': b'writing dependency_links to ../../build/system_controller/system_controller.egg-info/dependency_links.txt\n'}
[29.241543] (system_controller) StdoutLine: {'line': b'writing entry points to ../../build/system_controller/system_controller.egg-info/entry_points.txt\n'}
[29.241732] (system_controller) StdoutLine: {'line': b'writing requirements to ../../build/system_controller/system_controller.egg-info/requires.txt\n'}
[29.241931] (system_controller) StdoutLine: {'line': b'writing top-level names to ../../build/system_controller/system_controller.egg-info/top_level.txt\n'}
[29.242109] (system_controller) StdoutLine: {'line': b"writing manifest file '../../build/system_controller/system_controller.egg-info/SOURCES.txt'\n"}
[29.268907] (motion_editor) StdoutLine: {'line': b"reading manifest file '../../build/motion_editor/motion_editor.egg-info/SOURCES.txt'\n"}
[29.269987] (motion_editor) StdoutLine: {'line': b"writing manifest file '../../build/motion_editor/motion_editor.egg-info/SOURCES.txt'\n"}
[29.270228] (motion_editor) StdoutLine: {'line': b'running build\n'}
[29.270396] (motion_editor) StdoutLine: {'line': b'running build_py\n'}
[29.270611] (motion_editor) StdoutLine: {'line': b'creating /home/csanimatronics/CS_Animatronics/build/motion_editor/build\n'}
[29.270794] (motion_editor) StdoutLine: {'line': b'creating /home/csanimatronics/CS_Animatronics/build/motion_editor/build/lib\n'}
[29.270980] (motion_editor) StdoutLine: {'line': b'creating /home/csanimatronics/CS_Animatronics/build/motion_editor/build/lib/motion_editor\n'}
[29.271132] (motion_editor) StdoutLine: {'line': b'copying motion_editor/motion_editor.py -> /home/csanimatronics/CS_Animatronics/build/motion_editor/build/lib/motion_editor\n'}
[29.271396] (motion_editor) StdoutLine: {'line': b'copying motion_editor/__init__.py -> /home/csanimatronics/CS_Animatronics/build/motion_editor/build/lib/motion_editor\n'}
[29.271744] (motion_editor) StdoutLine: {'line': b'running install\n'}
[29.273423] (motor_controller) StdoutLine: {'line': b"reading manifest file '../../build/motor_controller/motor_controller.egg-info/SOURCES.txt'\n"}
[29.274503] (motor_controller) StdoutLine: {'line': b"writing manifest file '../../build/motor_controller/motor_controller.egg-info/SOURCES.txt'\n"}
[29.274753] (motor_controller) StdoutLine: {'line': b'running build\n'}
[29.274913] (motor_controller) StdoutLine: {'line': b'running build_py\n'}
[29.275176] (motor_controller) StdoutLine: {'line': b'creating /home/csanimatronics/CS_Animatronics/build/motor_controller/build\n'}
[29.275332] (motor_controller) StdoutLine: {'line': b'creating /home/csanimatronics/CS_Animatronics/build/motor_controller/build/lib\n'}
[29.275460] (motor_controller) StdoutLine: {'line': b'creating /home/csanimatronics/CS_Animatronics/build/motor_controller/build/lib/motor_controller\n'}
[29.275601] (motor_controller) StdoutLine: {'line': b'copying motor_controller/__init__.py -> /home/csanimatronics/CS_Animatronics/build/motor_controller/build/lib/motor_controller\n'}
[29.275819] (motor_controller) StdoutLine: {'line': b'copying motor_controller/motor_controller.py -> /home/csanimatronics/CS_Animatronics/build/motor_controller/build/lib/motor_controller\n'}
[29.276250] (motor_controller) StdoutLine: {'line': b'running install\n'}
[29.281814] (motion_editor) StdoutLine: {'line': b'running install_lib\n'}
[29.286044] (motor_controller) StdoutLine: {'line': b'running install_lib\n'}
[29.288979] (-) TimerEvent: {}
[29.301343] (system_controller) StdoutLine: {'line': b"reading manifest file '../../build/system_controller/system_controller.egg-info/SOURCES.txt'\n"}
[29.302337] (system_controller) StdoutLine: {'line': b"writing manifest file '../../build/system_controller/system_controller.egg-info/SOURCES.txt'\n"}
[29.302589] (system_controller) StdoutLine: {'line': b'running build\n'}
[29.302741] (system_controller) StdoutLine: {'line': b'running build_py\n'}
[29.302972] (system_controller) StdoutLine: {'line': b'creating /home/csanimatronics/CS_Animatronics/build/system_controller/build\n'}
[29.303122] (system_controller) StdoutLine: {'line': b'creating /home/csanimatronics/CS_Animatronics/build/system_controller/build/lib\n'}
[29.303248] (system_controller) StdoutLine: {'line': b'creating /home/csanimatronics/CS_Animatronics/build/system_controller/build/lib/system_controller\n'}
[29.303368] (system_controller) StdoutLine: {'line': b'copying system_controller/__init__.py -> /home/csanimatronics/CS_Animatronics/build/system_controller/build/lib/system_controller\n'}
[29.303566] (system_controller) StdoutLine: {'line': b'copying system_controller/system_controller.py -> /home/csanimatronics/CS_Animatronics/build/system_controller/build/lib/system_controller\n'}
[29.303992] (system_controller) StdoutLine: {'line': b'running install\n'}
[29.312492] (motion_editor) StdoutLine: {'line': b'creating /home/csanimatronics/CS_Animatronics/install/motion_editor/lib/python3.12/site-packages/motion_editor\n'}
[29.312795] (motion_editor) StdoutLine: {'line': b'copying /home/csanimatronics/CS_Animatronics/build/motion_editor/build/lib/motion_editor/motion_editor.py -> /home/csanimatronics/CS_Animatronics/install/motion_editor/lib/python3.12/site-packages/motion_editor\n'}
[29.313060] (motion_editor) StdoutLine: {'line': b'copying /home/csanimatronics/CS_Animatronics/build/motion_editor/build/lib/motion_editor/__init__.py -> /home/csanimatronics/CS_Animatronics/install/motion_editor/lib/python3.12/site-packages/motion_editor\n'}
[29.315033] (motion_editor) StdoutLine: {'line': b'byte-compiling /home/csanimatronics/CS_Animatronics/install/motion_editor/lib/python3.12/site-packages/motion_editor/motion_editor.py to motion_editor.cpython-312.pyc\n'}
[29.317105] (system_controller) StdoutLine: {'line': b'running install_lib\n'}
[29.320822] (motor_controller) StdoutLine: {'line': b'creating /home/csanimatronics/CS_Animatronics/install/motor_controller/lib/python3.12/site-packages/motor_controller\n'}
[29.321180] (motor_controller) StdoutLine: {'line': b'copying /home/csanimatronics/CS_Animatronics/build/motor_controller/build/lib/motor_controller/__init__.py -> /home/csanimatronics/CS_Animatronics/install/motor_controller/lib/python3.12/site-packages/motor_controller\n'}
[29.321365] (motor_controller) StdoutLine: {'line': b'copying /home/csanimatronics/CS_Animatronics/build/motor_controller/build/lib/motor_controller/motor_controller.py -> /home/csanimatronics/CS_Animatronics/install/motor_controller/lib/python3.12/site-packages/motor_controller\n'}
[29.322643] (motor_controller) StdoutLine: {'line': b'byte-compiling /home/csanimatronics/CS_Animatronics/install/motor_controller/lib/python3.12/site-packages/motor_controller/__init__.py to __init__.cpython-312.pyc\n'}
[29.323976] (motor_controller) StdoutLine: {'line': b'byte-compiling /home/csanimatronics/CS_Animatronics/install/motor_controller/lib/python3.12/site-packages/motor_controller/motor_controller.py to motor_controller.cpython-312.pyc\n'}
[29.324819] (motion_editor) StdoutLine: {'line': b'byte-compiling /home/csanimatronics/CS_Animatronics/install/motion_editor/lib/python3.12/site-packages/motion_editor/__init__.py to __init__.cpython-312.pyc\n'}
[29.325225] (motion_editor) StdoutLine: {'line': b'running install_data\n'}
[29.325414] (motion_editor) StdoutLine: {'line': b'creating /home/csanimatronics/CS_Animatronics/install/motion_editor/share/ament_index\n'}
[29.325643] (motion_editor) StdoutLine: {'line': b'creating /home/csanimatronics/CS_Animatronics/install/motion_editor/share/ament_index/resource_index\n'}
[29.325764] (motion_editor) StdoutLine: {'line': b'creating /home/csanimatronics/CS_Animatronics/install/motion_editor/share/ament_index/resource_index/packages\n'}
[29.325952] (motion_editor) StdoutLine: {'line': b'copying resource/motion_editor -> /home/csanimatronics/CS_Animatronics/install/motion_editor/share/ament_index/resource_index/packages\n'}
[29.326123] (motion_editor) StdoutLine: {'line': b'copying package.xml -> /home/csanimatronics/CS_Animatronics/install/motion_editor/share/motion_editor\n'}
[29.326291] (motion_editor) StdoutLine: {'line': b'running install_egg_info\n'}
[29.333760] (motor_controller) StdoutLine: {'line': b'running install_data\n'}
[29.334056] (motor_controller) StdoutLine: {'line': b'creating /home/csanimatronics/CS_Animatronics/install/motor_controller/share/ament_index\n'}
[29.334879] (motor_controller) StdoutLine: {'line': b'creating /home/csanimatronics/CS_Animatronics/install/motor_controller/share/ament_index/resource_index\n'}
[29.335021] (motor_controller) StdoutLine: {'line': b'creating /home/csanimatronics/CS_Animatronics/install/motor_controller/share/ament_index/resource_index/packages\n'}
[29.335113] (motor_controller) StdoutLine: {'line': b'copying resource/motor_controller -> /home/csanimatronics/CS_Animatronics/install/motor_controller/share/ament_index/resource_index/packages\n'}
[29.335205] (motor_controller) StdoutLine: {'line': b'copying package.xml -> /home/csanimatronics/CS_Animatronics/install/motor_controller/share/motor_controller\n'}
[29.335286] (motor_controller) StdoutLine: {'line': b'creating /home/csanimatronics/CS_Animatronics/install/motor_controller/share/motor_controller/msg\n'}
[29.335361] (motor_controller) StdoutLine: {'line': b'creating /home/csanimatronics/CS_Animatronics/install/motor_controller/share/motor_controller/srv\n'}
[29.335435] (motor_controller) StdoutLine: {'line': b'running install_egg_info\n'}
[29.346098] (system_controller) StdoutLine: {'line': b'creating /home/csanimatronics/CS_Animatronics/install/system_controller/lib/python3.12/site-packages/system_controller\n'}
[29.346363] (system_controller) StdoutLine: {'line': b'copying /home/csanimatronics/CS_Animatronics/build/system_controller/build/lib/system_controller/__init__.py -> /home/csanimatronics/CS_Animatronics/install/system_controller/lib/python3.12/site-packages/system_controller\n'}
[29.346543] (system_controller) StdoutLine: {'line': b'copying /home/csanimatronics/CS_Animatronics/build/system_controller/build/lib/system_controller/system_controller.py -> /home/csanimatronics/CS_Animatronics/install/system_controller/lib/python3.12/site-packages/system_controller\n'}
[29.347488] (system_controller) StdoutLine: {'line': b'byte-compiling /home/csanimatronics/CS_Animatronics/install/system_controller/lib/python3.12/site-packages/system_controller/__init__.py to __init__.cpython-312.pyc\n'}
[29.347894] (system_controller) StdoutLine: {'line': b'byte-compiling /home/csanimatronics/CS_Animatronics/install/system_controller/lib/python3.12/site-packages/system_controller/system_controller.py to system_controller.cpython-312.pyc\n'}
[29.356658] (motion_editor) StdoutLine: {'line': b'Copying ../../build/motion_editor/motion_editor.egg-info to /home/csanimatronics/CS_Animatronics/install/motion_editor/lib/python3.12/site-packages/motion_editor-0.0.0-py3.12.egg-info\n'}
[29.358108] (motion_editor) StdoutLine: {'line': b'running install_scripts\n'}
[29.358370] (system_controller) StdoutLine: {'line': b'running install_data\n'}
[29.358501] (system_controller) StdoutLine: {'line': b'creating /home/csanimatronics/CS_Animatronics/install/system_controller/share/ament_index\n'}
[29.358651] (system_controller) StdoutLine: {'line': b'creating /home/csanimatronics/CS_Animatronics/install/system_controller/share/ament_index/resource_index\n'}
[29.358751] (system_controller) StdoutLine: {'line': b'creating /home/csanimatronics/CS_Animatronics/install/system_controller/share/ament_index/resource_index/packages\n'}
[29.358938] (system_controller) StdoutLine: {'line': b'copying resource/system_controller -> /home/csanimatronics/CS_Animatronics/install/system_controller/share/ament_index/resource_index/packages\n'}
[29.359046] (system_controller) StdoutLine: {'line': b'copying package.xml -> /home/csanimatronics/CS_Animatronics/install/system_controller/share/system_controller\n'}
[29.359199] (system_controller) StdoutLine: {'line': b'creating /home/csanimatronics/CS_Animatronics/install/system_controller/share/system_controller/msg\n'}
[29.359290] (system_controller) StdoutLine: {'line': b'running install_egg_info\n'}
[29.364966] (motor_controller) StdoutLine: {'line': b'Copying ../../build/motor_controller/motor_controller.egg-info to /home/csanimatronics/CS_Animatronics/install/motor_controller/lib/python3.12/site-packages/motor_controller-0.0.0-py3.12.egg-info\n'}
[29.366249] (motor_controller) StdoutLine: {'line': b'running install_scripts\n'}
[29.388762] (system_controller) StdoutLine: {'line': b'Copying ../../build/system_controller/system_controller.egg-info to /home/csanimatronics/CS_Animatronics/install/system_controller/lib/python3.12/site-packages/system_controller-0.0.0-py3.12.egg-info\n'}
[29.389062] (-) TimerEvent: {}
[29.392006] (system_controller) StdoutLine: {'line': b'running install_scripts\n'}
[29.489180] (-) TimerEvent: {}
[29.559852] (motion_editor) StdoutLine: {'line': b'Installing motion_editor script to /home/csanimatronics/CS_Animatronics/install/motion_editor/lib/motion_editor\n'}
[29.560376] (motion_editor) StdoutLine: {'line': b'Installing motor_controller script to /home/csanimatronics/CS_Animatronics/install/motion_editor/lib/motion_editor\n'}
[29.560817] (motion_editor) StdoutLine: {'line': b'Installing system_controller script to /home/csanimatronics/CS_Animatronics/install/motion_editor/lib/motion_editor\n'}
[29.561614] (motion_editor) StdoutLine: {'line': b"writing list of installed files to '/home/csanimatronics/CS_Animatronics/build/motion_editor/install.log'\n"}
[29.571716] (motor_controller) StdoutLine: {'line': b'Installing motion_editor script to /home/csanimatronics/CS_Animatronics/install/motor_controller/lib/motor_controller\n'}
[29.572179] (motor_controller) StdoutLine: {'line': b'Installing motor_controller script to /home/csanimatronics/CS_Animatronics/install/motor_controller/lib/motor_controller\n'}
[29.572505] (motor_controller) StdoutLine: {'line': b'Installing system_controller script to /home/csanimatronics/CS_Animatronics/install/motor_controller/lib/motor_controller\n'}
[29.573173] (motor_controller) StdoutLine: {'line': b"writing list of installed files to '/home/csanimatronics/CS_Animatronics/build/motor_controller/install.log'\n"}
[29.589307] (-) TimerEvent: {}
[29.629161] (system_controller) StdoutLine: {'line': b'Installing controller_publisher script to /home/csanimatronics/CS_Animatronics/install/system_controller/lib/system_controller\n'}
[29.629641] (system_controller) StdoutLine: {'line': b'Installing system_controller script to /home/csanimatronics/CS_Animatronics/install/system_controller/lib/system_controller\n'}
[29.630553] (system_controller) StdoutLine: {'line': b"writing list of installed files to '/home/csanimatronics/CS_Animatronics/build/system_controller/install.log'\n"}
[29.689492] (-) TimerEvent: {}
[29.709203] (motion_editor) CommandEnded: {'returncode': 0}
[29.721367] (motion_editor) JobEnded: {'identifier': 'motion_editor', 'rc': 0}
[29.724481] (motor_controller) CommandEnded: {'returncode': 0}
[29.737798] (motor_controller) JobEnded: {'identifier': 'motor_controller', 'rc': 0}
[29.773671] (system_controller) CommandEnded: {'returncode': 0}
[29.782819] (system_controller) JobEnded: {'identifier': 'system_controller', 'rc': 0}
[29.783907] (-) EventReactorShutdown: {}
