[0.192s] DEBUG:colcon:Command line arguments: ['/usr/bin/colcon', 'build']
[0.192s] DEBUG:colcon:Parsed command line arguments: Namespace(log_base=None, log_level=None, verb_name='build', build_base='build', install_base='install', merge_install=False, symlink_install=False, test_result_base=None, continue_on_error=False, executor='parallel', parallel_workers=4, event_handlers=None, ignore_user_meta=False, metas=['./colcon.meta'], base_paths=['.'], packages_ignore=None, packages_ignore_regex=None, paths=None, packages_up_to=None, packages_up_to_regex=None, packages_above=None, packages_above_and_dependencies=None, packages_above_depth=None, packages_select_by_dep=None, packages_skip_by_dep=None, packages_skip_up_to=None, packages_select_build_failed=False, packages_skip_build_finished=False, packages_select_test_failures=False, packages_skip_test_passed=False, packages_select=None, packages_skip=None, packages_select_regex=None, packages_skip_regex=None, packages_start=None, packages_end=None, allow_overriding=[], cmake_args=None, cmake_target=None, cmake_target_skip_unavailable=False, cmake_clean_cache=False, cmake_clean_first=False, cmake_force_configure=False, ament_cmake_args=None, catkin_cmake_args=None, catkin_skip_building_tests=False, mixin_files=None, mixin=None, verb_parser=<colcon_mixin.mixin.mixin_argument.MixinArgumentDecorator object at 0xffffbcc0b5f0>, verb_extension=<colcon_core.verb.build.BuildVerb object at 0xffffbcc0b200>, main=<bound method BuildVerb.main of <colcon_core.verb.build.BuildVerb object at 0xffffbcc0b200>>, mixin_verb=('build',))
[0.248s] Level 1:colcon.colcon_core.package_discovery:discover_packages(colcon_meta) check parameters
[0.248s] Level 1:colcon.colcon_core.package_discovery:discover_packages(recursive) check parameters
[0.248s] Level 1:colcon.colcon_core.package_discovery:discover_packages(ignore) check parameters
[0.248s] Level 1:colcon.colcon_core.package_discovery:discover_packages(path) check parameters
[0.248s] Level 1:colcon.colcon_core.package_discovery:discover_packages(colcon_meta) discover
[0.249s] Level 1:colcon.colcon_core.package_discovery:discover_packages(recursive) discover
[0.249s] INFO:colcon.colcon_core.package_discovery:Crawling recursively for packages in '/home/csanimatronics/CS_Animatronics'
[0.249s] Level 1:colcon.colcon_core.package_identification:_identify(.) by extensions ['ignore', 'ignore_ament_install']
[0.249s] Level 1:colcon.colcon_core.package_identification:_identify(.) by extension 'ignore'
[0.249s] Level 1:colcon.colcon_core.package_identification:_identify(.) by extension 'ignore_ament_install'
[0.249s] Level 1:colcon.colcon_core.package_identification:_identify(.) by extensions ['colcon_pkg']
[0.249s] Level 1:colcon.colcon_core.package_identification:_identify(.) by extension 'colcon_pkg'
[0.249s] Level 1:colcon.colcon_core.package_identification:_identify(.) by extensions ['colcon_meta']
[0.249s] Level 1:colcon.colcon_core.package_identification:_identify(.) by extension 'colcon_meta'
[0.249s] Level 1:colcon.colcon_core.package_identification:_identify(.) by extensions ['ros']
[0.249s] Level 1:colcon.colcon_core.package_identification:_identify(.) by extension 'ros'
[0.287s] Level 1:colcon.colcon_core.package_identification:_identify(.) by extensions ['cmake', 'python']
[0.287s] Level 1:colcon.colcon_core.package_identification:_identify(.) by extension 'cmake'
[0.287s] Level 1:colcon.colcon_core.package_identification:_identify(.) by extension 'python'
[0.287s] Level 1:colcon.colcon_core.package_identification:_identify(.) by extensions ['python_setup_py']
[0.287s] Level 1:colcon.colcon_core.package_identification:_identify(.) by extension 'python_setup_py'
[0.287s] Level 1:colcon.colcon_core.package_identification:_identify(AudioFiles) by extensions ['ignore', 'ignore_ament_install']
[0.287s] Level 1:colcon.colcon_core.package_identification:_identify(AudioFiles) by extension 'ignore'
[0.288s] Level 1:colcon.colcon_core.package_identification:_identify(AudioFiles) by extension 'ignore_ament_install'
[0.288s] Level 1:colcon.colcon_core.package_identification:_identify(AudioFiles) by extensions ['colcon_pkg']
[0.288s] Level 1:colcon.colcon_core.package_identification:_identify(AudioFiles) by extension 'colcon_pkg'
[0.288s] Level 1:colcon.colcon_core.package_identification:_identify(AudioFiles) by extensions ['colcon_meta']
[0.288s] Level 1:colcon.colcon_core.package_identification:_identify(AudioFiles) by extension 'colcon_meta'
[0.288s] Level 1:colcon.colcon_core.package_identification:_identify(AudioFiles) by extensions ['ros']
[0.288s] Level 1:colcon.colcon_core.package_identification:_identify(AudioFiles) by extension 'ros'
[0.288s] Level 1:colcon.colcon_core.package_identification:_identify(AudioFiles) by extensions ['cmake', 'python']
[0.288s] Level 1:colcon.colcon_core.package_identification:_identify(AudioFiles) by extension 'cmake'
[0.288s] Level 1:colcon.colcon_core.package_identification:_identify(AudioFiles) by extension 'python'
[0.288s] Level 1:colcon.colcon_core.package_identification:_identify(AudioFiles) by extensions ['python_setup_py']
[0.288s] Level 1:colcon.colcon_core.package_identification:_identify(AudioFiles) by extension 'python_setup_py'
[0.288s] Level 1:colcon.colcon_core.package_identification:_identify(MotionFiles) by extensions ['ignore', 'ignore_ament_install']
[0.288s] Level 1:colcon.colcon_core.package_identification:_identify(MotionFiles) by extension 'ignore'
[0.288s] Level 1:colcon.colcon_core.package_identification:_identify(MotionFiles) by extension 'ignore_ament_install'
[0.288s] Level 1:colcon.colcon_core.package_identification:_identify(MotionFiles) by extensions ['colcon_pkg']
[0.288s] Level 1:colcon.colcon_core.package_identification:_identify(MotionFiles) by extension 'colcon_pkg'
[0.288s] Level 1:colcon.colcon_core.package_identification:_identify(MotionFiles) by extensions ['colcon_meta']
[0.288s] Level 1:colcon.colcon_core.package_identification:_identify(MotionFiles) by extension 'colcon_meta'
[0.288s] Level 1:colcon.colcon_core.package_identification:_identify(MotionFiles) by extensions ['ros']
[0.288s] Level 1:colcon.colcon_core.package_identification:_identify(MotionFiles) by extension 'ros'
[0.289s] Level 1:colcon.colcon_core.package_identification:_identify(MotionFiles) by extensions ['cmake', 'python']
[0.289s] Level 1:colcon.colcon_core.package_identification:_identify(MotionFiles) by extension 'cmake'
[0.289s] Level 1:colcon.colcon_core.package_identification:_identify(MotionFiles) by extension 'python'
[0.289s] Level 1:colcon.colcon_core.package_identification:_identify(MotionFiles) by extensions ['python_setup_py']
[0.289s] Level 1:colcon.colcon_core.package_identification:_identify(MotionFiles) by extension 'python_setup_py'
[0.289s] Level 1:colcon.colcon_core.package_identification:_identify(PICO) by extensions ['ignore', 'ignore_ament_install']
[0.289s] Level 1:colcon.colcon_core.package_identification:_identify(PICO) by extension 'ignore'
[0.289s] Level 1:colcon.colcon_core.package_identification:_identify(PICO) by extension 'ignore_ament_install'
[0.289s] Level 1:colcon.colcon_core.package_identification:_identify(PICO) by extensions ['colcon_pkg']
[0.289s] Level 1:colcon.colcon_core.package_identification:_identify(PICO) by extension 'colcon_pkg'
[0.289s] Level 1:colcon.colcon_core.package_identification:_identify(PICO) by extensions ['colcon_meta']
[0.289s] Level 1:colcon.colcon_core.package_identification:_identify(PICO) by extension 'colcon_meta'
[0.289s] Level 1:colcon.colcon_core.package_identification:_identify(PICO) by extensions ['ros']
[0.289s] Level 1:colcon.colcon_core.package_identification:_identify(PICO) by extension 'ros'
[0.289s] Level 1:colcon.colcon_core.package_identification:_identify(PICO) by extensions ['cmake', 'python']
[0.289s] Level 1:colcon.colcon_core.package_identification:_identify(PICO) by extension 'cmake'
[0.289s] Level 1:colcon.colcon_core.package_identification:_identify(PICO) by extension 'python'
[0.289s] Level 1:colcon.colcon_core.package_identification:_identify(PICO) by extensions ['python_setup_py']
[0.289s] Level 1:colcon.colcon_core.package_identification:_identify(PICO) by extension 'python_setup_py'
[0.289s] Level 1:colcon.colcon_core.package_identification:_identify(RecordedLog) by extensions ['ignore', 'ignore_ament_install']
[0.290s] Level 1:colcon.colcon_core.package_identification:_identify(RecordedLog) by extension 'ignore'
[0.290s] Level 1:colcon.colcon_core.package_identification:_identify(RecordedLog) by extension 'ignore_ament_install'
[0.290s] Level 1:colcon.colcon_core.package_identification:_identify(RecordedLog) by extensions ['colcon_pkg']
[0.290s] Level 1:colcon.colcon_core.package_identification:_identify(RecordedLog) by extension 'colcon_pkg'
[0.290s] Level 1:colcon.colcon_core.package_identification:_identify(RecordedLog) by extensions ['colcon_meta']
[0.290s] Level 1:colcon.colcon_core.package_identification:_identify(RecordedLog) by extension 'colcon_meta'
[0.290s] Level 1:colcon.colcon_core.package_identification:_identify(RecordedLog) by extensions ['ros']
[0.290s] Level 1:colcon.colcon_core.package_identification:_identify(RecordedLog) by extension 'ros'
[0.290s] Level 1:colcon.colcon_core.package_identification:_identify(RecordedLog) by extensions ['cmake', 'python']
[0.290s] Level 1:colcon.colcon_core.package_identification:_identify(RecordedLog) by extension 'cmake'
[0.290s] Level 1:colcon.colcon_core.package_identification:_identify(RecordedLog) by extension 'python'
[0.290s] Level 1:colcon.colcon_core.package_identification:_identify(RecordedLog) by extensions ['python_setup_py']
[0.290s] Level 1:colcon.colcon_core.package_identification:_identify(RecordedLog) by extension 'python_setup_py'
[0.290s] Level 1:colcon.colcon_core.package_identification:_identify(__pycache__) by extensions ['ignore', 'ignore_ament_install']
[0.290s] Level 1:colcon.colcon_core.package_identification:_identify(__pycache__) by extension 'ignore'
[0.290s] Level 1:colcon.colcon_core.package_identification:_identify(__pycache__) by extension 'ignore_ament_install'
[0.290s] Level 1:colcon.colcon_core.package_identification:_identify(__pycache__) by extensions ['colcon_pkg']
[0.290s] Level 1:colcon.colcon_core.package_identification:_identify(__pycache__) by extension 'colcon_pkg'
[0.290s] Level 1:colcon.colcon_core.package_identification:_identify(__pycache__) by extensions ['colcon_meta']
[0.290s] Level 1:colcon.colcon_core.package_identification:_identify(__pycache__) by extension 'colcon_meta'
[0.290s] Level 1:colcon.colcon_core.package_identification:_identify(__pycache__) by extensions ['ros']
[0.290s] Level 1:colcon.colcon_core.package_identification:_identify(__pycache__) by extension 'ros'
[0.291s] Level 1:colcon.colcon_core.package_identification:_identify(__pycache__) by extensions ['cmake', 'python']
[0.291s] Level 1:colcon.colcon_core.package_identification:_identify(__pycache__) by extension 'cmake'
[0.291s] Level 1:colcon.colcon_core.package_identification:_identify(__pycache__) by extension 'python'
[0.291s] Level 1:colcon.colcon_core.package_identification:_identify(__pycache__) by extensions ['python_setup_py']
[0.291s] Level 1:colcon.colcon_core.package_identification:_identify(__pycache__) by extension 'python_setup_py'
[0.291s] Level 1:colcon.colcon_core.package_identification:_identify(build) by extensions ['ignore', 'ignore_ament_install']
[0.291s] Level 1:colcon.colcon_core.package_identification:_identify(build) by extension 'ignore'
[0.291s] Level 1:colcon.colcon_core.package_identification:_identify(build) ignored
[0.291s] Level 1:colcon.colcon_core.package_identification:_identify(genesiss) by extensions ['ignore', 'ignore_ament_install']
[0.291s] Level 1:colcon.colcon_core.package_identification:_identify(genesiss) by extension 'ignore'
[0.291s] Level 1:colcon.colcon_core.package_identification:_identify(genesiss) by extension 'ignore_ament_install'
[0.291s] Level 1:colcon.colcon_core.package_identification:_identify(genesiss) by extensions ['colcon_pkg']
[0.291s] Level 1:colcon.colcon_core.package_identification:_identify(genesiss) by extension 'colcon_pkg'
[0.291s] Level 1:colcon.colcon_core.package_identification:_identify(genesiss) by extensions ['colcon_meta']
[0.291s] Level 1:colcon.colcon_core.package_identification:_identify(genesiss) by extension 'colcon_meta'
[0.291s] Level 1:colcon.colcon_core.package_identification:_identify(genesiss) by extensions ['ros']
[0.291s] Level 1:colcon.colcon_core.package_identification:_identify(genesiss) by extension 'ros'
[0.291s] Level 1:colcon.colcon_core.package_identification:_identify(genesiss) by extensions ['cmake', 'python']
[0.291s] Level 1:colcon.colcon_core.package_identification:_identify(genesiss) by extension 'cmake'
[0.291s] Level 1:colcon.colcon_core.package_identification:_identify(genesiss) by extension 'python'
[0.292s] Level 1:colcon.colcon_core.package_identification:_identify(genesiss) by extensions ['python_setup_py']
[0.292s] Level 1:colcon.colcon_core.package_identification:_identify(genesiss) by extension 'python_setup_py'
[0.292s] Level 1:colcon.colcon_core.package_identification:_identify(genesiss/__pycache__) by extensions ['ignore', 'ignore_ament_install']
[0.292s] Level 1:colcon.colcon_core.package_identification:_identify(genesiss/__pycache__) by extension 'ignore'
[0.292s] Level 1:colcon.colcon_core.package_identification:_identify(genesiss/__pycache__) by extension 'ignore_ament_install'
[0.292s] Level 1:colcon.colcon_core.package_identification:_identify(genesiss/__pycache__) by extensions ['colcon_pkg']
[0.292s] Level 1:colcon.colcon_core.package_identification:_identify(genesiss/__pycache__) by extension 'colcon_pkg'
[0.292s] Level 1:colcon.colcon_core.package_identification:_identify(genesiss/__pycache__) by extensions ['colcon_meta']
[0.292s] Level 1:colcon.colcon_core.package_identification:_identify(genesiss/__pycache__) by extension 'colcon_meta'
[0.292s] Level 1:colcon.colcon_core.package_identification:_identify(genesiss/__pycache__) by extensions ['ros']
[0.292s] Level 1:colcon.colcon_core.package_identification:_identify(genesiss/__pycache__) by extension 'ros'
[0.292s] Level 1:colcon.colcon_core.package_identification:_identify(genesiss/__pycache__) by extensions ['cmake', 'python']
[0.292s] Level 1:colcon.colcon_core.package_identification:_identify(genesiss/__pycache__) by extension 'cmake'
[0.292s] Level 1:colcon.colcon_core.package_identification:_identify(genesiss/__pycache__) by extension 'python'
[0.292s] Level 1:colcon.colcon_core.package_identification:_identify(genesiss/__pycache__) by extensions ['python_setup_py']
[0.292s] Level 1:colcon.colcon_core.package_identification:_identify(genesiss/__pycache__) by extension 'python_setup_py'
[0.292s] Level 1:colcon.colcon_core.package_identification:_identify(genesiss/logs) by extensions ['ignore', 'ignore_ament_install']
[0.292s] Level 1:colcon.colcon_core.package_identification:_identify(genesiss/logs) by extension 'ignore'
[0.292s] Level 1:colcon.colcon_core.package_identification:_identify(genesiss/logs) by extension 'ignore_ament_install'
[0.292s] Level 1:colcon.colcon_core.package_identification:_identify(genesiss/logs) by extensions ['colcon_pkg']
[0.293s] Level 1:colcon.colcon_core.package_identification:_identify(genesiss/logs) by extension 'colcon_pkg'
[0.293s] Level 1:colcon.colcon_core.package_identification:_identify(genesiss/logs) by extensions ['colcon_meta']
[0.293s] Level 1:colcon.colcon_core.package_identification:_identify(genesiss/logs) by extension 'colcon_meta'
[0.293s] Level 1:colcon.colcon_core.package_identification:_identify(genesiss/logs) by extensions ['ros']
[0.293s] Level 1:colcon.colcon_core.package_identification:_identify(genesiss/logs) by extension 'ros'
[0.293s] Level 1:colcon.colcon_core.package_identification:_identify(genesiss/logs) by extensions ['cmake', 'python']
[0.293s] Level 1:colcon.colcon_core.package_identification:_identify(genesiss/logs) by extension 'cmake'
[0.293s] Level 1:colcon.colcon_core.package_identification:_identify(genesiss/logs) by extension 'python'
[0.293s] Level 1:colcon.colcon_core.package_identification:_identify(genesiss/logs) by extensions ['python_setup_py']
[0.293s] Level 1:colcon.colcon_core.package_identification:_identify(genesiss/logs) by extension 'python_setup_py'
[0.293s] Level 1:colcon.colcon_core.package_identification:_identify(genesiss/logs/go2-walking) by extensions ['ignore', 'ignore_ament_install']
[0.293s] Level 1:colcon.colcon_core.package_identification:_identify(genesiss/logs/go2-walking) by extension 'ignore'
[0.293s] Level 1:colcon.colcon_core.package_identification:_identify(genesiss/logs/go2-walking) by extension 'ignore_ament_install'
[0.293s] Level 1:colcon.colcon_core.package_identification:_identify(genesiss/logs/go2-walking) by extensions ['colcon_pkg']
[0.293s] Level 1:colcon.colcon_core.package_identification:_identify(genesiss/logs/go2-walking) by extension 'colcon_pkg'
[0.293s] Level 1:colcon.colcon_core.package_identification:_identify(genesiss/logs/go2-walking) by extensions ['colcon_meta']
[0.293s] Level 1:colcon.colcon_core.package_identification:_identify(genesiss/logs/go2-walking) by extension 'colcon_meta'
[0.293s] Level 1:colcon.colcon_core.package_identification:_identify(genesiss/logs/go2-walking) by extensions ['ros']
[0.293s] Level 1:colcon.colcon_core.package_identification:_identify(genesiss/logs/go2-walking) by extension 'ros'
[0.293s] Level 1:colcon.colcon_core.package_identification:_identify(genesiss/logs/go2-walking) by extensions ['cmake', 'python']
[0.293s] Level 1:colcon.colcon_core.package_identification:_identify(genesiss/logs/go2-walking) by extension 'cmake'
[0.293s] Level 1:colcon.colcon_core.package_identification:_identify(genesiss/logs/go2-walking) by extension 'python'
[0.294s] Level 1:colcon.colcon_core.package_identification:_identify(genesiss/logs/go2-walking) by extensions ['python_setup_py']
[0.294s] Level 1:colcon.colcon_core.package_identification:_identify(genesiss/logs/go2-walking) by extension 'python_setup_py'
[0.294s] Level 1:colcon.colcon_core.package_identification:_identify(install) by extensions ['ignore', 'ignore_ament_install']
[0.294s] Level 1:colcon.colcon_core.package_identification:_identify(install) by extension 'ignore'
[0.294s] Level 1:colcon.colcon_core.package_identification:_identify(install) ignored
[0.294s] Level 1:colcon.colcon_core.package_identification:_identify(log) by extensions ['ignore', 'ignore_ament_install']
[0.294s] Level 1:colcon.colcon_core.package_identification:_identify(log) by extension 'ignore'
[0.294s] Level 1:colcon.colcon_core.package_identification:_identify(log) ignored
[0.294s] Level 1:colcon.colcon_core.package_identification:_identify(src) by extensions ['ignore', 'ignore_ament_install']
[0.294s] Level 1:colcon.colcon_core.package_identification:_identify(src) by extension 'ignore'
[0.294s] Level 1:colcon.colcon_core.package_identification:_identify(src) by extension 'ignore_ament_install'
[0.294s] Level 1:colcon.colcon_core.package_identification:_identify(src) by extensions ['colcon_pkg']
[0.294s] Level 1:colcon.colcon_core.package_identification:_identify(src) by extension 'colcon_pkg'
[0.294s] Level 1:colcon.colcon_core.package_identification:_identify(src) by extensions ['colcon_meta']
[0.294s] Level 1:colcon.colcon_core.package_identification:_identify(src) by extension 'colcon_meta'
[0.294s] Level 1:colcon.colcon_core.package_identification:_identify(src) by extensions ['ros']
[0.294s] Level 1:colcon.colcon_core.package_identification:_identify(src) by extension 'ros'
[0.294s] Level 1:colcon.colcon_core.package_identification:_identify(src) by extensions ['cmake', 'python']
[0.294s] Level 1:colcon.colcon_core.package_identification:_identify(src) by extension 'cmake'
[0.295s] Level 1:colcon.colcon_core.package_identification:_identify(src) by extension 'python'
[0.295s] Level 1:colcon.colcon_core.package_identification:_identify(src) by extensions ['python_setup_py']
[0.295s] Level 1:colcon.colcon_core.package_identification:_identify(src) by extension 'python_setup_py'
[0.295s] Level 1:colcon.colcon_core.package_identification:_identify(src/DeepLabCut) by extensions ['ignore', 'ignore_ament_install']
[0.295s] Level 1:colcon.colcon_core.package_identification:_identify(src/DeepLabCut) by extension 'ignore'
[0.295s] Level 1:colcon.colcon_core.package_identification:_identify(src/DeepLabCut) by extension 'ignore_ament_install'
[0.295s] Level 1:colcon.colcon_core.package_identification:_identify(src/DeepLabCut) by extensions ['colcon_pkg']
[0.295s] Level 1:colcon.colcon_core.package_identification:_identify(src/DeepLabCut) by extension 'colcon_pkg'
[0.295s] Level 1:colcon.colcon_core.package_identification:_identify(src/DeepLabCut) by extensions ['colcon_meta']
[0.295s] Level 1:colcon.colcon_core.package_identification:_identify(src/DeepLabCut) by extension 'colcon_meta'
[0.295s] Level 1:colcon.colcon_core.package_identification:_identify(src/DeepLabCut) by extensions ['ros']
[0.295s] Level 1:colcon.colcon_core.package_identification:_identify(src/DeepLabCut) by extension 'ros'
[0.295s] Level 1:colcon.colcon_core.package_identification:_identify(src/DeepLabCut) by extensions ['cmake', 'python']
[0.295s] Level 1:colcon.colcon_core.package_identification:_identify(src/DeepLabCut) by extension 'cmake'
[0.295s] Level 1:colcon.colcon_core.package_identification:_identify(src/DeepLabCut) by extension 'python'
[0.295s] Level 1:colcon.colcon_core.package_identification:_identify(src/DeepLabCut) by extensions ['python_setup_py']
[0.295s] Level 1:colcon.colcon_core.package_identification:_identify(src/DeepLabCut) by extension 'python_setup_py'
[0.295s] Level 1:colcon.colcon_core.package_identification:_identify(src/DeepLabCut/Animatronics-Ryo-2024-12-17) by extensions ['ignore', 'ignore_ament_install']
[0.295s] Level 1:colcon.colcon_core.package_identification:_identify(src/DeepLabCut/Animatronics-Ryo-2024-12-17) by extension 'ignore'
[0.296s] Level 1:colcon.colcon_core.package_identification:_identify(src/DeepLabCut/Animatronics-Ryo-2024-12-17) by extension 'ignore_ament_install'
[0.296s] Level 1:colcon.colcon_core.package_identification:_identify(src/DeepLabCut/Animatronics-Ryo-2024-12-17) by extensions ['colcon_pkg']
[0.296s] Level 1:colcon.colcon_core.package_identification:_identify(src/DeepLabCut/Animatronics-Ryo-2024-12-17) by extension 'colcon_pkg'
[0.296s] Level 1:colcon.colcon_core.package_identification:_identify(src/DeepLabCut/Animatronics-Ryo-2024-12-17) by extensions ['colcon_meta']
[0.296s] Level 1:colcon.colcon_core.package_identification:_identify(src/DeepLabCut/Animatronics-Ryo-2024-12-17) by extension 'colcon_meta'
[0.296s] Level 1:colcon.colcon_core.package_identification:_identify(src/DeepLabCut/Animatronics-Ryo-2024-12-17) by extensions ['ros']
[0.296s] Level 1:colcon.colcon_core.package_identification:_identify(src/DeepLabCut/Animatronics-Ryo-2024-12-17) by extension 'ros'
[0.296s] Level 1:colcon.colcon_core.package_identification:_identify(src/DeepLabCut/Animatronics-Ryo-2024-12-17) by extensions ['cmake', 'python']
[0.296s] Level 1:colcon.colcon_core.package_identification:_identify(src/DeepLabCut/Animatronics-Ryo-2024-12-17) by extension 'cmake'
[0.296s] Level 1:colcon.colcon_core.package_identification:_identify(src/DeepLabCut/Animatronics-Ryo-2024-12-17) by extension 'python'
[0.296s] Level 1:colcon.colcon_core.package_identification:_identify(src/DeepLabCut/Animatronics-Ryo-2024-12-17) by extensions ['python_setup_py']
[0.296s] Level 1:colcon.colcon_core.package_identification:_identify(src/DeepLabCut/Animatronics-Ryo-2024-12-17) by extension 'python_setup_py'
[0.296s] Level 1:colcon.colcon_core.package_identification:_identify(src/DeepLabCut/Animatronics-Ryo-2024-12-17/dlc-models-pytorch) by extensions ['ignore', 'ignore_ament_install']
[0.296s] Level 1:colcon.colcon_core.package_identification:_identify(src/DeepLabCut/Animatronics-Ryo-2024-12-17/dlc-models-pytorch) by extension 'ignore'
[0.296s] Level 1:colcon.colcon_core.package_identification:_identify(src/DeepLabCut/Animatronics-Ryo-2024-12-17/dlc-models-pytorch) by extension 'ignore_ament_install'
[0.296s] Level 1:colcon.colcon_core.package_identification:_identify(src/DeepLabCut/Animatronics-Ryo-2024-12-17/dlc-models-pytorch) by extensions ['colcon_pkg']
[0.296s] Level 1:colcon.colcon_core.package_identification:_identify(src/DeepLabCut/Animatronics-Ryo-2024-12-17/dlc-models-pytorch) by extension 'colcon_pkg'
[0.296s] Level 1:colcon.colcon_core.package_identification:_identify(src/DeepLabCut/Animatronics-Ryo-2024-12-17/dlc-models-pytorch) by extensions ['colcon_meta']
[0.296s] Level 1:colcon.colcon_core.package_identification:_identify(src/DeepLabCut/Animatronics-Ryo-2024-12-17/dlc-models-pytorch) by extension 'colcon_meta'
[0.296s] Level 1:colcon.colcon_core.package_identification:_identify(src/DeepLabCut/Animatronics-Ryo-2024-12-17/dlc-models-pytorch) by extensions ['ros']
[0.296s] Level 1:colcon.colcon_core.package_identification:_identify(src/DeepLabCut/Animatronics-Ryo-2024-12-17/dlc-models-pytorch) by extension 'ros'
[0.297s] Level 1:colcon.colcon_core.package_identification:_identify(src/DeepLabCut/Animatronics-Ryo-2024-12-17/dlc-models-pytorch) by extensions ['cmake', 'python']
[0.297s] Level 1:colcon.colcon_core.package_identification:_identify(src/DeepLabCut/Animatronics-Ryo-2024-12-17/dlc-models-pytorch) by extension 'cmake'
[0.297s] Level 1:colcon.colcon_core.package_identification:_identify(src/DeepLabCut/Animatronics-Ryo-2024-12-17/dlc-models-pytorch) by extension 'python'
[0.297s] Level 1:colcon.colcon_core.package_identification:_identify(src/DeepLabCut/Animatronics-Ryo-2024-12-17/dlc-models-pytorch) by extensions ['python_setup_py']
[0.297s] Level 1:colcon.colcon_core.package_identification:_identify(src/DeepLabCut/Animatronics-Ryo-2024-12-17/dlc-models-pytorch) by extension 'python_setup_py'
[0.297s] Level 1:colcon.colcon_core.package_identification:_identify(src/DeepLabCut/Animatronics-Ryo-2024-12-17/dlc-models-pytorch/iteration-0) by extensions ['ignore', 'ignore_ament_install']
[0.297s] Level 1:colcon.colcon_core.package_identification:_identify(src/DeepLabCut/Animatronics-Ryo-2024-12-17/dlc-models-pytorch/iteration-0) by extension 'ignore'
[0.297s] Level 1:colcon.colcon_core.package_identification:_identify(src/DeepLabCut/Animatronics-Ryo-2024-12-17/dlc-models-pytorch/iteration-0) by extension 'ignore_ament_install'
[0.297s] Level 1:colcon.colcon_core.package_identification:_identify(src/DeepLabCut/Animatronics-Ryo-2024-12-17/dlc-models-pytorch/iteration-0) by extensions ['colcon_pkg']
[0.297s] Level 1:colcon.colcon_core.package_identification:_identify(src/DeepLabCut/Animatronics-Ryo-2024-12-17/dlc-models-pytorch/iteration-0) by extension 'colcon_pkg'
[0.297s] Level 1:colcon.colcon_core.package_identification:_identify(src/DeepLabCut/Animatronics-Ryo-2024-12-17/dlc-models-pytorch/iteration-0) by extensions ['colcon_meta']
[0.297s] Level 1:colcon.colcon_core.package_identification:_identify(src/DeepLabCut/Animatronics-Ryo-2024-12-17/dlc-models-pytorch/iteration-0) by extension 'colcon_meta'
[0.297s] Level 1:colcon.colcon_core.package_identification:_identify(src/DeepLabCut/Animatronics-Ryo-2024-12-17/dlc-models-pytorch/iteration-0) by extensions ['ros']
[0.297s] Level 1:colcon.colcon_core.package_identification:_identify(src/DeepLabCut/Animatronics-Ryo-2024-12-17/dlc-models-pytorch/iteration-0) by extension 'ros'
[0.297s] Level 1:colcon.colcon_core.package_identification:_identify(src/DeepLabCut/Animatronics-Ryo-2024-12-17/dlc-models-pytorch/iteration-0) by extensions ['cmake', 'python']
[0.297s] Level 1:colcon.colcon_core.package_identification:_identify(src/DeepLabCut/Animatronics-Ryo-2024-12-17/dlc-models-pytorch/iteration-0) by extension 'cmake'
[0.297s] Level 1:colcon.colcon_core.package_identification:_identify(src/DeepLabCut/Animatronics-Ryo-2024-12-17/dlc-models-pytorch/iteration-0) by extension 'python'
[0.298s] Level 1:colcon.colcon_core.package_identification:_identify(src/DeepLabCut/Animatronics-Ryo-2024-12-17/dlc-models-pytorch/iteration-0) by extensions ['python_setup_py']
[0.298s] Level 1:colcon.colcon_core.package_identification:_identify(src/DeepLabCut/Animatronics-Ryo-2024-12-17/dlc-models-pytorch/iteration-0) by extension 'python_setup_py'
[0.298s] Level 1:colcon.colcon_core.package_identification:_identify(src/DeepLabCut/Animatronics-Ryo-2024-12-17/dlc-models-pytorch/iteration-0/AnimatronicsDec17-trainset95shuffle1) by extensions ['ignore', 'ignore_ament_install']
[0.298s] Level 1:colcon.colcon_core.package_identification:_identify(src/DeepLabCut/Animatronics-Ryo-2024-12-17/dlc-models-pytorch/iteration-0/AnimatronicsDec17-trainset95shuffle1) by extension 'ignore'
[0.298s] Level 1:colcon.colcon_core.package_identification:_identify(src/DeepLabCut/Animatronics-Ryo-2024-12-17/dlc-models-pytorch/iteration-0/AnimatronicsDec17-trainset95shuffle1) by extension 'ignore_ament_install'
[0.298s] Level 1:colcon.colcon_core.package_identification:_identify(src/DeepLabCut/Animatronics-Ryo-2024-12-17/dlc-models-pytorch/iteration-0/AnimatronicsDec17-trainset95shuffle1) by extensions ['colcon_pkg']
[0.298s] Level 1:colcon.colcon_core.package_identification:_identify(src/DeepLabCut/Animatronics-Ryo-2024-12-17/dlc-models-pytorch/iteration-0/AnimatronicsDec17-trainset95shuffle1) by extension 'colcon_pkg'
[0.298s] Level 1:colcon.colcon_core.package_identification:_identify(src/DeepLabCut/Animatronics-Ryo-2024-12-17/dlc-models-pytorch/iteration-0/AnimatronicsDec17-trainset95shuffle1) by extensions ['colcon_meta']
[0.298s] Level 1:colcon.colcon_core.package_identification:_identify(src/DeepLabCut/Animatronics-Ryo-2024-12-17/dlc-models-pytorch/iteration-0/AnimatronicsDec17-trainset95shuffle1) by extension 'colcon_meta'
[0.298s] Level 1:colcon.colcon_core.package_identification:_identify(src/DeepLabCut/Animatronics-Ryo-2024-12-17/dlc-models-pytorch/iteration-0/AnimatronicsDec17-trainset95shuffle1) by extensions ['ros']
[0.298s] Level 1:colcon.colcon_core.package_identification:_identify(src/DeepLabCut/Animatronics-Ryo-2024-12-17/dlc-models-pytorch/iteration-0/AnimatronicsDec17-trainset95shuffle1) by extension 'ros'
[0.298s] Level 1:colcon.colcon_core.package_identification:_identify(src/DeepLabCut/Animatronics-Ryo-2024-12-17/dlc-models-pytorch/iteration-0/AnimatronicsDec17-trainset95shuffle1) by extensions ['cmake', 'python']
[0.298s] Level 1:colcon.colcon_core.package_identification:_identify(src/DeepLabCut/Animatronics-Ryo-2024-12-17/dlc-models-pytorch/iteration-0/AnimatronicsDec17-trainset95shuffle1) by extension 'cmake'
[0.298s] Level 1:colcon.colcon_core.package_identification:_identify(src/DeepLabCut/Animatronics-Ryo-2024-12-17/dlc-models-pytorch/iteration-0/AnimatronicsDec17-trainset95shuffle1) by extension 'python'
[0.298s] Level 1:colcon.colcon_core.package_identification:_identify(src/DeepLabCut/Animatronics-Ryo-2024-12-17/dlc-models-pytorch/iteration-0/AnimatronicsDec17-trainset95shuffle1) by extensions ['python_setup_py']
[0.298s] Level 1:colcon.colcon_core.package_identification:_identify(src/DeepLabCut/Animatronics-Ryo-2024-12-17/dlc-models-pytorch/iteration-0/AnimatronicsDec17-trainset95shuffle1) by extension 'python_setup_py'
[0.299s] Level 1:colcon.colcon_core.package_identification:_identify(src/DeepLabCut/Animatronics-Ryo-2024-12-17/dlc-models-pytorch/iteration-0/AnimatronicsDec17-trainset95shuffle1/test) by extensions ['ignore', 'ignore_ament_install']
[0.299s] Level 1:colcon.colcon_core.package_identification:_identify(src/DeepLabCut/Animatronics-Ryo-2024-12-17/dlc-models-pytorch/iteration-0/AnimatronicsDec17-trainset95shuffle1/test) by extension 'ignore'
[0.299s] Level 1:colcon.colcon_core.package_identification:_identify(src/DeepLabCut/Animatronics-Ryo-2024-12-17/dlc-models-pytorch/iteration-0/AnimatronicsDec17-trainset95shuffle1/test) by extension 'ignore_ament_install'
[0.299s] Level 1:colcon.colcon_core.package_identification:_identify(src/DeepLabCut/Animatronics-Ryo-2024-12-17/dlc-models-pytorch/iteration-0/AnimatronicsDec17-trainset95shuffle1/test) by extensions ['colcon_pkg']
[0.299s] Level 1:colcon.colcon_core.package_identification:_identify(src/DeepLabCut/Animatronics-Ryo-2024-12-17/dlc-models-pytorch/iteration-0/AnimatronicsDec17-trainset95shuffle1/test) by extension 'colcon_pkg'
[0.299s] Level 1:colcon.colcon_core.package_identification:_identify(src/DeepLabCut/Animatronics-Ryo-2024-12-17/dlc-models-pytorch/iteration-0/AnimatronicsDec17-trainset95shuffle1/test) by extensions ['colcon_meta']
[0.299s] Level 1:colcon.colcon_core.package_identification:_identify(src/DeepLabCut/Animatronics-Ryo-2024-12-17/dlc-models-pytorch/iteration-0/AnimatronicsDec17-trainset95shuffle1/test) by extension 'colcon_meta'
[0.299s] Level 1:colcon.colcon_core.package_identification:_identify(src/DeepLabCut/Animatronics-Ryo-2024-12-17/dlc-models-pytorch/iteration-0/AnimatronicsDec17-trainset95shuffle1/test) by extensions ['ros']
[0.299s] Level 1:colcon.colcon_core.package_identification:_identify(src/DeepLabCut/Animatronics-Ryo-2024-12-17/dlc-models-pytorch/iteration-0/AnimatronicsDec17-trainset95shuffle1/test) by extension 'ros'
[0.299s] Level 1:colcon.colcon_core.package_identification:_identify(src/DeepLabCut/Animatronics-Ryo-2024-12-17/dlc-models-pytorch/iteration-0/AnimatronicsDec17-trainset95shuffle1/test) by extensions ['cmake', 'python']
[0.299s] Level 1:colcon.colcon_core.package_identification:_identify(src/DeepLabCut/Animatronics-Ryo-2024-12-17/dlc-models-pytorch/iteration-0/AnimatronicsDec17-trainset95shuffle1/test) by extension 'cmake'
[0.299s] Level 1:colcon.colcon_core.package_identification:_identify(src/DeepLabCut/Animatronics-Ryo-2024-12-17/dlc-models-pytorch/iteration-0/AnimatronicsDec17-trainset95shuffle1/test) by extension 'python'
[0.300s] Level 1:colcon.colcon_core.package_identification:_identify(src/DeepLabCut/Animatronics-Ryo-2024-12-17/dlc-models-pytorch/iteration-0/AnimatronicsDec17-trainset95shuffle1/test) by extensions ['python_setup_py']
[0.300s] Level 1:colcon.colcon_core.package_identification:_identify(src/DeepLabCut/Animatronics-Ryo-2024-12-17/dlc-models-pytorch/iteration-0/AnimatronicsDec17-trainset95shuffle1/test) by extension 'python_setup_py'
[0.300s] Level 1:colcon.colcon_core.package_identification:_identify(src/DeepLabCut/Animatronics-Ryo-2024-12-17/dlc-models-pytorch/iteration-0/AnimatronicsDec17-trainset95shuffle1/train) by extensions ['ignore', 'ignore_ament_install']
[0.300s] Level 1:colcon.colcon_core.package_identification:_identify(src/DeepLabCut/Animatronics-Ryo-2024-12-17/dlc-models-pytorch/iteration-0/AnimatronicsDec17-trainset95shuffle1/train) by extension 'ignore'
[0.300s] Level 1:colcon.colcon_core.package_identification:_identify(src/DeepLabCut/Animatronics-Ryo-2024-12-17/dlc-models-pytorch/iteration-0/AnimatronicsDec17-trainset95shuffle1/train) by extension 'ignore_ament_install'
[0.300s] Level 1:colcon.colcon_core.package_identification:_identify(src/DeepLabCut/Animatronics-Ryo-2024-12-17/dlc-models-pytorch/iteration-0/AnimatronicsDec17-trainset95shuffle1/train) by extensions ['colcon_pkg']
[0.300s] Level 1:colcon.colcon_core.package_identification:_identify(src/DeepLabCut/Animatronics-Ryo-2024-12-17/dlc-models-pytorch/iteration-0/AnimatronicsDec17-trainset95shuffle1/train) by extension 'colcon_pkg'
[0.300s] Level 1:colcon.colcon_core.package_identification:_identify(src/DeepLabCut/Animatronics-Ryo-2024-12-17/dlc-models-pytorch/iteration-0/AnimatronicsDec17-trainset95shuffle1/train) by extensions ['colcon_meta']
[0.300s] Level 1:colcon.colcon_core.package_identification:_identify(src/DeepLabCut/Animatronics-Ryo-2024-12-17/dlc-models-pytorch/iteration-0/AnimatronicsDec17-trainset95shuffle1/train) by extension 'colcon_meta'
[0.300s] Level 1:colcon.colcon_core.package_identification:_identify(src/DeepLabCut/Animatronics-Ryo-2024-12-17/dlc-models-pytorch/iteration-0/AnimatronicsDec17-trainset95shuffle1/train) by extensions ['ros']
[0.300s] Level 1:colcon.colcon_core.package_identification:_identify(src/DeepLabCut/Animatronics-Ryo-2024-12-17/dlc-models-pytorch/iteration-0/AnimatronicsDec17-trainset95shuffle1/train) by extension 'ros'
[0.300s] Level 1:colcon.colcon_core.package_identification:_identify(src/DeepLabCut/Animatronics-Ryo-2024-12-17/dlc-models-pytorch/iteration-0/AnimatronicsDec17-trainset95shuffle1/train) by extensions ['cmake', 'python']
[0.300s] Level 1:colcon.colcon_core.package_identification:_identify(src/DeepLabCut/Animatronics-Ryo-2024-12-17/dlc-models-pytorch/iteration-0/AnimatronicsDec17-trainset95shuffle1/train) by extension 'cmake'
[0.300s] Level 1:colcon.colcon_core.package_identification:_identify(src/DeepLabCut/Animatronics-Ryo-2024-12-17/dlc-models-pytorch/iteration-0/AnimatronicsDec17-trainset95shuffle1/train) by extension 'python'
[0.300s] Level 1:colcon.colcon_core.package_identification:_identify(src/DeepLabCut/Animatronics-Ryo-2024-12-17/dlc-models-pytorch/iteration-0/AnimatronicsDec17-trainset95shuffle1/train) by extensions ['python_setup_py']
[0.300s] Level 1:colcon.colcon_core.package_identification:_identify(src/DeepLabCut/Animatronics-Ryo-2024-12-17/dlc-models-pytorch/iteration-0/AnimatronicsDec17-trainset95shuffle1/train) by extension 'python_setup_py'
[0.300s] Level 1:colcon.colcon_core.package_identification:_identify(src/DeepLabCut/Animatronics-Ryo-2024-12-17/evaluation-results-pytorch) by extensions ['ignore', 'ignore_ament_install']
[0.301s] Level 1:colcon.colcon_core.package_identification:_identify(src/DeepLabCut/Animatronics-Ryo-2024-12-17/evaluation-results-pytorch) by extension 'ignore'
[0.301s] Level 1:colcon.colcon_core.package_identification:_identify(src/DeepLabCut/Animatronics-Ryo-2024-12-17/evaluation-results-pytorch) by extension 'ignore_ament_install'
[0.301s] Level 1:colcon.colcon_core.package_identification:_identify(src/DeepLabCut/Animatronics-Ryo-2024-12-17/evaluation-results-pytorch) by extensions ['colcon_pkg']
[0.301s] Level 1:colcon.colcon_core.package_identification:_identify(src/DeepLabCut/Animatronics-Ryo-2024-12-17/evaluation-results-pytorch) by extension 'colcon_pkg'
[0.301s] Level 1:colcon.colcon_core.package_identification:_identify(src/DeepLabCut/Animatronics-Ryo-2024-12-17/evaluation-results-pytorch) by extensions ['colcon_meta']
[0.301s] Level 1:colcon.colcon_core.package_identification:_identify(src/DeepLabCut/Animatronics-Ryo-2024-12-17/evaluation-results-pytorch) by extension 'colcon_meta'
[0.301s] Level 1:colcon.colcon_core.package_identification:_identify(src/DeepLabCut/Animatronics-Ryo-2024-12-17/evaluation-results-pytorch) by extensions ['ros']
[0.301s] Level 1:colcon.colcon_core.package_identification:_identify(src/DeepLabCut/Animatronics-Ryo-2024-12-17/evaluation-results-pytorch) by extension 'ros'
[0.301s] Level 1:colcon.colcon_core.package_identification:_identify(src/DeepLabCut/Animatronics-Ryo-2024-12-17/evaluation-results-pytorch) by extensions ['cmake', 'python']
[0.301s] Level 1:colcon.colcon_core.package_identification:_identify(src/DeepLabCut/Animatronics-Ryo-2024-12-17/evaluation-results-pytorch) by extension 'cmake'
[0.301s] Level 1:colcon.colcon_core.package_identification:_identify(src/DeepLabCut/Animatronics-Ryo-2024-12-17/evaluation-results-pytorch) by extension 'python'
[0.301s] Level 1:colcon.colcon_core.package_identification:_identify(src/DeepLabCut/Animatronics-Ryo-2024-12-17/evaluation-results-pytorch) by extensions ['python_setup_py']
[0.301s] Level 1:colcon.colcon_core.package_identification:_identify(src/DeepLabCut/Animatronics-Ryo-2024-12-17/evaluation-results-pytorch) by extension 'python_setup_py'
[0.301s] Level 1:colcon.colcon_core.package_identification:_identify(src/DeepLabCut/Animatronics-Ryo-2024-12-17/evaluation-results-pytorch/iteration-0) by extensions ['ignore', 'ignore_ament_install']
[0.301s] Level 1:colcon.colcon_core.package_identification:_identify(src/DeepLabCut/Animatronics-Ryo-2024-12-17/evaluation-results-pytorch/iteration-0) by extension 'ignore'
[0.301s] Level 1:colcon.colcon_core.package_identification:_identify(src/DeepLabCut/Animatronics-Ryo-2024-12-17/evaluation-results-pytorch/iteration-0) by extension 'ignore_ament_install'
[0.301s] Level 1:colcon.colcon_core.package_identification:_identify(src/DeepLabCut/Animatronics-Ryo-2024-12-17/evaluation-results-pytorch/iteration-0) by extensions ['colcon_pkg']
[0.301s] Level 1:colcon.colcon_core.package_identification:_identify(src/DeepLabCut/Animatronics-Ryo-2024-12-17/evaluation-results-pytorch/iteration-0) by extension 'colcon_pkg'
[0.301s] Level 1:colcon.colcon_core.package_identification:_identify(src/DeepLabCut/Animatronics-Ryo-2024-12-17/evaluation-results-pytorch/iteration-0) by extensions ['colcon_meta']
[0.302s] Level 1:colcon.colcon_core.package_identification:_identify(src/DeepLabCut/Animatronics-Ryo-2024-12-17/evaluation-results-pytorch/iteration-0) by extension 'colcon_meta'
[0.302s] Level 1:colcon.colcon_core.package_identification:_identify(src/DeepLabCut/Animatronics-Ryo-2024-12-17/evaluation-results-pytorch/iteration-0) by extensions ['ros']
[0.302s] Level 1:colcon.colcon_core.package_identification:_identify(src/DeepLabCut/Animatronics-Ryo-2024-12-17/evaluation-results-pytorch/iteration-0) by extension 'ros'
[0.302s] Level 1:colcon.colcon_core.package_identification:_identify(src/DeepLabCut/Animatronics-Ryo-2024-12-17/evaluation-results-pytorch/iteration-0) by extensions ['cmake', 'python']
[0.302s] Level 1:colcon.colcon_core.package_identification:_identify(src/DeepLabCut/Animatronics-Ryo-2024-12-17/evaluation-results-pytorch/iteration-0) by extension 'cmake'
[0.302s] Level 1:colcon.colcon_core.package_identification:_identify(src/DeepLabCut/Animatronics-Ryo-2024-12-17/evaluation-results-pytorch/iteration-0) by extension 'python'
[0.302s] Level 1:colcon.colcon_core.package_identification:_identify(src/DeepLabCut/Animatronics-Ryo-2024-12-17/evaluation-results-pytorch/iteration-0) by extensions ['python_setup_py']
[0.302s] Level 1:colcon.colcon_core.package_identification:_identify(src/DeepLabCut/Animatronics-Ryo-2024-12-17/evaluation-results-pytorch/iteration-0) by extension 'python_setup_py'
[0.302s] Level 1:colcon.colcon_core.package_identification:_identify(src/DeepLabCut/Animatronics-Ryo-2024-12-17/evaluation-results-pytorch/iteration-0/AnimatronicsDec17-trainset95shuffle1) by extensions ['ignore', 'ignore_ament_install']
[0.302s] Level 1:colcon.colcon_core.package_identification:_identify(src/DeepLabCut/Animatronics-Ryo-2024-12-17/evaluation-results-pytorch/iteration-0/AnimatronicsDec17-trainset95shuffle1) by extension 'ignore'
[0.302s] Level 1:colcon.colcon_core.package_identification:_identify(src/DeepLabCut/Animatronics-Ryo-2024-12-17/evaluation-results-pytorch/iteration-0/AnimatronicsDec17-trainset95shuffle1) by extension 'ignore_ament_install'
[0.302s] Level 1:colcon.colcon_core.package_identification:_identify(src/DeepLabCut/Animatronics-Ryo-2024-12-17/evaluation-results-pytorch/iteration-0/AnimatronicsDec17-trainset95shuffle1) by extensions ['colcon_pkg']
[0.302s] Level 1:colcon.colcon_core.package_identification:_identify(src/DeepLabCut/Animatronics-Ryo-2024-12-17/evaluation-results-pytorch/iteration-0/AnimatronicsDec17-trainset95shuffle1) by extension 'colcon_pkg'
[0.302s] Level 1:colcon.colcon_core.package_identification:_identify(src/DeepLabCut/Animatronics-Ryo-2024-12-17/evaluation-results-pytorch/iteration-0/AnimatronicsDec17-trainset95shuffle1) by extensions ['colcon_meta']
[0.302s] Level 1:colcon.colcon_core.package_identification:_identify(src/DeepLabCut/Animatronics-Ryo-2024-12-17/evaluation-results-pytorch/iteration-0/AnimatronicsDec17-trainset95shuffle1) by extension 'colcon_meta'
[0.302s] Level 1:colcon.colcon_core.package_identification:_identify(src/DeepLabCut/Animatronics-Ryo-2024-12-17/evaluation-results-pytorch/iteration-0/AnimatronicsDec17-trainset95shuffle1) by extensions ['ros']
[0.302s] Level 1:colcon.colcon_core.package_identification:_identify(src/DeepLabCut/Animatronics-Ryo-2024-12-17/evaluation-results-pytorch/iteration-0/AnimatronicsDec17-trainset95shuffle1) by extension 'ros'
[0.302s] Level 1:colcon.colcon_core.package_identification:_identify(src/DeepLabCut/Animatronics-Ryo-2024-12-17/evaluation-results-pytorch/iteration-0/AnimatronicsDec17-trainset95shuffle1) by extensions ['cmake', 'python']
[0.303s] Level 1:colcon.colcon_core.package_identification:_identify(src/DeepLabCut/Animatronics-Ryo-2024-12-17/evaluation-results-pytorch/iteration-0/AnimatronicsDec17-trainset95shuffle1) by extension 'cmake'
[0.303s] Level 1:colcon.colcon_core.package_identification:_identify(src/DeepLabCut/Animatronics-Ryo-2024-12-17/evaluation-results-pytorch/iteration-0/AnimatronicsDec17-trainset95shuffle1) by extension 'python'
[0.303s] Level 1:colcon.colcon_core.package_identification:_identify(src/DeepLabCut/Animatronics-Ryo-2024-12-17/evaluation-results-pytorch/iteration-0/AnimatronicsDec17-trainset95shuffle1) by extensions ['python_setup_py']
[0.303s] Level 1:colcon.colcon_core.package_identification:_identify(src/DeepLabCut/Animatronics-Ryo-2024-12-17/evaluation-results-pytorch/iteration-0/AnimatronicsDec17-trainset95shuffle1) by extension 'python_setup_py'
[0.303s] Level 1:colcon.colcon_core.package_identification:_identify(src/DeepLabCut/Animatronics-Ryo-2024-12-17/labeled-data) by extensions ['ignore', 'ignore_ament_install']
[0.303s] Level 1:colcon.colcon_core.package_identification:_identify(src/DeepLabCut/Animatronics-Ryo-2024-12-17/labeled-data) by extension 'ignore'
[0.303s] Level 1:colcon.colcon_core.package_identification:_identify(src/DeepLabCut/Animatronics-Ryo-2024-12-17/labeled-data) by extension 'ignore_ament_install'
[0.303s] Level 1:colcon.colcon_core.package_identification:_identify(src/DeepLabCut/Animatronics-Ryo-2024-12-17/labeled-data) by extensions ['colcon_pkg']
[0.303s] Level 1:colcon.colcon_core.package_identification:_identify(src/DeepLabCut/Animatronics-Ryo-2024-12-17/labeled-data) by extension 'colcon_pkg'
[0.303s] Level 1:colcon.colcon_core.package_identification:_identify(src/DeepLabCut/Animatronics-Ryo-2024-12-17/labeled-data) by extensions ['colcon_meta']
[0.303s] Level 1:colcon.colcon_core.package_identification:_identify(src/DeepLabCut/Animatronics-Ryo-2024-12-17/labeled-data) by extension 'colcon_meta'
[0.303s] Level 1:colcon.colcon_core.package_identification:_identify(src/DeepLabCut/Animatronics-Ryo-2024-12-17/labeled-data) by extensions ['ros']
[0.303s] Level 1:colcon.colcon_core.package_identification:_identify(src/DeepLabCut/Animatronics-Ryo-2024-12-17/labeled-data) by extension 'ros'
[0.303s] Level 1:colcon.colcon_core.package_identification:_identify(src/DeepLabCut/Animatronics-Ryo-2024-12-17/labeled-data) by extensions ['cmake', 'python']
[0.303s] Level 1:colcon.colcon_core.package_identification:_identify(src/DeepLabCut/Animatronics-Ryo-2024-12-17/labeled-data) by extension 'cmake'
[0.303s] Level 1:colcon.colcon_core.package_identification:_identify(src/DeepLabCut/Animatronics-Ryo-2024-12-17/labeled-data) by extension 'python'
[0.303s] Level 1:colcon.colcon_core.package_identification:_identify(src/DeepLabCut/Animatronics-Ryo-2024-12-17/labeled-data) by extensions ['python_setup_py']
[0.303s] Level 1:colcon.colcon_core.package_identification:_identify(src/DeepLabCut/Animatronics-Ryo-2024-12-17/labeled-data) by extension 'python_setup_py'
[0.304s] Level 1:colcon.colcon_core.package_identification:_identify(src/DeepLabCut/Animatronics-Ryo-2024-12-17/labeled-data/Raptor1) by extensions ['ignore', 'ignore_ament_install']
[0.304s] Level 1:colcon.colcon_core.package_identification:_identify(src/DeepLabCut/Animatronics-Ryo-2024-12-17/labeled-data/Raptor1) by extension 'ignore'
[0.304s] Level 1:colcon.colcon_core.package_identification:_identify(src/DeepLabCut/Animatronics-Ryo-2024-12-17/labeled-data/Raptor1) by extension 'ignore_ament_install'
[0.304s] Level 1:colcon.colcon_core.package_identification:_identify(src/DeepLabCut/Animatronics-Ryo-2024-12-17/labeled-data/Raptor1) by extensions ['colcon_pkg']
[0.304s] Level 1:colcon.colcon_core.package_identification:_identify(src/DeepLabCut/Animatronics-Ryo-2024-12-17/labeled-data/Raptor1) by extension 'colcon_pkg'
[0.304s] Level 1:colcon.colcon_core.package_identification:_identify(src/DeepLabCut/Animatronics-Ryo-2024-12-17/labeled-data/Raptor1) by extensions ['colcon_meta']
[0.304s] Level 1:colcon.colcon_core.package_identification:_identify(src/DeepLabCut/Animatronics-Ryo-2024-12-17/labeled-data/Raptor1) by extension 'colcon_meta'
[0.304s] Level 1:colcon.colcon_core.package_identification:_identify(src/DeepLabCut/Animatronics-Ryo-2024-12-17/labeled-data/Raptor1) by extensions ['ros']
[0.304s] Level 1:colcon.colcon_core.package_identification:_identify(src/DeepLabCut/Animatronics-Ryo-2024-12-17/labeled-data/Raptor1) by extension 'ros'
[0.304s] Level 1:colcon.colcon_core.package_identification:_identify(src/DeepLabCut/Animatronics-Ryo-2024-12-17/labeled-data/Raptor1) by extensions ['cmake', 'python']
[0.304s] Level 1:colcon.colcon_core.package_identification:_identify(src/DeepLabCut/Animatronics-Ryo-2024-12-17/labeled-data/Raptor1) by extension 'cmake'
[0.304s] Level 1:colcon.colcon_core.package_identification:_identify(src/DeepLabCut/Animatronics-Ryo-2024-12-17/labeled-data/Raptor1) by extension 'python'
[0.304s] Level 1:colcon.colcon_core.package_identification:_identify(src/DeepLabCut/Animatronics-Ryo-2024-12-17/labeled-data/Raptor1) by extensions ['python_setup_py']
[0.304s] Level 1:colcon.colcon_core.package_identification:_identify(src/DeepLabCut/Animatronics-Ryo-2024-12-17/labeled-data/Raptor1) by extension 'python_setup_py'
[0.304s] Level 1:colcon.colcon_core.package_identification:_identify(src/DeepLabCut/Animatronics-Ryo-2024-12-17/labeled-data/Raptor1_labeled) by extensions ['ignore', 'ignore_ament_install']
[0.304s] Level 1:colcon.colcon_core.package_identification:_identify(src/DeepLabCut/Animatronics-Ryo-2024-12-17/labeled-data/Raptor1_labeled) by extension 'ignore'
[0.304s] Level 1:colcon.colcon_core.package_identification:_identify(src/DeepLabCut/Animatronics-Ryo-2024-12-17/labeled-data/Raptor1_labeled) by extension 'ignore_ament_install'
[0.304s] Level 1:colcon.colcon_core.package_identification:_identify(src/DeepLabCut/Animatronics-Ryo-2024-12-17/labeled-data/Raptor1_labeled) by extensions ['colcon_pkg']
[0.305s] Level 1:colcon.colcon_core.package_identification:_identify(src/DeepLabCut/Animatronics-Ryo-2024-12-17/labeled-data/Raptor1_labeled) by extension 'colcon_pkg'
[0.305s] Level 1:colcon.colcon_core.package_identification:_identify(src/DeepLabCut/Animatronics-Ryo-2024-12-17/labeled-data/Raptor1_labeled) by extensions ['colcon_meta']
[0.305s] Level 1:colcon.colcon_core.package_identification:_identify(src/DeepLabCut/Animatronics-Ryo-2024-12-17/labeled-data/Raptor1_labeled) by extension 'colcon_meta'
[0.305s] Level 1:colcon.colcon_core.package_identification:_identify(src/DeepLabCut/Animatronics-Ryo-2024-12-17/labeled-data/Raptor1_labeled) by extensions ['ros']
[0.305s] Level 1:colcon.colcon_core.package_identification:_identify(src/DeepLabCut/Animatronics-Ryo-2024-12-17/labeled-data/Raptor1_labeled) by extension 'ros'
[0.305s] Level 1:colcon.colcon_core.package_identification:_identify(src/DeepLabCut/Animatronics-Ryo-2024-12-17/labeled-data/Raptor1_labeled) by extensions ['cmake', 'python']
[0.305s] Level 1:colcon.colcon_core.package_identification:_identify(src/DeepLabCut/Animatronics-Ryo-2024-12-17/labeled-data/Raptor1_labeled) by extension 'cmake'
[0.305s] Level 1:colcon.colcon_core.package_identification:_identify(src/DeepLabCut/Animatronics-Ryo-2024-12-17/labeled-data/Raptor1_labeled) by extension 'python'
[0.305s] Level 1:colcon.colcon_core.package_identification:_identify(src/DeepLabCut/Animatronics-Ryo-2024-12-17/labeled-data/Raptor1_labeled) by extensions ['python_setup_py']
[0.305s] Level 1:colcon.colcon_core.package_identification:_identify(src/DeepLabCut/Animatronics-Ryo-2024-12-17/labeled-data/Raptor1_labeled) by extension 'python_setup_py'
[0.305s] Level 1:colcon.colcon_core.package_identification:_identify(src/DeepLabCut/Animatronics-Ryo-2024-12-17/training-datasets) by extensions ['ignore', 'ignore_ament_install']
[0.305s] Level 1:colcon.colcon_core.package_identification:_identify(src/DeepLabCut/Animatronics-Ryo-2024-12-17/training-datasets) by extension 'ignore'
[0.305s] Level 1:colcon.colcon_core.package_identification:_identify(src/DeepLabCut/Animatronics-Ryo-2024-12-17/training-datasets) by extension 'ignore_ament_install'
[0.305s] Level 1:colcon.colcon_core.package_identification:_identify(src/DeepLabCut/Animatronics-Ryo-2024-12-17/training-datasets) by extensions ['colcon_pkg']
[0.305s] Level 1:colcon.colcon_core.package_identification:_identify(src/DeepLabCut/Animatronics-Ryo-2024-12-17/training-datasets) by extension 'colcon_pkg'
[0.305s] Level 1:colcon.colcon_core.package_identification:_identify(src/DeepLabCut/Animatronics-Ryo-2024-12-17/training-datasets) by extensions ['colcon_meta']
[0.305s] Level 1:colcon.colcon_core.package_identification:_identify(src/DeepLabCut/Animatronics-Ryo-2024-12-17/training-datasets) by extension 'colcon_meta'
[0.305s] Level 1:colcon.colcon_core.package_identification:_identify(src/DeepLabCut/Animatronics-Ryo-2024-12-17/training-datasets) by extensions ['ros']
[0.305s] Level 1:colcon.colcon_core.package_identification:_identify(src/DeepLabCut/Animatronics-Ryo-2024-12-17/training-datasets) by extension 'ros'
[0.305s] Level 1:colcon.colcon_core.package_identification:_identify(src/DeepLabCut/Animatronics-Ryo-2024-12-17/training-datasets) by extensions ['cmake', 'python']
[0.306s] Level 1:colcon.colcon_core.package_identification:_identify(src/DeepLabCut/Animatronics-Ryo-2024-12-17/training-datasets) by extension 'cmake'
[0.306s] Level 1:colcon.colcon_core.package_identification:_identify(src/DeepLabCut/Animatronics-Ryo-2024-12-17/training-datasets) by extension 'python'
[0.306s] Level 1:colcon.colcon_core.package_identification:_identify(src/DeepLabCut/Animatronics-Ryo-2024-12-17/training-datasets) by extensions ['python_setup_py']
[0.306s] Level 1:colcon.colcon_core.package_identification:_identify(src/DeepLabCut/Animatronics-Ryo-2024-12-17/training-datasets) by extension 'python_setup_py'
[0.306s] Level 1:colcon.colcon_core.package_identification:_identify(src/DeepLabCut/Animatronics-Ryo-2024-12-17/training-datasets/iteration-0) by extensions ['ignore', 'ignore_ament_install']
[0.306s] Level 1:colcon.colcon_core.package_identification:_identify(src/DeepLabCut/Animatronics-Ryo-2024-12-17/training-datasets/iteration-0) by extension 'ignore'
[0.306s] Level 1:colcon.colcon_core.package_identification:_identify(src/DeepLabCut/Animatronics-Ryo-2024-12-17/training-datasets/iteration-0) by extension 'ignore_ament_install'
[0.306s] Level 1:colcon.colcon_core.package_identification:_identify(src/DeepLabCut/Animatronics-Ryo-2024-12-17/training-datasets/iteration-0) by extensions ['colcon_pkg']
[0.306s] Level 1:colcon.colcon_core.package_identification:_identify(src/DeepLabCut/Animatronics-Ryo-2024-12-17/training-datasets/iteration-0) by extension 'colcon_pkg'
[0.306s] Level 1:colcon.colcon_core.package_identification:_identify(src/DeepLabCut/Animatronics-Ryo-2024-12-17/training-datasets/iteration-0) by extensions ['colcon_meta']
[0.306s] Level 1:colcon.colcon_core.package_identification:_identify(src/DeepLabCut/Animatronics-Ryo-2024-12-17/training-datasets/iteration-0) by extension 'colcon_meta'
[0.306s] Level 1:colcon.colcon_core.package_identification:_identify(src/DeepLabCut/Animatronics-Ryo-2024-12-17/training-datasets/iteration-0) by extensions ['ros']
[0.306s] Level 1:colcon.colcon_core.package_identification:_identify(src/DeepLabCut/Animatronics-Ryo-2024-12-17/training-datasets/iteration-0) by extension 'ros'
[0.306s] Level 1:colcon.colcon_core.package_identification:_identify(src/DeepLabCut/Animatronics-Ryo-2024-12-17/training-datasets/iteration-0) by extensions ['cmake', 'python']
[0.306s] Level 1:colcon.colcon_core.package_identification:_identify(src/DeepLabCut/Animatronics-Ryo-2024-12-17/training-datasets/iteration-0) by extension 'cmake'
[0.306s] Level 1:colcon.colcon_core.package_identification:_identify(src/DeepLabCut/Animatronics-Ryo-2024-12-17/training-datasets/iteration-0) by extension 'python'
[0.306s] Level 1:colcon.colcon_core.package_identification:_identify(src/DeepLabCut/Animatronics-Ryo-2024-12-17/training-datasets/iteration-0) by extensions ['python_setup_py']
[0.306s] Level 1:colcon.colcon_core.package_identification:_identify(src/DeepLabCut/Animatronics-Ryo-2024-12-17/training-datasets/iteration-0) by extension 'python_setup_py'
[0.306s] Level 1:colcon.colcon_core.package_identification:_identify(src/DeepLabCut/Animatronics-Ryo-2024-12-17/training-datasets/iteration-0/UnaugmentedDataSet_AnimatronicsDec17) by extensions ['ignore', 'ignore_ament_install']
[0.307s] Level 1:colcon.colcon_core.package_identification:_identify(src/DeepLabCut/Animatronics-Ryo-2024-12-17/training-datasets/iteration-0/UnaugmentedDataSet_AnimatronicsDec17) by extension 'ignore'
[0.307s] Level 1:colcon.colcon_core.package_identification:_identify(src/DeepLabCut/Animatronics-Ryo-2024-12-17/training-datasets/iteration-0/UnaugmentedDataSet_AnimatronicsDec17) by extension 'ignore_ament_install'
[0.307s] Level 1:colcon.colcon_core.package_identification:_identify(src/DeepLabCut/Animatronics-Ryo-2024-12-17/training-datasets/iteration-0/UnaugmentedDataSet_AnimatronicsDec17) by extensions ['colcon_pkg']
[0.307s] Level 1:colcon.colcon_core.package_identification:_identify(src/DeepLabCut/Animatronics-Ryo-2024-12-17/training-datasets/iteration-0/UnaugmentedDataSet_AnimatronicsDec17) by extension 'colcon_pkg'
[0.307s] Level 1:colcon.colcon_core.package_identification:_identify(src/DeepLabCut/Animatronics-Ryo-2024-12-17/training-datasets/iteration-0/UnaugmentedDataSet_AnimatronicsDec17) by extensions ['colcon_meta']
[0.307s] Level 1:colcon.colcon_core.package_identification:_identify(src/DeepLabCut/Animatronics-Ryo-2024-12-17/training-datasets/iteration-0/UnaugmentedDataSet_AnimatronicsDec17) by extension 'colcon_meta'
[0.307s] Level 1:colcon.colcon_core.package_identification:_identify(src/DeepLabCut/Animatronics-Ryo-2024-12-17/training-datasets/iteration-0/UnaugmentedDataSet_AnimatronicsDec17) by extensions ['ros']
[0.307s] Level 1:colcon.colcon_core.package_identification:_identify(src/DeepLabCut/Animatronics-Ryo-2024-12-17/training-datasets/iteration-0/UnaugmentedDataSet_AnimatronicsDec17) by extension 'ros'
[0.307s] Level 1:colcon.colcon_core.package_identification:_identify(src/DeepLabCut/Animatronics-Ryo-2024-12-17/training-datasets/iteration-0/UnaugmentedDataSet_AnimatronicsDec17) by extensions ['cmake', 'python']
[0.307s] Level 1:colcon.colcon_core.package_identification:_identify(src/DeepLabCut/Animatronics-Ryo-2024-12-17/training-datasets/iteration-0/UnaugmentedDataSet_AnimatronicsDec17) by extension 'cmake'
[0.307s] Level 1:colcon.colcon_core.package_identification:_identify(src/DeepLabCut/Animatronics-Ryo-2024-12-17/training-datasets/iteration-0/UnaugmentedDataSet_AnimatronicsDec17) by extension 'python'
[0.307s] Level 1:colcon.colcon_core.package_identification:_identify(src/DeepLabCut/Animatronics-Ryo-2024-12-17/training-datasets/iteration-0/UnaugmentedDataSet_AnimatronicsDec17) by extensions ['python_setup_py']
[0.307s] Level 1:colcon.colcon_core.package_identification:_identify(src/DeepLabCut/Animatronics-Ryo-2024-12-17/training-datasets/iteration-0/UnaugmentedDataSet_AnimatronicsDec17) by extension 'python_setup_py'
[0.307s] Level 1:colcon.colcon_core.package_identification:_identify(src/DeepLabCut/Animatronics-Ryo-2024-12-17/videos) by extensions ['ignore', 'ignore_ament_install']
[0.307s] Level 1:colcon.colcon_core.package_identification:_identify(src/DeepLabCut/Animatronics-Ryo-2024-12-17/videos) by extension 'ignore'
[0.307s] Level 1:colcon.colcon_core.package_identification:_identify(src/DeepLabCut/Animatronics-Ryo-2024-12-17/videos) by extension 'ignore_ament_install'
[0.307s] Level 1:colcon.colcon_core.package_identification:_identify(src/DeepLabCut/Animatronics-Ryo-2024-12-17/videos) by extensions ['colcon_pkg']
[0.307s] Level 1:colcon.colcon_core.package_identification:_identify(src/DeepLabCut/Animatronics-Ryo-2024-12-17/videos) by extension 'colcon_pkg'
[0.308s] Level 1:colcon.colcon_core.package_identification:_identify(src/DeepLabCut/Animatronics-Ryo-2024-12-17/videos) by extensions ['colcon_meta']
[0.308s] Level 1:colcon.colcon_core.package_identification:_identify(src/DeepLabCut/Animatronics-Ryo-2024-12-17/videos) by extension 'colcon_meta'
[0.308s] Level 1:colcon.colcon_core.package_identification:_identify(src/DeepLabCut/Animatronics-Ryo-2024-12-17/videos) by extensions ['ros']
[0.308s] Level 1:colcon.colcon_core.package_identification:_identify(src/DeepLabCut/Animatronics-Ryo-2024-12-17/videos) by extension 'ros'
[0.308s] Level 1:colcon.colcon_core.package_identification:_identify(src/DeepLabCut/Animatronics-Ryo-2024-12-17/videos) by extensions ['cmake', 'python']
[0.308s] Level 1:colcon.colcon_core.package_identification:_identify(src/DeepLabCut/Animatronics-Ryo-2024-12-17/videos) by extension 'cmake'
[0.308s] Level 1:colcon.colcon_core.package_identification:_identify(src/DeepLabCut/Animatronics-Ryo-2024-12-17/videos) by extension 'python'
[0.308s] Level 1:colcon.colcon_core.package_identification:_identify(src/DeepLabCut/Animatronics-Ryo-2024-12-17/videos) by extensions ['python_setup_py']
[0.308s] Level 1:colcon.colcon_core.package_identification:_identify(src/DeepLabCut/Animatronics-Ryo-2024-12-17/videos) by extension 'python_setup_py'
[0.308s] Level 1:colcon.colcon_core.package_identification:_identify(src/DeepLabCut/Videos) by extensions ['ignore', 'ignore_ament_install']
[0.308s] Level 1:colcon.colcon_core.package_identification:_identify(src/DeepLabCut/Videos) by extension 'ignore'
[0.308s] Level 1:colcon.colcon_core.package_identification:_identify(src/DeepLabCut/Videos) by extension 'ignore_ament_install'
[0.308s] Level 1:colcon.colcon_core.package_identification:_identify(src/DeepLabCut/Videos) by extensions ['colcon_pkg']
[0.308s] Level 1:colcon.colcon_core.package_identification:_identify(src/DeepLabCut/Videos) by extension 'colcon_pkg'
[0.308s] Level 1:colcon.colcon_core.package_identification:_identify(src/DeepLabCut/Videos) by extensions ['colcon_meta']
[0.308s] Level 1:colcon.colcon_core.package_identification:_identify(src/DeepLabCut/Videos) by extension 'colcon_meta'
[0.308s] Level 1:colcon.colcon_core.package_identification:_identify(src/DeepLabCut/Videos) by extensions ['ros']
[0.308s] Level 1:colcon.colcon_core.package_identification:_identify(src/DeepLabCut/Videos) by extension 'ros'
[0.308s] Level 1:colcon.colcon_core.package_identification:_identify(src/DeepLabCut/Videos) by extensions ['cmake', 'python']
[0.308s] Level 1:colcon.colcon_core.package_identification:_identify(src/DeepLabCut/Videos) by extension 'cmake'
[0.308s] Level 1:colcon.colcon_core.package_identification:_identify(src/DeepLabCut/Videos) by extension 'python'
[0.309s] Level 1:colcon.colcon_core.package_identification:_identify(src/DeepLabCut/Videos) by extensions ['python_setup_py']
[0.309s] Level 1:colcon.colcon_core.package_identification:_identify(src/DeepLabCut/Videos) by extension 'python_setup_py'
[0.309s] Level 1:colcon.colcon_core.package_identification:_identify(src/DeepLabCut/__pycache__) by extensions ['ignore', 'ignore_ament_install']
[0.309s] Level 1:colcon.colcon_core.package_identification:_identify(src/DeepLabCut/__pycache__) by extension 'ignore'
[0.309s] Level 1:colcon.colcon_core.package_identification:_identify(src/DeepLabCut/__pycache__) by extension 'ignore_ament_install'
[0.309s] Level 1:colcon.colcon_core.package_identification:_identify(src/DeepLabCut/__pycache__) by extensions ['colcon_pkg']
[0.309s] Level 1:colcon.colcon_core.package_identification:_identify(src/DeepLabCut/__pycache__) by extension 'colcon_pkg'
[0.309s] Level 1:colcon.colcon_core.package_identification:_identify(src/DeepLabCut/__pycache__) by extensions ['colcon_meta']
[0.309s] Level 1:colcon.colcon_core.package_identification:_identify(src/DeepLabCut/__pycache__) by extension 'colcon_meta'
[0.309s] Level 1:colcon.colcon_core.package_identification:_identify(src/DeepLabCut/__pycache__) by extensions ['ros']
[0.309s] Level 1:colcon.colcon_core.package_identification:_identify(src/DeepLabCut/__pycache__) by extension 'ros'
[0.309s] Level 1:colcon.colcon_core.package_identification:_identify(src/DeepLabCut/__pycache__) by extensions ['cmake', 'python']
[0.309s] Level 1:colcon.colcon_core.package_identification:_identify(src/DeepLabCut/__pycache__) by extension 'cmake'
[0.309s] Level 1:colcon.colcon_core.package_identification:_identify(src/DeepLabCut/__pycache__) by extension 'python'
[0.309s] Level 1:colcon.colcon_core.package_identification:_identify(src/DeepLabCut/__pycache__) by extensions ['python_setup_py']
[0.309s] Level 1:colcon.colcon_core.package_identification:_identify(src/DeepLabCut/__pycache__) by extension 'python_setup_py'
[0.309s] Level 1:colcon.colcon_core.package_identification:_identify(src/DeepLabCut/animatronics-ryo-2024-12-18) by extensions ['ignore', 'ignore_ament_install']
[0.309s] Level 1:colcon.colcon_core.package_identification:_identify(src/DeepLabCut/animatronics-ryo-2024-12-18) by extension 'ignore'
[0.309s] Level 1:colcon.colcon_core.package_identification:_identify(src/DeepLabCut/animatronics-ryo-2024-12-18) by extension 'ignore_ament_install'
[0.310s] Level 1:colcon.colcon_core.package_identification:_identify(src/DeepLabCut/animatronics-ryo-2024-12-18) by extensions ['colcon_pkg']
[0.310s] Level 1:colcon.colcon_core.package_identification:_identify(src/DeepLabCut/animatronics-ryo-2024-12-18) by extension 'colcon_pkg'
[0.310s] Level 1:colcon.colcon_core.package_identification:_identify(src/DeepLabCut/animatronics-ryo-2024-12-18) by extensions ['colcon_meta']
[0.310s] Level 1:colcon.colcon_core.package_identification:_identify(src/DeepLabCut/animatronics-ryo-2024-12-18) by extension 'colcon_meta'
[0.310s] Level 1:colcon.colcon_core.package_identification:_identify(src/DeepLabCut/animatronics-ryo-2024-12-18) by extensions ['ros']
[0.310s] Level 1:colcon.colcon_core.package_identification:_identify(src/DeepLabCut/animatronics-ryo-2024-12-18) by extension 'ros'
[0.310s] Level 1:colcon.colcon_core.package_identification:_identify(src/DeepLabCut/animatronics-ryo-2024-12-18) by extensions ['cmake', 'python']
[0.310s] Level 1:colcon.colcon_core.package_identification:_identify(src/DeepLabCut/animatronics-ryo-2024-12-18) by extension 'cmake'
[0.310s] Level 1:colcon.colcon_core.package_identification:_identify(src/DeepLabCut/animatronics-ryo-2024-12-18) by extension 'python'
[0.310s] Level 1:colcon.colcon_core.package_identification:_identify(src/DeepLabCut/animatronics-ryo-2024-12-18) by extensions ['python_setup_py']
[0.310s] Level 1:colcon.colcon_core.package_identification:_identify(src/DeepLabCut/animatronics-ryo-2024-12-18) by extension 'python_setup_py'
[0.310s] Level 1:colcon.colcon_core.package_identification:_identify(src/DeepLabCut/animatronics-ryo-2024-12-18/dlc-models-pytorch) by extensions ['ignore', 'ignore_ament_install']
[0.310s] Level 1:colcon.colcon_core.package_identification:_identify(src/DeepLabCut/animatronics-ryo-2024-12-18/dlc-models-pytorch) by extension 'ignore'
[0.310s] Level 1:colcon.colcon_core.package_identification:_identify(src/DeepLabCut/animatronics-ryo-2024-12-18/dlc-models-pytorch) by extension 'ignore_ament_install'
[0.310s] Level 1:colcon.colcon_core.package_identification:_identify(src/DeepLabCut/animatronics-ryo-2024-12-18/dlc-models-pytorch) by extensions ['colcon_pkg']
[0.310s] Level 1:colcon.colcon_core.package_identification:_identify(src/DeepLabCut/animatronics-ryo-2024-12-18/dlc-models-pytorch) by extension 'colcon_pkg'
[0.310s] Level 1:colcon.colcon_core.package_identification:_identify(src/DeepLabCut/animatronics-ryo-2024-12-18/dlc-models-pytorch) by extensions ['colcon_meta']
[0.310s] Level 1:colcon.colcon_core.package_identification:_identify(src/DeepLabCut/animatronics-ryo-2024-12-18/dlc-models-pytorch) by extension 'colcon_meta'
[0.310s] Level 1:colcon.colcon_core.package_identification:_identify(src/DeepLabCut/animatronics-ryo-2024-12-18/dlc-models-pytorch) by extensions ['ros']
[0.310s] Level 1:colcon.colcon_core.package_identification:_identify(src/DeepLabCut/animatronics-ryo-2024-12-18/dlc-models-pytorch) by extension 'ros'
[0.310s] Level 1:colcon.colcon_core.package_identification:_identify(src/DeepLabCut/animatronics-ryo-2024-12-18/dlc-models-pytorch) by extensions ['cmake', 'python']
[0.310s] Level 1:colcon.colcon_core.package_identification:_identify(src/DeepLabCut/animatronics-ryo-2024-12-18/dlc-models-pytorch) by extension 'cmake'
[0.311s] Level 1:colcon.colcon_core.package_identification:_identify(src/DeepLabCut/animatronics-ryo-2024-12-18/dlc-models-pytorch) by extension 'python'
[0.311s] Level 1:colcon.colcon_core.package_identification:_identify(src/DeepLabCut/animatronics-ryo-2024-12-18/dlc-models-pytorch) by extensions ['python_setup_py']
[0.311s] Level 1:colcon.colcon_core.package_identification:_identify(src/DeepLabCut/animatronics-ryo-2024-12-18/dlc-models-pytorch) by extension 'python_setup_py'
[0.311s] Level 1:colcon.colcon_core.package_identification:_identify(src/DeepLabCut/animatronics-ryo-2024-12-18/dlc-models-pytorch/iteration-0) by extensions ['ignore', 'ignore_ament_install']
[0.311s] Level 1:colcon.colcon_core.package_identification:_identify(src/DeepLabCut/animatronics-ryo-2024-12-18/dlc-models-pytorch/iteration-0) by extension 'ignore'
[0.311s] Level 1:colcon.colcon_core.package_identification:_identify(src/DeepLabCut/animatronics-ryo-2024-12-18/dlc-models-pytorch/iteration-0) by extension 'ignore_ament_install'
[0.311s] Level 1:colcon.colcon_core.package_identification:_identify(src/DeepLabCut/animatronics-ryo-2024-12-18/dlc-models-pytorch/iteration-0) by extensions ['colcon_pkg']
[0.311s] Level 1:colcon.colcon_core.package_identification:_identify(src/DeepLabCut/animatronics-ryo-2024-12-18/dlc-models-pytorch/iteration-0) by extension 'colcon_pkg'
[0.311s] Level 1:colcon.colcon_core.package_identification:_identify(src/DeepLabCut/animatronics-ryo-2024-12-18/dlc-models-pytorch/iteration-0) by extensions ['colcon_meta']
[0.311s] Level 1:colcon.colcon_core.package_identification:_identify(src/DeepLabCut/animatronics-ryo-2024-12-18/dlc-models-pytorch/iteration-0) by extension 'colcon_meta'
[0.311s] Level 1:colcon.colcon_core.package_identification:_identify(src/DeepLabCut/animatronics-ryo-2024-12-18/dlc-models-pytorch/iteration-0) by extensions ['ros']
[0.311s] Level 1:colcon.colcon_core.package_identification:_identify(src/DeepLabCut/animatronics-ryo-2024-12-18/dlc-models-pytorch/iteration-0) by extension 'ros'
[0.311s] Level 1:colcon.colcon_core.package_identification:_identify(src/DeepLabCut/animatronics-ryo-2024-12-18/dlc-models-pytorch/iteration-0) by extensions ['cmake', 'python']
[0.311s] Level 1:colcon.colcon_core.package_identification:_identify(src/DeepLabCut/animatronics-ryo-2024-12-18/dlc-models-pytorch/iteration-0) by extension 'cmake'
[0.311s] Level 1:colcon.colcon_core.package_identification:_identify(src/DeepLabCut/animatronics-ryo-2024-12-18/dlc-models-pytorch/iteration-0) by extension 'python'
[0.311s] Level 1:colcon.colcon_core.package_identification:_identify(src/DeepLabCut/animatronics-ryo-2024-12-18/dlc-models-pytorch/iteration-0) by extensions ['python_setup_py']
[0.311s] Level 1:colcon.colcon_core.package_identification:_identify(src/DeepLabCut/animatronics-ryo-2024-12-18/dlc-models-pytorch/iteration-0) by extension 'python_setup_py'
[0.311s] Level 1:colcon.colcon_core.package_identification:_identify(src/DeepLabCut/animatronics-ryo-2024-12-18/dlc-models-pytorch/iteration-0/animatronicsDec18-trainset95shuffle1) by extensions ['ignore', 'ignore_ament_install']
[0.311s] Level 1:colcon.colcon_core.package_identification:_identify(src/DeepLabCut/animatronics-ryo-2024-12-18/dlc-models-pytorch/iteration-0/animatronicsDec18-trainset95shuffle1) by extension 'ignore'
[0.312s] Level 1:colcon.colcon_core.package_identification:_identify(src/DeepLabCut/animatronics-ryo-2024-12-18/dlc-models-pytorch/iteration-0/animatronicsDec18-trainset95shuffle1) by extension 'ignore_ament_install'
[0.312s] Level 1:colcon.colcon_core.package_identification:_identify(src/DeepLabCut/animatronics-ryo-2024-12-18/dlc-models-pytorch/iteration-0/animatronicsDec18-trainset95shuffle1) by extensions ['colcon_pkg']
[0.312s] Level 1:colcon.colcon_core.package_identification:_identify(src/DeepLabCut/animatronics-ryo-2024-12-18/dlc-models-pytorch/iteration-0/animatronicsDec18-trainset95shuffle1) by extension 'colcon_pkg'
[0.312s] Level 1:colcon.colcon_core.package_identification:_identify(src/DeepLabCut/animatronics-ryo-2024-12-18/dlc-models-pytorch/iteration-0/animatronicsDec18-trainset95shuffle1) by extensions ['colcon_meta']
[0.312s] Level 1:colcon.colcon_core.package_identification:_identify(src/DeepLabCut/animatronics-ryo-2024-12-18/dlc-models-pytorch/iteration-0/animatronicsDec18-trainset95shuffle1) by extension 'colcon_meta'
[0.312s] Level 1:colcon.colcon_core.package_identification:_identify(src/DeepLabCut/animatronics-ryo-2024-12-18/dlc-models-pytorch/iteration-0/animatronicsDec18-trainset95shuffle1) by extensions ['ros']
[0.312s] Level 1:colcon.colcon_core.package_identification:_identify(src/DeepLabCut/animatronics-ryo-2024-12-18/dlc-models-pytorch/iteration-0/animatronicsDec18-trainset95shuffle1) by extension 'ros'
[0.312s] Level 1:colcon.colcon_core.package_identification:_identify(src/DeepLabCut/animatronics-ryo-2024-12-18/dlc-models-pytorch/iteration-0/animatronicsDec18-trainset95shuffle1) by extensions ['cmake', 'python']
[0.312s] Level 1:colcon.colcon_core.package_identification:_identify(src/DeepLabCut/animatronics-ryo-2024-12-18/dlc-models-pytorch/iteration-0/animatronicsDec18-trainset95shuffle1) by extension 'cmake'
[0.312s] Level 1:colcon.colcon_core.package_identification:_identify(src/DeepLabCut/animatronics-ryo-2024-12-18/dlc-models-pytorch/iteration-0/animatronicsDec18-trainset95shuffle1) by extension 'python'
[0.312s] Level 1:colcon.colcon_core.package_identification:_identify(src/DeepLabCut/animatronics-ryo-2024-12-18/dlc-models-pytorch/iteration-0/animatronicsDec18-trainset95shuffle1) by extensions ['python_setup_py']
[0.312s] Level 1:colcon.colcon_core.package_identification:_identify(src/DeepLabCut/animatronics-ryo-2024-12-18/dlc-models-pytorch/iteration-0/animatronicsDec18-trainset95shuffle1) by extension 'python_setup_py'
[0.312s] Level 1:colcon.colcon_core.package_identification:_identify(src/DeepLabCut/animatronics-ryo-2024-12-18/dlc-models-pytorch/iteration-0/animatronicsDec18-trainset95shuffle1/test) by extensions ['ignore', 'ignore_ament_install']
[0.312s] Level 1:colcon.colcon_core.package_identification:_identify(src/DeepLabCut/animatronics-ryo-2024-12-18/dlc-models-pytorch/iteration-0/animatronicsDec18-trainset95shuffle1/test) by extension 'ignore'
[0.312s] Level 1:colcon.colcon_core.package_identification:_identify(src/DeepLabCut/animatronics-ryo-2024-12-18/dlc-models-pytorch/iteration-0/animatronicsDec18-trainset95shuffle1/test) by extension 'ignore_ament_install'
[0.312s] Level 1:colcon.colcon_core.package_identification:_identify(src/DeepLabCut/animatronics-ryo-2024-12-18/dlc-models-pytorch/iteration-0/animatronicsDec18-trainset95shuffle1/test) by extensions ['colcon_pkg']
[0.312s] Level 1:colcon.colcon_core.package_identification:_identify(src/DeepLabCut/animatronics-ryo-2024-12-18/dlc-models-pytorch/iteration-0/animatronicsDec18-trainset95shuffle1/test) by extension 'colcon_pkg'
[0.312s] Level 1:colcon.colcon_core.package_identification:_identify(src/DeepLabCut/animatronics-ryo-2024-12-18/dlc-models-pytorch/iteration-0/animatronicsDec18-trainset95shuffle1/test) by extensions ['colcon_meta']
[0.312s] Level 1:colcon.colcon_core.package_identification:_identify(src/DeepLabCut/animatronics-ryo-2024-12-18/dlc-models-pytorch/iteration-0/animatronicsDec18-trainset95shuffle1/test) by extension 'colcon_meta'
[0.313s] Level 1:colcon.colcon_core.package_identification:_identify(src/DeepLabCut/animatronics-ryo-2024-12-18/dlc-models-pytorch/iteration-0/animatronicsDec18-trainset95shuffle1/test) by extensions ['ros']
[0.313s] Level 1:colcon.colcon_core.package_identification:_identify(src/DeepLabCut/animatronics-ryo-2024-12-18/dlc-models-pytorch/iteration-0/animatronicsDec18-trainset95shuffle1/test) by extension 'ros'
[0.313s] Level 1:colcon.colcon_core.package_identification:_identify(src/DeepLabCut/animatronics-ryo-2024-12-18/dlc-models-pytorch/iteration-0/animatronicsDec18-trainset95shuffle1/test) by extensions ['cmake', 'python']
[0.313s] Level 1:colcon.colcon_core.package_identification:_identify(src/DeepLabCut/animatronics-ryo-2024-12-18/dlc-models-pytorch/iteration-0/animatronicsDec18-trainset95shuffle1/test) by extension 'cmake'
[0.313s] Level 1:colcon.colcon_core.package_identification:_identify(src/DeepLabCut/animatronics-ryo-2024-12-18/dlc-models-pytorch/iteration-0/animatronicsDec18-trainset95shuffle1/test) by extension 'python'
[0.313s] Level 1:colcon.colcon_core.package_identification:_identify(src/DeepLabCut/animatronics-ryo-2024-12-18/dlc-models-pytorch/iteration-0/animatronicsDec18-trainset95shuffle1/test) by extensions ['python_setup_py']
[0.313s] Level 1:colcon.colcon_core.package_identification:_identify(src/DeepLabCut/animatronics-ryo-2024-12-18/dlc-models-pytorch/iteration-0/animatronicsDec18-trainset95shuffle1/test) by extension 'python_setup_py'
[0.313s] Level 1:colcon.colcon_core.package_identification:_identify(src/DeepLabCut/animatronics-ryo-2024-12-18/dlc-models-pytorch/iteration-0/animatronicsDec18-trainset95shuffle1/train) by extensions ['ignore', 'ignore_ament_install']
[0.313s] Level 1:colcon.colcon_core.package_identification:_identify(src/DeepLabCut/animatronics-ryo-2024-12-18/dlc-models-pytorch/iteration-0/animatronicsDec18-trainset95shuffle1/train) by extension 'ignore'
[0.313s] Level 1:colcon.colcon_core.package_identification:_identify(src/DeepLabCut/animatronics-ryo-2024-12-18/dlc-models-pytorch/iteration-0/animatronicsDec18-trainset95shuffle1/train) by extension 'ignore_ament_install'
[0.313s] Level 1:colcon.colcon_core.package_identification:_identify(src/DeepLabCut/animatronics-ryo-2024-12-18/dlc-models-pytorch/iteration-0/animatronicsDec18-trainset95shuffle1/train) by extensions ['colcon_pkg']
[0.313s] Level 1:colcon.colcon_core.package_identification:_identify(src/DeepLabCut/animatronics-ryo-2024-12-18/dlc-models-pytorch/iteration-0/animatronicsDec18-trainset95shuffle1/train) by extension 'colcon_pkg'
[0.313s] Level 1:colcon.colcon_core.package_identification:_identify(src/DeepLabCut/animatronics-ryo-2024-12-18/dlc-models-pytorch/iteration-0/animatronicsDec18-trainset95shuffle1/train) by extensions ['colcon_meta']
[0.313s] Level 1:colcon.colcon_core.package_identification:_identify(src/DeepLabCut/animatronics-ryo-2024-12-18/dlc-models-pytorch/iteration-0/animatronicsDec18-trainset95shuffle1/train) by extension 'colcon_meta'
[0.313s] Level 1:colcon.colcon_core.package_identification:_identify(src/DeepLabCut/animatronics-ryo-2024-12-18/dlc-models-pytorch/iteration-0/animatronicsDec18-trainset95shuffle1/train) by extensions ['ros']
[0.313s] Level 1:colcon.colcon_core.package_identification:_identify(src/DeepLabCut/animatronics-ryo-2024-12-18/dlc-models-pytorch/iteration-0/animatronicsDec18-trainset95shuffle1/train) by extension 'ros'
[0.313s] Level 1:colcon.colcon_core.package_identification:_identify(src/DeepLabCut/animatronics-ryo-2024-12-18/dlc-models-pytorch/iteration-0/animatronicsDec18-trainset95shuffle1/train) by extensions ['cmake', 'python']
[0.313s] Level 1:colcon.colcon_core.package_identification:_identify(src/DeepLabCut/animatronics-ryo-2024-12-18/dlc-models-pytorch/iteration-0/animatronicsDec18-trainset95shuffle1/train) by extension 'cmake'
[0.313s] Level 1:colcon.colcon_core.package_identification:_identify(src/DeepLabCut/animatronics-ryo-2024-12-18/dlc-models-pytorch/iteration-0/animatronicsDec18-trainset95shuffle1/train) by extension 'python'
[0.314s] Level 1:colcon.colcon_core.package_identification:_identify(src/DeepLabCut/animatronics-ryo-2024-12-18/dlc-models-pytorch/iteration-0/animatronicsDec18-trainset95shuffle1/train) by extensions ['python_setup_py']
[0.314s] Level 1:colcon.colcon_core.package_identification:_identify(src/DeepLabCut/animatronics-ryo-2024-12-18/dlc-models-pytorch/iteration-0/animatronicsDec18-trainset95shuffle1/train) by extension 'python_setup_py'
[0.314s] Level 1:colcon.colcon_core.package_identification:_identify(src/DeepLabCut/animatronics-ryo-2024-12-18/evaluation-results-pytorch) by extensions ['ignore', 'ignore_ament_install']
[0.314s] Level 1:colcon.colcon_core.package_identification:_identify(src/DeepLabCut/animatronics-ryo-2024-12-18/evaluation-results-pytorch) by extension 'ignore'
[0.314s] Level 1:colcon.colcon_core.package_identification:_identify(src/DeepLabCut/animatronics-ryo-2024-12-18/evaluation-results-pytorch) by extension 'ignore_ament_install'
[0.314s] Level 1:colcon.colcon_core.package_identification:_identify(src/DeepLabCut/animatronics-ryo-2024-12-18/evaluation-results-pytorch) by extensions ['colcon_pkg']
[0.314s] Level 1:colcon.colcon_core.package_identification:_identify(src/DeepLabCut/animatronics-ryo-2024-12-18/evaluation-results-pytorch) by extension 'colcon_pkg'
[0.314s] Level 1:colcon.colcon_core.package_identification:_identify(src/DeepLabCut/animatronics-ryo-2024-12-18/evaluation-results-pytorch) by extensions ['colcon_meta']
[0.314s] Level 1:colcon.colcon_core.package_identification:_identify(src/DeepLabCut/animatronics-ryo-2024-12-18/evaluation-results-pytorch) by extension 'colcon_meta'
[0.314s] Level 1:colcon.colcon_core.package_identification:_identify(src/DeepLabCut/animatronics-ryo-2024-12-18/evaluation-results-pytorch) by extensions ['ros']
[0.314s] Level 1:colcon.colcon_core.package_identification:_identify(src/DeepLabCut/animatronics-ryo-2024-12-18/evaluation-results-pytorch) by extension 'ros'
[0.314s] Level 1:colcon.colcon_core.package_identification:_identify(src/DeepLabCut/animatronics-ryo-2024-12-18/evaluation-results-pytorch) by extensions ['cmake', 'python']
[0.314s] Level 1:colcon.colcon_core.package_identification:_identify(src/DeepLabCut/animatronics-ryo-2024-12-18/evaluation-results-pytorch) by extension 'cmake'
[0.314s] Level 1:colcon.colcon_core.package_identification:_identify(src/DeepLabCut/animatronics-ryo-2024-12-18/evaluation-results-pytorch) by extension 'python'
[0.314s] Level 1:colcon.colcon_core.package_identification:_identify(src/DeepLabCut/animatronics-ryo-2024-12-18/evaluation-results-pytorch) by extensions ['python_setup_py']
[0.314s] Level 1:colcon.colcon_core.package_identification:_identify(src/DeepLabCut/animatronics-ryo-2024-12-18/evaluation-results-pytorch) by extension 'python_setup_py'
[0.314s] Level 1:colcon.colcon_core.package_identification:_identify(src/DeepLabCut/animatronics-ryo-2024-12-18/evaluation-results-pytorch/iteration-0) by extensions ['ignore', 'ignore_ament_install']
[0.314s] Level 1:colcon.colcon_core.package_identification:_identify(src/DeepLabCut/animatronics-ryo-2024-12-18/evaluation-results-pytorch/iteration-0) by extension 'ignore'
[0.314s] Level 1:colcon.colcon_core.package_identification:_identify(src/DeepLabCut/animatronics-ryo-2024-12-18/evaluation-results-pytorch/iteration-0) by extension 'ignore_ament_install'
[0.315s] Level 1:colcon.colcon_core.package_identification:_identify(src/DeepLabCut/animatronics-ryo-2024-12-18/evaluation-results-pytorch/iteration-0) by extensions ['colcon_pkg']
[0.315s] Level 1:colcon.colcon_core.package_identification:_identify(src/DeepLabCut/animatronics-ryo-2024-12-18/evaluation-results-pytorch/iteration-0) by extension 'colcon_pkg'
[0.315s] Level 1:colcon.colcon_core.package_identification:_identify(src/DeepLabCut/animatronics-ryo-2024-12-18/evaluation-results-pytorch/iteration-0) by extensions ['colcon_meta']
[0.315s] Level 1:colcon.colcon_core.package_identification:_identify(src/DeepLabCut/animatronics-ryo-2024-12-18/evaluation-results-pytorch/iteration-0) by extension 'colcon_meta'
[0.315s] Level 1:colcon.colcon_core.package_identification:_identify(src/DeepLabCut/animatronics-ryo-2024-12-18/evaluation-results-pytorch/iteration-0) by extensions ['ros']
[0.315s] Level 1:colcon.colcon_core.package_identification:_identify(src/DeepLabCut/animatronics-ryo-2024-12-18/evaluation-results-pytorch/iteration-0) by extension 'ros'
[0.315s] Level 1:colcon.colcon_core.package_identification:_identify(src/DeepLabCut/animatronics-ryo-2024-12-18/evaluation-results-pytorch/iteration-0) by extensions ['cmake', 'python']
[0.315s] Level 1:colcon.colcon_core.package_identification:_identify(src/DeepLabCut/animatronics-ryo-2024-12-18/evaluation-results-pytorch/iteration-0) by extension 'cmake'
[0.315s] Level 1:colcon.colcon_core.package_identification:_identify(src/DeepLabCut/animatronics-ryo-2024-12-18/evaluation-results-pytorch/iteration-0) by extension 'python'
[0.315s] Level 1:colcon.colcon_core.package_identification:_identify(src/DeepLabCut/animatronics-ryo-2024-12-18/evaluation-results-pytorch/iteration-0) by extensions ['python_setup_py']
[0.315s] Level 1:colcon.colcon_core.package_identification:_identify(src/DeepLabCut/animatronics-ryo-2024-12-18/evaluation-results-pytorch/iteration-0) by extension 'python_setup_py'
[0.315s] Level 1:colcon.colcon_core.package_identification:_identify(src/DeepLabCut/animatronics-ryo-2024-12-18/evaluation-results-pytorch/iteration-0/animatronicsDec18-trainset95shuffle1) by extensions ['ignore', 'ignore_ament_install']
[0.315s] Level 1:colcon.colcon_core.package_identification:_identify(src/DeepLabCut/animatronics-ryo-2024-12-18/evaluation-results-pytorch/iteration-0/animatronicsDec18-trainset95shuffle1) by extension 'ignore'
[0.315s] Level 1:colcon.colcon_core.package_identification:_identify(src/DeepLabCut/animatronics-ryo-2024-12-18/evaluation-results-pytorch/iteration-0/animatronicsDec18-trainset95shuffle1) by extension 'ignore_ament_install'
[0.315s] Level 1:colcon.colcon_core.package_identification:_identify(src/DeepLabCut/animatronics-ryo-2024-12-18/evaluation-results-pytorch/iteration-0/animatronicsDec18-trainset95shuffle1) by extensions ['colcon_pkg']
[0.315s] Level 1:colcon.colcon_core.package_identification:_identify(src/DeepLabCut/animatronics-ryo-2024-12-18/evaluation-results-pytorch/iteration-0/animatronicsDec18-trainset95shuffle1) by extension 'colcon_pkg'
[0.315s] Level 1:colcon.colcon_core.package_identification:_identify(src/DeepLabCut/animatronics-ryo-2024-12-18/evaluation-results-pytorch/iteration-0/animatronicsDec18-trainset95shuffle1) by extensions ['colcon_meta']
[0.315s] Level 1:colcon.colcon_core.package_identification:_identify(src/DeepLabCut/animatronics-ryo-2024-12-18/evaluation-results-pytorch/iteration-0/animatronicsDec18-trainset95shuffle1) by extension 'colcon_meta'
[0.315s] Level 1:colcon.colcon_core.package_identification:_identify(src/DeepLabCut/animatronics-ryo-2024-12-18/evaluation-results-pytorch/iteration-0/animatronicsDec18-trainset95shuffle1) by extensions ['ros']
[0.315s] Level 1:colcon.colcon_core.package_identification:_identify(src/DeepLabCut/animatronics-ryo-2024-12-18/evaluation-results-pytorch/iteration-0/animatronicsDec18-trainset95shuffle1) by extension 'ros'
[0.316s] Level 1:colcon.colcon_core.package_identification:_identify(src/DeepLabCut/animatronics-ryo-2024-12-18/evaluation-results-pytorch/iteration-0/animatronicsDec18-trainset95shuffle1) by extensions ['cmake', 'python']
[0.316s] Level 1:colcon.colcon_core.package_identification:_identify(src/DeepLabCut/animatronics-ryo-2024-12-18/evaluation-results-pytorch/iteration-0/animatronicsDec18-trainset95shuffle1) by extension 'cmake'
[0.316s] Level 1:colcon.colcon_core.package_identification:_identify(src/DeepLabCut/animatronics-ryo-2024-12-18/evaluation-results-pytorch/iteration-0/animatronicsDec18-trainset95shuffle1) by extension 'python'
[0.316s] Level 1:colcon.colcon_core.package_identification:_identify(src/DeepLabCut/animatronics-ryo-2024-12-18/evaluation-results-pytorch/iteration-0/animatronicsDec18-trainset95shuffle1) by extensions ['python_setup_py']
[0.316s] Level 1:colcon.colcon_core.package_identification:_identify(src/DeepLabCut/animatronics-ryo-2024-12-18/evaluation-results-pytorch/iteration-0/animatronicsDec18-trainset95shuffle1) by extension 'python_setup_py'
[0.316s] Level 1:colcon.colcon_core.package_identification:_identify(src/DeepLabCut/animatronics-ryo-2024-12-18/labeled-data) by extensions ['ignore', 'ignore_ament_install']
[0.316s] Level 1:colcon.colcon_core.package_identification:_identify(src/DeepLabCut/animatronics-ryo-2024-12-18/labeled-data) by extension 'ignore'
[0.316s] Level 1:colcon.colcon_core.package_identification:_identify(src/DeepLabCut/animatronics-ryo-2024-12-18/labeled-data) by extension 'ignore_ament_install'
[0.316s] Level 1:colcon.colcon_core.package_identification:_identify(src/DeepLabCut/animatronics-ryo-2024-12-18/labeled-data) by extensions ['colcon_pkg']
[0.316s] Level 1:colcon.colcon_core.package_identification:_identify(src/DeepLabCut/animatronics-ryo-2024-12-18/labeled-data) by extension 'colcon_pkg'
[0.316s] Level 1:colcon.colcon_core.package_identification:_identify(src/DeepLabCut/animatronics-ryo-2024-12-18/labeled-data) by extensions ['colcon_meta']
[0.316s] Level 1:colcon.colcon_core.package_identification:_identify(src/DeepLabCut/animatronics-ryo-2024-12-18/labeled-data) by extension 'colcon_meta'
[0.316s] Level 1:colcon.colcon_core.package_identification:_identify(src/DeepLabCut/animatronics-ryo-2024-12-18/labeled-data) by extensions ['ros']
[0.316s] Level 1:colcon.colcon_core.package_identification:_identify(src/DeepLabCut/animatronics-ryo-2024-12-18/labeled-data) by extension 'ros'
[0.316s] Level 1:colcon.colcon_core.package_identification:_identify(src/DeepLabCut/animatronics-ryo-2024-12-18/labeled-data) by extensions ['cmake', 'python']
[0.316s] Level 1:colcon.colcon_core.package_identification:_identify(src/DeepLabCut/animatronics-ryo-2024-12-18/labeled-data) by extension 'cmake'
[0.316s] Level 1:colcon.colcon_core.package_identification:_identify(src/DeepLabCut/animatronics-ryo-2024-12-18/labeled-data) by extension 'python'
[0.316s] Level 1:colcon.colcon_core.package_identification:_identify(src/DeepLabCut/animatronics-ryo-2024-12-18/labeled-data) by extensions ['python_setup_py']
[0.316s] Level 1:colcon.colcon_core.package_identification:_identify(src/DeepLabCut/animatronics-ryo-2024-12-18/labeled-data) by extension 'python_setup_py'
[0.317s] Level 1:colcon.colcon_core.package_identification:_identify(src/DeepLabCut/animatronics-ryo-2024-12-18/labeled-data/4B0CCEC3-B219-4C7F-A07C-F0ACDF82976E Copy) by extensions ['ignore', 'ignore_ament_install']
[0.317s] Level 1:colcon.colcon_core.package_identification:_identify(src/DeepLabCut/animatronics-ryo-2024-12-18/labeled-data/4B0CCEC3-B219-4C7F-A07C-F0ACDF82976E Copy) by extension 'ignore'
[0.317s] Level 1:colcon.colcon_core.package_identification:_identify(src/DeepLabCut/animatronics-ryo-2024-12-18/labeled-data/4B0CCEC3-B219-4C7F-A07C-F0ACDF82976E Copy) by extension 'ignore_ament_install'
[0.317s] Level 1:colcon.colcon_core.package_identification:_identify(src/DeepLabCut/animatronics-ryo-2024-12-18/labeled-data/4B0CCEC3-B219-4C7F-A07C-F0ACDF82976E Copy) by extensions ['colcon_pkg']
[0.317s] Level 1:colcon.colcon_core.package_identification:_identify(src/DeepLabCut/animatronics-ryo-2024-12-18/labeled-data/4B0CCEC3-B219-4C7F-A07C-F0ACDF82976E Copy) by extension 'colcon_pkg'
[0.317s] Level 1:colcon.colcon_core.package_identification:_identify(src/DeepLabCut/animatronics-ryo-2024-12-18/labeled-data/4B0CCEC3-B219-4C7F-A07C-F0ACDF82976E Copy) by extensions ['colcon_meta']
[0.317s] Level 1:colcon.colcon_core.package_identification:_identify(src/DeepLabCut/animatronics-ryo-2024-12-18/labeled-data/4B0CCEC3-B219-4C7F-A07C-F0ACDF82976E Copy) by extension 'colcon_meta'
[0.317s] Level 1:colcon.colcon_core.package_identification:_identify(src/DeepLabCut/animatronics-ryo-2024-12-18/labeled-data/4B0CCEC3-B219-4C7F-A07C-F0ACDF82976E Copy) by extensions ['ros']
[0.317s] Level 1:colcon.colcon_core.package_identification:_identify(src/DeepLabCut/animatronics-ryo-2024-12-18/labeled-data/4B0CCEC3-B219-4C7F-A07C-F0ACDF82976E Copy) by extension 'ros'
[0.317s] Level 1:colcon.colcon_core.package_identification:_identify(src/DeepLabCut/animatronics-ryo-2024-12-18/labeled-data/4B0CCEC3-B219-4C7F-A07C-F0ACDF82976E Copy) by extensions ['cmake', 'python']
[0.317s] Level 1:colcon.colcon_core.package_identification:_identify(src/DeepLabCut/animatronics-ryo-2024-12-18/labeled-data/4B0CCEC3-B219-4C7F-A07C-F0ACDF82976E Copy) by extension 'cmake'
[0.317s] Level 1:colcon.colcon_core.package_identification:_identify(src/DeepLabCut/animatronics-ryo-2024-12-18/labeled-data/4B0CCEC3-B219-4C7F-A07C-F0ACDF82976E Copy) by extension 'python'
[0.317s] Level 1:colcon.colcon_core.package_identification:_identify(src/DeepLabCut/animatronics-ryo-2024-12-18/labeled-data/4B0CCEC3-B219-4C7F-A07C-F0ACDF82976E Copy) by extensions ['python_setup_py']
[0.317s] Level 1:colcon.colcon_core.package_identification:_identify(src/DeepLabCut/animatronics-ryo-2024-12-18/labeled-data/4B0CCEC3-B219-4C7F-A07C-F0ACDF82976E Copy) by extension 'python_setup_py'
[0.317s] Level 1:colcon.colcon_core.package_identification:_identify(src/DeepLabCut/animatronics-ryo-2024-12-18/labeled-data/4B0CCEC3-B219-4C7F-A07C-F0ACDF82976E Copy_labeled) by extensions ['ignore', 'ignore_ament_install']
[0.317s] Level 1:colcon.colcon_core.package_identification:_identify(src/DeepLabCut/animatronics-ryo-2024-12-18/labeled-data/4B0CCEC3-B219-4C7F-A07C-F0ACDF82976E Copy_labeled) by extension 'ignore'
[0.317s] Level 1:colcon.colcon_core.package_identification:_identify(src/DeepLabCut/animatronics-ryo-2024-12-18/labeled-data/4B0CCEC3-B219-4C7F-A07C-F0ACDF82976E Copy_labeled) by extension 'ignore_ament_install'
[0.318s] Level 1:colcon.colcon_core.package_identification:_identify(src/DeepLabCut/animatronics-ryo-2024-12-18/labeled-data/4B0CCEC3-B219-4C7F-A07C-F0ACDF82976E Copy_labeled) by extensions ['colcon_pkg']
[0.318s] Level 1:colcon.colcon_core.package_identification:_identify(src/DeepLabCut/animatronics-ryo-2024-12-18/labeled-data/4B0CCEC3-B219-4C7F-A07C-F0ACDF82976E Copy_labeled) by extension 'colcon_pkg'
[0.318s] Level 1:colcon.colcon_core.package_identification:_identify(src/DeepLabCut/animatronics-ryo-2024-12-18/labeled-data/4B0CCEC3-B219-4C7F-A07C-F0ACDF82976E Copy_labeled) by extensions ['colcon_meta']
[0.318s] Level 1:colcon.colcon_core.package_identification:_identify(src/DeepLabCut/animatronics-ryo-2024-12-18/labeled-data/4B0CCEC3-B219-4C7F-A07C-F0ACDF82976E Copy_labeled) by extension 'colcon_meta'
[0.318s] Level 1:colcon.colcon_core.package_identification:_identify(src/DeepLabCut/animatronics-ryo-2024-12-18/labeled-data/4B0CCEC3-B219-4C7F-A07C-F0ACDF82976E Copy_labeled) by extensions ['ros']
[0.318s] Level 1:colcon.colcon_core.package_identification:_identify(src/DeepLabCut/animatronics-ryo-2024-12-18/labeled-data/4B0CCEC3-B219-4C7F-A07C-F0ACDF82976E Copy_labeled) by extension 'ros'
[0.318s] Level 1:colcon.colcon_core.package_identification:_identify(src/DeepLabCut/animatronics-ryo-2024-12-18/labeled-data/4B0CCEC3-B219-4C7F-A07C-F0ACDF82976E Copy_labeled) by extensions ['cmake', 'python']
[0.318s] Level 1:colcon.colcon_core.package_identification:_identify(src/DeepLabCut/animatronics-ryo-2024-12-18/labeled-data/4B0CCEC3-B219-4C7F-A07C-F0ACDF82976E Copy_labeled) by extension 'cmake'
[0.318s] Level 1:colcon.colcon_core.package_identification:_identify(src/DeepLabCut/animatronics-ryo-2024-12-18/labeled-data/4B0CCEC3-B219-4C7F-A07C-F0ACDF82976E Copy_labeled) by extension 'python'
[0.318s] Level 1:colcon.colcon_core.package_identification:_identify(src/DeepLabCut/animatronics-ryo-2024-12-18/labeled-data/4B0CCEC3-B219-4C7F-A07C-F0ACDF82976E Copy_labeled) by extensions ['python_setup_py']
[0.318s] Level 1:colcon.colcon_core.package_identification:_identify(src/DeepLabCut/animatronics-ryo-2024-12-18/labeled-data/4B0CCEC3-B219-4C7F-A07C-F0ACDF82976E Copy_labeled) by extension 'python_setup_py'
[0.318s] Level 1:colcon.colcon_core.package_identification:_identify(src/DeepLabCut/animatronics-ryo-2024-12-18/labeled-data/Raptor1) by extensions ['ignore', 'ignore_ament_install']
[0.318s] Level 1:colcon.colcon_core.package_identification:_identify(src/DeepLabCut/animatronics-ryo-2024-12-18/labeled-data/Raptor1) by extension 'ignore'
[0.318s] Level 1:colcon.colcon_core.package_identification:_identify(src/DeepLabCut/animatronics-ryo-2024-12-18/labeled-data/Raptor1) by extension 'ignore_ament_install'
[0.318s] Level 1:colcon.colcon_core.package_identification:_identify(src/DeepLabCut/animatronics-ryo-2024-12-18/labeled-data/Raptor1) by extensions ['colcon_pkg']
[0.318s] Level 1:colcon.colcon_core.package_identification:_identify(src/DeepLabCut/animatronics-ryo-2024-12-18/labeled-data/Raptor1) by extension 'colcon_pkg'
[0.318s] Level 1:colcon.colcon_core.package_identification:_identify(src/DeepLabCut/animatronics-ryo-2024-12-18/labeled-data/Raptor1) by extensions ['colcon_meta']
[0.318s] Level 1:colcon.colcon_core.package_identification:_identify(src/DeepLabCut/animatronics-ryo-2024-12-18/labeled-data/Raptor1) by extension 'colcon_meta'
[0.318s] Level 1:colcon.colcon_core.package_identification:_identify(src/DeepLabCut/animatronics-ryo-2024-12-18/labeled-data/Raptor1) by extensions ['ros']
[0.318s] Level 1:colcon.colcon_core.package_identification:_identify(src/DeepLabCut/animatronics-ryo-2024-12-18/labeled-data/Raptor1) by extension 'ros'
[0.318s] Level 1:colcon.colcon_core.package_identification:_identify(src/DeepLabCut/animatronics-ryo-2024-12-18/labeled-data/Raptor1) by extensions ['cmake', 'python']
[0.319s] Level 1:colcon.colcon_core.package_identification:_identify(src/DeepLabCut/animatronics-ryo-2024-12-18/labeled-data/Raptor1) by extension 'cmake'
[0.319s] Level 1:colcon.colcon_core.package_identification:_identify(src/DeepLabCut/animatronics-ryo-2024-12-18/labeled-data/Raptor1) by extension 'python'
[0.319s] Level 1:colcon.colcon_core.package_identification:_identify(src/DeepLabCut/animatronics-ryo-2024-12-18/labeled-data/Raptor1) by extensions ['python_setup_py']
[0.319s] Level 1:colcon.colcon_core.package_identification:_identify(src/DeepLabCut/animatronics-ryo-2024-12-18/labeled-data/Raptor1) by extension 'python_setup_py'
[0.319s] Level 1:colcon.colcon_core.package_identification:_identify(src/DeepLabCut/animatronics-ryo-2024-12-18/training-datasets) by extensions ['ignore', 'ignore_ament_install']
[0.319s] Level 1:colcon.colcon_core.package_identification:_identify(src/DeepLabCut/animatronics-ryo-2024-12-18/training-datasets) by extension 'ignore'
[0.319s] Level 1:colcon.colcon_core.package_identification:_identify(src/DeepLabCut/animatronics-ryo-2024-12-18/training-datasets) by extension 'ignore_ament_install'
[0.319s] Level 1:colcon.colcon_core.package_identification:_identify(src/DeepLabCut/animatronics-ryo-2024-12-18/training-datasets) by extensions ['colcon_pkg']
[0.319s] Level 1:colcon.colcon_core.package_identification:_identify(src/DeepLabCut/animatronics-ryo-2024-12-18/training-datasets) by extension 'colcon_pkg'
[0.319s] Level 1:colcon.colcon_core.package_identification:_identify(src/DeepLabCut/animatronics-ryo-2024-12-18/training-datasets) by extensions ['colcon_meta']
[0.319s] Level 1:colcon.colcon_core.package_identification:_identify(src/DeepLabCut/animatronics-ryo-2024-12-18/training-datasets) by extension 'colcon_meta'
[0.319s] Level 1:colcon.colcon_core.package_identification:_identify(src/DeepLabCut/animatronics-ryo-2024-12-18/training-datasets) by extensions ['ros']
[0.319s] Level 1:colcon.colcon_core.package_identification:_identify(src/DeepLabCut/animatronics-ryo-2024-12-18/training-datasets) by extension 'ros'
[0.319s] Level 1:colcon.colcon_core.package_identification:_identify(src/DeepLabCut/animatronics-ryo-2024-12-18/training-datasets) by extensions ['cmake', 'python']
[0.319s] Level 1:colcon.colcon_core.package_identification:_identify(src/DeepLabCut/animatronics-ryo-2024-12-18/training-datasets) by extension 'cmake'
[0.319s] Level 1:colcon.colcon_core.package_identification:_identify(src/DeepLabCut/animatronics-ryo-2024-12-18/training-datasets) by extension 'python'
[0.319s] Level 1:colcon.colcon_core.package_identification:_identify(src/DeepLabCut/animatronics-ryo-2024-12-18/training-datasets) by extensions ['python_setup_py']
[0.319s] Level 1:colcon.colcon_core.package_identification:_identify(src/DeepLabCut/animatronics-ryo-2024-12-18/training-datasets) by extension 'python_setup_py'
[0.319s] Level 1:colcon.colcon_core.package_identification:_identify(src/DeepLabCut/animatronics-ryo-2024-12-18/training-datasets/iteration-0) by extensions ['ignore', 'ignore_ament_install']
[0.320s] Level 1:colcon.colcon_core.package_identification:_identify(src/DeepLabCut/animatronics-ryo-2024-12-18/training-datasets/iteration-0) by extension 'ignore'
[0.320s] Level 1:colcon.colcon_core.package_identification:_identify(src/DeepLabCut/animatronics-ryo-2024-12-18/training-datasets/iteration-0) by extension 'ignore_ament_install'
[0.320s] Level 1:colcon.colcon_core.package_identification:_identify(src/DeepLabCut/animatronics-ryo-2024-12-18/training-datasets/iteration-0) by extensions ['colcon_pkg']
[0.320s] Level 1:colcon.colcon_core.package_identification:_identify(src/DeepLabCut/animatronics-ryo-2024-12-18/training-datasets/iteration-0) by extension 'colcon_pkg'
[0.320s] Level 1:colcon.colcon_core.package_identification:_identify(src/DeepLabCut/animatronics-ryo-2024-12-18/training-datasets/iteration-0) by extensions ['colcon_meta']
[0.320s] Level 1:colcon.colcon_core.package_identification:_identify(src/DeepLabCut/animatronics-ryo-2024-12-18/training-datasets/iteration-0) by extension 'colcon_meta'
[0.320s] Level 1:colcon.colcon_core.package_identification:_identify(src/DeepLabCut/animatronics-ryo-2024-12-18/training-datasets/iteration-0) by extensions ['ros']
[0.320s] Level 1:colcon.colcon_core.package_identification:_identify(src/DeepLabCut/animatronics-ryo-2024-12-18/training-datasets/iteration-0) by extension 'ros'
[0.320s] Level 1:colcon.colcon_core.package_identification:_identify(src/DeepLabCut/animatronics-ryo-2024-12-18/training-datasets/iteration-0) by extensions ['cmake', 'python']
[0.320s] Level 1:colcon.colcon_core.package_identification:_identify(src/DeepLabCut/animatronics-ryo-2024-12-18/training-datasets/iteration-0) by extension 'cmake'
[0.320s] Level 1:colcon.colcon_core.package_identification:_identify(src/DeepLabCut/animatronics-ryo-2024-12-18/training-datasets/iteration-0) by extension 'python'
[0.320s] Level 1:colcon.colcon_core.package_identification:_identify(src/DeepLabCut/animatronics-ryo-2024-12-18/training-datasets/iteration-0) by extensions ['python_setup_py']
[0.320s] Level 1:colcon.colcon_core.package_identification:_identify(src/DeepLabCut/animatronics-ryo-2024-12-18/training-datasets/iteration-0) by extension 'python_setup_py'
[0.320s] Level 1:colcon.colcon_core.package_identification:_identify(src/DeepLabCut/animatronics-ryo-2024-12-18/training-datasets/iteration-0/UnaugmentedDataSet_animatronicsDec18) by extensions ['ignore', 'ignore_ament_install']
[0.320s] Level 1:colcon.colcon_core.package_identification:_identify(src/DeepLabCut/animatronics-ryo-2024-12-18/training-datasets/iteration-0/UnaugmentedDataSet_animatronicsDec18) by extension 'ignore'
[0.320s] Level 1:colcon.colcon_core.package_identification:_identify(src/DeepLabCut/animatronics-ryo-2024-12-18/training-datasets/iteration-0/UnaugmentedDataSet_animatronicsDec18) by extension 'ignore_ament_install'
[0.320s] Level 1:colcon.colcon_core.package_identification:_identify(src/DeepLabCut/animatronics-ryo-2024-12-18/training-datasets/iteration-0/UnaugmentedDataSet_animatronicsDec18) by extensions ['colcon_pkg']
[0.320s] Level 1:colcon.colcon_core.package_identification:_identify(src/DeepLabCut/animatronics-ryo-2024-12-18/training-datasets/iteration-0/UnaugmentedDataSet_animatronicsDec18) by extension 'colcon_pkg'
[0.320s] Level 1:colcon.colcon_core.package_identification:_identify(src/DeepLabCut/animatronics-ryo-2024-12-18/training-datasets/iteration-0/UnaugmentedDataSet_animatronicsDec18) by extensions ['colcon_meta']
[0.320s] Level 1:colcon.colcon_core.package_identification:_identify(src/DeepLabCut/animatronics-ryo-2024-12-18/training-datasets/iteration-0/UnaugmentedDataSet_animatronicsDec18) by extension 'colcon_meta'
[0.321s] Level 1:colcon.colcon_core.package_identification:_identify(src/DeepLabCut/animatronics-ryo-2024-12-18/training-datasets/iteration-0/UnaugmentedDataSet_animatronicsDec18) by extensions ['ros']
[0.321s] Level 1:colcon.colcon_core.package_identification:_identify(src/DeepLabCut/animatronics-ryo-2024-12-18/training-datasets/iteration-0/UnaugmentedDataSet_animatronicsDec18) by extension 'ros'
[0.321s] Level 1:colcon.colcon_core.package_identification:_identify(src/DeepLabCut/animatronics-ryo-2024-12-18/training-datasets/iteration-0/UnaugmentedDataSet_animatronicsDec18) by extensions ['cmake', 'python']
[0.321s] Level 1:colcon.colcon_core.package_identification:_identify(src/DeepLabCut/animatronics-ryo-2024-12-18/training-datasets/iteration-0/UnaugmentedDataSet_animatronicsDec18) by extension 'cmake'
[0.321s] Level 1:colcon.colcon_core.package_identification:_identify(src/DeepLabCut/animatronics-ryo-2024-12-18/training-datasets/iteration-0/UnaugmentedDataSet_animatronicsDec18) by extension 'python'
[0.321s] Level 1:colcon.colcon_core.package_identification:_identify(src/DeepLabCut/animatronics-ryo-2024-12-18/training-datasets/iteration-0/UnaugmentedDataSet_animatronicsDec18) by extensions ['python_setup_py']
[0.321s] Level 1:colcon.colcon_core.package_identification:_identify(src/DeepLabCut/animatronics-ryo-2024-12-18/training-datasets/iteration-0/UnaugmentedDataSet_animatronicsDec18) by extension 'python_setup_py'
[0.321s] Level 1:colcon.colcon_core.package_identification:_identify(src/DeepLabCut/animatronics-ryo-2024-12-18/videos) by extensions ['ignore', 'ignore_ament_install']
[0.321s] Level 1:colcon.colcon_core.package_identification:_identify(src/DeepLabCut/animatronics-ryo-2024-12-18/videos) by extension 'ignore'
[0.321s] Level 1:colcon.colcon_core.package_identification:_identify(src/DeepLabCut/animatronics-ryo-2024-12-18/videos) by extension 'ignore_ament_install'
[0.321s] Level 1:colcon.colcon_core.package_identification:_identify(src/DeepLabCut/animatronics-ryo-2024-12-18/videos) by extensions ['colcon_pkg']
[0.321s] Level 1:colcon.colcon_core.package_identification:_identify(src/DeepLabCut/animatronics-ryo-2024-12-18/videos) by extension 'colcon_pkg'
[0.321s] Level 1:colcon.colcon_core.package_identification:_identify(src/DeepLabCut/animatronics-ryo-2024-12-18/videos) by extensions ['colcon_meta']
[0.321s] Level 1:colcon.colcon_core.package_identification:_identify(src/DeepLabCut/animatronics-ryo-2024-12-18/videos) by extension 'colcon_meta'
[0.321s] Level 1:colcon.colcon_core.package_identification:_identify(src/DeepLabCut/animatronics-ryo-2024-12-18/videos) by extensions ['ros']
[0.321s] Level 1:colcon.colcon_core.package_identification:_identify(src/DeepLabCut/animatronics-ryo-2024-12-18/videos) by extension 'ros'
[0.321s] Level 1:colcon.colcon_core.package_identification:_identify(src/DeepLabCut/animatronics-ryo-2024-12-18/videos) by extensions ['cmake', 'python']
[0.321s] Level 1:colcon.colcon_core.package_identification:_identify(src/DeepLabCut/animatronics-ryo-2024-12-18/videos) by extension 'cmake'
[0.321s] Level 1:colcon.colcon_core.package_identification:_identify(src/DeepLabCut/animatronics-ryo-2024-12-18/videos) by extension 'python'
[0.321s] Level 1:colcon.colcon_core.package_identification:_identify(src/DeepLabCut/animatronics-ryo-2024-12-18/videos) by extensions ['python_setup_py']
[0.321s] Level 1:colcon.colcon_core.package_identification:_identify(src/DeepLabCut/animatronics-ryo-2024-12-18/videos) by extension 'python_setup_py'
[0.322s] Level 1:colcon.colcon_core.package_identification:_identify(src/audio_player) by extensions ['ignore', 'ignore_ament_install']
[0.322s] Level 1:colcon.colcon_core.package_identification:_identify(src/audio_player) by extension 'ignore'
[0.322s] Level 1:colcon.colcon_core.package_identification:_identify(src/audio_player) by extension 'ignore_ament_install'
[0.322s] Level 1:colcon.colcon_core.package_identification:_identify(src/audio_player) by extensions ['colcon_pkg']
[0.322s] Level 1:colcon.colcon_core.package_identification:_identify(src/audio_player) by extension 'colcon_pkg'
[0.322s] Level 1:colcon.colcon_core.package_identification:_identify(src/audio_player) by extensions ['colcon_meta']
[0.322s] Level 1:colcon.colcon_core.package_identification:_identify(src/audio_player) by extension 'colcon_meta'
[0.322s] Level 1:colcon.colcon_core.package_identification:_identify(src/audio_player) by extensions ['ros']
[0.322s] Level 1:colcon.colcon_core.package_identification:_identify(src/audio_player) by extension 'ros'
[0.325s] DEBUG:colcon.colcon_core.package_identification:Package 'src/audio_player' with type 'ros.ament_python' and name 'audio_player'
[0.325s] Level 1:colcon.colcon_core.package_identification:_identify(src/build) by extensions ['ignore', 'ignore_ament_install']
[0.325s] Level 1:colcon.colcon_core.package_identification:_identify(src/build) by extension 'ignore'
[0.325s] Level 1:colcon.colcon_core.package_identification:_identify(src/build) ignored
[0.326s] Level 1:colcon.colcon_core.package_identification:_identify(src/controller_publisher) by extensions ['ignore', 'ignore_ament_install']
[0.326s] Level 1:colcon.colcon_core.package_identification:_identify(src/controller_publisher) by extension 'ignore'
[0.326s] Level 1:colcon.colcon_core.package_identification:_identify(src/controller_publisher) by extension 'ignore_ament_install'
[0.326s] Level 1:colcon.colcon_core.package_identification:_identify(src/controller_publisher) by extensions ['colcon_pkg']
[0.326s] Level 1:colcon.colcon_core.package_identification:_identify(src/controller_publisher) by extension 'colcon_pkg'
[0.326s] Level 1:colcon.colcon_core.package_identification:_identify(src/controller_publisher) by extensions ['colcon_meta']
[0.326s] Level 1:colcon.colcon_core.package_identification:_identify(src/controller_publisher) by extension 'colcon_meta'
[0.326s] Level 1:colcon.colcon_core.package_identification:_identify(src/controller_publisher) by extensions ['ros']
[0.326s] Level 1:colcon.colcon_core.package_identification:_identify(src/controller_publisher) by extension 'ros'
[0.327s] DEBUG:colcon.colcon_core.package_identification:Package 'src/controller_publisher' with type 'ros.ament_python' and name 'controller_publisher'
[0.327s] Level 1:colcon.colcon_core.package_identification:_identify(src/dynamixel_sdk) by extensions ['ignore', 'ignore_ament_install']
[0.327s] Level 1:colcon.colcon_core.package_identification:_identify(src/dynamixel_sdk) by extension 'ignore'
[0.327s] Level 1:colcon.colcon_core.package_identification:_identify(src/dynamixel_sdk) by extension 'ignore_ament_install'
[0.327s] Level 1:colcon.colcon_core.package_identification:_identify(src/dynamixel_sdk) by extensions ['colcon_pkg']
[0.327s] Level 1:colcon.colcon_core.package_identification:_identify(src/dynamixel_sdk) by extension 'colcon_pkg'
[0.327s] Level 1:colcon.colcon_core.package_identification:_identify(src/dynamixel_sdk) by extensions ['colcon_meta']
[0.327s] Level 1:colcon.colcon_core.package_identification:_identify(src/dynamixel_sdk) by extension 'colcon_meta'
[0.327s] Level 1:colcon.colcon_core.package_identification:_identify(src/dynamixel_sdk) by extensions ['ros']
[0.327s] Level 1:colcon.colcon_core.package_identification:_identify(src/dynamixel_sdk) by extension 'ros'
[0.328s] DEBUG:colcon.colcon_core.package_identification:Package 'src/dynamixel_sdk' with type 'ros.ament_cmake' and name 'dynamixel_sdk'
[0.328s] Level 1:colcon.colcon_core.package_identification:_identify(src/dynamixel_sdk_custom_interfaces) by extensions ['ignore', 'ignore_ament_install']
[0.328s] Level 1:colcon.colcon_core.package_identification:_identify(src/dynamixel_sdk_custom_interfaces) by extension 'ignore'
[0.328s] Level 1:colcon.colcon_core.package_identification:_identify(src/dynamixel_sdk_custom_interfaces) by extension 'ignore_ament_install'
[0.328s] Level 1:colcon.colcon_core.package_identification:_identify(src/dynamixel_sdk_custom_interfaces) by extensions ['colcon_pkg']
[0.328s] Level 1:colcon.colcon_core.package_identification:_identify(src/dynamixel_sdk_custom_interfaces) by extension 'colcon_pkg'
[0.328s] Level 1:colcon.colcon_core.package_identification:_identify(src/dynamixel_sdk_custom_interfaces) by extensions ['colcon_meta']
[0.328s] Level 1:colcon.colcon_core.package_identification:_identify(src/dynamixel_sdk_custom_interfaces) by extension 'colcon_meta'
[0.328s] Level 1:colcon.colcon_core.package_identification:_identify(src/dynamixel_sdk_custom_interfaces) by extensions ['ros']
[0.328s] Level 1:colcon.colcon_core.package_identification:_identify(src/dynamixel_sdk_custom_interfaces) by extension 'ros'
[0.329s] DEBUG:colcon.colcon_core.package_identification:Package 'src/dynamixel_sdk_custom_interfaces' with type 'ros.ament_cmake' and name 'dynamixel_sdk_custom_interfaces'
[0.329s] Level 1:colcon.colcon_core.package_identification:_identify(src/imu_receiver) by extensions ['ignore', 'ignore_ament_install']
[0.329s] Level 1:colcon.colcon_core.package_identification:_identify(src/imu_receiver) by extension 'ignore'
[0.329s] Level 1:colcon.colcon_core.package_identification:_identify(src/imu_receiver) by extension 'ignore_ament_install'
[0.329s] Level 1:colcon.colcon_core.package_identification:_identify(src/imu_receiver) by extensions ['colcon_pkg']
[0.329s] Level 1:colcon.colcon_core.package_identification:_identify(src/imu_receiver) by extension 'colcon_pkg'
[0.329s] Level 1:colcon.colcon_core.package_identification:_identify(src/imu_receiver) by extensions ['colcon_meta']
[0.329s] Level 1:colcon.colcon_core.package_identification:_identify(src/imu_receiver) by extension 'colcon_meta'
[0.329s] Level 1:colcon.colcon_core.package_identification:_identify(src/imu_receiver) by extensions ['ros']
[0.329s] Level 1:colcon.colcon_core.package_identification:_identify(src/imu_receiver) by extension 'ros'
[0.330s] DEBUG:colcon.colcon_core.package_identification:Package 'src/imu_receiver' with type 'ros.ament_python' and name 'imu_receiver'
[0.330s] Level 1:colcon.colcon_core.package_identification:_identify(src/install) by extensions ['ignore', 'ignore_ament_install']
[0.330s] Level 1:colcon.colcon_core.package_identification:_identify(src/install) by extension 'ignore'
[0.330s] Level 1:colcon.colcon_core.package_identification:_identify(src/install) ignored
[0.330s] Level 1:colcon.colcon_core.package_identification:_identify(src/log) by extensions ['ignore', 'ignore_ament_install']
[0.331s] Level 1:colcon.colcon_core.package_identification:_identify(src/log) by extension 'ignore'
[0.331s] Level 1:colcon.colcon_core.package_identification:_identify(src/log) ignored
[0.331s] Level 1:colcon.colcon_core.package_identification:_identify(src/motion_editor) by extensions ['ignore', 'ignore_ament_install']
[0.331s] Level 1:colcon.colcon_core.package_identification:_identify(src/motion_editor) by extension 'ignore'
[0.331s] Level 1:colcon.colcon_core.package_identification:_identify(src/motion_editor) by extension 'ignore_ament_install'
[0.331s] Level 1:colcon.colcon_core.package_identification:_identify(src/motion_editor) by extensions ['colcon_pkg']
[0.331s] Level 1:colcon.colcon_core.package_identification:_identify(src/motion_editor) by extension 'colcon_pkg'
[0.331s] Level 1:colcon.colcon_core.package_identification:_identify(src/motion_editor) by extensions ['colcon_meta']
[0.331s] Level 1:colcon.colcon_core.package_identification:_identify(src/motion_editor) by extension 'colcon_meta'
[0.331s] Level 1:colcon.colcon_core.package_identification:_identify(src/motion_editor) by extensions ['ros']
[0.331s] Level 1:colcon.colcon_core.package_identification:_identify(src/motion_editor) by extension 'ros'
[0.332s] DEBUG:colcon.colcon_core.package_identification:Package 'src/motion_editor' with type 'ros.ament_python' and name 'motion_editor'
[0.332s] Level 1:colcon.colcon_core.package_identification:_identify(src/motor_commands) by extensions ['ignore', 'ignore_ament_install']
[0.332s] Level 1:colcon.colcon_core.package_identification:_identify(src/motor_commands) by extension 'ignore'
[0.332s] Level 1:colcon.colcon_core.package_identification:_identify(src/motor_commands) by extension 'ignore_ament_install'
[0.332s] Level 1:colcon.colcon_core.package_identification:_identify(src/motor_commands) by extensions ['colcon_pkg']
[0.332s] Level 1:colcon.colcon_core.package_identification:_identify(src/motor_commands) by extension 'colcon_pkg'
[0.332s] Level 1:colcon.colcon_core.package_identification:_identify(src/motor_commands) by extensions ['colcon_meta']
[0.332s] Level 1:colcon.colcon_core.package_identification:_identify(src/motor_commands) by extension 'colcon_meta'
[0.332s] Level 1:colcon.colcon_core.package_identification:_identify(src/motor_commands) by extensions ['ros']
[0.332s] Level 1:colcon.colcon_core.package_identification:_identify(src/motor_commands) by extension 'ros'
[0.333s] DEBUG:colcon.colcon_core.package_identification:Package 'src/motor_commands' with type 'ros.ament_cmake' and name 'motor_commands'
[0.333s] Level 1:colcon.colcon_core.package_identification:_identify(src/motor_controller) by extensions ['ignore', 'ignore_ament_install']
[0.333s] Level 1:colcon.colcon_core.package_identification:_identify(src/motor_controller) by extension 'ignore'
[0.333s] Level 1:colcon.colcon_core.package_identification:_identify(src/motor_controller) by extension 'ignore_ament_install'
[0.333s] Level 1:colcon.colcon_core.package_identification:_identify(src/motor_controller) by extensions ['colcon_pkg']
[0.333s] Level 1:colcon.colcon_core.package_identification:_identify(src/motor_controller) by extension 'colcon_pkg'
[0.333s] Level 1:colcon.colcon_core.package_identification:_identify(src/motor_controller) by extensions ['colcon_meta']
[0.333s] Level 1:colcon.colcon_core.package_identification:_identify(src/motor_controller) by extension 'colcon_meta'
[0.333s] Level 1:colcon.colcon_core.package_identification:_identify(src/motor_controller) by extensions ['ros']
[0.333s] Level 1:colcon.colcon_core.package_identification:_identify(src/motor_controller) by extension 'ros'
[0.334s] DEBUG:colcon.colcon_core.package_identification:Package 'src/motor_controller' with type 'ros.ament_python' and name 'motor_controller'
[0.334s] Level 1:colcon.colcon_core.package_identification:_identify(src/system_controller) by extensions ['ignore', 'ignore_ament_install']
[0.334s] Level 1:colcon.colcon_core.package_identification:_identify(src/system_controller) by extension 'ignore'
[0.334s] Level 1:colcon.colcon_core.package_identification:_identify(src/system_controller) by extension 'ignore_ament_install'
[0.334s] Level 1:colcon.colcon_core.package_identification:_identify(src/system_controller) by extensions ['colcon_pkg']
[0.334s] Level 1:colcon.colcon_core.package_identification:_identify(src/system_controller) by extension 'colcon_pkg'
[0.334s] Level 1:colcon.colcon_core.package_identification:_identify(src/system_controller) by extensions ['colcon_meta']
[0.334s] Level 1:colcon.colcon_core.package_identification:_identify(src/system_controller) by extension 'colcon_meta'
[0.335s] Level 1:colcon.colcon_core.package_identification:_identify(src/system_controller) by extensions ['ros']
[0.335s] Level 1:colcon.colcon_core.package_identification:_identify(src/system_controller) by extension 'ros'
[0.335s] DEBUG:colcon.colcon_core.package_identification:Package 'src/system_controller' with type 'ros.ament_python' and name 'system_controller'
[0.335s] Level 1:colcon.colcon_core.package_discovery:discover_packages(recursive) using defaults
[0.335s] Level 1:colcon.colcon_core.package_discovery:discover_packages(ignore) discover
[0.335s] Level 1:colcon.colcon_core.package_discovery:discover_packages(ignore) using defaults
[0.335s] Level 1:colcon.colcon_core.package_discovery:discover_packages(path) discover
[0.335s] Level 1:colcon.colcon_core.package_discovery:discover_packages(path) using defaults
[0.360s] Level 1:colcon.colcon_core.package_discovery:discover_packages(prefix_path) check parameters
[0.360s] Level 1:colcon.colcon_core.package_discovery:discover_packages(prefix_path) discover
[0.364s] DEBUG:colcon.colcon_installed_package_information.package_discovery:Found 285 installed packages in /opt/ros/jazzy
[0.367s] Level 1:colcon.colcon_core.package_discovery:discover_packages(prefix_path) using defaults
[0.425s] Level 5:colcon.colcon_core.verb:set package 'audio_player' build argument 'cmake_args' from command line to 'None'
[0.425s] Level 5:colcon.colcon_core.verb:set package 'audio_player' build argument 'cmake_target' from command line to 'None'
[0.425s] Level 5:colcon.colcon_core.verb:set package 'audio_player' build argument 'cmake_target_skip_unavailable' from command line to 'False'
[0.425s] Level 5:colcon.colcon_core.verb:set package 'audio_player' build argument 'cmake_clean_cache' from command line to 'False'
[0.425s] Level 5:colcon.colcon_core.verb:set package 'audio_player' build argument 'cmake_clean_first' from command line to 'False'
[0.425s] Level 5:colcon.colcon_core.verb:set package 'audio_player' build argument 'cmake_force_configure' from command line to 'False'
[0.425s] Level 5:colcon.colcon_core.verb:set package 'audio_player' build argument 'ament_cmake_args' from command line to 'None'
[0.425s] Level 5:colcon.colcon_core.verb:set package 'audio_player' build argument 'catkin_cmake_args' from command line to 'None'
[0.425s] Level 5:colcon.colcon_core.verb:set package 'audio_player' build argument 'catkin_skip_building_tests' from command line to 'False'
[0.425s] DEBUG:colcon.colcon_core.verb:Building package 'audio_player' with the following arguments: {'ament_cmake_args': None, 'build_base': '/home/csanimatronics/CS_Animatronics/build/audio_player', 'catkin_cmake_args': None, 'catkin_skip_building_tests': False, 'cmake_args': None, 'cmake_clean_cache': False, 'cmake_clean_first': False, 'cmake_force_configure': False, 'cmake_target': None, 'cmake_target_skip_unavailable': False, 'install_base': '/home/csanimatronics/CS_Animatronics/install/audio_player', 'merge_install': False, 'path': '/home/csanimatronics/CS_Animatronics/src/audio_player', 'symlink_install': False, 'test_result_base': None}
[0.426s] Level 5:colcon.colcon_core.verb:set package 'controller_publisher' build argument 'cmake_args' from command line to 'None'
[0.426s] Level 5:colcon.colcon_core.verb:set package 'controller_publisher' build argument 'cmake_target' from command line to 'None'
[0.426s] Level 5:colcon.colcon_core.verb:set package 'controller_publisher' build argument 'cmake_target_skip_unavailable' from command line to 'False'
[0.426s] Level 5:colcon.colcon_core.verb:set package 'controller_publisher' build argument 'cmake_clean_cache' from command line to 'False'
[0.426s] Level 5:colcon.colcon_core.verb:set package 'controller_publisher' build argument 'cmake_clean_first' from command line to 'False'
[0.426s] Level 5:colcon.colcon_core.verb:set package 'controller_publisher' build argument 'cmake_force_configure' from command line to 'False'
[0.426s] Level 5:colcon.colcon_core.verb:set package 'controller_publisher' build argument 'ament_cmake_args' from command line to 'None'
[0.426s] Level 5:colcon.colcon_core.verb:set package 'controller_publisher' build argument 'catkin_cmake_args' from command line to 'None'
[0.426s] Level 5:colcon.colcon_core.verb:set package 'controller_publisher' build argument 'catkin_skip_building_tests' from command line to 'False'
[0.426s] DEBUG:colcon.colcon_core.verb:Building package 'controller_publisher' with the following arguments: {'ament_cmake_args': None, 'build_base': '/home/csanimatronics/CS_Animatronics/build/controller_publisher', 'catkin_cmake_args': None, 'catkin_skip_building_tests': False, 'cmake_args': None, 'cmake_clean_cache': False, 'cmake_clean_first': False, 'cmake_force_configure': False, 'cmake_target': None, 'cmake_target_skip_unavailable': False, 'install_base': '/home/csanimatronics/CS_Animatronics/install/controller_publisher', 'merge_install': False, 'path': '/home/csanimatronics/CS_Animatronics/src/controller_publisher', 'symlink_install': False, 'test_result_base': None}
[0.426s] Level 5:colcon.colcon_core.verb:set package 'dynamixel_sdk' build argument 'cmake_args' from command line to 'None'
[0.426s] Level 5:colcon.colcon_core.verb:set package 'dynamixel_sdk' build argument 'cmake_target' from command line to 'None'
[0.426s] Level 5:colcon.colcon_core.verb:set package 'dynamixel_sdk' build argument 'cmake_target_skip_unavailable' from command line to 'False'
[0.426s] Level 5:colcon.colcon_core.verb:set package 'dynamixel_sdk' build argument 'cmake_clean_cache' from command line to 'False'
[0.426s] Level 5:colcon.colcon_core.verb:set package 'dynamixel_sdk' build argument 'cmake_clean_first' from command line to 'False'
[0.426s] Level 5:colcon.colcon_core.verb:set package 'dynamixel_sdk' build argument 'cmake_force_configure' from command line to 'False'
[0.426s] Level 5:colcon.colcon_core.verb:set package 'dynamixel_sdk' build argument 'ament_cmake_args' from command line to 'None'
[0.426s] Level 5:colcon.colcon_core.verb:set package 'dynamixel_sdk' build argument 'catkin_cmake_args' from command line to 'None'
[0.426s] Level 5:colcon.colcon_core.verb:set package 'dynamixel_sdk' build argument 'catkin_skip_building_tests' from command line to 'False'
[0.426s] DEBUG:colcon.colcon_core.verb:Building package 'dynamixel_sdk' with the following arguments: {'ament_cmake_args': None, 'build_base': '/home/csanimatronics/CS_Animatronics/build/dynamixel_sdk', 'catkin_cmake_args': None, 'catkin_skip_building_tests': False, 'cmake_args': None, 'cmake_clean_cache': False, 'cmake_clean_first': False, 'cmake_force_configure': False, 'cmake_target': None, 'cmake_target_skip_unavailable': False, 'install_base': '/home/csanimatronics/CS_Animatronics/install/dynamixel_sdk', 'merge_install': False, 'path': '/home/csanimatronics/CS_Animatronics/src/dynamixel_sdk', 'symlink_install': False, 'test_result_base': None}
[0.427s] Level 5:colcon.colcon_core.verb:set package 'dynamixel_sdk_custom_interfaces' build argument 'cmake_args' from command line to 'None'
[0.427s] Level 5:colcon.colcon_core.verb:set package 'dynamixel_sdk_custom_interfaces' build argument 'cmake_target' from command line to 'None'
[0.427s] Level 5:colcon.colcon_core.verb:set package 'dynamixel_sdk_custom_interfaces' build argument 'cmake_target_skip_unavailable' from command line to 'False'
[0.427s] Level 5:colcon.colcon_core.verb:set package 'dynamixel_sdk_custom_interfaces' build argument 'cmake_clean_cache' from command line to 'False'
[0.427s] Level 5:colcon.colcon_core.verb:set package 'dynamixel_sdk_custom_interfaces' build argument 'cmake_clean_first' from command line to 'False'
[0.427s] Level 5:colcon.colcon_core.verb:set package 'dynamixel_sdk_custom_interfaces' build argument 'cmake_force_configure' from command line to 'False'
[0.427s] Level 5:colcon.colcon_core.verb:set package 'dynamixel_sdk_custom_interfaces' build argument 'ament_cmake_args' from command line to 'None'
[0.427s] Level 5:colcon.colcon_core.verb:set package 'dynamixel_sdk_custom_interfaces' build argument 'catkin_cmake_args' from command line to 'None'
[0.427s] Level 5:colcon.colcon_core.verb:set package 'dynamixel_sdk_custom_interfaces' build argument 'catkin_skip_building_tests' from command line to 'False'
[0.427s] DEBUG:colcon.colcon_core.verb:Building package 'dynamixel_sdk_custom_interfaces' with the following arguments: {'ament_cmake_args': None, 'build_base': '/home/csanimatronics/CS_Animatronics/build/dynamixel_sdk_custom_interfaces', 'catkin_cmake_args': None, 'catkin_skip_building_tests': False, 'cmake_args': None, 'cmake_clean_cache': False, 'cmake_clean_first': False, 'cmake_force_configure': False, 'cmake_target': None, 'cmake_target_skip_unavailable': False, 'install_base': '/home/csanimatronics/CS_Animatronics/install/dynamixel_sdk_custom_interfaces', 'merge_install': False, 'path': '/home/csanimatronics/CS_Animatronics/src/dynamixel_sdk_custom_interfaces', 'symlink_install': False, 'test_result_base': None}
[0.427s] Level 5:colcon.colcon_core.verb:set package 'imu_receiver' build argument 'cmake_args' from command line to 'None'
[0.427s] Level 5:colcon.colcon_core.verb:set package 'imu_receiver' build argument 'cmake_target' from command line to 'None'
[0.427s] Level 5:colcon.colcon_core.verb:set package 'imu_receiver' build argument 'cmake_target_skip_unavailable' from command line to 'False'
[0.427s] Level 5:colcon.colcon_core.verb:set package 'imu_receiver' build argument 'cmake_clean_cache' from command line to 'False'
[0.427s] Level 5:colcon.colcon_core.verb:set package 'imu_receiver' build argument 'cmake_clean_first' from command line to 'False'
[0.427s] Level 5:colcon.colcon_core.verb:set package 'imu_receiver' build argument 'cmake_force_configure' from command line to 'False'
[0.427s] Level 5:colcon.colcon_core.verb:set package 'imu_receiver' build argument 'ament_cmake_args' from command line to 'None'
[0.427s] Level 5:colcon.colcon_core.verb:set package 'imu_receiver' build argument 'catkin_cmake_args' from command line to 'None'
[0.427s] Level 5:colcon.colcon_core.verb:set package 'imu_receiver' build argument 'catkin_skip_building_tests' from command line to 'False'
[0.427s] DEBUG:colcon.colcon_core.verb:Building package 'imu_receiver' with the following arguments: {'ament_cmake_args': None, 'build_base': '/home/csanimatronics/CS_Animatronics/build/imu_receiver', 'catkin_cmake_args': None, 'catkin_skip_building_tests': False, 'cmake_args': None, 'cmake_clean_cache': False, 'cmake_clean_first': False, 'cmake_force_configure': False, 'cmake_target': None, 'cmake_target_skip_unavailable': False, 'install_base': '/home/csanimatronics/CS_Animatronics/install/imu_receiver', 'merge_install': False, 'path': '/home/csanimatronics/CS_Animatronics/src/imu_receiver', 'symlink_install': False, 'test_result_base': None}
[0.428s] Level 5:colcon.colcon_core.verb:set package 'motor_commands' build argument 'cmake_args' from command line to 'None'
[0.428s] Level 5:colcon.colcon_core.verb:set package 'motor_commands' build argument 'cmake_target' from command line to 'None'
[0.428s] Level 5:colcon.colcon_core.verb:set package 'motor_commands' build argument 'cmake_target_skip_unavailable' from command line to 'False'
[0.428s] Level 5:colcon.colcon_core.verb:set package 'motor_commands' build argument 'cmake_clean_cache' from command line to 'False'
[0.428s] Level 5:colcon.colcon_core.verb:set package 'motor_commands' build argument 'cmake_clean_first' from command line to 'False'
[0.428s] Level 5:colcon.colcon_core.verb:set package 'motor_commands' build argument 'cmake_force_configure' from command line to 'False'
[0.428s] Level 5:colcon.colcon_core.verb:set package 'motor_commands' build argument 'ament_cmake_args' from command line to 'None'
[0.428s] Level 5:colcon.colcon_core.verb:set package 'motor_commands' build argument 'catkin_cmake_args' from command line to 'None'
[0.428s] Level 5:colcon.colcon_core.verb:set package 'motor_commands' build argument 'catkin_skip_building_tests' from command line to 'False'
[0.428s] DEBUG:colcon.colcon_core.verb:Building package 'motor_commands' with the following arguments: {'ament_cmake_args': None, 'build_base': '/home/csanimatronics/CS_Animatronics/build/motor_commands', 'catkin_cmake_args': None, 'catkin_skip_building_tests': False, 'cmake_args': None, 'cmake_clean_cache': False, 'cmake_clean_first': False, 'cmake_force_configure': False, 'cmake_target': None, 'cmake_target_skip_unavailable': False, 'install_base': '/home/csanimatronics/CS_Animatronics/install/motor_commands', 'merge_install': False, 'path': '/home/csanimatronics/CS_Animatronics/src/motor_commands', 'symlink_install': False, 'test_result_base': None}
[0.428s] Level 5:colcon.colcon_core.verb:set package 'motion_editor' build argument 'cmake_args' from command line to 'None'
[0.428s] Level 5:colcon.colcon_core.verb:set package 'motion_editor' build argument 'cmake_target' from command line to 'None'
[0.428s] Level 5:colcon.colcon_core.verb:set package 'motion_editor' build argument 'cmake_target_skip_unavailable' from command line to 'False'
[0.428s] Level 5:colcon.colcon_core.verb:set package 'motion_editor' build argument 'cmake_clean_cache' from command line to 'False'
[0.428s] Level 5:colcon.colcon_core.verb:set package 'motion_editor' build argument 'cmake_clean_first' from command line to 'False'
[0.428s] Level 5:colcon.colcon_core.verb:set package 'motion_editor' build argument 'cmake_force_configure' from command line to 'False'
[0.428s] Level 5:colcon.colcon_core.verb:set package 'motion_editor' build argument 'ament_cmake_args' from command line to 'None'
[0.428s] Level 5:colcon.colcon_core.verb:set package 'motion_editor' build argument 'catkin_cmake_args' from command line to 'None'
[0.428s] Level 5:colcon.colcon_core.verb:set package 'motion_editor' build argument 'catkin_skip_building_tests' from command line to 'False'
[0.428s] DEBUG:colcon.colcon_core.verb:Building package 'motion_editor' with the following arguments: {'ament_cmake_args': None, 'build_base': '/home/csanimatronics/CS_Animatronics/build/motion_editor', 'catkin_cmake_args': None, 'catkin_skip_building_tests': False, 'cmake_args': None, 'cmake_clean_cache': False, 'cmake_clean_first': False, 'cmake_force_configure': False, 'cmake_target': None, 'cmake_target_skip_unavailable': False, 'install_base': '/home/csanimatronics/CS_Animatronics/install/motion_editor', 'merge_install': False, 'path': '/home/csanimatronics/CS_Animatronics/src/motion_editor', 'symlink_install': False, 'test_result_base': None}
[0.429s] Level 5:colcon.colcon_core.verb:set package 'motor_controller' build argument 'cmake_args' from command line to 'None'
[0.429s] Level 5:colcon.colcon_core.verb:set package 'motor_controller' build argument 'cmake_target' from command line to 'None'
[0.429s] Level 5:colcon.colcon_core.verb:set package 'motor_controller' build argument 'cmake_target_skip_unavailable' from command line to 'False'
[0.429s] Level 5:colcon.colcon_core.verb:set package 'motor_controller' build argument 'cmake_clean_cache' from command line to 'False'
[0.429s] Level 5:colcon.colcon_core.verb:set package 'motor_controller' build argument 'cmake_clean_first' from command line to 'False'
[0.429s] Level 5:colcon.colcon_core.verb:set package 'motor_controller' build argument 'cmake_force_configure' from command line to 'False'
[0.429s] Level 5:colcon.colcon_core.verb:set package 'motor_controller' build argument 'ament_cmake_args' from command line to 'None'
[0.429s] Level 5:colcon.colcon_core.verb:set package 'motor_controller' build argument 'catkin_cmake_args' from command line to 'None'
[0.429s] Level 5:colcon.colcon_core.verb:set package 'motor_controller' build argument 'catkin_skip_building_tests' from command line to 'False'
[0.429s] DEBUG:colcon.colcon_core.verb:Building package 'motor_controller' with the following arguments: {'ament_cmake_args': None, 'build_base': '/home/csanimatronics/CS_Animatronics/build/motor_controller', 'catkin_cmake_args': None, 'catkin_skip_building_tests': False, 'cmake_args': None, 'cmake_clean_cache': False, 'cmake_clean_first': False, 'cmake_force_configure': False, 'cmake_target': None, 'cmake_target_skip_unavailable': False, 'install_base': '/home/csanimatronics/CS_Animatronics/install/motor_controller', 'merge_install': False, 'path': '/home/csanimatronics/CS_Animatronics/src/motor_controller', 'symlink_install': False, 'test_result_base': None}
[0.429s] Level 5:colcon.colcon_core.verb:set package 'system_controller' build argument 'cmake_args' from command line to 'None'
[0.429s] Level 5:colcon.colcon_core.verb:set package 'system_controller' build argument 'cmake_target' from command line to 'None'
[0.429s] Level 5:colcon.colcon_core.verb:set package 'system_controller' build argument 'cmake_target_skip_unavailable' from command line to 'False'
[0.429s] Level 5:colcon.colcon_core.verb:set package 'system_controller' build argument 'cmake_clean_cache' from command line to 'False'
[0.429s] Level 5:colcon.colcon_core.verb:set package 'system_controller' build argument 'cmake_clean_first' from command line to 'False'
[0.429s] Level 5:colcon.colcon_core.verb:set package 'system_controller' build argument 'cmake_force_configure' from command line to 'False'
[0.429s] Level 5:colcon.colcon_core.verb:set package 'system_controller' build argument 'ament_cmake_args' from command line to 'None'
[0.429s] Level 5:colcon.colcon_core.verb:set package 'system_controller' build argument 'catkin_cmake_args' from command line to 'None'
[0.429s] Level 5:colcon.colcon_core.verb:set package 'system_controller' build argument 'catkin_skip_building_tests' from command line to 'False'
[0.429s] DEBUG:colcon.colcon_core.verb:Building package 'system_controller' with the following arguments: {'ament_cmake_args': None, 'build_base': '/home/csanimatronics/CS_Animatronics/build/system_controller', 'catkin_cmake_args': None, 'catkin_skip_building_tests': False, 'cmake_args': None, 'cmake_clean_cache': False, 'cmake_clean_first': False, 'cmake_force_configure': False, 'cmake_target': None, 'cmake_target_skip_unavailable': False, 'install_base': '/home/csanimatronics/CS_Animatronics/install/system_controller', 'merge_install': False, 'path': '/home/csanimatronics/CS_Animatronics/src/system_controller', 'symlink_install': False, 'test_result_base': None}
[0.429s] INFO:colcon.colcon_core.executor:Executing jobs using 'parallel' executor
[0.431s] DEBUG:colcon.colcon_parallel_executor.executor.parallel:run_until_complete
[0.432s] INFO:colcon.colcon_ros.task.ament_cmake.build:Building ROS package in '/home/csanimatronics/CS_Animatronics/src/motor_commands' with build type 'ament_cmake'
[0.433s] INFO:colcon.colcon_cmake.task.cmake.build:Building CMake package in '/home/csanimatronics/CS_Animatronics/src/motor_commands'
[0.437s] INFO:colcon.colcon_core.plugin_system:Skipping extension 'colcon_core.shell.bat': Not used on non-Windows systems
[0.438s] INFO:colcon.colcon_core.shell:Skip shell extension 'powershell' for command environment: Not usable outside of PowerShell
[0.438s] DEBUG:colcon.colcon_core.shell:Skip shell extension 'dsv' for command environment
[0.447s] INFO:colcon.colcon_ros.task.ament_cmake.build:Building ROS package in '/home/csanimatronics/CS_Animatronics/src/dynamixel_sdk' with build type 'ament_cmake'
[0.447s] INFO:colcon.colcon_cmake.task.cmake.build:Building CMake package in '/home/csanimatronics/CS_Animatronics/src/dynamixel_sdk'
[0.448s] INFO:colcon.colcon_core.shell:Skip shell extension 'powershell' for command environment: Not usable outside of PowerShell
[0.448s] DEBUG:colcon.colcon_core.shell:Skip shell extension 'dsv' for command environment
[0.454s] INFO:colcon.colcon_ros.task.ament_cmake.build:Building ROS package in '/home/csanimatronics/CS_Animatronics/src/dynamixel_sdk_custom_interfaces' with build type 'ament_cmake'
[0.454s] INFO:colcon.colcon_cmake.task.cmake.build:Building CMake package in '/home/csanimatronics/CS_Animatronics/src/dynamixel_sdk_custom_interfaces'
[0.455s] INFO:colcon.colcon_core.shell:Skip shell extension 'powershell' for command environment: Not usable outside of PowerShell
[0.455s] DEBUG:colcon.colcon_core.shell:Skip shell extension 'dsv' for command environment
[0.463s] INFO:colcon.colcon_ros.task.ament_python.build:Building ROS package in '/home/csanimatronics/CS_Animatronics/src/audio_player' with build type 'ament_python'
[0.464s] Level 1:colcon.colcon_core.shell:create_environment_hook('audio_player', 'ament_prefix_path')
[0.465s] INFO:colcon.colcon_core.shell:Creating environment hook '/home/csanimatronics/CS_Animatronics/install/audio_player/share/audio_player/hook/ament_prefix_path.ps1'
[0.467s] INFO:colcon.colcon_core.shell:Creating environment descriptor '/home/csanimatronics/CS_Animatronics/install/audio_player/share/audio_player/hook/ament_prefix_path.dsv'
[0.470s] INFO:colcon.colcon_core.shell:Creating environment hook '/home/csanimatronics/CS_Animatronics/install/audio_player/share/audio_player/hook/ament_prefix_path.sh'
[0.472s] INFO:colcon.colcon_core.shell:Skip shell extension 'powershell' for command environment: Not usable outside of PowerShell
[0.472s] DEBUG:colcon.colcon_core.shell:Skip shell extension 'dsv' for command environment
[0.491s] DEBUG:colcon.colcon_core.event_handler.log_command:Invoking command in '/home/csanimatronics/CS_Animatronics/build/motor_commands': CMAKE_PREFIX_PATH=${CMAKE_PREFIX_PATH}:/opt/ros/jazzy DEBUGINFOD_URLS=https://debuginfod.ubuntu.com /usr/bin/cmake /home/csanimatronics/CS_Animatronics/src/motor_commands -DCMAKE_INSTALL_PREFIX=/home/csanimatronics/CS_Animatronics/install/motor_commands
[0.496s] DEBUG:colcon.colcon_core.event_handler.log_command:Invoking command in '/home/csanimatronics/CS_Animatronics/build/dynamixel_sdk': CMAKE_PREFIX_PATH=${CMAKE_PREFIX_PATH}:/opt/ros/jazzy DEBUGINFOD_URLS=https://debuginfod.ubuntu.com /usr/bin/cmake /home/csanimatronics/CS_Animatronics/src/dynamixel_sdk -DCMAKE_INSTALL_PREFIX=/home/csanimatronics/CS_Animatronics/install/dynamixel_sdk
[0.501s] DEBUG:colcon.colcon_core.event_handler.log_command:Invoking command in '/home/csanimatronics/CS_Animatronics/build/dynamixel_sdk_custom_interfaces': CMAKE_PREFIX_PATH=${CMAKE_PREFIX_PATH}:/opt/ros/jazzy DEBUGINFOD_URLS=https://debuginfod.ubuntu.com /usr/bin/cmake /home/csanimatronics/CS_Animatronics/src/dynamixel_sdk_custom_interfaces -DCMAKE_INSTALL_PREFIX=/home/csanimatronics/CS_Animatronics/install/dynamixel_sdk_custom_interfaces
[1.210s] INFO:colcon.colcon_core.task.python.build:Building Python package in '/home/csanimatronics/CS_Animatronics/src/audio_player'
[1.210s] INFO:colcon.colcon_core.shell:Skip shell extension 'powershell' for command environment: Not usable outside of PowerShell
[1.210s] DEBUG:colcon.colcon_core.shell:Skip shell extension 'dsv' for command environment
[2.407s] DEBUG:colcon.colcon_core.event_handler.log_command:Invoked command in '/home/csanimatronics/CS_Animatronics/build/dynamixel_sdk' returned '0': CMAKE_PREFIX_PATH=${CMAKE_PREFIX_PATH}:/opt/ros/jazzy DEBUGINFOD_URLS=https://debuginfod.ubuntu.com /usr/bin/cmake /home/csanimatronics/CS_Animatronics/src/dynamixel_sdk -DCMAKE_INSTALL_PREFIX=/home/csanimatronics/CS_Animatronics/install/dynamixel_sdk
[2.408s] DEBUG:colcon.colcon_core.event_handler.log_command:Invoking command in '/home/csanimatronics/CS_Animatronics/build/dynamixel_sdk': CMAKE_PREFIX_PATH=${CMAKE_PREFIX_PATH}:/opt/ros/jazzy DEBUGINFOD_URLS=https://debuginfod.ubuntu.com /usr/bin/cmake --build /home/csanimatronics/CS_Animatronics/build/dynamixel_sdk -- -j4 -l4
[2.938s] DEBUG:colcon.colcon_core.event_handler.log_command:Invoking command in '/home/csanimatronics/CS_Animatronics/src/audio_player': DEBUGINFOD_URLS=https://debuginfod.ubuntu.com PYTHONPATH=/home/csanimatronics/CS_Animatronics/build/audio_player/prefix_override:/usr/lib/python3/dist-packages/colcon_core/task/python/colcon_distutils_commands:/home/csanimatronics/CS_Animatronics/install/audio_player/lib/python3.12/site-packages:${PYTHONPATH} /usr/bin/python3 -W ignore:setup.py install is deprecated -W ignore:easy_install command is deprecated setup.py egg_info --egg-base ../../build/audio_player build --build-base /home/csanimatronics/CS_Animatronics/build/audio_player/build install --record /home/csanimatronics/CS_Animatronics/build/audio_player/install.log --single-version-externally-managed install_data
[4.441s] DEBUG:colcon.colcon_core.event_handler.log_command:Invoked command in '/home/csanimatronics/CS_Animatronics/src/audio_player' returned '0': DEBUGINFOD_URLS=https://debuginfod.ubuntu.com PYTHONPATH=/home/csanimatronics/CS_Animatronics/build/audio_player/prefix_override:/usr/lib/python3/dist-packages/colcon_core/task/python/colcon_distutils_commands:/home/csanimatronics/CS_Animatronics/install/audio_player/lib/python3.12/site-packages:${PYTHONPATH} /usr/bin/python3 -W ignore:setup.py install is deprecated -W ignore:easy_install command is deprecated setup.py egg_info --egg-base ../../build/audio_player build --build-base /home/csanimatronics/CS_Animatronics/build/audio_player/build install --record /home/csanimatronics/CS_Animatronics/build/audio_player/install.log --single-version-externally-managed install_data
[4.446s] Level 1:colcon.colcon_core.environment:checking '/home/csanimatronics/CS_Animatronics/install/audio_player' for CMake module files
[4.448s] Level 1:colcon.colcon_core.environment:checking '/home/csanimatronics/CS_Animatronics/install/audio_player' for CMake config files
[4.449s] Level 1:colcon.colcon_core.environment:checking '/home/csanimatronics/CS_Animatronics/install/audio_player/lib'
[4.450s] Level 1:colcon.colcon_core.environment:checking '/home/csanimatronics/CS_Animatronics/install/audio_player/bin'
[4.450s] Level 1:colcon.colcon_core.environment:checking '/home/csanimatronics/CS_Animatronics/install/audio_player/lib/pkgconfig/audio_player.pc'
[4.450s] Level 1:colcon.colcon_core.environment:checking '/home/csanimatronics/CS_Animatronics/install/audio_player/lib/python3.12/site-packages'
[4.451s] Level 1:colcon.colcon_core.shell:create_environment_hook('audio_player', 'pythonpath')
[4.451s] INFO:colcon.colcon_core.shell:Creating environment hook '/home/csanimatronics/CS_Animatronics/install/audio_player/share/audio_player/hook/pythonpath.ps1'
[4.452s] INFO:colcon.colcon_core.shell:Creating environment descriptor '/home/csanimatronics/CS_Animatronics/install/audio_player/share/audio_player/hook/pythonpath.dsv'
[4.453s] INFO:colcon.colcon_core.shell:Creating environment hook '/home/csanimatronics/CS_Animatronics/install/audio_player/share/audio_player/hook/pythonpath.sh'
[4.455s] Level 1:colcon.colcon_core.environment:checking '/home/csanimatronics/CS_Animatronics/install/audio_player/bin'
[4.455s] Level 1:colcon.colcon_core.environment:create_environment_scripts_only(audio_player)
[4.456s] INFO:colcon.colcon_core.shell:Creating package script '/home/csanimatronics/CS_Animatronics/install/audio_player/share/audio_player/package.ps1'
[4.457s] INFO:colcon.colcon_core.shell:Creating package descriptor '/home/csanimatronics/CS_Animatronics/install/audio_player/share/audio_player/package.dsv'
[4.458s] INFO:colcon.colcon_core.shell:Creating package script '/home/csanimatronics/CS_Animatronics/install/audio_player/share/audio_player/package.sh'
[4.460s] INFO:colcon.colcon_core.shell:Creating package script '/home/csanimatronics/CS_Animatronics/install/audio_player/share/audio_player/package.bash'
[4.461s] INFO:colcon.colcon_core.shell:Creating package script '/home/csanimatronics/CS_Animatronics/install/audio_player/share/audio_player/package.zsh'
[4.463s] Level 1:colcon.colcon_core.environment:create_file_with_runtime_dependencies(/home/csanimatronics/CS_Animatronics/install/audio_player/share/colcon-core/packages/audio_player)
[4.464s] INFO:colcon.colcon_ros.task.ament_python.build:Building ROS package in '/home/csanimatronics/CS_Animatronics/src/controller_publisher' with build type 'ament_python'
[4.465s] Level 1:colcon.colcon_core.shell:create_environment_hook('controller_publisher', 'ament_prefix_path')
[4.465s] INFO:colcon.colcon_core.shell:Creating environment hook '/home/csanimatronics/CS_Animatronics/install/controller_publisher/share/controller_publisher/hook/ament_prefix_path.ps1'
[4.470s] INFO:colcon.colcon_core.shell:Creating environment descriptor '/home/csanimatronics/CS_Animatronics/install/controller_publisher/share/controller_publisher/hook/ament_prefix_path.dsv'
[4.475s] INFO:colcon.colcon_core.shell:Creating environment hook '/home/csanimatronics/CS_Animatronics/install/controller_publisher/share/controller_publisher/hook/ament_prefix_path.sh'
[4.478s] INFO:colcon.colcon_core.shell:Skip shell extension 'powershell' for command environment: Not usable outside of PowerShell
[4.479s] DEBUG:colcon.colcon_core.shell:Skip shell extension 'dsv' for command environment
[5.150s] INFO:colcon.colcon_core.task.python.build:Building Python package in '/home/csanimatronics/CS_Animatronics/src/controller_publisher'
[5.151s] INFO:colcon.colcon_core.shell:Skip shell extension 'powershell' for command environment: Not usable outside of PowerShell
[5.151s] DEBUG:colcon.colcon_core.shell:Skip shell extension 'dsv' for command environment
[6.806s] DEBUG:colcon.colcon_core.event_handler.log_command:Invoking command in '/home/csanimatronics/CS_Animatronics/src/controller_publisher': DEBUGINFOD_URLS=https://debuginfod.ubuntu.com PYTHONPATH=/home/csanimatronics/CS_Animatronics/build/controller_publisher/prefix_override:/usr/lib/python3/dist-packages/colcon_core/task/python/colcon_distutils_commands:/home/csanimatronics/CS_Animatronics/install/controller_publisher/lib/python3.12/site-packages:${PYTHONPATH} /usr/bin/python3 -W ignore:setup.py install is deprecated -W ignore:easy_install command is deprecated setup.py egg_info --egg-base ../../build/controller_publisher build --build-base /home/csanimatronics/CS_Animatronics/build/controller_publisher/build install --record /home/csanimatronics/CS_Animatronics/build/controller_publisher/install.log --single-version-externally-managed install_data
[8.392s] Level 1:colcon.colcon_core.environment:checking '/home/csanimatronics/CS_Animatronics/install/controller_publisher' for CMake module files
[8.393s] DEBUG:colcon.colcon_core.event_handler.log_command:Invoked command in '/home/csanimatronics/CS_Animatronics/src/controller_publisher' returned '0': DEBUGINFOD_URLS=https://debuginfod.ubuntu.com PYTHONPATH=/home/csanimatronics/CS_Animatronics/build/controller_publisher/prefix_override:/usr/lib/python3/dist-packages/colcon_core/task/python/colcon_distutils_commands:/home/csanimatronics/CS_Animatronics/install/controller_publisher/lib/python3.12/site-packages:${PYTHONPATH} /usr/bin/python3 -W ignore:setup.py install is deprecated -W ignore:easy_install command is deprecated setup.py egg_info --egg-base ../../build/controller_publisher build --build-base /home/csanimatronics/CS_Animatronics/build/controller_publisher/build install --record /home/csanimatronics/CS_Animatronics/build/controller_publisher/install.log --single-version-externally-managed install_data
[8.394s] Level 1:colcon.colcon_core.environment:checking '/home/csanimatronics/CS_Animatronics/install/controller_publisher' for CMake config files
[8.396s] Level 1:colcon.colcon_core.environment:checking '/home/csanimatronics/CS_Animatronics/install/controller_publisher/lib'
[8.397s] Level 1:colcon.colcon_core.environment:checking '/home/csanimatronics/CS_Animatronics/install/controller_publisher/bin'
[8.397s] Level 1:colcon.colcon_core.environment:checking '/home/csanimatronics/CS_Animatronics/install/controller_publisher/lib/pkgconfig/controller_publisher.pc'
[8.398s] Level 1:colcon.colcon_core.environment:checking '/home/csanimatronics/CS_Animatronics/install/controller_publisher/lib/python3.12/site-packages'
[8.399s] Level 1:colcon.colcon_core.shell:create_environment_hook('controller_publisher', 'pythonpath')
[8.399s] INFO:colcon.colcon_core.shell:Creating environment hook '/home/csanimatronics/CS_Animatronics/install/controller_publisher/share/controller_publisher/hook/pythonpath.ps1'
[8.400s] INFO:colcon.colcon_core.shell:Creating environment descriptor '/home/csanimatronics/CS_Animatronics/install/controller_publisher/share/controller_publisher/hook/pythonpath.dsv'
[8.401s] INFO:colcon.colcon_core.shell:Creating environment hook '/home/csanimatronics/CS_Animatronics/install/controller_publisher/share/controller_publisher/hook/pythonpath.sh'
[8.402s] Level 1:colcon.colcon_core.environment:checking '/home/csanimatronics/CS_Animatronics/install/controller_publisher/bin'
[8.402s] Level 1:colcon.colcon_core.environment:create_environment_scripts_only(controller_publisher)
[8.403s] INFO:colcon.colcon_core.shell:Creating package script '/home/csanimatronics/CS_Animatronics/install/controller_publisher/share/controller_publisher/package.ps1'
[8.404s] INFO:colcon.colcon_core.shell:Creating package descriptor '/home/csanimatronics/CS_Animatronics/install/controller_publisher/share/controller_publisher/package.dsv'
[8.405s] INFO:colcon.colcon_core.shell:Creating package script '/home/csanimatronics/CS_Animatronics/install/controller_publisher/share/controller_publisher/package.sh'
[8.406s] INFO:colcon.colcon_core.shell:Creating package script '/home/csanimatronics/CS_Animatronics/install/controller_publisher/share/controller_publisher/package.bash'
[8.406s] INFO:colcon.colcon_core.shell:Creating package script '/home/csanimatronics/CS_Animatronics/install/controller_publisher/share/controller_publisher/package.zsh'
[8.407s] Level 1:colcon.colcon_core.environment:create_file_with_runtime_dependencies(/home/csanimatronics/CS_Animatronics/install/controller_publisher/share/colcon-core/packages/controller_publisher)
[8.408s] INFO:colcon.colcon_ros.task.ament_python.build:Building ROS package in '/home/csanimatronics/CS_Animatronics/src/imu_receiver' with build type 'ament_python'
[8.408s] Level 1:colcon.colcon_core.shell:create_environment_hook('imu_receiver', 'ament_prefix_path')
[8.409s] INFO:colcon.colcon_core.shell:Creating environment hook '/home/csanimatronics/CS_Animatronics/install/imu_receiver/share/imu_receiver/hook/ament_prefix_path.ps1'
[8.411s] INFO:colcon.colcon_core.shell:Creating environment descriptor '/home/csanimatronics/CS_Animatronics/install/imu_receiver/share/imu_receiver/hook/ament_prefix_path.dsv'
[8.412s] INFO:colcon.colcon_core.shell:Creating environment hook '/home/csanimatronics/CS_Animatronics/install/imu_receiver/share/imu_receiver/hook/ament_prefix_path.sh'
[8.414s] INFO:colcon.colcon_core.shell:Skip shell extension 'powershell' for command environment: Not usable outside of PowerShell
[8.414s] DEBUG:colcon.colcon_core.shell:Skip shell extension 'dsv' for command environment
[9.078s] INFO:colcon.colcon_core.task.python.build:Building Python package in '/home/csanimatronics/CS_Animatronics/src/imu_receiver'
[9.079s] INFO:colcon.colcon_core.shell:Skip shell extension 'powershell' for command environment: Not usable outside of PowerShell
[9.079s] DEBUG:colcon.colcon_core.shell:Skip shell extension 'dsv' for command environment
[9.088s] DEBUG:colcon.colcon_core.event_handler.log_command:Invoked command in '/home/csanimatronics/CS_Animatronics/build/dynamixel_sdk_custom_interfaces' returned '0': CMAKE_PREFIX_PATH=${CMAKE_PREFIX_PATH}:/opt/ros/jazzy DEBUGINFOD_URLS=https://debuginfod.ubuntu.com /usr/bin/cmake /home/csanimatronics/CS_Animatronics/src/dynamixel_sdk_custom_interfaces -DCMAKE_INSTALL_PREFIX=/home/csanimatronics/CS_Animatronics/install/dynamixel_sdk_custom_interfaces
[9.089s] DEBUG:colcon.colcon_core.event_handler.log_command:Invoking command in '/home/csanimatronics/CS_Animatronics/build/dynamixel_sdk_custom_interfaces': CMAKE_PREFIX_PATH=${CMAKE_PREFIX_PATH}:/opt/ros/jazzy DEBUGINFOD_URLS=https://debuginfod.ubuntu.com /usr/bin/cmake --build /home/csanimatronics/CS_Animatronics/build/dynamixel_sdk_custom_interfaces -- -j4 -l4
[9.204s] DEBUG:colcon.colcon_core.event_handler.log_command:Invoked command in '/home/csanimatronics/CS_Animatronics/build/motor_commands' returned '0': CMAKE_PREFIX_PATH=${CMAKE_PREFIX_PATH}:/opt/ros/jazzy DEBUGINFOD_URLS=https://debuginfod.ubuntu.com /usr/bin/cmake /home/csanimatronics/CS_Animatronics/src/motor_commands -DCMAKE_INSTALL_PREFIX=/home/csanimatronics/CS_Animatronics/install/motor_commands
[9.206s] DEBUG:colcon.colcon_core.event_handler.log_command:Invoking command in '/home/csanimatronics/CS_Animatronics/build/motor_commands': CMAKE_PREFIX_PATH=${CMAKE_PREFIX_PATH}:/opt/ros/jazzy DEBUGINFOD_URLS=https://debuginfod.ubuntu.com /usr/bin/cmake --build /home/csanimatronics/CS_Animatronics/build/motor_commands -- -j4 -l4
[9.239s] DEBUG:colcon.colcon_core.event_handler.log_command:Invoked command in '/home/csanimatronics/CS_Animatronics/build/dynamixel_sdk' returned '0': CMAKE_PREFIX_PATH=${CMAKE_PREFIX_PATH}:/opt/ros/jazzy DEBUGINFOD_URLS=https://debuginfod.ubuntu.com /usr/bin/cmake --build /home/csanimatronics/CS_Animatronics/build/dynamixel_sdk -- -j4 -l4
[9.271s] DEBUG:colcon.colcon_core.event_handler.log_command:Invoking command in '/home/csanimatronics/CS_Animatronics/build/dynamixel_sdk': CMAKE_PREFIX_PATH=${CMAKE_PREFIX_PATH}:/opt/ros/jazzy DEBUGINFOD_URLS=https://debuginfod.ubuntu.com /usr/bin/cmake --install /home/csanimatronics/CS_Animatronics/build/dynamixel_sdk
[9.313s] Level 1:colcon.colcon_core.environment:create_environment_scripts_only(dynamixel_sdk)
[9.314s] Level 1:colcon.colcon_core.environment:checking '/home/csanimatronics/CS_Animatronics/install/dynamixel_sdk' for CMake module files
[9.314s] DEBUG:colcon.colcon_core.event_handler.log_command:Invoked command in '/home/csanimatronics/CS_Animatronics/build/dynamixel_sdk' returned '0': CMAKE_PREFIX_PATH=${CMAKE_PREFIX_PATH}:/opt/ros/jazzy DEBUGINFOD_URLS=https://debuginfod.ubuntu.com /usr/bin/cmake --install /home/csanimatronics/CS_Animatronics/build/dynamixel_sdk
[9.315s] Level 1:colcon.colcon_core.environment:checking '/home/csanimatronics/CS_Animatronics/install/dynamixel_sdk' for CMake config files
[9.315s] Level 1:colcon.colcon_core.shell:create_environment_hook('dynamixel_sdk', 'cmake_prefix_path')
[9.316s] INFO:colcon.colcon_core.shell:Creating environment hook '/home/csanimatronics/CS_Animatronics/install/dynamixel_sdk/share/dynamixel_sdk/hook/cmake_prefix_path.ps1'
[9.318s] INFO:colcon.colcon_core.shell:Creating environment descriptor '/home/csanimatronics/CS_Animatronics/install/dynamixel_sdk/share/dynamixel_sdk/hook/cmake_prefix_path.dsv'
[9.319s] INFO:colcon.colcon_core.shell:Creating environment hook '/home/csanimatronics/CS_Animatronics/install/dynamixel_sdk/share/dynamixel_sdk/hook/cmake_prefix_path.sh'
[9.320s] Level 1:colcon.colcon_core.environment:checking '/home/csanimatronics/CS_Animatronics/install/dynamixel_sdk/lib'
[9.320s] Level 1:colcon.colcon_core.shell:create_environment_hook('dynamixel_sdk', 'ld_library_path_lib')
[9.320s] INFO:colcon.colcon_core.shell:Creating environment hook '/home/csanimatronics/CS_Animatronics/install/dynamixel_sdk/share/dynamixel_sdk/hook/ld_library_path_lib.ps1'
[9.321s] INFO:colcon.colcon_core.shell:Creating environment descriptor '/home/csanimatronics/CS_Animatronics/install/dynamixel_sdk/share/dynamixel_sdk/hook/ld_library_path_lib.dsv'
[9.322s] INFO:colcon.colcon_core.shell:Creating environment hook '/home/csanimatronics/CS_Animatronics/install/dynamixel_sdk/share/dynamixel_sdk/hook/ld_library_path_lib.sh'
[9.323s] Level 1:colcon.colcon_core.environment:checking '/home/csanimatronics/CS_Animatronics/install/dynamixel_sdk/bin'
[9.323s] Level 1:colcon.colcon_core.environment:checking '/home/csanimatronics/CS_Animatronics/install/dynamixel_sdk/lib/pkgconfig/dynamixel_sdk.pc'
[9.323s] Level 1:colcon.colcon_core.environment:checking '/home/csanimatronics/CS_Animatronics/install/dynamixel_sdk/lib/python3.12/site-packages'
[9.324s] Level 1:colcon.colcon_core.environment:checking '/home/csanimatronics/CS_Animatronics/install/dynamixel_sdk/bin'
[9.324s] INFO:colcon.colcon_core.shell:Creating package script '/home/csanimatronics/CS_Animatronics/install/dynamixel_sdk/share/dynamixel_sdk/package.ps1'
[9.325s] INFO:colcon.colcon_core.shell:Creating package descriptor '/home/csanimatronics/CS_Animatronics/install/dynamixel_sdk/share/dynamixel_sdk/package.dsv'
[9.326s] INFO:colcon.colcon_core.shell:Creating package script '/home/csanimatronics/CS_Animatronics/install/dynamixel_sdk/share/dynamixel_sdk/package.sh'
[9.327s] INFO:colcon.colcon_core.shell:Creating package script '/home/csanimatronics/CS_Animatronics/install/dynamixel_sdk/share/dynamixel_sdk/package.bash'
[9.328s] INFO:colcon.colcon_core.shell:Creating package script '/home/csanimatronics/CS_Animatronics/install/dynamixel_sdk/share/dynamixel_sdk/package.zsh'
[9.329s] Level 1:colcon.colcon_core.environment:create_file_with_runtime_dependencies(/home/csanimatronics/CS_Animatronics/install/dynamixel_sdk/share/colcon-core/packages/dynamixel_sdk)
[9.331s] Level 1:colcon.colcon_core.environment:create_environment_scripts_only(dynamixel_sdk)
[9.331s] Level 1:colcon.colcon_core.environment:checking '/home/csanimatronics/CS_Animatronics/install/dynamixel_sdk' for CMake module files
[9.332s] Level 1:colcon.colcon_core.environment:checking '/home/csanimatronics/CS_Animatronics/install/dynamixel_sdk' for CMake config files
[9.336s] Level 1:colcon.colcon_core.shell:create_environment_hook('dynamixel_sdk', 'cmake_prefix_path')
[9.336s] INFO:colcon.colcon_core.shell:Creating environment hook '/home/csanimatronics/CS_Animatronics/install/dynamixel_sdk/share/dynamixel_sdk/hook/cmake_prefix_path.ps1'
[9.338s] INFO:colcon.colcon_core.shell:Creating environment descriptor '/home/csanimatronics/CS_Animatronics/install/dynamixel_sdk/share/dynamixel_sdk/hook/cmake_prefix_path.dsv'
[9.340s] INFO:colcon.colcon_core.shell:Creating environment hook '/home/csanimatronics/CS_Animatronics/install/dynamixel_sdk/share/dynamixel_sdk/hook/cmake_prefix_path.sh'
[9.345s] Level 1:colcon.colcon_core.environment:checking '/home/csanimatronics/CS_Animatronics/install/dynamixel_sdk/lib'
[9.345s] Level 1:colcon.colcon_core.shell:create_environment_hook('dynamixel_sdk', 'ld_library_path_lib')
[9.350s] INFO:colcon.colcon_core.shell:Creating environment hook '/home/csanimatronics/CS_Animatronics/install/dynamixel_sdk/share/dynamixel_sdk/hook/ld_library_path_lib.ps1'
[9.354s] INFO:colcon.colcon_core.shell:Creating environment descriptor '/home/csanimatronics/CS_Animatronics/install/dynamixel_sdk/share/dynamixel_sdk/hook/ld_library_path_lib.dsv'
[9.359s] INFO:colcon.colcon_core.shell:Creating environment hook '/home/csanimatronics/CS_Animatronics/install/dynamixel_sdk/share/dynamixel_sdk/hook/ld_library_path_lib.sh'
[9.364s] Level 1:colcon.colcon_core.environment:checking '/home/csanimatronics/CS_Animatronics/install/dynamixel_sdk/bin'
[9.364s] Level 1:colcon.colcon_core.environment:checking '/home/csanimatronics/CS_Animatronics/install/dynamixel_sdk/lib/pkgconfig/dynamixel_sdk.pc'
[9.364s] Level 1:colcon.colcon_core.environment:checking '/home/csanimatronics/CS_Animatronics/install/dynamixel_sdk/lib/python3.12/site-packages'
[9.367s] Level 1:colcon.colcon_core.environment:checking '/home/csanimatronics/CS_Animatronics/install/dynamixel_sdk/bin'
[9.377s] INFO:colcon.colcon_core.shell:Creating package script '/home/csanimatronics/CS_Animatronics/install/dynamixel_sdk/share/dynamixel_sdk/package.ps1'
[9.396s] INFO:colcon.colcon_core.shell:Creating package descriptor '/home/csanimatronics/CS_Animatronics/install/dynamixel_sdk/share/dynamixel_sdk/package.dsv'
[9.397s] INFO:colcon.colcon_core.shell:Creating package script '/home/csanimatronics/CS_Animatronics/install/dynamixel_sdk/share/dynamixel_sdk/package.sh'
[9.398s] INFO:colcon.colcon_core.shell:Creating package script '/home/csanimatronics/CS_Animatronics/install/dynamixel_sdk/share/dynamixel_sdk/package.bash'
[9.399s] INFO:colcon.colcon_core.shell:Creating package script '/home/csanimatronics/CS_Animatronics/install/dynamixel_sdk/share/dynamixel_sdk/package.zsh'
[9.399s] Level 1:colcon.colcon_core.environment:create_file_with_runtime_dependencies(/home/csanimatronics/CS_Animatronics/install/dynamixel_sdk/share/colcon-core/packages/dynamixel_sdk)
[10.269s] DEBUG:colcon.colcon_core.event_handler.log_command:Invoking command in '/home/csanimatronics/CS_Animatronics/src/imu_receiver': DEBUGINFOD_URLS=https://debuginfod.ubuntu.com PYTHONPATH=/home/csanimatronics/CS_Animatronics/build/imu_receiver/prefix_override:/usr/lib/python3/dist-packages/colcon_core/task/python/colcon_distutils_commands:/home/csanimatronics/CS_Animatronics/install/imu_receiver/lib/python3.12/site-packages:${PYTHONPATH} /usr/bin/python3 -W ignore:setup.py install is deprecated -W ignore:easy_install command is deprecated setup.py egg_info --egg-base ../../build/imu_receiver build --build-base /home/csanimatronics/CS_Animatronics/build/imu_receiver/build install --record /home/csanimatronics/CS_Animatronics/build/imu_receiver/install.log --single-version-externally-managed install_data
[11.361s] Level 1:colcon.colcon_core.environment:checking '/home/csanimatronics/CS_Animatronics/install/imu_receiver' for CMake module files
[11.362s] DEBUG:colcon.colcon_core.event_handler.log_command:Invoked command in '/home/csanimatronics/CS_Animatronics/src/imu_receiver' returned '0': DEBUGINFOD_URLS=https://debuginfod.ubuntu.com PYTHONPATH=/home/csanimatronics/CS_Animatronics/build/imu_receiver/prefix_override:/usr/lib/python3/dist-packages/colcon_core/task/python/colcon_distutils_commands:/home/csanimatronics/CS_Animatronics/install/imu_receiver/lib/python3.12/site-packages:${PYTHONPATH} /usr/bin/python3 -W ignore:setup.py install is deprecated -W ignore:easy_install command is deprecated setup.py egg_info --egg-base ../../build/imu_receiver build --build-base /home/csanimatronics/CS_Animatronics/build/imu_receiver/build install --record /home/csanimatronics/CS_Animatronics/build/imu_receiver/install.log --single-version-externally-managed install_data
[11.363s] Level 1:colcon.colcon_core.environment:checking '/home/csanimatronics/CS_Animatronics/install/imu_receiver' for CMake config files
[11.363s] Level 1:colcon.colcon_core.environment:checking '/home/csanimatronics/CS_Animatronics/install/imu_receiver/lib'
[11.364s] Level 1:colcon.colcon_core.environment:checking '/home/csanimatronics/CS_Animatronics/install/imu_receiver/bin'
[11.364s] Level 1:colcon.colcon_core.environment:checking '/home/csanimatronics/CS_Animatronics/install/imu_receiver/lib/pkgconfig/imu_receiver.pc'
[11.364s] Level 1:colcon.colcon_core.environment:checking '/home/csanimatronics/CS_Animatronics/install/imu_receiver/lib/python3.12/site-packages'
[11.364s] Level 1:colcon.colcon_core.shell:create_environment_hook('imu_receiver', 'pythonpath')
[11.365s] INFO:colcon.colcon_core.shell:Creating environment hook '/home/csanimatronics/CS_Animatronics/install/imu_receiver/share/imu_receiver/hook/pythonpath.ps1'
[11.365s] INFO:colcon.colcon_core.shell:Creating environment descriptor '/home/csanimatronics/CS_Animatronics/install/imu_receiver/share/imu_receiver/hook/pythonpath.dsv'
[11.366s] INFO:colcon.colcon_core.shell:Creating environment hook '/home/csanimatronics/CS_Animatronics/install/imu_receiver/share/imu_receiver/hook/pythonpath.sh'
[11.367s] Level 1:colcon.colcon_core.environment:checking '/home/csanimatronics/CS_Animatronics/install/imu_receiver/bin'
[11.367s] Level 1:colcon.colcon_core.environment:create_environment_scripts_only(imu_receiver)
[11.367s] INFO:colcon.colcon_core.shell:Creating package script '/home/csanimatronics/CS_Animatronics/install/imu_receiver/share/imu_receiver/package.ps1'
[11.368s] INFO:colcon.colcon_core.shell:Creating package descriptor '/home/csanimatronics/CS_Animatronics/install/imu_receiver/share/imu_receiver/package.dsv'
[11.370s] INFO:colcon.colcon_core.shell:Creating package script '/home/csanimatronics/CS_Animatronics/install/imu_receiver/share/imu_receiver/package.sh'
[11.371s] INFO:colcon.colcon_core.shell:Creating package script '/home/csanimatronics/CS_Animatronics/install/imu_receiver/share/imu_receiver/package.bash'
[11.371s] INFO:colcon.colcon_core.shell:Creating package script '/home/csanimatronics/CS_Animatronics/install/imu_receiver/share/imu_receiver/package.zsh'
[11.372s] Level 1:colcon.colcon_core.environment:create_file_with_runtime_dependencies(/home/csanimatronics/CS_Animatronics/install/imu_receiver/share/colcon-core/packages/imu_receiver)
[25.330s] DEBUG:colcon.colcon_core.event_handler.log_command:Invoked command in '/home/csanimatronics/CS_Animatronics/build/dynamixel_sdk_custom_interfaces' returned '0': CMAKE_PREFIX_PATH=${CMAKE_PREFIX_PATH}:/opt/ros/jazzy DEBUGINFOD_URLS=https://debuginfod.ubuntu.com /usr/bin/cmake --build /home/csanimatronics/CS_Animatronics/build/dynamixel_sdk_custom_interfaces -- -j4 -l4
[25.332s] DEBUG:colcon.colcon_core.event_handler.log_command:Invoking command in '/home/csanimatronics/CS_Animatronics/build/dynamixel_sdk_custom_interfaces': CMAKE_PREFIX_PATH=${CMAKE_PREFIX_PATH}:/opt/ros/jazzy DEBUGINFOD_URLS=https://debuginfod.ubuntu.com /usr/bin/cmake --install /home/csanimatronics/CS_Animatronics/build/dynamixel_sdk_custom_interfaces
[25.478s] Level 1:colcon.colcon_core.environment:create_environment_scripts_only(dynamixel_sdk_custom_interfaces)
[25.478s] Level 1:colcon.colcon_core.environment:checking '/home/csanimatronics/CS_Animatronics/install/dynamixel_sdk_custom_interfaces' for CMake module files
[25.479s] DEBUG:colcon.colcon_core.event_handler.log_command:Invoked command in '/home/csanimatronics/CS_Animatronics/build/dynamixel_sdk_custom_interfaces' returned '0': CMAKE_PREFIX_PATH=${CMAKE_PREFIX_PATH}:/opt/ros/jazzy DEBUGINFOD_URLS=https://debuginfod.ubuntu.com /usr/bin/cmake --install /home/csanimatronics/CS_Animatronics/build/dynamixel_sdk_custom_interfaces
[25.480s] Level 1:colcon.colcon_core.environment:checking '/home/csanimatronics/CS_Animatronics/install/dynamixel_sdk_custom_interfaces' for CMake config files
[25.480s] Level 1:colcon.colcon_core.shell:create_environment_hook('dynamixel_sdk_custom_interfaces', 'cmake_prefix_path')
[25.481s] INFO:colcon.colcon_core.shell:Creating environment hook '/home/csanimatronics/CS_Animatronics/install/dynamixel_sdk_custom_interfaces/share/dynamixel_sdk_custom_interfaces/hook/cmake_prefix_path.ps1'
[25.481s] INFO:colcon.colcon_core.shell:Creating environment descriptor '/home/csanimatronics/CS_Animatronics/install/dynamixel_sdk_custom_interfaces/share/dynamixel_sdk_custom_interfaces/hook/cmake_prefix_path.dsv'
[25.482s] INFO:colcon.colcon_core.shell:Creating environment hook '/home/csanimatronics/CS_Animatronics/install/dynamixel_sdk_custom_interfaces/share/dynamixel_sdk_custom_interfaces/hook/cmake_prefix_path.sh'
[25.483s] Level 1:colcon.colcon_core.environment:checking '/home/csanimatronics/CS_Animatronics/install/dynamixel_sdk_custom_interfaces/lib'
[25.483s] Level 1:colcon.colcon_core.shell:create_environment_hook('dynamixel_sdk_custom_interfaces', 'ld_library_path_lib')
[25.483s] INFO:colcon.colcon_core.shell:Creating environment hook '/home/csanimatronics/CS_Animatronics/install/dynamixel_sdk_custom_interfaces/share/dynamixel_sdk_custom_interfaces/hook/ld_library_path_lib.ps1'
[25.484s] INFO:colcon.colcon_core.shell:Creating environment descriptor '/home/csanimatronics/CS_Animatronics/install/dynamixel_sdk_custom_interfaces/share/dynamixel_sdk_custom_interfaces/hook/ld_library_path_lib.dsv'
[25.484s] INFO:colcon.colcon_core.shell:Creating environment hook '/home/csanimatronics/CS_Animatronics/install/dynamixel_sdk_custom_interfaces/share/dynamixel_sdk_custom_interfaces/hook/ld_library_path_lib.sh'
[25.485s] Level 1:colcon.colcon_core.environment:checking '/home/csanimatronics/CS_Animatronics/install/dynamixel_sdk_custom_interfaces/bin'
[25.485s] Level 1:colcon.colcon_core.environment:checking '/home/csanimatronics/CS_Animatronics/install/dynamixel_sdk_custom_interfaces/lib/pkgconfig/dynamixel_sdk_custom_interfaces.pc'
[25.485s] Level 1:colcon.colcon_core.environment:checking '/home/csanimatronics/CS_Animatronics/install/dynamixel_sdk_custom_interfaces/lib/python3.12/site-packages'
[25.485s] Level 1:colcon.colcon_core.shell:create_environment_hook('dynamixel_sdk_custom_interfaces', 'pythonpath')
[25.485s] INFO:colcon.colcon_core.shell:Creating environment hook '/home/csanimatronics/CS_Animatronics/install/dynamixel_sdk_custom_interfaces/share/dynamixel_sdk_custom_interfaces/hook/pythonpath.ps1'
[25.486s] INFO:colcon.colcon_core.shell:Creating environment descriptor '/home/csanimatronics/CS_Animatronics/install/dynamixel_sdk_custom_interfaces/share/dynamixel_sdk_custom_interfaces/hook/pythonpath.dsv'
[25.486s] INFO:colcon.colcon_core.shell:Creating environment hook '/home/csanimatronics/CS_Animatronics/install/dynamixel_sdk_custom_interfaces/share/dynamixel_sdk_custom_interfaces/hook/pythonpath.sh'
[25.487s] Level 1:colcon.colcon_core.environment:checking '/home/csanimatronics/CS_Animatronics/install/dynamixel_sdk_custom_interfaces/bin'
[25.488s] INFO:colcon.colcon_core.shell:Creating package script '/home/csanimatronics/CS_Animatronics/install/dynamixel_sdk_custom_interfaces/share/dynamixel_sdk_custom_interfaces/package.ps1'
[25.489s] INFO:colcon.colcon_core.shell:Creating package descriptor '/home/csanimatronics/CS_Animatronics/install/dynamixel_sdk_custom_interfaces/share/dynamixel_sdk_custom_interfaces/package.dsv'
[25.489s] INFO:colcon.colcon_core.shell:Creating package script '/home/csanimatronics/CS_Animatronics/install/dynamixel_sdk_custom_interfaces/share/dynamixel_sdk_custom_interfaces/package.sh'
[25.490s] INFO:colcon.colcon_core.shell:Creating package script '/home/csanimatronics/CS_Animatronics/install/dynamixel_sdk_custom_interfaces/share/dynamixel_sdk_custom_interfaces/package.bash'
[25.490s] INFO:colcon.colcon_core.shell:Creating package script '/home/csanimatronics/CS_Animatronics/install/dynamixel_sdk_custom_interfaces/share/dynamixel_sdk_custom_interfaces/package.zsh'
[25.491s] Level 1:colcon.colcon_core.environment:create_file_with_runtime_dependencies(/home/csanimatronics/CS_Animatronics/install/dynamixel_sdk_custom_interfaces/share/colcon-core/packages/dynamixel_sdk_custom_interfaces)
[25.492s] Level 1:colcon.colcon_core.environment:create_environment_scripts_only(dynamixel_sdk_custom_interfaces)
[25.492s] Level 1:colcon.colcon_core.environment:checking '/home/csanimatronics/CS_Animatronics/install/dynamixel_sdk_custom_interfaces' for CMake module files
[25.493s] Level 1:colcon.colcon_core.environment:checking '/home/csanimatronics/CS_Animatronics/install/dynamixel_sdk_custom_interfaces' for CMake config files
[25.493s] Level 1:colcon.colcon_core.shell:create_environment_hook('dynamixel_sdk_custom_interfaces', 'cmake_prefix_path')
[25.494s] INFO:colcon.colcon_core.shell:Creating environment hook '/home/csanimatronics/CS_Animatronics/install/dynamixel_sdk_custom_interfaces/share/dynamixel_sdk_custom_interfaces/hook/cmake_prefix_path.ps1'
[25.494s] INFO:colcon.colcon_core.shell:Creating environment descriptor '/home/csanimatronics/CS_Animatronics/install/dynamixel_sdk_custom_interfaces/share/dynamixel_sdk_custom_interfaces/hook/cmake_prefix_path.dsv'
[25.495s] INFO:colcon.colcon_core.shell:Creating environment hook '/home/csanimatronics/CS_Animatronics/install/dynamixel_sdk_custom_interfaces/share/dynamixel_sdk_custom_interfaces/hook/cmake_prefix_path.sh'
[25.496s] Level 1:colcon.colcon_core.environment:checking '/home/csanimatronics/CS_Animatronics/install/dynamixel_sdk_custom_interfaces/lib'
[25.496s] Level 1:colcon.colcon_core.shell:create_environment_hook('dynamixel_sdk_custom_interfaces', 'ld_library_path_lib')
[25.496s] INFO:colcon.colcon_core.shell:Creating environment hook '/home/csanimatronics/CS_Animatronics/install/dynamixel_sdk_custom_interfaces/share/dynamixel_sdk_custom_interfaces/hook/ld_library_path_lib.ps1'
[25.497s] INFO:colcon.colcon_core.shell:Creating environment descriptor '/home/csanimatronics/CS_Animatronics/install/dynamixel_sdk_custom_interfaces/share/dynamixel_sdk_custom_interfaces/hook/ld_library_path_lib.dsv'
[25.498s] INFO:colcon.colcon_core.shell:Creating environment hook '/home/csanimatronics/CS_Animatronics/install/dynamixel_sdk_custom_interfaces/share/dynamixel_sdk_custom_interfaces/hook/ld_library_path_lib.sh'
[25.498s] Level 1:colcon.colcon_core.environment:checking '/home/csanimatronics/CS_Animatronics/install/dynamixel_sdk_custom_interfaces/bin'
[25.498s] Level 1:colcon.colcon_core.environment:checking '/home/csanimatronics/CS_Animatronics/install/dynamixel_sdk_custom_interfaces/lib/pkgconfig/dynamixel_sdk_custom_interfaces.pc'
[25.499s] Level 1:colcon.colcon_core.environment:checking '/home/csanimatronics/CS_Animatronics/install/dynamixel_sdk_custom_interfaces/lib/python3.12/site-packages'
[25.499s] Level 1:colcon.colcon_core.shell:create_environment_hook('dynamixel_sdk_custom_interfaces', 'pythonpath')
[25.499s] INFO:colcon.colcon_core.shell:Creating environment hook '/home/csanimatronics/CS_Animatronics/install/dynamixel_sdk_custom_interfaces/share/dynamixel_sdk_custom_interfaces/hook/pythonpath.ps1'
[25.500s] INFO:colcon.colcon_core.shell:Creating environment descriptor '/home/csanimatronics/CS_Animatronics/install/dynamixel_sdk_custom_interfaces/share/dynamixel_sdk_custom_interfaces/hook/pythonpath.dsv'
[25.500s] INFO:colcon.colcon_core.shell:Creating environment hook '/home/csanimatronics/CS_Animatronics/install/dynamixel_sdk_custom_interfaces/share/dynamixel_sdk_custom_interfaces/hook/pythonpath.sh'
[25.501s] Level 1:colcon.colcon_core.environment:checking '/home/csanimatronics/CS_Animatronics/install/dynamixel_sdk_custom_interfaces/bin'
[25.501s] INFO:colcon.colcon_core.shell:Creating package script '/home/csanimatronics/CS_Animatronics/install/dynamixel_sdk_custom_interfaces/share/dynamixel_sdk_custom_interfaces/package.ps1'
[25.502s] INFO:colcon.colcon_core.shell:Creating package descriptor '/home/csanimatronics/CS_Animatronics/install/dynamixel_sdk_custom_interfaces/share/dynamixel_sdk_custom_interfaces/package.dsv'
[25.506s] INFO:colcon.colcon_core.shell:Creating package script '/home/csanimatronics/CS_Animatronics/install/dynamixel_sdk_custom_interfaces/share/dynamixel_sdk_custom_interfaces/package.sh'
[25.508s] INFO:colcon.colcon_core.shell:Creating package script '/home/csanimatronics/CS_Animatronics/install/dynamixel_sdk_custom_interfaces/share/dynamixel_sdk_custom_interfaces/package.bash'
[25.510s] INFO:colcon.colcon_core.shell:Creating package script '/home/csanimatronics/CS_Animatronics/install/dynamixel_sdk_custom_interfaces/share/dynamixel_sdk_custom_interfaces/package.zsh'
[25.511s] Level 1:colcon.colcon_core.environment:create_file_with_runtime_dependencies(/home/csanimatronics/CS_Animatronics/install/dynamixel_sdk_custom_interfaces/share/colcon-core/packages/dynamixel_sdk_custom_interfaces)
[26.869s] DEBUG:colcon.colcon_core.event_handler.log_command:Invoked command in '/home/csanimatronics/CS_Animatronics/build/motor_commands' returned '0': CMAKE_PREFIX_PATH=${CMAKE_PREFIX_PATH}:/opt/ros/jazzy DEBUGINFOD_URLS=https://debuginfod.ubuntu.com /usr/bin/cmake --build /home/csanimatronics/CS_Animatronics/build/motor_commands -- -j4 -l4
[26.871s] DEBUG:colcon.colcon_core.event_handler.log_command:Invoking command in '/home/csanimatronics/CS_Animatronics/build/motor_commands': CMAKE_PREFIX_PATH=${CMAKE_PREFIX_PATH}:/opt/ros/jazzy DEBUGINFOD_URLS=https://debuginfod.ubuntu.com /usr/bin/cmake --install /home/csanimatronics/CS_Animatronics/build/motor_commands
[27.001s] Level 1:colcon.colcon_core.environment:create_environment_scripts_only(motor_commands)
[27.002s] Level 1:colcon.colcon_core.environment:checking '/home/csanimatronics/CS_Animatronics/install/motor_commands' for CMake module files
[27.002s] DEBUG:colcon.colcon_core.event_handler.log_command:Invoked command in '/home/csanimatronics/CS_Animatronics/build/motor_commands' returned '0': CMAKE_PREFIX_PATH=${CMAKE_PREFIX_PATH}:/opt/ros/jazzy DEBUGINFOD_URLS=https://debuginfod.ubuntu.com /usr/bin/cmake --install /home/csanimatronics/CS_Animatronics/build/motor_commands
[27.003s] Level 1:colcon.colcon_core.environment:checking '/home/csanimatronics/CS_Animatronics/install/motor_commands' for CMake config files
[27.004s] Level 1:colcon.colcon_core.shell:create_environment_hook('motor_commands', 'cmake_prefix_path')
[27.004s] INFO:colcon.colcon_core.shell:Creating environment hook '/home/csanimatronics/CS_Animatronics/install/motor_commands/share/motor_commands/hook/cmake_prefix_path.ps1'
[27.005s] INFO:colcon.colcon_core.shell:Creating environment descriptor '/home/csanimatronics/CS_Animatronics/install/motor_commands/share/motor_commands/hook/cmake_prefix_path.dsv'
[27.005s] INFO:colcon.colcon_core.shell:Creating environment hook '/home/csanimatronics/CS_Animatronics/install/motor_commands/share/motor_commands/hook/cmake_prefix_path.sh'
[27.006s] Level 1:colcon.colcon_core.environment:checking '/home/csanimatronics/CS_Animatronics/install/motor_commands/lib'
[27.006s] Level 1:colcon.colcon_core.shell:create_environment_hook('motor_commands', 'ld_library_path_lib')
[27.006s] INFO:colcon.colcon_core.shell:Creating environment hook '/home/csanimatronics/CS_Animatronics/install/motor_commands/share/motor_commands/hook/ld_library_path_lib.ps1'
[27.008s] INFO:colcon.colcon_core.shell:Creating environment descriptor '/home/csanimatronics/CS_Animatronics/install/motor_commands/share/motor_commands/hook/ld_library_path_lib.dsv'
[27.009s] INFO:colcon.colcon_core.shell:Creating environment hook '/home/csanimatronics/CS_Animatronics/install/motor_commands/share/motor_commands/hook/ld_library_path_lib.sh'
[27.010s] Level 1:colcon.colcon_core.environment:checking '/home/csanimatronics/CS_Animatronics/install/motor_commands/bin'
[27.011s] Level 1:colcon.colcon_core.environment:checking '/home/csanimatronics/CS_Animatronics/install/motor_commands/lib/pkgconfig/motor_commands.pc'
[27.011s] Level 1:colcon.colcon_core.environment:checking '/home/csanimatronics/CS_Animatronics/install/motor_commands/lib/python3.12/site-packages'
[27.012s] Level 1:colcon.colcon_core.shell:create_environment_hook('motor_commands', 'pythonpath')
[27.012s] INFO:colcon.colcon_core.shell:Creating environment hook '/home/csanimatronics/CS_Animatronics/install/motor_commands/share/motor_commands/hook/pythonpath.ps1'
[27.013s] INFO:colcon.colcon_core.shell:Creating environment descriptor '/home/csanimatronics/CS_Animatronics/install/motor_commands/share/motor_commands/hook/pythonpath.dsv'
[27.014s] INFO:colcon.colcon_core.shell:Creating environment hook '/home/csanimatronics/CS_Animatronics/install/motor_commands/share/motor_commands/hook/pythonpath.sh'
[27.015s] Level 1:colcon.colcon_core.environment:checking '/home/csanimatronics/CS_Animatronics/install/motor_commands/bin'
[27.015s] INFO:colcon.colcon_core.shell:Creating package script '/home/csanimatronics/CS_Animatronics/install/motor_commands/share/motor_commands/package.ps1'
[27.016s] INFO:colcon.colcon_core.shell:Creating package descriptor '/home/csanimatronics/CS_Animatronics/install/motor_commands/share/motor_commands/package.dsv'
[27.017s] INFO:colcon.colcon_core.shell:Creating package script '/home/csanimatronics/CS_Animatronics/install/motor_commands/share/motor_commands/package.sh'
[27.018s] INFO:colcon.colcon_core.shell:Creating package script '/home/csanimatronics/CS_Animatronics/install/motor_commands/share/motor_commands/package.bash'
[27.018s] INFO:colcon.colcon_core.shell:Creating package script '/home/csanimatronics/CS_Animatronics/install/motor_commands/share/motor_commands/package.zsh'
[27.018s] Level 1:colcon.colcon_core.environment:create_file_with_runtime_dependencies(/home/csanimatronics/CS_Animatronics/install/motor_commands/share/colcon-core/packages/motor_commands)
[27.019s] Level 1:colcon.colcon_core.environment:create_environment_scripts_only(motor_commands)
[27.019s] Level 1:colcon.colcon_core.environment:checking '/home/csanimatronics/CS_Animatronics/install/motor_commands' for CMake module files
[27.020s] Level 1:colcon.colcon_core.environment:checking '/home/csanimatronics/CS_Animatronics/install/motor_commands' for CMake config files
[27.021s] Level 1:colcon.colcon_core.shell:create_environment_hook('motor_commands', 'cmake_prefix_path')
[27.021s] INFO:colcon.colcon_core.shell:Creating environment hook '/home/csanimatronics/CS_Animatronics/install/motor_commands/share/motor_commands/hook/cmake_prefix_path.ps1'
[27.022s] INFO:colcon.colcon_core.shell:Creating environment descriptor '/home/csanimatronics/CS_Animatronics/install/motor_commands/share/motor_commands/hook/cmake_prefix_path.dsv'
[27.022s] INFO:colcon.colcon_core.shell:Creating environment hook '/home/csanimatronics/CS_Animatronics/install/motor_commands/share/motor_commands/hook/cmake_prefix_path.sh'
[27.023s] Level 1:colcon.colcon_core.environment:checking '/home/csanimatronics/CS_Animatronics/install/motor_commands/lib'
[27.023s] Level 1:colcon.colcon_core.shell:create_environment_hook('motor_commands', 'ld_library_path_lib')
[27.023s] INFO:colcon.colcon_core.shell:Creating environment hook '/home/csanimatronics/CS_Animatronics/install/motor_commands/share/motor_commands/hook/ld_library_path_lib.ps1'
[27.023s] INFO:colcon.colcon_core.shell:Creating environment descriptor '/home/csanimatronics/CS_Animatronics/install/motor_commands/share/motor_commands/hook/ld_library_path_lib.dsv'
[27.024s] INFO:colcon.colcon_core.shell:Creating environment hook '/home/csanimatronics/CS_Animatronics/install/motor_commands/share/motor_commands/hook/ld_library_path_lib.sh'
[27.024s] Level 1:colcon.colcon_core.environment:checking '/home/csanimatronics/CS_Animatronics/install/motor_commands/bin'
[27.024s] Level 1:colcon.colcon_core.environment:checking '/home/csanimatronics/CS_Animatronics/install/motor_commands/lib/pkgconfig/motor_commands.pc'
[27.025s] Level 1:colcon.colcon_core.environment:checking '/home/csanimatronics/CS_Animatronics/install/motor_commands/lib/python3.12/site-packages'
[27.025s] Level 1:colcon.colcon_core.shell:create_environment_hook('motor_commands', 'pythonpath')
[27.025s] INFO:colcon.colcon_core.shell:Creating environment hook '/home/csanimatronics/CS_Animatronics/install/motor_commands/share/motor_commands/hook/pythonpath.ps1'
[27.026s] INFO:colcon.colcon_core.shell:Creating environment descriptor '/home/csanimatronics/CS_Animatronics/install/motor_commands/share/motor_commands/hook/pythonpath.dsv'
[27.026s] INFO:colcon.colcon_core.shell:Creating environment hook '/home/csanimatronics/CS_Animatronics/install/motor_commands/share/motor_commands/hook/pythonpath.sh'
[27.027s] Level 1:colcon.colcon_core.environment:checking '/home/csanimatronics/CS_Animatronics/install/motor_commands/bin'
[27.027s] INFO:colcon.colcon_core.shell:Creating package script '/home/csanimatronics/CS_Animatronics/install/motor_commands/share/motor_commands/package.ps1'
[27.028s] INFO:colcon.colcon_core.shell:Creating package descriptor '/home/csanimatronics/CS_Animatronics/install/motor_commands/share/motor_commands/package.dsv'
[27.028s] INFO:colcon.colcon_core.shell:Creating package script '/home/csanimatronics/CS_Animatronics/install/motor_commands/share/motor_commands/package.sh'
[27.029s] INFO:colcon.colcon_core.shell:Creating package script '/home/csanimatronics/CS_Animatronics/install/motor_commands/share/motor_commands/package.bash'
[27.029s] INFO:colcon.colcon_core.shell:Creating package script '/home/csanimatronics/CS_Animatronics/install/motor_commands/share/motor_commands/package.zsh'
[27.030s] Level 1:colcon.colcon_core.environment:create_file_with_runtime_dependencies(/home/csanimatronics/CS_Animatronics/install/motor_commands/share/colcon-core/packages/motor_commands)
[27.030s] INFO:colcon.colcon_ros.task.ament_python.build:Building ROS package in '/home/csanimatronics/CS_Animatronics/src/motion_editor' with build type 'ament_python'
[27.030s] Level 1:colcon.colcon_core.shell:create_environment_hook('motion_editor', 'ament_prefix_path')
[27.030s] INFO:colcon.colcon_core.shell:Creating environment hook '/home/csanimatronics/CS_Animatronics/install/motion_editor/share/motion_editor/hook/ament_prefix_path.ps1'
[27.032s] INFO:colcon.colcon_core.shell:Creating environment descriptor '/home/csanimatronics/CS_Animatronics/install/motion_editor/share/motion_editor/hook/ament_prefix_path.dsv'
[27.034s] INFO:colcon.colcon_core.shell:Creating environment hook '/home/csanimatronics/CS_Animatronics/install/motion_editor/share/motion_editor/hook/ament_prefix_path.sh'
[27.036s] INFO:colcon.colcon_core.shell:Skip shell extension 'powershell' for command environment: Not usable outside of PowerShell
[27.036s] DEBUG:colcon.colcon_core.shell:Skip shell extension 'dsv' for command environment
[27.040s] INFO:colcon.colcon_ros.task.ament_python.build:Building ROS package in '/home/csanimatronics/CS_Animatronics/src/motor_controller' with build type 'ament_python'
[27.041s] Level 1:colcon.colcon_core.shell:create_environment_hook('motor_controller', 'ament_prefix_path')
[27.041s] INFO:colcon.colcon_core.shell:Creating environment hook '/home/csanimatronics/CS_Animatronics/install/motor_controller/share/motor_controller/hook/ament_prefix_path.ps1'
[27.042s] INFO:colcon.colcon_core.shell:Creating environment descriptor '/home/csanimatronics/CS_Animatronics/install/motor_controller/share/motor_controller/hook/ament_prefix_path.dsv'
[27.043s] INFO:colcon.colcon_core.shell:Creating environment hook '/home/csanimatronics/CS_Animatronics/install/motor_controller/share/motor_controller/hook/ament_prefix_path.sh'
[27.044s] INFO:colcon.colcon_core.shell:Skip shell extension 'powershell' for command environment: Not usable outside of PowerShell
[27.044s] DEBUG:colcon.colcon_core.shell:Skip shell extension 'dsv' for command environment
[27.051s] INFO:colcon.colcon_ros.task.ament_python.build:Building ROS package in '/home/csanimatronics/CS_Animatronics/src/system_controller' with build type 'ament_python'
[27.051s] Level 1:colcon.colcon_core.shell:create_environment_hook('system_controller', 'ament_prefix_path')
[27.052s] INFO:colcon.colcon_core.shell:Creating environment hook '/home/csanimatronics/CS_Animatronics/install/system_controller/share/system_controller/hook/ament_prefix_path.ps1'
[27.055s] INFO:colcon.colcon_core.shell:Creating environment descriptor '/home/csanimatronics/CS_Animatronics/install/system_controller/share/system_controller/hook/ament_prefix_path.dsv'
[27.056s] INFO:colcon.colcon_core.shell:Creating environment hook '/home/csanimatronics/CS_Animatronics/install/system_controller/share/system_controller/hook/ament_prefix_path.sh'
[27.057s] INFO:colcon.colcon_core.shell:Skip shell extension 'powershell' for command environment: Not usable outside of PowerShell
[27.057s] DEBUG:colcon.colcon_core.shell:Skip shell extension 'dsv' for command environment
[27.417s] INFO:colcon.colcon_core.task.python.build:Building Python package in '/home/csanimatronics/CS_Animatronics/src/motion_editor'
[27.417s] INFO:colcon.colcon_core.shell:Skip shell extension 'powershell' for command environment: Not usable outside of PowerShell
[27.417s] DEBUG:colcon.colcon_core.shell:Skip shell extension 'dsv' for command environment
[27.757s] INFO:colcon.colcon_core.task.python.build:Building Python package in '/home/csanimatronics/CS_Animatronics/src/motor_controller'
[27.758s] INFO:colcon.colcon_core.shell:Skip shell extension 'powershell' for command environment: Not usable outside of PowerShell
[27.758s] DEBUG:colcon.colcon_core.shell:Skip shell extension 'dsv' for command environment
[28.091s] INFO:colcon.colcon_core.task.python.build:Building Python package in '/home/csanimatronics/CS_Animatronics/src/system_controller'
[28.091s] INFO:colcon.colcon_core.shell:Skip shell extension 'powershell' for command environment: Not usable outside of PowerShell
[28.091s] DEBUG:colcon.colcon_core.shell:Skip shell extension 'dsv' for command environment
[29.167s] DEBUG:colcon.colcon_core.event_handler.log_command:Invoking command in '/home/csanimatronics/CS_Animatronics/src/motion_editor': AMENT_PREFIX_PATH=/home/csanimatronics/CS_Animatronics/install/motor_commands:${AMENT_PREFIX_PATH} CMAKE_PREFIX_PATH=/home/csanimatronics/CS_Animatronics/install/motor_commands:${CMAKE_PREFIX_PATH} DEBUGINFOD_URLS=https://debuginfod.ubuntu.com LD_LIBRARY_PATH=/home/csanimatronics/CS_Animatronics/install/motor_commands/lib:${LD_LIBRARY_PATH} PYTHONPATH=/home/csanimatronics/CS_Animatronics/build/motion_editor/prefix_override:/usr/lib/python3/dist-packages/colcon_core/task/python/colcon_distutils_commands:/home/csanimatronics/CS_Animatronics/install/motion_editor/lib/python3.12/site-packages:/home/csanimatronics/CS_Animatronics/install/motor_commands/lib/python3.12/site-packages:${PYTHONPATH} /usr/bin/python3 -W ignore:setup.py install is deprecated -W ignore:easy_install command is deprecated setup.py egg_info --egg-base ../../build/motion_editor build --build-base /home/csanimatronics/CS_Animatronics/build/motion_editor/build install --record /home/csanimatronics/CS_Animatronics/build/motion_editor/install.log --single-version-externally-managed install_data
[29.192s] DEBUG:colcon.colcon_core.event_handler.log_command:Invoking command in '/home/csanimatronics/CS_Animatronics/src/motor_controller': AMENT_PREFIX_PATH=/home/csanimatronics/CS_Animatronics/install/motor_commands:/home/csanimatronics/CS_Animatronics/install/dynamixel_sdk_custom_interfaces:/home/csanimatronics/CS_Animatronics/install/dynamixel_sdk:${AMENT_PREFIX_PATH} CMAKE_PREFIX_PATH=/home/csanimatronics/CS_Animatronics/install/motor_commands:/home/csanimatronics/CS_Animatronics/install/dynamixel_sdk_custom_interfaces:/home/csanimatronics/CS_Animatronics/install/dynamixel_sdk:${CMAKE_PREFIX_PATH} DEBUGINFOD_URLS=https://debuginfod.ubuntu.com LD_LIBRARY_PATH=/home/csanimatronics/CS_Animatronics/install/motor_commands/lib:/home/csanimatronics/CS_Animatronics/install/dynamixel_sdk_custom_interfaces/lib:/home/csanimatronics/CS_Animatronics/install/dynamixel_sdk/lib:${LD_LIBRARY_PATH} PYTHONPATH=/home/csanimatronics/CS_Animatronics/build/motor_controller/prefix_override:/usr/lib/python3/dist-packages/colcon_core/task/python/colcon_distutils_commands:/home/csanimatronics/CS_Animatronics/install/motor_controller/lib/python3.12/site-packages:/home/csanimatronics/CS_Animatronics/install/motor_commands/lib/python3.12/site-packages:/home/csanimatronics/CS_Animatronics/install/dynamixel_sdk_custom_interfaces/lib/python3.12/site-packages:${PYTHONPATH} /usr/bin/python3 -W ignore:setup.py install is deprecated -W ignore:easy_install command is deprecated setup.py egg_info --egg-base ../../build/motor_controller build --build-base /home/csanimatronics/CS_Animatronics/build/motor_controller/build install --record /home/csanimatronics/CS_Animatronics/build/motor_controller/install.log --single-version-externally-managed install_data
[29.194s] DEBUG:colcon.colcon_core.event_handler.log_command:Invoking command in '/home/csanimatronics/CS_Animatronics/src/system_controller': AMENT_PREFIX_PATH=/home/csanimatronics/CS_Animatronics/install/motor_commands:${AMENT_PREFIX_PATH} CMAKE_PREFIX_PATH=/home/csanimatronics/CS_Animatronics/install/motor_commands:${CMAKE_PREFIX_PATH} DEBUGINFOD_URLS=https://debuginfod.ubuntu.com LD_LIBRARY_PATH=/home/csanimatronics/CS_Animatronics/install/motor_commands/lib:${LD_LIBRARY_PATH} PYTHONPATH=/home/csanimatronics/CS_Animatronics/build/system_controller/prefix_override:/usr/lib/python3/dist-packages/colcon_core/task/python/colcon_distutils_commands:/home/csanimatronics/CS_Animatronics/install/system_controller/lib/python3.12/site-packages:/home/csanimatronics/CS_Animatronics/install/motor_commands/lib/python3.12/site-packages:${PYTHONPATH} /usr/bin/python3 -W ignore:setup.py install is deprecated -W ignore:easy_install command is deprecated setup.py egg_info --egg-base ../../build/system_controller build --build-base /home/csanimatronics/CS_Animatronics/build/system_controller/build install --record /home/csanimatronics/CS_Animatronics/build/system_controller/install.log --single-version-externally-managed install_data
[30.138s] Level 1:colcon.colcon_core.environment:checking '/home/csanimatronics/CS_Animatronics/install/motion_editor' for CMake module files
[30.139s] Level 1:colcon.colcon_core.environment:checking '/home/csanimatronics/CS_Animatronics/install/motion_editor' for CMake config files
[30.140s] DEBUG:colcon.colcon_core.event_handler.log_command:Invoked command in '/home/csanimatronics/CS_Animatronics/src/motion_editor' returned '0': AMENT_PREFIX_PATH=/home/csanimatronics/CS_Animatronics/install/motor_commands:${AMENT_PREFIX_PATH} CMAKE_PREFIX_PATH=/home/csanimatronics/CS_Animatronics/install/motor_commands:${CMAKE_PREFIX_PATH} DEBUGINFOD_URLS=https://debuginfod.ubuntu.com LD_LIBRARY_PATH=/home/csanimatronics/CS_Animatronics/install/motor_commands/lib:${LD_LIBRARY_PATH} PYTHONPATH=/home/csanimatronics/CS_Animatronics/build/motion_editor/prefix_override:/usr/lib/python3/dist-packages/colcon_core/task/python/colcon_distutils_commands:/home/csanimatronics/CS_Animatronics/install/motion_editor/lib/python3.12/site-packages:/home/csanimatronics/CS_Animatronics/install/motor_commands/lib/python3.12/site-packages:${PYTHONPATH} /usr/bin/python3 -W ignore:setup.py install is deprecated -W ignore:easy_install command is deprecated setup.py egg_info --egg-base ../../build/motion_editor build --build-base /home/csanimatronics/CS_Animatronics/build/motion_editor/build install --record /home/csanimatronics/CS_Animatronics/build/motion_editor/install.log --single-version-externally-managed install_data
[30.141s] Level 1:colcon.colcon_core.environment:checking '/home/csanimatronics/CS_Animatronics/install/motion_editor/lib'
[30.141s] Level 1:colcon.colcon_core.environment:checking '/home/csanimatronics/CS_Animatronics/install/motion_editor/bin'
[30.141s] Level 1:colcon.colcon_core.environment:checking '/home/csanimatronics/CS_Animatronics/install/motion_editor/lib/pkgconfig/motion_editor.pc'
[30.141s] Level 1:colcon.colcon_core.environment:checking '/home/csanimatronics/CS_Animatronics/install/motion_editor/lib/python3.12/site-packages'
[30.142s] Level 1:colcon.colcon_core.shell:create_environment_hook('motion_editor', 'pythonpath')
[30.142s] INFO:colcon.colcon_core.shell:Creating environment hook '/home/csanimatronics/CS_Animatronics/install/motion_editor/share/motion_editor/hook/pythonpath.ps1'
[30.144s] INFO:colcon.colcon_core.shell:Creating environment descriptor '/home/csanimatronics/CS_Animatronics/install/motion_editor/share/motion_editor/hook/pythonpath.dsv'
[30.145s] INFO:colcon.colcon_core.shell:Creating environment hook '/home/csanimatronics/CS_Animatronics/install/motion_editor/share/motion_editor/hook/pythonpath.sh'
[30.146s] Level 1:colcon.colcon_core.environment:checking '/home/csanimatronics/CS_Animatronics/install/motion_editor/bin'
[30.147s] Level 1:colcon.colcon_core.environment:create_environment_scripts_only(motion_editor)
[30.147s] INFO:colcon.colcon_core.shell:Creating package script '/home/csanimatronics/CS_Animatronics/install/motion_editor/share/motion_editor/package.ps1'
[30.148s] INFO:colcon.colcon_core.shell:Creating package descriptor '/home/csanimatronics/CS_Animatronics/install/motion_editor/share/motion_editor/package.dsv'
[30.149s] INFO:colcon.colcon_core.shell:Creating package script '/home/csanimatronics/CS_Animatronics/install/motion_editor/share/motion_editor/package.sh'
[30.150s] INFO:colcon.colcon_core.shell:Creating package script '/home/csanimatronics/CS_Animatronics/install/motion_editor/share/motion_editor/package.bash'
[30.151s] INFO:colcon.colcon_core.shell:Creating package script '/home/csanimatronics/CS_Animatronics/install/motion_editor/share/motion_editor/package.zsh'
[30.151s] Level 1:colcon.colcon_core.environment:create_file_with_runtime_dependencies(/home/csanimatronics/CS_Animatronics/install/motion_editor/share/colcon-core/packages/motion_editor)
[30.155s] Level 1:colcon.colcon_core.environment:checking '/home/csanimatronics/CS_Animatronics/install/motor_controller' for CMake module files
[30.156s] DEBUG:colcon.colcon_core.event_handler.log_command:Invoked command in '/home/csanimatronics/CS_Animatronics/src/motor_controller' returned '0': AMENT_PREFIX_PATH=/home/csanimatronics/CS_Animatronics/install/motor_commands:/home/csanimatronics/CS_Animatronics/install/dynamixel_sdk_custom_interfaces:/home/csanimatronics/CS_Animatronics/install/dynamixel_sdk:${AMENT_PREFIX_PATH} CMAKE_PREFIX_PATH=/home/csanimatronics/CS_Animatronics/install/motor_commands:/home/csanimatronics/CS_Animatronics/install/dynamixel_sdk_custom_interfaces:/home/csanimatronics/CS_Animatronics/install/dynamixel_sdk:${CMAKE_PREFIX_PATH} DEBUGINFOD_URLS=https://debuginfod.ubuntu.com LD_LIBRARY_PATH=/home/csanimatronics/CS_Animatronics/install/motor_commands/lib:/home/csanimatronics/CS_Animatronics/install/dynamixel_sdk_custom_interfaces/lib:/home/csanimatronics/CS_Animatronics/install/dynamixel_sdk/lib:${LD_LIBRARY_PATH} PYTHONPATH=/home/csanimatronics/CS_Animatronics/build/motor_controller/prefix_override:/usr/lib/python3/dist-packages/colcon_core/task/python/colcon_distutils_commands:/home/csanimatronics/CS_Animatronics/install/motor_controller/lib/python3.12/site-packages:/home/csanimatronics/CS_Animatronics/install/motor_commands/lib/python3.12/site-packages:/home/csanimatronics/CS_Animatronics/install/dynamixel_sdk_custom_interfaces/lib/python3.12/site-packages:${PYTHONPATH} /usr/bin/python3 -W ignore:setup.py install is deprecated -W ignore:easy_install command is deprecated setup.py egg_info --egg-base ../../build/motor_controller build --build-base /home/csanimatronics/CS_Animatronics/build/motor_controller/build install --record /home/csanimatronics/CS_Animatronics/build/motor_controller/install.log --single-version-externally-managed install_data
[30.158s] Level 1:colcon.colcon_core.environment:checking '/home/csanimatronics/CS_Animatronics/install/motor_controller' for CMake config files
[30.160s] Level 1:colcon.colcon_core.environment:checking '/home/csanimatronics/CS_Animatronics/install/motor_controller/lib'
[30.160s] Level 1:colcon.colcon_core.environment:checking '/home/csanimatronics/CS_Animatronics/install/motor_controller/bin'
[30.161s] Level 1:colcon.colcon_core.environment:checking '/home/csanimatronics/CS_Animatronics/install/motor_controller/lib/pkgconfig/motor_controller.pc'
[30.161s] Level 1:colcon.colcon_core.environment:checking '/home/csanimatronics/CS_Animatronics/install/motor_controller/lib/python3.12/site-packages'
[30.161s] Level 1:colcon.colcon_core.shell:create_environment_hook('motor_controller', 'pythonpath')
[30.161s] INFO:colcon.colcon_core.shell:Creating environment hook '/home/csanimatronics/CS_Animatronics/install/motor_controller/share/motor_controller/hook/pythonpath.ps1'
[30.162s] INFO:colcon.colcon_core.shell:Creating environment descriptor '/home/csanimatronics/CS_Animatronics/install/motor_controller/share/motor_controller/hook/pythonpath.dsv'
[30.163s] INFO:colcon.colcon_core.shell:Creating environment hook '/home/csanimatronics/CS_Animatronics/install/motor_controller/share/motor_controller/hook/pythonpath.sh'
[30.164s] Level 1:colcon.colcon_core.environment:checking '/home/csanimatronics/CS_Animatronics/install/motor_controller/bin'
[30.164s] Level 1:colcon.colcon_core.environment:create_environment_scripts_only(motor_controller)
[30.165s] INFO:colcon.colcon_core.shell:Creating package script '/home/csanimatronics/CS_Animatronics/install/motor_controller/share/motor_controller/package.ps1'
[30.166s] INFO:colcon.colcon_core.shell:Creating package descriptor '/home/csanimatronics/CS_Animatronics/install/motor_controller/share/motor_controller/package.dsv'
[30.166s] INFO:colcon.colcon_core.shell:Creating package script '/home/csanimatronics/CS_Animatronics/install/motor_controller/share/motor_controller/package.sh'
[30.167s] INFO:colcon.colcon_core.shell:Creating package script '/home/csanimatronics/CS_Animatronics/install/motor_controller/share/motor_controller/package.bash'
[30.167s] INFO:colcon.colcon_core.shell:Creating package script '/home/csanimatronics/CS_Animatronics/install/motor_controller/share/motor_controller/package.zsh'
[30.168s] Level 1:colcon.colcon_core.environment:create_file_with_runtime_dependencies(/home/csanimatronics/CS_Animatronics/install/motor_controller/share/colcon-core/packages/motor_controller)
[30.204s] Level 1:colcon.colcon_core.environment:checking '/home/csanimatronics/CS_Animatronics/install/system_controller' for CMake module files
[30.205s] DEBUG:colcon.colcon_core.event_handler.log_command:Invoked command in '/home/csanimatronics/CS_Animatronics/src/system_controller' returned '0': AMENT_PREFIX_PATH=/home/csanimatronics/CS_Animatronics/install/motor_commands:${AMENT_PREFIX_PATH} CMAKE_PREFIX_PATH=/home/csanimatronics/CS_Animatronics/install/motor_commands:${CMAKE_PREFIX_PATH} DEBUGINFOD_URLS=https://debuginfod.ubuntu.com LD_LIBRARY_PATH=/home/csanimatronics/CS_Animatronics/install/motor_commands/lib:${LD_LIBRARY_PATH} PYTHONPATH=/home/csanimatronics/CS_Animatronics/build/system_controller/prefix_override:/usr/lib/python3/dist-packages/colcon_core/task/python/colcon_distutils_commands:/home/csanimatronics/CS_Animatronics/install/system_controller/lib/python3.12/site-packages:/home/csanimatronics/CS_Animatronics/install/motor_commands/lib/python3.12/site-packages:${PYTHONPATH} /usr/bin/python3 -W ignore:setup.py install is deprecated -W ignore:easy_install command is deprecated setup.py egg_info --egg-base ../../build/system_controller build --build-base /home/csanimatronics/CS_Animatronics/build/system_controller/build install --record /home/csanimatronics/CS_Animatronics/build/system_controller/install.log --single-version-externally-managed install_data
[30.206s] Level 1:colcon.colcon_core.environment:checking '/home/csanimatronics/CS_Animatronics/install/system_controller' for CMake config files
[30.207s] Level 1:colcon.colcon_core.environment:checking '/home/csanimatronics/CS_Animatronics/install/system_controller/lib'
[30.207s] Level 1:colcon.colcon_core.environment:checking '/home/csanimatronics/CS_Animatronics/install/system_controller/bin'
[30.207s] Level 1:colcon.colcon_core.environment:checking '/home/csanimatronics/CS_Animatronics/install/system_controller/lib/pkgconfig/system_controller.pc'
[30.207s] Level 1:colcon.colcon_core.environment:checking '/home/csanimatronics/CS_Animatronics/install/system_controller/lib/python3.12/site-packages'
[30.207s] Level 1:colcon.colcon_core.shell:create_environment_hook('system_controller', 'pythonpath')
[30.208s] INFO:colcon.colcon_core.shell:Creating environment hook '/home/csanimatronics/CS_Animatronics/install/system_controller/share/system_controller/hook/pythonpath.ps1'
[30.209s] INFO:colcon.colcon_core.shell:Creating environment descriptor '/home/csanimatronics/CS_Animatronics/install/system_controller/share/system_controller/hook/pythonpath.dsv'
[30.209s] INFO:colcon.colcon_core.shell:Creating environment hook '/home/csanimatronics/CS_Animatronics/install/system_controller/share/system_controller/hook/pythonpath.sh'
[30.210s] Level 1:colcon.colcon_core.environment:checking '/home/csanimatronics/CS_Animatronics/install/system_controller/bin'
[30.210s] Level 1:colcon.colcon_core.environment:create_environment_scripts_only(system_controller)
[30.210s] INFO:colcon.colcon_core.shell:Creating package script '/home/csanimatronics/CS_Animatronics/install/system_controller/share/system_controller/package.ps1'
[30.211s] INFO:colcon.colcon_core.shell:Creating package descriptor '/home/csanimatronics/CS_Animatronics/install/system_controller/share/system_controller/package.dsv'
[30.211s] INFO:colcon.colcon_core.shell:Creating package script '/home/csanimatronics/CS_Animatronics/install/system_controller/share/system_controller/package.sh'
[30.212s] INFO:colcon.colcon_core.shell:Creating package script '/home/csanimatronics/CS_Animatronics/install/system_controller/share/system_controller/package.bash'
[30.212s] INFO:colcon.colcon_core.shell:Creating package script '/home/csanimatronics/CS_Animatronics/install/system_controller/share/system_controller/package.zsh'
[30.213s] Level 1:colcon.colcon_core.environment:create_file_with_runtime_dependencies(/home/csanimatronics/CS_Animatronics/install/system_controller/share/colcon-core/packages/system_controller)
[30.213s] DEBUG:colcon.colcon_parallel_executor.executor.parallel:closing loop
[30.214s] DEBUG:colcon.colcon_parallel_executor.executor.parallel:loop closed
[30.214s] DEBUG:colcon.colcon_parallel_executor.executor.parallel:run_until_complete finished with '0'
[30.214s] DEBUG:colcon.colcon_core.event_reactor:joining thread
[30.227s] INFO:colcon.colcon_core.plugin_system:Skipping extension 'colcon_notification.desktop_notification.terminal_notifier': Not used on non-Darwin systems
[30.228s] INFO:colcon.colcon_core.plugin_system:Skipping extension 'colcon_notification.desktop_notification.win32': Not used on non-Windows systems
[30.228s] INFO:colcon.colcon_notification.desktop_notification:Sending desktop notification using 'notify2'
[30.257s] DEBUG:colcon.colcon_core.event_reactor:joined thread
[30.257s] INFO:colcon.colcon_core.shell:Creating prefix script '/home/csanimatronics/CS_Animatronics/install/local_setup.ps1'
[30.259s] INFO:colcon.colcon_core.shell:Creating prefix util module '/home/csanimatronics/CS_Animatronics/install/_local_setup_util_ps1.py'
[30.260s] INFO:colcon.colcon_core.shell:Creating prefix chain script '/home/csanimatronics/CS_Animatronics/install/setup.ps1'
[30.261s] INFO:colcon.colcon_core.shell:Creating prefix script '/home/csanimatronics/CS_Animatronics/install/local_setup.sh'
[30.262s] INFO:colcon.colcon_core.shell:Creating prefix util module '/home/csanimatronics/CS_Animatronics/install/_local_setup_util_sh.py'
[30.263s] INFO:colcon.colcon_core.shell:Creating prefix chain script '/home/csanimatronics/CS_Animatronics/install/setup.sh'
[30.264s] INFO:colcon.colcon_core.shell:Creating prefix script '/home/csanimatronics/CS_Animatronics/install/local_setup.bash'
[30.265s] INFO:colcon.colcon_core.shell:Creating prefix chain script '/home/csanimatronics/CS_Animatronics/install/setup.bash'
[30.266s] INFO:colcon.colcon_core.shell:Creating prefix script '/home/csanimatronics/CS_Animatronics/install/local_setup.zsh'
[30.267s] INFO:colcon.colcon_core.shell:Creating prefix chain script '/home/csanimatronics/CS_Animatronics/install/setup.zsh'
