[0.000000] (-) TimerEvent: {}
[0.000267] (controller_publisher) JobQueued: {'identifier': 'controller_publisher', 'dependencies': OrderedDict()}
[0.000293] (dynamixel_sdk) JobQueued: {'identifier': 'dynamixel_sdk', 'dependencies': OrderedDict()}
[0.000308] (dynamixel_sdk_custom_interfaces) JobQueued: {'identifier': 'dynamixel_sdk_custom_interfaces', 'dependencies': OrderedDict()}
[0.000319] (imu_receiver) JobQueued: {'identifier': 'imu_receiver', 'dependencies': OrderedDict()}
[0.000329] (motor_command_msg) JobQueued: {'identifier': 'motor_command_msg', 'dependencies': OrderedDict()}
[0.000339] (motor_controller) JobQueued: {'identifier': 'motor_controller', 'dependencies': OrderedDict({'dynamixel_sdk': '/home/cvl/CS_Animatronics/src/install/dynamixel_sdk', 'dynamixel_sdk_custom_interfaces': '/home/cvl/CS_Animatronics/src/install/dynamixel_sdk_custom_interfaces', 'motor_command_msg': '/home/cvl/CS_Animatronics/src/install/motor_command_msg'})}
[0.000353] (system_controller) JobQueued: {'identifier': 'system_controller', 'dependencies': OrderedDict({'motor_command_msg': '/home/cvl/CS_Animatronics/src/install/motor_command_msg'})}
[0.000752] (motor_command_msg) JobStarted: {'identifier': 'motor_command_msg'}
[0.004125] (dynamixel_sdk) JobStarted: {'identifier': 'dynamixel_sdk'}
[0.005996] (dynamixel_sdk_custom_interfaces) JobStarted: {'identifier': 'dynamixel_sdk_custom_interfaces'}
[0.007520] (controller_publisher) JobStarted: {'identifier': 'controller_publisher'}
[0.010622] (imu_receiver) JobStarted: {'identifier': 'imu_receiver'}
[0.014386] (motor_command_msg) JobProgress: {'identifier': 'motor_command_msg', 'progress': 'cmake'}
[0.014777] (motor_command_msg) JobProgress: {'identifier': 'motor_command_msg', 'progress': 'build'}
[0.015130] (motor_command_msg) Command: {'cmd': ['/usr/bin/cmake', '--build', '/home/cvl/CS_Animatronics/src/build/motor_command_msg', '--', '-j20', '-l20'], 'cwd': '/home/cvl/CS_Animatronics/src/build/motor_command_msg', 'env': OrderedDict({'LESSOPEN': '| /usr/bin/lesspipe %s', 'CONDA_PROMPT_MODIFIER': '(base)', 'USER': 'cvl', 'XDG_SESSION_TYPE': 'x11', 'CLUTTER_DISABLE_MIPMAPPED_TEXT': '1', 'SHLVL': '1', 'LD_LIBRARY_PATH': '/opt/ros/jazzy/opt/rviz_ogre_vendor/lib:/opt/ros/jazzy/lib/x86_64-linux-gnu:/opt/ros/jazzy/opt/gz_math_vendor/lib:/opt/ros/jazzy/opt/gz_utils_vendor/lib:/opt/ros/jazzy/opt/gz_cmake_vendor/lib:/opt/ros/jazzy/lib', 'HOME': '/home/cvl', 'CONDA_SHLVL': '3', 'OLDPWD': '/home/cvl/CS_Animatronics', 'DESKTOP_SESSION': 'ubuntu', 'ROS_PYTHON_VERSION': '3', 'GNOME_SHELL_SESSION_MODE': 'ubuntu', 'GTK_MODULES': 'gail:atk-bridge', 'SYSTEMD_EXEC_PID': '11370', 'GSM_SKIP_SSH_AGENT_WORKAROUND': 'true', 'DBUS_SESSION_BUS_ADDRESS': 'unix:path=/run/user/1000/bus', 'COLORTERM': 'truecolor', 'DEBUGINFOD_URLS': 'https://debuginfod.ubuntu.com', 'ROS_DISTRO': 'jazzy', 'LOGNAME': 'cvl', '_': '/usr/bin/colcon', 'ROS_VERSION': '2', 'MEMORY_PRESSURE_WATCH': '/sys/fs/cgroup/user.slice/user-1000.slice/user@1000.service/session.slice/org.gnome.Shell@x11.service/memory.pressure', 'XDG_SESSION_CLASS': 'user', 'USERNAME': 'cvl', 'TERM': 'xterm-256color', 'GNOME_DESKTOP_SESSION_ID': 'this-is-deprecated', 'WINDOWPATH': '2', 'PATH': '/opt/ros/jazzy/bin:/home/cvl/miniconda3/bin:/home/cvl/miniconda3/condabin:/home/cvl/.local/bin:/usr/local/sbin:/usr/local/bin:/usr/sbin:/usr/bin:/sbin:/bin:/usr/games:/usr/local/games:/snap/bin:/snap/bin', 'SESSION_MANAGER': 'local/cvl-To-Be-Filled-By-O-E-M:@/tmp/.ICE-unix/11338,unix/cvl-To-Be-Filled-By-O-E-M:/tmp/.ICE-unix/11338', 'XDG_MENU_PREFIX': 'gnome-', 'GNOME_TERMINAL_SCREEN': '/org/gnome/Terminal/screen/737fbf3c_e6c6_4d2e_894b_83e5c7d4f543', 'XDG_RUNTIME_DIR': '/run/user/1000', 'DISPLAY': ':1', 'LANG': 'en_US.UTF-8', 'XDG_CURRENT_DESKTOP': 'ubuntu:GNOME', 'CONDA_PREFIX_1': '/home/cvl/miniconda3', 'XMODIFIERS': '@im=ibus', 'XDG_SESSION_DESKTOP': 'ubuntu', 'XAUTHORITY': '/run/user/1000/gdm/Xauthority', 'LS_COLORS': 'rs=0:di=01;34:ln=01;36:mh=00:pi=40;33:so=01;35:do=01;35:bd=40;33;01:cd=40;33;01:or=40;31;01:mi=00:su=37;41:sg=30;43:ca=00:tw=30;42:ow=34;42:st=37;44:ex=01;32:*.tar=01;31:*.tgz=01;31:*.arc=01;31:*.arj=01;31:*.taz=01;31:*.lha=01;31:*.lz4=01;31:*.lzh=01;31:*.lzma=01;31:*.tlz=01;31:*.txz=01;31:*.tzo=01;31:*.t7z=01;31:*.zip=01;31:*.z=01;31:*.dz=01;31:*.gz=01;31:*.lrz=01;31:*.lz=01;31:*.lzo=01;31:*.xz=01;31:*.zst=01;31:*.tzst=01;31:*.bz2=01;31:*.bz=01;31:*.tbz=01;31:*.tbz2=01;31:*.tz=01;31:*.deb=01;31:*.rpm=01;31:*.jar=01;31:*.war=01;31:*.ear=01;31:*.sar=01;31:*.rar=01;31:*.alz=01;31:*.ace=01;31:*.zoo=01;31:*.cpio=01;31:*.7z=01;31:*.rz=01;31:*.cab=01;31:*.wim=01;31:*.swm=01;31:*.dwm=01;31:*.esd=01;31:*.avif=01;35:*.jpg=01;35:*.jpeg=01;35:*.mjpg=01;35:*.mjpeg=01;35:*.gif=01;35:*.bmp=01;35:*.pbm=01;35:*.pgm=01;35:*.ppm=01;35:*.tga=01;35:*.xbm=01;35:*.xpm=01;35:*.tif=01;35:*.tiff=01;35:*.png=01;35:*.svg=01;35:*.svgz=01;35:*.mng=01;35:*.pcx=01;35:*.mov=01;35:*.mpg=01;35:*.mpeg=01;35:*.m2v=01;35:*.mkv=01;35:*.webm=01;35:*.webp=01;35:*.ogm=01;35:*.mp4=01;35:*.m4v=01;35:*.mp4v=01;35:*.vob=01;35:*.qt=01;35:*.nuv=01;35:*.wmv=01;35:*.asf=01;35:*.rm=01;35:*.rmvb=01;35:*.flc=01;35:*.avi=01;35:*.fli=01;35:*.flv=01;35:*.gl=01;35:*.dl=01;35:*.xcf=01;35:*.xwd=01;35:*.yuv=01;35:*.cgm=01;35:*.emf=01;35:*.ogv=01;35:*.ogx=01;35:*.aac=00;36:*.au=00;36:*.flac=00;36:*.m4a=00;36:*.mid=00;36:*.midi=00;36:*.mka=00;36:*.mp3=00;36:*.mpc=00;36:*.ogg=00;36:*.ra=00;36:*.wav=00;36:*.oga=00;36:*.opus=00;36:*.spx=00;36:*.xspf=00;36:*~=00;90:*#=00;90:*.bak=00;90:*.crdownload=00;90:*.dpkg-dist=00;90:*.dpkg-new=00;90:*.dpkg-old=00;90:*.dpkg-tmp=00;90:*.old=00;90:*.orig=00;90:*.part=00;90:*.rej=00;90:*.rpmnew=00;90:*.rpmorig=00;90:*.rpmsave=00;90:*.swp=00;90:*.tmp=00;90:*.ucf-dist=00;90:*.ucf-new=00;90:*.ucf-old=00;90:', 'GNOME_TERMINAL_SERVICE': ':1.105', 'CONDA_PREFIX_2': '/home/cvl/miniconda3/envs/genesis', 'SSH_AUTH_SOCK': '/run/user/1000/keyring/ssh', 'AMENT_PREFIX_PATH': '/opt/ros/jazzy', 'CONDA_PYTHON_EXE': '/home/cvl/miniconda3/bin/python', 'SHELL': '/bin/bash', 'QT_ACCESSIBILITY': '1', 'GDMSESSION': 'ubuntu', 'LESSCLOSE': '/usr/bin/lesspipe %s %s', 'CONDA_DEFAULT_ENV': 'base', 'GPG_AGENT_INFO': '/run/user/1000/gnupg/S.gpg-agent:0:1', 'ROS_AUTOMATIC_DISCOVERY_RANGE': 'SUBNET', 'QT_IM_MODULE': 'ibus', 'PWD': '/home/cvl/CS_Animatronics/src/build/motor_command_msg', 'XDG_CONFIG_DIRS': '/etc/xdg/xdg-ubuntu:/etc/xdg', 'CONDA_EXE': '/home/cvl/miniconda3/bin/conda', 'XDG_DATA_DIRS': '/usr/share/ubuntu:/usr/share/gnome:/usr/local/share/:/usr/share/:/var/lib/snapd/desktop', 'PYTHONPATH': '/opt/ros/jazzy/lib/python3.12/site-packages', 'CONDA_PREFIX': '/home/cvl/miniconda3', 'COLCON': '1', 'MEMORY_PRESSURE_WRITE': 'c29tZSAyMDAwMDAgMjAwMDAwMAA=', 'VTE_VERSION': '7600', 'CMAKE_PREFIX_PATH': '/opt/ros/jazzy/opt/gz_math_vendor:/opt/ros/jazzy/opt/gz_utils_vendor:/opt/ros/jazzy/opt/gz_cmake_vendor:/opt/ros/jazzy'}), 'shell': False}
[0.016396] (dynamixel_sdk) JobProgress: {'identifier': 'dynamixel_sdk', 'progress': 'cmake'}
[0.016745] (dynamixel_sdk) JobProgress: {'identifier': 'dynamixel_sdk', 'progress': 'build'}
[0.016956] (dynamixel_sdk) Command: {'cmd': ['/usr/bin/cmake', '--build', '/home/cvl/CS_Animatronics/src/build/dynamixel_sdk', '--', '-j20', '-l20'], 'cwd': '/home/cvl/CS_Animatronics/src/build/dynamixel_sdk', 'env': OrderedDict({'LESSOPEN': '| /usr/bin/lesspipe %s', 'CONDA_PROMPT_MODIFIER': '(base)', 'USER': 'cvl', 'XDG_SESSION_TYPE': 'x11', 'CLUTTER_DISABLE_MIPMAPPED_TEXT': '1', 'SHLVL': '1', 'LD_LIBRARY_PATH': '/opt/ros/jazzy/opt/rviz_ogre_vendor/lib:/opt/ros/jazzy/lib/x86_64-linux-gnu:/opt/ros/jazzy/opt/gz_math_vendor/lib:/opt/ros/jazzy/opt/gz_utils_vendor/lib:/opt/ros/jazzy/opt/gz_cmake_vendor/lib:/opt/ros/jazzy/lib', 'HOME': '/home/cvl', 'CONDA_SHLVL': '3', 'OLDPWD': '/home/cvl/CS_Animatronics', 'DESKTOP_SESSION': 'ubuntu', 'ROS_PYTHON_VERSION': '3', 'GNOME_SHELL_SESSION_MODE': 'ubuntu', 'GTK_MODULES': 'gail:atk-bridge', 'SYSTEMD_EXEC_PID': '11370', 'GSM_SKIP_SSH_AGENT_WORKAROUND': 'true', 'DBUS_SESSION_BUS_ADDRESS': 'unix:path=/run/user/1000/bus', 'COLORTERM': 'truecolor', 'DEBUGINFOD_URLS': 'https://debuginfod.ubuntu.com', 'ROS_DISTRO': 'jazzy', 'LOGNAME': 'cvl', '_': '/usr/bin/colcon', 'ROS_VERSION': '2', 'MEMORY_PRESSURE_WATCH': '/sys/fs/cgroup/user.slice/user-1000.slice/user@1000.service/session.slice/org.gnome.Shell@x11.service/memory.pressure', 'XDG_SESSION_CLASS': 'user', 'USERNAME': 'cvl', 'TERM': 'xterm-256color', 'GNOME_DESKTOP_SESSION_ID': 'this-is-deprecated', 'WINDOWPATH': '2', 'PATH': '/opt/ros/jazzy/bin:/home/cvl/miniconda3/bin:/home/cvl/miniconda3/condabin:/home/cvl/.local/bin:/usr/local/sbin:/usr/local/bin:/usr/sbin:/usr/bin:/sbin:/bin:/usr/games:/usr/local/games:/snap/bin:/snap/bin', 'SESSION_MANAGER': 'local/cvl-To-Be-Filled-By-O-E-M:@/tmp/.ICE-unix/11338,unix/cvl-To-Be-Filled-By-O-E-M:/tmp/.ICE-unix/11338', 'XDG_MENU_PREFIX': 'gnome-', 'GNOME_TERMINAL_SCREEN': '/org/gnome/Terminal/screen/737fbf3c_e6c6_4d2e_894b_83e5c7d4f543', 'XDG_RUNTIME_DIR': '/run/user/1000', 'DISPLAY': ':1', 'LANG': 'en_US.UTF-8', 'XDG_CURRENT_DESKTOP': 'ubuntu:GNOME', 'CONDA_PREFIX_1': '/home/cvl/miniconda3', 'XMODIFIERS': '@im=ibus', 'XDG_SESSION_DESKTOP': 'ubuntu', 'XAUTHORITY': '/run/user/1000/gdm/Xauthority', 'LS_COLORS': 'rs=0:di=01;34:ln=01;36:mh=00:pi=40;33:so=01;35:do=01;35:bd=40;33;01:cd=40;33;01:or=40;31;01:mi=00:su=37;41:sg=30;43:ca=00:tw=30;42:ow=34;42:st=37;44:ex=01;32:*.tar=01;31:*.tgz=01;31:*.arc=01;31:*.arj=01;31:*.taz=01;31:*.lha=01;31:*.lz4=01;31:*.lzh=01;31:*.lzma=01;31:*.tlz=01;31:*.txz=01;31:*.tzo=01;31:*.t7z=01;31:*.zip=01;31:*.z=01;31:*.dz=01;31:*.gz=01;31:*.lrz=01;31:*.lz=01;31:*.lzo=01;31:*.xz=01;31:*.zst=01;31:*.tzst=01;31:*.bz2=01;31:*.bz=01;31:*.tbz=01;31:*.tbz2=01;31:*.tz=01;31:*.deb=01;31:*.rpm=01;31:*.jar=01;31:*.war=01;31:*.ear=01;31:*.sar=01;31:*.rar=01;31:*.alz=01;31:*.ace=01;31:*.zoo=01;31:*.cpio=01;31:*.7z=01;31:*.rz=01;31:*.cab=01;31:*.wim=01;31:*.swm=01;31:*.dwm=01;31:*.esd=01;31:*.avif=01;35:*.jpg=01;35:*.jpeg=01;35:*.mjpg=01;35:*.mjpeg=01;35:*.gif=01;35:*.bmp=01;35:*.pbm=01;35:*.pgm=01;35:*.ppm=01;35:*.tga=01;35:*.xbm=01;35:*.xpm=01;35:*.tif=01;35:*.tiff=01;35:*.png=01;35:*.svg=01;35:*.svgz=01;35:*.mng=01;35:*.pcx=01;35:*.mov=01;35:*.mpg=01;35:*.mpeg=01;35:*.m2v=01;35:*.mkv=01;35:*.webm=01;35:*.webp=01;35:*.ogm=01;35:*.mp4=01;35:*.m4v=01;35:*.mp4v=01;35:*.vob=01;35:*.qt=01;35:*.nuv=01;35:*.wmv=01;35:*.asf=01;35:*.rm=01;35:*.rmvb=01;35:*.flc=01;35:*.avi=01;35:*.fli=01;35:*.flv=01;35:*.gl=01;35:*.dl=01;35:*.xcf=01;35:*.xwd=01;35:*.yuv=01;35:*.cgm=01;35:*.emf=01;35:*.ogv=01;35:*.ogx=01;35:*.aac=00;36:*.au=00;36:*.flac=00;36:*.m4a=00;36:*.mid=00;36:*.midi=00;36:*.mka=00;36:*.mp3=00;36:*.mpc=00;36:*.ogg=00;36:*.ra=00;36:*.wav=00;36:*.oga=00;36:*.opus=00;36:*.spx=00;36:*.xspf=00;36:*~=00;90:*#=00;90:*.bak=00;90:*.crdownload=00;90:*.dpkg-dist=00;90:*.dpkg-new=00;90:*.dpkg-old=00;90:*.dpkg-tmp=00;90:*.old=00;90:*.orig=00;90:*.part=00;90:*.rej=00;90:*.rpmnew=00;90:*.rpmorig=00;90:*.rpmsave=00;90:*.swp=00;90:*.tmp=00;90:*.ucf-dist=00;90:*.ucf-new=00;90:*.ucf-old=00;90:', 'GNOME_TERMINAL_SERVICE': ':1.105', 'CONDA_PREFIX_2': '/home/cvl/miniconda3/envs/genesis', 'SSH_AUTH_SOCK': '/run/user/1000/keyring/ssh', 'AMENT_PREFIX_PATH': '/opt/ros/jazzy', 'CONDA_PYTHON_EXE': '/home/cvl/miniconda3/bin/python', 'SHELL': '/bin/bash', 'QT_ACCESSIBILITY': '1', 'GDMSESSION': 'ubuntu', 'LESSCLOSE': '/usr/bin/lesspipe %s %s', 'CONDA_DEFAULT_ENV': 'base', 'GPG_AGENT_INFO': '/run/user/1000/gnupg/S.gpg-agent:0:1', 'ROS_AUTOMATIC_DISCOVERY_RANGE': 'SUBNET', 'QT_IM_MODULE': 'ibus', 'PWD': '/home/cvl/CS_Animatronics/src/build/dynamixel_sdk', 'XDG_CONFIG_DIRS': '/etc/xdg/xdg-ubuntu:/etc/xdg', 'CONDA_EXE': '/home/cvl/miniconda3/bin/conda', 'XDG_DATA_DIRS': '/usr/share/ubuntu:/usr/share/gnome:/usr/local/share/:/usr/share/:/var/lib/snapd/desktop', 'PYTHONPATH': '/opt/ros/jazzy/lib/python3.12/site-packages', 'CONDA_PREFIX': '/home/cvl/miniconda3', 'COLCON': '1', 'MEMORY_PRESSURE_WRITE': 'c29tZSAyMDAwMDAgMjAwMDAwMAA=', 'VTE_VERSION': '7600', 'CMAKE_PREFIX_PATH': '/opt/ros/jazzy/opt/gz_math_vendor:/opt/ros/jazzy/opt/gz_utils_vendor:/opt/ros/jazzy/opt/gz_cmake_vendor:/opt/ros/jazzy'}), 'shell': False}
[0.017753] (dynamixel_sdk_custom_interfaces) JobProgress: {'identifier': 'dynamixel_sdk_custom_interfaces', 'progress': 'cmake'}
[0.017983] (dynamixel_sdk_custom_interfaces) JobProgress: {'identifier': 'dynamixel_sdk_custom_interfaces', 'progress': 'build'}
[0.018114] (dynamixel_sdk_custom_interfaces) Command: {'cmd': ['/usr/bin/cmake', '--build', '/home/cvl/CS_Animatronics/src/build/dynamixel_sdk_custom_interfaces', '--', '-j20', '-l20'], 'cwd': '/home/cvl/CS_Animatronics/src/build/dynamixel_sdk_custom_interfaces', 'env': OrderedDict({'LESSOPEN': '| /usr/bin/lesspipe %s', 'CONDA_PROMPT_MODIFIER': '(base)', 'USER': 'cvl', 'XDG_SESSION_TYPE': 'x11', 'CLUTTER_DISABLE_MIPMAPPED_TEXT': '1', 'SHLVL': '1', 'LD_LIBRARY_PATH': '/opt/ros/jazzy/opt/rviz_ogre_vendor/lib:/opt/ros/jazzy/lib/x86_64-linux-gnu:/opt/ros/jazzy/opt/gz_math_vendor/lib:/opt/ros/jazzy/opt/gz_utils_vendor/lib:/opt/ros/jazzy/opt/gz_cmake_vendor/lib:/opt/ros/jazzy/lib', 'HOME': '/home/cvl', 'CONDA_SHLVL': '3', 'OLDPWD': '/home/cvl/CS_Animatronics', 'DESKTOP_SESSION': 'ubuntu', 'ROS_PYTHON_VERSION': '3', 'GNOME_SHELL_SESSION_MODE': 'ubuntu', 'GTK_MODULES': 'gail:atk-bridge', 'SYSTEMD_EXEC_PID': '11370', 'GSM_SKIP_SSH_AGENT_WORKAROUND': 'true', 'DBUS_SESSION_BUS_ADDRESS': 'unix:path=/run/user/1000/bus', 'COLORTERM': 'truecolor', 'DEBUGINFOD_URLS': 'https://debuginfod.ubuntu.com', 'ROS_DISTRO': 'jazzy', 'LOGNAME': 'cvl', '_': '/usr/bin/colcon', 'ROS_VERSION': '2', 'MEMORY_PRESSURE_WATCH': '/sys/fs/cgroup/user.slice/user-1000.slice/user@1000.service/session.slice/org.gnome.Shell@x11.service/memory.pressure', 'XDG_SESSION_CLASS': 'user', 'USERNAME': 'cvl', 'TERM': 'xterm-256color', 'GNOME_DESKTOP_SESSION_ID': 'this-is-deprecated', 'WINDOWPATH': '2', 'PATH': '/opt/ros/jazzy/bin:/home/cvl/miniconda3/bin:/home/cvl/miniconda3/condabin:/home/cvl/.local/bin:/usr/local/sbin:/usr/local/bin:/usr/sbin:/usr/bin:/sbin:/bin:/usr/games:/usr/local/games:/snap/bin:/snap/bin', 'SESSION_MANAGER': 'local/cvl-To-Be-Filled-By-O-E-M:@/tmp/.ICE-unix/11338,unix/cvl-To-Be-Filled-By-O-E-M:/tmp/.ICE-unix/11338', 'XDG_MENU_PREFIX': 'gnome-', 'GNOME_TERMINAL_SCREEN': '/org/gnome/Terminal/screen/737fbf3c_e6c6_4d2e_894b_83e5c7d4f543', 'XDG_RUNTIME_DIR': '/run/user/1000', 'DISPLAY': ':1', 'LANG': 'en_US.UTF-8', 'XDG_CURRENT_DESKTOP': 'ubuntu:GNOME', 'CONDA_PREFIX_1': '/home/cvl/miniconda3', 'XMODIFIERS': '@im=ibus', 'XDG_SESSION_DESKTOP': 'ubuntu', 'XAUTHORITY': '/run/user/1000/gdm/Xauthority', 'LS_COLORS': 'rs=0:di=01;34:ln=01;36:mh=00:pi=40;33:so=01;35:do=01;35:bd=40;33;01:cd=40;33;01:or=40;31;01:mi=00:su=37;41:sg=30;43:ca=00:tw=30;42:ow=34;42:st=37;44:ex=01;32:*.tar=01;31:*.tgz=01;31:*.arc=01;31:*.arj=01;31:*.taz=01;31:*.lha=01;31:*.lz4=01;31:*.lzh=01;31:*.lzma=01;31:*.tlz=01;31:*.txz=01;31:*.tzo=01;31:*.t7z=01;31:*.zip=01;31:*.z=01;31:*.dz=01;31:*.gz=01;31:*.lrz=01;31:*.lz=01;31:*.lzo=01;31:*.xz=01;31:*.zst=01;31:*.tzst=01;31:*.bz2=01;31:*.bz=01;31:*.tbz=01;31:*.tbz2=01;31:*.tz=01;31:*.deb=01;31:*.rpm=01;31:*.jar=01;31:*.war=01;31:*.ear=01;31:*.sar=01;31:*.rar=01;31:*.alz=01;31:*.ace=01;31:*.zoo=01;31:*.cpio=01;31:*.7z=01;31:*.rz=01;31:*.cab=01;31:*.wim=01;31:*.swm=01;31:*.dwm=01;31:*.esd=01;31:*.avif=01;35:*.jpg=01;35:*.jpeg=01;35:*.mjpg=01;35:*.mjpeg=01;35:*.gif=01;35:*.bmp=01;35:*.pbm=01;35:*.pgm=01;35:*.ppm=01;35:*.tga=01;35:*.xbm=01;35:*.xpm=01;35:*.tif=01;35:*.tiff=01;35:*.png=01;35:*.svg=01;35:*.svgz=01;35:*.mng=01;35:*.pcx=01;35:*.mov=01;35:*.mpg=01;35:*.mpeg=01;35:*.m2v=01;35:*.mkv=01;35:*.webm=01;35:*.webp=01;35:*.ogm=01;35:*.mp4=01;35:*.m4v=01;35:*.mp4v=01;35:*.vob=01;35:*.qt=01;35:*.nuv=01;35:*.wmv=01;35:*.asf=01;35:*.rm=01;35:*.rmvb=01;35:*.flc=01;35:*.avi=01;35:*.fli=01;35:*.flv=01;35:*.gl=01;35:*.dl=01;35:*.xcf=01;35:*.xwd=01;35:*.yuv=01;35:*.cgm=01;35:*.emf=01;35:*.ogv=01;35:*.ogx=01;35:*.aac=00;36:*.au=00;36:*.flac=00;36:*.m4a=00;36:*.mid=00;36:*.midi=00;36:*.mka=00;36:*.mp3=00;36:*.mpc=00;36:*.ogg=00;36:*.ra=00;36:*.wav=00;36:*.oga=00;36:*.opus=00;36:*.spx=00;36:*.xspf=00;36:*~=00;90:*#=00;90:*.bak=00;90:*.crdownload=00;90:*.dpkg-dist=00;90:*.dpkg-new=00;90:*.dpkg-old=00;90:*.dpkg-tmp=00;90:*.old=00;90:*.orig=00;90:*.part=00;90:*.rej=00;90:*.rpmnew=00;90:*.rpmorig=00;90:*.rpmsave=00;90:*.swp=00;90:*.tmp=00;90:*.ucf-dist=00;90:*.ucf-new=00;90:*.ucf-old=00;90:', 'GNOME_TERMINAL_SERVICE': ':1.105', 'CONDA_PREFIX_2': '/home/cvl/miniconda3/envs/genesis', 'SSH_AUTH_SOCK': '/run/user/1000/keyring/ssh', 'AMENT_PREFIX_PATH': '/opt/ros/jazzy', 'CONDA_PYTHON_EXE': '/home/cvl/miniconda3/bin/python', 'SHELL': '/bin/bash', 'QT_ACCESSIBILITY': '1', 'GDMSESSION': 'ubuntu', 'LESSCLOSE': '/usr/bin/lesspipe %s %s', 'CONDA_DEFAULT_ENV': 'base', 'GPG_AGENT_INFO': '/run/user/1000/gnupg/S.gpg-agent:0:1', 'ROS_AUTOMATIC_DISCOVERY_RANGE': 'SUBNET', 'QT_IM_MODULE': 'ibus', 'PWD': '/home/cvl/CS_Animatronics/src/build/dynamixel_sdk_custom_interfaces', 'XDG_CONFIG_DIRS': '/etc/xdg/xdg-ubuntu:/etc/xdg', 'CONDA_EXE': '/home/cvl/miniconda3/bin/conda', 'XDG_DATA_DIRS': '/usr/share/ubuntu:/usr/share/gnome:/usr/local/share/:/usr/share/:/var/lib/snapd/desktop', 'PYTHONPATH': '/opt/ros/jazzy/lib/python3.12/site-packages', 'CONDA_PREFIX': '/home/cvl/miniconda3', 'COLCON': '1', 'MEMORY_PRESSURE_WRITE': 'c29tZSAyMDAwMDAgMjAwMDAwMAA=', 'VTE_VERSION': '7600', 'CMAKE_PREFIX_PATH': '/opt/ros/jazzy/opt/gz_math_vendor:/opt/ros/jazzy/opt/gz_utils_vendor:/opt/ros/jazzy/opt/gz_cmake_vendor:/opt/ros/jazzy'}), 'shell': False}
[0.100056] (-) TimerEvent: {}
[0.191101] (motor_command_msg) StdoutLine: {'line': b'[  2%] \x1b[34m\x1b[1mGenerating type hashes for ROS interfaces\x1b[0m\n'}
[0.191221] (motor_command_msg) StdoutLine: {'line': b'[  2%] Built target ament_cmake_python_copy_motor_command_msg\n'}
[0.191575] (dynamixel_sdk) StdoutLine: {'line': b'[100%] Built target dynamixel_sdk\n'}
[0.192184] (dynamixel_sdk_custom_interfaces) StdoutLine: {'line': b'[  2%] \x1b[34m\x1b[1mGenerating type hashes for ROS interfaces\x1b[0m\n'}
[0.192541] (dynamixel_sdk_custom_interfaces) StdoutLine: {'line': b'[  2%] Built target ament_cmake_python_copy_dynamixel_sdk_custom_interfaces\n'}
[0.192607] (motor_command_msg) StdoutLine: {'line': b'[  2%] Built target motor_command_msg__rosidl_generator_type_description\n'}
[0.199251] (motor_command_msg) StdoutLine: {'line': b'[  5%] \x1b[34m\x1b[1mGenerating C code for ROS interfaces\x1b[0m\n'}
[0.200150] (-) TimerEvent: {}
[0.200294] (dynamixel_sdk_custom_interfaces) StdoutLine: {'line': b'running egg_info\n'}
[0.203553] (motor_command_msg) StdoutLine: {'line': b'running egg_info\n'}
[0.206231] (motor_command_msg) StdoutLine: {'line': b'[  8%] \x1b[34m\x1b[1mGenerating C++ code for ROS interfaces\x1b[0m\n'}
[0.208255] (dynamixel_sdk_custom_interfaces) StdoutLine: {'line': b'[  2%] Built target dynamixel_sdk_custom_interfaces__rosidl_generator_type_description\n'}
[0.215269] (dynamixel_sdk_custom_interfaces) StdoutLine: {'line': b'writing dynamixel_sdk_custom_interfaces.egg-info/PKG-INFO\n'}
[0.215391] (dynamixel_sdk_custom_interfaces) StdoutLine: {'line': b'[  4%] \x1b[34m\x1b[1mGenerating C code for ROS interfaces\x1b[0m\n'}
[0.215497] (dynamixel_sdk_custom_interfaces) StdoutLine: {'line': b'writing dependency_links to dynamixel_sdk_custom_interfaces.egg-info/dependency_links.txt\n'}
[0.215652] (dynamixel_sdk_custom_interfaces) StdoutLine: {'line': b'writing top-level names to dynamixel_sdk_custom_interfaces.egg-info/top_level.txt\n'}
[0.218856] (motor_command_msg) StdoutLine: {'line': b'writing motor_command_msg.egg-info/PKG-INFO\n'}
[0.219190] (motor_command_msg) StdoutLine: {'line': b'writing dependency_links to motor_command_msg.egg-info/dependency_links.txt\n'}
[0.219349] (motor_command_msg) StdoutLine: {'line': b'writing top-level names to motor_command_msg.egg-info/top_level.txt\n'}
[0.222694] (dynamixel_sdk_custom_interfaces) StdoutLine: {'line': b'[  6%] \x1b[34m\x1b[1mGenerating C++ code for ROS interfaces\x1b[0m\n'}
[0.252410] (dynamixel_sdk_custom_interfaces) StdoutLine: {'line': b"reading manifest file 'dynamixel_sdk_custom_interfaces.egg-info/SOURCES.txt'\n"}
[0.253085] (dynamixel_sdk_custom_interfaces) StdoutLine: {'line': b"writing manifest file 'dynamixel_sdk_custom_interfaces.egg-info/SOURCES.txt'\n"}
[0.256177] (motor_command_msg) StdoutLine: {'line': b"reading manifest file 'motor_command_msg.egg-info/SOURCES.txt'\n"}
[0.256867] (motor_command_msg) StdoutLine: {'line': b"writing manifest file 'motor_command_msg.egg-info/SOURCES.txt'\n"}
[0.278972] (dynamixel_sdk_custom_interfaces) StdoutLine: {'line': b'[  6%] Built target ament_cmake_python_build_dynamixel_sdk_custom_interfaces_egg\n'}
[0.283025] (motor_command_msg) StdoutLine: {'line': b'[  8%] Built target ament_cmake_python_build_motor_command_msg_egg\n'}
[0.300248] (-) TimerEvent: {}
[0.371357] (dynamixel_sdk) CommandEnded: {'returncode': 0}
[0.371651] (dynamixel_sdk) JobProgress: {'identifier': 'dynamixel_sdk', 'progress': 'install'}
[0.377566] (dynamixel_sdk) Command: {'cmd': ['/usr/bin/cmake', '--install', '/home/cvl/CS_Animatronics/src/build/dynamixel_sdk'], 'cwd': '/home/cvl/CS_Animatronics/src/build/dynamixel_sdk', 'env': OrderedDict({'LESSOPEN': '| /usr/bin/lesspipe %s', 'CONDA_PROMPT_MODIFIER': '(base)', 'USER': 'cvl', 'XDG_SESSION_TYPE': 'x11', 'CLUTTER_DISABLE_MIPMAPPED_TEXT': '1', 'SHLVL': '1', 'LD_LIBRARY_PATH': '/opt/ros/jazzy/opt/rviz_ogre_vendor/lib:/opt/ros/jazzy/lib/x86_64-linux-gnu:/opt/ros/jazzy/opt/gz_math_vendor/lib:/opt/ros/jazzy/opt/gz_utils_vendor/lib:/opt/ros/jazzy/opt/gz_cmake_vendor/lib:/opt/ros/jazzy/lib', 'HOME': '/home/cvl', 'CONDA_SHLVL': '3', 'OLDPWD': '/home/cvl/CS_Animatronics', 'DESKTOP_SESSION': 'ubuntu', 'ROS_PYTHON_VERSION': '3', 'GNOME_SHELL_SESSION_MODE': 'ubuntu', 'GTK_MODULES': 'gail:atk-bridge', 'SYSTEMD_EXEC_PID': '11370', 'GSM_SKIP_SSH_AGENT_WORKAROUND': 'true', 'DBUS_SESSION_BUS_ADDRESS': 'unix:path=/run/user/1000/bus', 'COLORTERM': 'truecolor', 'DEBUGINFOD_URLS': 'https://debuginfod.ubuntu.com', 'ROS_DISTRO': 'jazzy', 'LOGNAME': 'cvl', '_': '/usr/bin/colcon', 'ROS_VERSION': '2', 'MEMORY_PRESSURE_WATCH': '/sys/fs/cgroup/user.slice/user-1000.slice/user@1000.service/session.slice/org.gnome.Shell@x11.service/memory.pressure', 'XDG_SESSION_CLASS': 'user', 'USERNAME': 'cvl', 'TERM': 'xterm-256color', 'GNOME_DESKTOP_SESSION_ID': 'this-is-deprecated', 'WINDOWPATH': '2', 'PATH': '/opt/ros/jazzy/bin:/home/cvl/miniconda3/bin:/home/cvl/miniconda3/condabin:/home/cvl/.local/bin:/usr/local/sbin:/usr/local/bin:/usr/sbin:/usr/bin:/sbin:/bin:/usr/games:/usr/local/games:/snap/bin:/snap/bin', 'SESSION_MANAGER': 'local/cvl-To-Be-Filled-By-O-E-M:@/tmp/.ICE-unix/11338,unix/cvl-To-Be-Filled-By-O-E-M:/tmp/.ICE-unix/11338', 'XDG_MENU_PREFIX': 'gnome-', 'GNOME_TERMINAL_SCREEN': '/org/gnome/Terminal/screen/737fbf3c_e6c6_4d2e_894b_83e5c7d4f543', 'XDG_RUNTIME_DIR': '/run/user/1000', 'DISPLAY': ':1', 'LANG': 'en_US.UTF-8', 'XDG_CURRENT_DESKTOP': 'ubuntu:GNOME', 'CONDA_PREFIX_1': '/home/cvl/miniconda3', 'XMODIFIERS': '@im=ibus', 'XDG_SESSION_DESKTOP': 'ubuntu', 'XAUTHORITY': '/run/user/1000/gdm/Xauthority', 'LS_COLORS': 'rs=0:di=01;34:ln=01;36:mh=00:pi=40;33:so=01;35:do=01;35:bd=40;33;01:cd=40;33;01:or=40;31;01:mi=00:su=37;41:sg=30;43:ca=00:tw=30;42:ow=34;42:st=37;44:ex=01;32:*.tar=01;31:*.tgz=01;31:*.arc=01;31:*.arj=01;31:*.taz=01;31:*.lha=01;31:*.lz4=01;31:*.lzh=01;31:*.lzma=01;31:*.tlz=01;31:*.txz=01;31:*.tzo=01;31:*.t7z=01;31:*.zip=01;31:*.z=01;31:*.dz=01;31:*.gz=01;31:*.lrz=01;31:*.lz=01;31:*.lzo=01;31:*.xz=01;31:*.zst=01;31:*.tzst=01;31:*.bz2=01;31:*.bz=01;31:*.tbz=01;31:*.tbz2=01;31:*.tz=01;31:*.deb=01;31:*.rpm=01;31:*.jar=01;31:*.war=01;31:*.ear=01;31:*.sar=01;31:*.rar=01;31:*.alz=01;31:*.ace=01;31:*.zoo=01;31:*.cpio=01;31:*.7z=01;31:*.rz=01;31:*.cab=01;31:*.wim=01;31:*.swm=01;31:*.dwm=01;31:*.esd=01;31:*.avif=01;35:*.jpg=01;35:*.jpeg=01;35:*.mjpg=01;35:*.mjpeg=01;35:*.gif=01;35:*.bmp=01;35:*.pbm=01;35:*.pgm=01;35:*.ppm=01;35:*.tga=01;35:*.xbm=01;35:*.xpm=01;35:*.tif=01;35:*.tiff=01;35:*.png=01;35:*.svg=01;35:*.svgz=01;35:*.mng=01;35:*.pcx=01;35:*.mov=01;35:*.mpg=01;35:*.mpeg=01;35:*.m2v=01;35:*.mkv=01;35:*.webm=01;35:*.webp=01;35:*.ogm=01;35:*.mp4=01;35:*.m4v=01;35:*.mp4v=01;35:*.vob=01;35:*.qt=01;35:*.nuv=01;35:*.wmv=01;35:*.asf=01;35:*.rm=01;35:*.rmvb=01;35:*.flc=01;35:*.avi=01;35:*.fli=01;35:*.flv=01;35:*.gl=01;35:*.dl=01;35:*.xcf=01;35:*.xwd=01;35:*.yuv=01;35:*.cgm=01;35:*.emf=01;35:*.ogv=01;35:*.ogx=01;35:*.aac=00;36:*.au=00;36:*.flac=00;36:*.m4a=00;36:*.mid=00;36:*.midi=00;36:*.mka=00;36:*.mp3=00;36:*.mpc=00;36:*.ogg=00;36:*.ra=00;36:*.wav=00;36:*.oga=00;36:*.opus=00;36:*.spx=00;36:*.xspf=00;36:*~=00;90:*#=00;90:*.bak=00;90:*.crdownload=00;90:*.dpkg-dist=00;90:*.dpkg-new=00;90:*.dpkg-old=00;90:*.dpkg-tmp=00;90:*.old=00;90:*.orig=00;90:*.part=00;90:*.rej=00;90:*.rpmnew=00;90:*.rpmorig=00;90:*.rpmsave=00;90:*.swp=00;90:*.tmp=00;90:*.ucf-dist=00;90:*.ucf-new=00;90:*.ucf-old=00;90:', 'GNOME_TERMINAL_SERVICE': ':1.105', 'CONDA_PREFIX_2': '/home/cvl/miniconda3/envs/genesis', 'SSH_AUTH_SOCK': '/run/user/1000/keyring/ssh', 'AMENT_PREFIX_PATH': '/opt/ros/jazzy', 'CONDA_PYTHON_EXE': '/home/cvl/miniconda3/bin/python', 'SHELL': '/bin/bash', 'QT_ACCESSIBILITY': '1', 'GDMSESSION': 'ubuntu', 'LESSCLOSE': '/usr/bin/lesspipe %s %s', 'CONDA_DEFAULT_ENV': 'base', 'GPG_AGENT_INFO': '/run/user/1000/gnupg/S.gpg-agent:0:1', 'ROS_AUTOMATIC_DISCOVERY_RANGE': 'SUBNET', 'QT_IM_MODULE': 'ibus', 'PWD': '/home/cvl/CS_Animatronics/src/build/dynamixel_sdk', 'XDG_CONFIG_DIRS': '/etc/xdg/xdg-ubuntu:/etc/xdg', 'CONDA_EXE': '/home/cvl/miniconda3/bin/conda', 'XDG_DATA_DIRS': '/usr/share/ubuntu:/usr/share/gnome:/usr/local/share/:/usr/share/:/var/lib/snapd/desktop', 'PYTHONPATH': '/opt/ros/jazzy/lib/python3.12/site-packages', 'CONDA_PREFIX': '/home/cvl/miniconda3', 'COLCON': '1', 'MEMORY_PRESSURE_WRITE': 'c29tZSAyMDAwMDAgMjAwMDAwMAA=', 'VTE_VERSION': '7600', 'CMAKE_PREFIX_PATH': '/opt/ros/jazzy/opt/gz_math_vendor:/opt/ros/jazzy/opt/gz_utils_vendor:/opt/ros/jazzy/opt/gz_cmake_vendor:/opt/ros/jazzy'}), 'shell': False}
[0.383054] (dynamixel_sdk) StdoutLine: {'line': b'-- Install configuration: ""\n'}
[0.383355] (dynamixel_sdk) StdoutLine: {'line': b'-- Up-to-date: /home/cvl/CS_Animatronics/src/install/dynamixel_sdk/include/\n'}
[0.383474] (dynamixel_sdk) StdoutLine: {'line': b'-- Up-to-date: /home/cvl/CS_Animatronics/src/install/dynamixel_sdk/include//dynamixel_sdk\n'}
[0.383577] (dynamixel_sdk) StdoutLine: {'line': b'-- Up-to-date: /home/cvl/CS_Animatronics/src/install/dynamixel_sdk/include//dynamixel_sdk/group_bulk_read.h\n'}
[0.383690] (dynamixel_sdk) StdoutLine: {'line': b'-- Up-to-date: /home/cvl/CS_Animatronics/src/install/dynamixel_sdk/include//dynamixel_sdk/protocol1_packet_handler.h\n'}
[0.383867] (dynamixel_sdk) StdoutLine: {'line': b'-- Up-to-date: /home/cvl/CS_Animatronics/src/install/dynamixel_sdk/include//dynamixel_sdk/port_handler.h\n'}
[0.383965] (dynamixel_sdk) StdoutLine: {'line': b'-- Up-to-date: /home/cvl/CS_Animatronics/src/install/dynamixel_sdk/include//dynamixel_sdk/group_bulk_write.h\n'}
[0.384061] (dynamixel_sdk) StdoutLine: {'line': b'-- Up-to-date: /home/cvl/CS_Animatronics/src/install/dynamixel_sdk/include//dynamixel_sdk/port_handler_arduino.h\n'}
[0.384159] (dynamixel_sdk) StdoutLine: {'line': b'-- Up-to-date: /home/cvl/CS_Animatronics/src/install/dynamixel_sdk/include//dynamixel_sdk/packet_handler.h\n'}
[0.384258] (dynamixel_sdk) StdoutLine: {'line': b'-- Up-to-date: /home/cvl/CS_Animatronics/src/install/dynamixel_sdk/include//dynamixel_sdk/group_sync_write.h\n'}
[0.384357] (dynamixel_sdk) StdoutLine: {'line': b'-- Up-to-date: /home/cvl/CS_Animatronics/src/install/dynamixel_sdk/include//dynamixel_sdk/port_handler_mac.h\n'}
[0.384454] (dynamixel_sdk) StdoutLine: {'line': b'-- Up-to-date: /home/cvl/CS_Animatronics/src/install/dynamixel_sdk/include//dynamixel_sdk/dynamixel_sdk.h\n'}
[0.384549] (dynamixel_sdk) StdoutLine: {'line': b'-- Up-to-date: /home/cvl/CS_Animatronics/src/install/dynamixel_sdk/include//dynamixel_sdk/port_handler_linux.h\n'}
[0.384643] (dynamixel_sdk) StdoutLine: {'line': b'-- Up-to-date: /home/cvl/CS_Animatronics/src/install/dynamixel_sdk/include//dynamixel_sdk/port_handler_windows.h\n'}
[0.384756] (dynamixel_sdk) StdoutLine: {'line': b'-- Up-to-date: /home/cvl/CS_Animatronics/src/install/dynamixel_sdk/include//dynamixel_sdk/protocol2_packet_handler.h\n'}
[0.384854] (dynamixel_sdk) StdoutLine: {'line': b'-- Up-to-date: /home/cvl/CS_Animatronics/src/install/dynamixel_sdk/include//dynamixel_sdk/group_sync_read.h\n'}
[0.384950] (dynamixel_sdk) StdoutLine: {'line': b'-- Up-to-date: /home/cvl/CS_Animatronics/src/install/dynamixel_sdk/lib/libdynamixel_sdk.so\n'}
[0.385156] (dynamixel_sdk) StdoutLine: {'line': b'-- Up-to-date: /home/cvl/CS_Animatronics/src/install/dynamixel_sdk/share/dynamixel_sdk/environment/library_path.sh\n'}
[0.385250] (dynamixel_sdk) StdoutLine: {'line': b'-- Up-to-date: /home/cvl/CS_Animatronics/src/install/dynamixel_sdk/share/dynamixel_sdk/environment/library_path.dsv\n'}
[0.385346] (dynamixel_sdk) StdoutLine: {'line': b'-- Up-to-date: /home/cvl/CS_Animatronics/src/install/dynamixel_sdk/share/ament_index/resource_index/package_run_dependencies/dynamixel_sdk\n'}
[0.385439] (dynamixel_sdk) StdoutLine: {'line': b'-- Up-to-date: /home/cvl/CS_Animatronics/src/install/dynamixel_sdk/share/ament_index/resource_index/parent_prefix_path/dynamixel_sdk\n'}
[0.385538] (dynamixel_sdk) StdoutLine: {'line': b'-- Up-to-date: /home/cvl/CS_Animatronics/src/install/dynamixel_sdk/share/dynamixel_sdk/environment/ament_prefix_path.sh\n'}
[0.385642] (dynamixel_sdk) StdoutLine: {'line': b'-- Up-to-date: /home/cvl/CS_Animatronics/src/install/dynamixel_sdk/share/dynamixel_sdk/environment/ament_prefix_path.dsv\n'}
[0.385893] (dynamixel_sdk) StdoutLine: {'line': b'-- Up-to-date: /home/cvl/CS_Animatronics/src/install/dynamixel_sdk/share/dynamixel_sdk/environment/path.sh\n'}
[0.386052] (dynamixel_sdk) StdoutLine: {'line': b'-- Up-to-date: /home/cvl/CS_Animatronics/src/install/dynamixel_sdk/share/dynamixel_sdk/environment/path.dsv\n'}
[0.386193] (dynamixel_sdk) StdoutLine: {'line': b'-- Up-to-date: /home/cvl/CS_Animatronics/src/install/dynamixel_sdk/share/dynamixel_sdk/local_setup.bash\n'}
[0.386312] (dynamixel_sdk) StdoutLine: {'line': b'-- Up-to-date: /home/cvl/CS_Animatronics/src/install/dynamixel_sdk/share/dynamixel_sdk/local_setup.sh\n'}
[0.386447] (dynamixel_sdk) StdoutLine: {'line': b'-- Up-to-date: /home/cvl/CS_Animatronics/src/install/dynamixel_sdk/share/dynamixel_sdk/local_setup.zsh\n'}
[0.386600] (dynamixel_sdk) StdoutLine: {'line': b'-- Up-to-date: /home/cvl/CS_Animatronics/src/install/dynamixel_sdk/share/dynamixel_sdk/local_setup.dsv\n'}
[0.386740] (dynamixel_sdk) StdoutLine: {'line': b'-- Installing: /home/cvl/CS_Animatronics/src/install/dynamixel_sdk/share/dynamixel_sdk/package.dsv\n'}
[0.387015] (dynamixel_sdk) StdoutLine: {'line': b'-- Up-to-date: /home/cvl/CS_Animatronics/src/install/dynamixel_sdk/share/ament_index/resource_index/packages/dynamixel_sdk\n'}
[0.387075] (dynamixel_sdk) StdoutLine: {'line': b'-- Up-to-date: /home/cvl/CS_Animatronics/src/install/dynamixel_sdk/share/dynamixel_sdk/cmake/ament_cmake_export_include_directories-extras.cmake\n'}
[0.387132] (dynamixel_sdk) StdoutLine: {'line': b'-- Up-to-date: /home/cvl/CS_Animatronics/src/install/dynamixel_sdk/share/dynamixel_sdk/cmake/ament_cmake_export_libraries-extras.cmake\n'}
[0.387189] (dynamixel_sdk) StdoutLine: {'line': b'-- Up-to-date: /home/cvl/CS_Animatronics/src/install/dynamixel_sdk/share/dynamixel_sdk/cmake/dynamixel_sdkConfig.cmake\n'}
[0.387245] (dynamixel_sdk) StdoutLine: {'line': b'-- Up-to-date: /home/cvl/CS_Animatronics/src/install/dynamixel_sdk/share/dynamixel_sdk/cmake/dynamixel_sdkConfig-version.cmake\n'}
[0.387301] (dynamixel_sdk) StdoutLine: {'line': b'-- Up-to-date: /home/cvl/CS_Animatronics/src/install/dynamixel_sdk/share/dynamixel_sdk/package.xml\n'}
[0.387357] (dynamixel_sdk) CommandEnded: {'returncode': 0}
[0.393561] (motor_command_msg) StdoutLine: {'line': b'[  8%] Built target motor_command_msg__cpp\n'}
[0.400534] (-) TimerEvent: {}
[0.403504] (dynamixel_sdk) JobEnded: {'identifier': 'dynamixel_sdk', 'rc': 0}
[0.415017] (motor_command_msg) StdoutLine: {'line': b'[ 17%] \x1b[32mBuilding C object CMakeFiles/motor_command_msg__rosidl_generator_c.dir/rosidl_generator_c/motor_command_msg/msg/detail/id_angle__type_support.c.o\x1b[0m\n'}
[0.415152] (motor_command_msg) StdoutLine: {'line': b'[ 17%] \x1b[32mBuilding C object CMakeFiles/motor_command_msg__rosidl_generator_c.dir/rosidl_generator_c/motor_command_msg/msg/detail/id_angle__functions.c.o\x1b[0m\n'}
[0.415218] (motor_command_msg) StdoutLine: {'line': b'[ 17%] \x1b[32mBuilding C object CMakeFiles/motor_command_msg__rosidl_generator_c.dir/rosidl_generator_c/motor_command_msg/msg/detail/id_angle__description.c.o\x1b[0m\n'}
[0.453980] (motor_command_msg) StdoutLine: {'line': b'[ 20%] \x1b[32m\x1b[1mLinking C shared library libmotor_command_msg__rosidl_generator_c.so\x1b[0m\n'}
[0.477420] (motor_command_msg) StdoutLine: {'line': b'[ 20%] Built target motor_command_msg__rosidl_generator_c\n'}
[0.484218] (motor_command_msg) StdoutLine: {'line': b'[ 35%] \x1b[34m\x1b[1mGenerating C type support dispatch for ROS interfaces\x1b[0m\n'}
[0.484413] (motor_command_msg) StdoutLine: {'line': b'[ 35%] \x1b[34m\x1b[1mGenerating C++ introspection for ROS interfaces\x1b[0m\n'}
[0.484513] (motor_command_msg) StdoutLine: {'line': b'[ 38%] \x1b[34m\x1b[1mGenerating C++ type support dispatch for ROS interfaces\x1b[0m\n'}
[0.484598] (motor_command_msg) StdoutLine: {'line': b'[ 35%] \x1b[34m\x1b[1mGenerating C type support for eProsima Fast-RTPS\x1b[0m\n'}
[0.484692] (motor_command_msg) StdoutLine: {'line': b'[ 38%] \x1b[34m\x1b[1mGenerating C++ type support for eProsima Fast-RTPS\x1b[0m\n'}
[0.484781] (motor_command_msg) StdoutLine: {'line': b'[ 38%] \x1b[34m\x1b[1mGenerating C introspection for ROS interfaces\x1b[0m\n'}
[0.500633] (-) TimerEvent: {}
[0.504750] (dynamixel_sdk_custom_interfaces) StdoutLine: {'line': b'[  6%] Built target dynamixel_sdk_custom_interfaces__cpp\n'}
[0.547747] (dynamixel_sdk_custom_interfaces) StdoutLine: {'line': b'[  9%] \x1b[32mBuilding C object CMakeFiles/dynamixel_sdk_custom_interfaces__rosidl_generator_c.dir/rosidl_generator_c/dynamixel_sdk_custom_interfaces/msg/detail/set_position__description.c.o\x1b[0m\n'}
[0.549885] (dynamixel_sdk_custom_interfaces) StdoutLine: {'line': b'[ 18%] \x1b[32mBuilding C object CMakeFiles/dynamixel_sdk_custom_interfaces__rosidl_generator_c.dir/rosidl_generator_c/dynamixel_sdk_custom_interfaces/msg/detail/set_position__functions.c.o\x1b[0m\n'}
[0.550093] (dynamixel_sdk_custom_interfaces) StdoutLine: {'line': b'[ 18%] \x1b[32mBuilding C object CMakeFiles/dynamixel_sdk_custom_interfaces__rosidl_generator_c.dir/rosidl_generator_c/dynamixel_sdk_custom_interfaces/msg/detail/set_position__type_support.c.o\x1b[0m\n'}
[0.550211] (dynamixel_sdk_custom_interfaces) StdoutLine: {'line': b'[ 18%] \x1b[32mBuilding C object CMakeFiles/dynamixel_sdk_custom_interfaces__rosidl_generator_c.dir/rosidl_generator_c/dynamixel_sdk_custom_interfaces/srv/detail/get_position__description.c.o\x1b[0m\n'}
[0.550323] (dynamixel_sdk_custom_interfaces) StdoutLine: {'line': b'[ 18%] \x1b[32mBuilding C object CMakeFiles/dynamixel_sdk_custom_interfaces__rosidl_generator_c.dir/rosidl_generator_c/dynamixel_sdk_custom_interfaces/srv/detail/get_position__functions.c.o\x1b[0m\n'}
[0.550466] (dynamixel_sdk_custom_interfaces) StdoutLine: {'line': b'[ 20%] \x1b[32mBuilding C object CMakeFiles/dynamixel_sdk_custom_interfaces__rosidl_generator_c.dir/rosidl_generator_c/dynamixel_sdk_custom_interfaces/srv/detail/get_position__type_support.c.o\x1b[0m\n'}
[0.600740] (-) TimerEvent: {}
[0.610219] (dynamixel_sdk_custom_interfaces) StdoutLine: {'line': b'[ 22%] \x1b[32m\x1b[1mLinking C shared library libdynamixel_sdk_custom_interfaces__rosidl_generator_c.so\x1b[0m\n'}
[0.635187] (dynamixel_sdk_custom_interfaces) StdoutLine: {'line': b'[ 22%] Built target dynamixel_sdk_custom_interfaces__rosidl_generator_c\n'}
[0.642305] (dynamixel_sdk_custom_interfaces) StdoutLine: {'line': b'[ 25%] \x1b[34m\x1b[1mGenerating C introspection for ROS interfaces\x1b[0m\n'}
[0.643975] (dynamixel_sdk_custom_interfaces) StdoutLine: {'line': b'[ 27%] \x1b[34m\x1b[1mGenerating C++ type support for eProsima Fast-RTPS\x1b[0m\n'}
[0.644180] (dynamixel_sdk_custom_interfaces) StdoutLine: {'line': b'[ 29%] \x1b[34m\x1b[1mGenerating C type support dispatch for ROS interfaces\x1b[0m\n'}
[0.644325] (dynamixel_sdk_custom_interfaces) StdoutLine: {'line': b'[ 34%] \x1b[34m\x1b[1mGenerating C++ introspection for ROS interfaces\x1b[0m\n'}
[0.644455] (dynamixel_sdk_custom_interfaces) StdoutLine: {'line': b'[ 34%] \x1b[34m\x1b[1mGenerating C++ type support dispatch for ROS interfaces\x1b[0m\n'}
[0.644577] (dynamixel_sdk_custom_interfaces) StdoutLine: {'line': b'[ 36%] \x1b[34m\x1b[1mGenerating C type support for eProsima Fast-RTPS\x1b[0m\n'}
[0.686412] (motor_command_msg) StdoutLine: {'line': b'[ 41%] \x1b[32mBuilding CXX object CMakeFiles/motor_command_msg__rosidl_typesupport_introspection_cpp.dir/rosidl_typesupport_introspection_cpp/motor_command_msg/msg/detail/id_angle__type_support.cpp.o\x1b[0m\n'}
[0.693995] (motor_command_msg) StdoutLine: {'line': b'[ 47%] \x1b[32mBuilding CXX object CMakeFiles/motor_command_msg__rosidl_typesupport_c.dir/rosidl_typesupport_c/motor_command_msg/msg/id_angle__type_support.cpp.o\x1b[0m\n'}
[0.694207] (motor_command_msg) StdoutLine: {'line': b'[ 47%] \x1b[32mBuilding CXX object CMakeFiles/motor_command_msg__rosidl_typesupport_cpp.dir/rosidl_typesupport_cpp/motor_command_msg/msg/id_angle__type_support.cpp.o\x1b[0m\n'}
[0.700832] (-) TimerEvent: {}
[0.709589] (motor_command_msg) StdoutLine: {'line': b'[ 50%] \x1b[32mBuilding CXX object CMakeFiles/motor_command_msg__rosidl_typesupport_fastrtps_c.dir/rosidl_typesupport_fastrtps_c/motor_command_msg/msg/detail/id_angle__type_support_c.cpp.o\x1b[0m\n'}
[0.716367] (motor_command_msg) StdoutLine: {'line': b'[ 52%] \x1b[32mBuilding C object CMakeFiles/motor_command_msg__rosidl_typesupport_introspection_c.dir/rosidl_typesupport_introspection_c/motor_command_msg/msg/detail/id_angle__type_support.c.o\x1b[0m\n'}
[0.726882] (motor_command_msg) StdoutLine: {'line': b'[ 55%] \x1b[32m\x1b[1mLinking CXX shared library libmotor_command_msg__rosidl_typesupport_c.so\x1b[0m\n'}
[0.734082] (motor_command_msg) StdoutLine: {'line': b'[ 58%] \x1b[32mBuilding CXX object CMakeFiles/motor_command_msg__rosidl_typesupport_fastrtps_cpp.dir/rosidl_typesupport_fastrtps_cpp/motor_command_msg/msg/detail/dds_fastrtps/id_angle__type_support.cpp.o\x1b[0m\n'}
[0.749025] (motor_command_msg) StdoutLine: {'line': b'[ 61%] \x1b[32m\x1b[1mLinking C shared library libmotor_command_msg__rosidl_typesupport_introspection_c.so\x1b[0m\n'}
[0.757937] (motor_command_msg) StdoutLine: {'line': b'[ 61%] Built target motor_command_msg__rosidl_typesupport_c\n'}
[0.774130] (motor_command_msg) StdoutLine: {'line': b'[ 61%] Built target motor_command_msg__rosidl_typesupport_introspection_c\n'}
[0.800929] (-) TimerEvent: {}
[0.894275] (dynamixel_sdk_custom_interfaces) StdoutLine: {'line': b'[ 38%] \x1b[32mBuilding CXX object CMakeFiles/dynamixel_sdk_custom_interfaces__rosidl_typesupport_c.dir/rosidl_typesupport_c/dynamixel_sdk_custom_interfaces/msg/set_position__type_support.cpp.o\x1b[0m\n'}
[0.896615] (dynamixel_sdk_custom_interfaces) StdoutLine: {'line': b'[ 40%] \x1b[32mBuilding CXX object CMakeFiles/dynamixel_sdk_custom_interfaces__rosidl_typesupport_c.dir/rosidl_typesupport_c/dynamixel_sdk_custom_interfaces/srv/get_position__type_support.cpp.o\x1b[0m\n'}
[0.901026] (-) TimerEvent: {}
[0.907933] (imu_receiver) Command: {'cmd': ['/usr/bin/python3', '-W', 'ignore:setup.py install is deprecated', '-W', 'ignore:easy_install command is deprecated', 'setup.py', 'egg_info', '--egg-base', '../build/imu_receiver', 'build', '--build-base', '/home/cvl/CS_Animatronics/src/build/imu_receiver/build', 'install', '--record', '/home/cvl/CS_Animatronics/src/build/imu_receiver/install.log', '--single-version-externally-managed', 'install_data'], 'cwd': '/home/cvl/CS_Animatronics/src/imu_receiver', 'env': {'LESSOPEN': '| /usr/bin/lesspipe %s', 'CONDA_PROMPT_MODIFIER': '(base)', 'USER': 'cvl', 'XDG_SESSION_TYPE': 'x11', 'CLUTTER_DISABLE_MIPMAPPED_TEXT': '1', 'SHLVL': '1', 'LD_LIBRARY_PATH': '/opt/ros/jazzy/opt/rviz_ogre_vendor/lib:/opt/ros/jazzy/lib/x86_64-linux-gnu:/opt/ros/jazzy/opt/gz_math_vendor/lib:/opt/ros/jazzy/opt/gz_utils_vendor/lib:/opt/ros/jazzy/opt/gz_cmake_vendor/lib:/opt/ros/jazzy/lib', 'HOME': '/home/cvl', 'CONDA_SHLVL': '3', 'OLDPWD': '/home/cvl/CS_Animatronics', 'DESKTOP_SESSION': 'ubuntu', 'ROS_PYTHON_VERSION': '3', 'GNOME_SHELL_SESSION_MODE': 'ubuntu', 'GTK_MODULES': 'gail:atk-bridge', 'SYSTEMD_EXEC_PID': '11370', 'GSM_SKIP_SSH_AGENT_WORKAROUND': 'true', 'DBUS_SESSION_BUS_ADDRESS': 'unix:path=/run/user/1000/bus', 'COLORTERM': 'truecolor', 'DEBUGINFOD_URLS': 'https://debuginfod.ubuntu.com', 'ROS_DISTRO': 'jazzy', 'LOGNAME': 'cvl', '_': '/usr/bin/colcon', 'ROS_VERSION': '2', 'MEMORY_PRESSURE_WATCH': '/sys/fs/cgroup/user.slice/user-1000.slice/user@1000.service/session.slice/org.gnome.Shell@x11.service/memory.pressure', 'XDG_SESSION_CLASS': 'user', 'USERNAME': 'cvl', 'TERM': 'xterm-256color', 'GNOME_DESKTOP_SESSION_ID': 'this-is-deprecated', 'WINDOWPATH': '2', 'PATH': '/opt/ros/jazzy/bin:/home/cvl/miniconda3/bin:/home/cvl/miniconda3/condabin:/home/cvl/.local/bin:/usr/local/sbin:/usr/local/bin:/usr/sbin:/usr/bin:/sbin:/bin:/usr/games:/usr/local/games:/snap/bin:/snap/bin', 'SESSION_MANAGER': 'local/cvl-To-Be-Filled-By-O-E-M:@/tmp/.ICE-unix/11338,unix/cvl-To-Be-Filled-By-O-E-M:/tmp/.ICE-unix/11338', 'XDG_MENU_PREFIX': 'gnome-', 'GNOME_TERMINAL_SCREEN': '/org/gnome/Terminal/screen/737fbf3c_e6c6_4d2e_894b_83e5c7d4f543', 'XDG_RUNTIME_DIR': '/run/user/1000', 'DISPLAY': ':1', 'LANG': 'en_US.UTF-8', 'XDG_CURRENT_DESKTOP': 'ubuntu:GNOME', 'CONDA_PREFIX_1': '/home/cvl/miniconda3', 'XMODIFIERS': '@im=ibus', 'XDG_SESSION_DESKTOP': 'ubuntu', 'XAUTHORITY': '/run/user/1000/gdm/Xauthority', 'LS_COLORS': 'rs=0:di=01;34:ln=01;36:mh=00:pi=40;33:so=01;35:do=01;35:bd=40;33;01:cd=40;33;01:or=40;31;01:mi=00:su=37;41:sg=30;43:ca=00:tw=30;42:ow=34;42:st=37;44:ex=01;32:*.tar=01;31:*.tgz=01;31:*.arc=01;31:*.arj=01;31:*.taz=01;31:*.lha=01;31:*.lz4=01;31:*.lzh=01;31:*.lzma=01;31:*.tlz=01;31:*.txz=01;31:*.tzo=01;31:*.t7z=01;31:*.zip=01;31:*.z=01;31:*.dz=01;31:*.gz=01;31:*.lrz=01;31:*.lz=01;31:*.lzo=01;31:*.xz=01;31:*.zst=01;31:*.tzst=01;31:*.bz2=01;31:*.bz=01;31:*.tbz=01;31:*.tbz2=01;31:*.tz=01;31:*.deb=01;31:*.rpm=01;31:*.jar=01;31:*.war=01;31:*.ear=01;31:*.sar=01;31:*.rar=01;31:*.alz=01;31:*.ace=01;31:*.zoo=01;31:*.cpio=01;31:*.7z=01;31:*.rz=01;31:*.cab=01;31:*.wim=01;31:*.swm=01;31:*.dwm=01;31:*.esd=01;31:*.avif=01;35:*.jpg=01;35:*.jpeg=01;35:*.mjpg=01;35:*.mjpeg=01;35:*.gif=01;35:*.bmp=01;35:*.pbm=01;35:*.pgm=01;35:*.ppm=01;35:*.tga=01;35:*.xbm=01;35:*.xpm=01;35:*.tif=01;35:*.tiff=01;35:*.png=01;35:*.svg=01;35:*.svgz=01;35:*.mng=01;35:*.pcx=01;35:*.mov=01;35:*.mpg=01;35:*.mpeg=01;35:*.m2v=01;35:*.mkv=01;35:*.webm=01;35:*.webp=01;35:*.ogm=01;35:*.mp4=01;35:*.m4v=01;35:*.mp4v=01;35:*.vob=01;35:*.qt=01;35:*.nuv=01;35:*.wmv=01;35:*.asf=01;35:*.rm=01;35:*.rmvb=01;35:*.flc=01;35:*.avi=01;35:*.fli=01;35:*.flv=01;35:*.gl=01;35:*.dl=01;35:*.xcf=01;35:*.xwd=01;35:*.yuv=01;35:*.cgm=01;35:*.emf=01;35:*.ogv=01;35:*.ogx=01;35:*.aac=00;36:*.au=00;36:*.flac=00;36:*.m4a=00;36:*.mid=00;36:*.midi=00;36:*.mka=00;36:*.mp3=00;36:*.mpc=00;36:*.ogg=00;36:*.ra=00;36:*.wav=00;36:*.oga=00;36:*.opus=00;36:*.spx=00;36:*.xspf=00;36:*~=00;90:*#=00;90:*.bak=00;90:*.crdownload=00;90:*.dpkg-dist=00;90:*.dpkg-new=00;90:*.dpkg-old=00;90:*.dpkg-tmp=00;90:*.old=00;90:*.orig=00;90:*.part=00;90:*.rej=00;90:*.rpmnew=00;90:*.rpmorig=00;90:*.rpmsave=00;90:*.swp=00;90:*.tmp=00;90:*.ucf-dist=00;90:*.ucf-new=00;90:*.ucf-old=00;90:', 'GNOME_TERMINAL_SERVICE': ':1.105', 'CONDA_PREFIX_2': '/home/cvl/miniconda3/envs/genesis', 'SSH_AUTH_SOCK': '/run/user/1000/keyring/ssh', 'AMENT_PREFIX_PATH': '/opt/ros/jazzy', 'CONDA_PYTHON_EXE': '/home/cvl/miniconda3/bin/python', 'SHELL': '/bin/bash', 'QT_ACCESSIBILITY': '1', 'GDMSESSION': 'ubuntu', 'LESSCLOSE': '/usr/bin/lesspipe %s %s', 'CONDA_DEFAULT_ENV': 'base', 'GPG_AGENT_INFO': '/run/user/1000/gnupg/S.gpg-agent:0:1', 'ROS_AUTOMATIC_DISCOVERY_RANGE': 'SUBNET', 'QT_IM_MODULE': 'ibus', 'PWD': '/home/cvl/CS_Animatronics/src/build/imu_receiver', 'XDG_CONFIG_DIRS': '/etc/xdg/xdg-ubuntu:/etc/xdg', 'CONDA_EXE': '/home/cvl/miniconda3/bin/conda', 'XDG_DATA_DIRS': '/usr/share/ubuntu:/usr/share/gnome:/usr/local/share/:/usr/share/:/var/lib/snapd/desktop', 'PYTHONPATH': '/home/cvl/CS_Animatronics/src/build/imu_receiver/prefix_override:/usr/lib/python3/dist-packages/colcon_core/task/python/colcon_distutils_commands:/home/cvl/CS_Animatronics/src/install/imu_receiver/lib/python3.12/site-packages:/opt/ros/jazzy/lib/python3.12/site-packages', 'CONDA_PREFIX': '/home/cvl/miniconda3', 'COLCON': '1', 'MEMORY_PRESSURE_WRITE': 'c29tZSAyMDAwMDAgMjAwMDAwMAA=', 'VTE_VERSION': '7600', 'CMAKE_PREFIX_PATH': '/opt/ros/jazzy/opt/gz_math_vendor:/opt/ros/jazzy/opt/gz_utils_vendor:/opt/ros/jazzy/opt/gz_cmake_vendor'}, 'shell': False}
[0.933472] (motor_command_msg) StdoutLine: {'line': b'[ 64%] \x1b[32m\x1b[1mLinking CXX shared library libmotor_command_msg__rosidl_typesupport_cpp.so\x1b[0m\n'}
[0.933996] (motor_command_msg) StdoutLine: {'line': b'[ 67%] \x1b[32m\x1b[1mLinking CXX shared library libmotor_command_msg__rosidl_typesupport_introspection_cpp.so\x1b[0m\n'}
[0.945936] (dynamixel_sdk_custom_interfaces) StdoutLine: {'line': b'[ 43%] \x1b[32m\x1b[1mLinking CXX shared library libdynamixel_sdk_custom_interfaces__rosidl_typesupport_c.so\x1b[0m\n'}
[0.962624] (motor_command_msg) StdoutLine: {'line': b'[ 67%] Built target motor_command_msg__rosidl_typesupport_cpp\n'}
[0.977255] (dynamixel_sdk_custom_interfaces) StdoutLine: {'line': b'[ 43%] Built target dynamixel_sdk_custom_interfaces__rosidl_typesupport_c\n'}
[0.993468] (motor_command_msg) StdoutLine: {'line': b'[ 67%] Built target motor_command_msg__rosidl_typesupport_introspection_cpp\n'}
[0.999858] (dynamixel_sdk_custom_interfaces) StdoutLine: {'line': b'[ 47%] \x1b[32mBuilding CXX object CMakeFiles/dynamixel_sdk_custom_interfaces__rosidl_typesupport_introspection_cpp.dir/rosidl_typesupport_introspection_cpp/dynamixel_sdk_custom_interfaces/srv/detail/get_position__type_support.cpp.o\x1b[0m\n'}
[1.000056] (dynamixel_sdk_custom_interfaces) StdoutLine: {'line': b'[ 47%] \x1b[32mBuilding CXX object CMakeFiles/dynamixel_sdk_custom_interfaces__rosidl_typesupport_introspection_cpp.dir/rosidl_typesupport_introspection_cpp/dynamixel_sdk_custom_interfaces/msg/detail/set_position__type_support.cpp.o\x1b[0m\n'}
[1.001094] (-) TimerEvent: {}
[1.018422] (dynamixel_sdk_custom_interfaces) StdoutLine: {'line': b'[ 52%] \x1b[32mBuilding CXX object CMakeFiles/dynamixel_sdk_custom_interfaces__rosidl_typesupport_cpp.dir/rosidl_typesupport_cpp/dynamixel_sdk_custom_interfaces/msg/set_position__type_support.cpp.o\x1b[0m\n'}
[1.018649] (dynamixel_sdk_custom_interfaces) StdoutLine: {'line': b'[ 52%] \x1b[32mBuilding CXX object CMakeFiles/dynamixel_sdk_custom_interfaces__rosidl_typesupport_cpp.dir/rosidl_typesupport_cpp/dynamixel_sdk_custom_interfaces/srv/get_position__type_support.cpp.o\x1b[0m\n'}
[1.055071] (dynamixel_sdk_custom_interfaces) StdoutLine: {'line': b'[ 54%] \x1b[32mBuilding C object CMakeFiles/dynamixel_sdk_custom_interfaces__rosidl_typesupport_introspection_c.dir/rosidl_typesupport_introspection_c/dynamixel_sdk_custom_interfaces/msg/detail/set_position__type_support.c.o\x1b[0m\n'}
[1.057017] (dynamixel_sdk_custom_interfaces) StdoutLine: {'line': b'[ 56%] \x1b[32mBuilding CXX object CMakeFiles/dynamixel_sdk_custom_interfaces__rosidl_typesupport_fastrtps_cpp.dir/rosidl_typesupport_fastrtps_cpp/dynamixel_sdk_custom_interfaces/msg/detail/dds_fastrtps/set_position__type_support.cpp.o\x1b[0m\n'}
[1.057531] (dynamixel_sdk_custom_interfaces) StdoutLine: {'line': b'[ 59%] \x1b[32mBuilding C object CMakeFiles/dynamixel_sdk_custom_interfaces__rosidl_typesupport_introspection_c.dir/rosidl_typesupport_introspection_c/dynamixel_sdk_custom_interfaces/srv/detail/get_position__type_support.c.o\x1b[0m\n'}
[1.059873] (dynamixel_sdk_custom_interfaces) StdoutLine: {'line': b'[ 61%] \x1b[32mBuilding CXX object CMakeFiles/dynamixel_sdk_custom_interfaces__rosidl_typesupport_fastrtps_cpp.dir/rosidl_typesupport_fastrtps_cpp/dynamixel_sdk_custom_interfaces/srv/detail/dds_fastrtps/get_position__type_support.cpp.o\x1b[0m\n'}
[1.073648] (motor_command_msg) StdoutLine: {'line': b'[ 70%] \x1b[32m\x1b[1mLinking CXX shared library libmotor_command_msg__rosidl_typesupport_fastrtps_c.so\x1b[0m\n'}
[1.080793] (controller_publisher) Command: {'cmd': ['/usr/bin/python3', '-W', 'ignore:setup.py install is deprecated', '-W', 'ignore:easy_install command is deprecated', 'setup.py', 'egg_info', '--egg-base', '../build/controller_publisher', 'build', '--build-base', '/home/cvl/CS_Animatronics/src/build/controller_publisher/build', 'install', '--record', '/home/cvl/CS_Animatronics/src/build/controller_publisher/install.log', '--single-version-externally-managed', 'install_data'], 'cwd': '/home/cvl/CS_Animatronics/src/controller_publisher', 'env': {'LESSOPEN': '| /usr/bin/lesspipe %s', 'CONDA_PROMPT_MODIFIER': '(base)', 'USER': 'cvl', 'XDG_SESSION_TYPE': 'x11', 'CLUTTER_DISABLE_MIPMAPPED_TEXT': '1', 'SHLVL': '1', 'LD_LIBRARY_PATH': '/opt/ros/jazzy/opt/rviz_ogre_vendor/lib:/opt/ros/jazzy/lib/x86_64-linux-gnu:/opt/ros/jazzy/opt/gz_math_vendor/lib:/opt/ros/jazzy/opt/gz_utils_vendor/lib:/opt/ros/jazzy/opt/gz_cmake_vendor/lib:/opt/ros/jazzy/lib', 'HOME': '/home/cvl', 'CONDA_SHLVL': '3', 'OLDPWD': '/home/cvl/CS_Animatronics', 'DESKTOP_SESSION': 'ubuntu', 'ROS_PYTHON_VERSION': '3', 'GNOME_SHELL_SESSION_MODE': 'ubuntu', 'GTK_MODULES': 'gail:atk-bridge', 'SYSTEMD_EXEC_PID': '11370', 'GSM_SKIP_SSH_AGENT_WORKAROUND': 'true', 'DBUS_SESSION_BUS_ADDRESS': 'unix:path=/run/user/1000/bus', 'COLORTERM': 'truecolor', 'DEBUGINFOD_URLS': 'https://debuginfod.ubuntu.com', 'ROS_DISTRO': 'jazzy', 'LOGNAME': 'cvl', '_': '/usr/bin/colcon', 'ROS_VERSION': '2', 'MEMORY_PRESSURE_WATCH': '/sys/fs/cgroup/user.slice/user-1000.slice/user@1000.service/session.slice/org.gnome.Shell@x11.service/memory.pressure', 'XDG_SESSION_CLASS': 'user', 'USERNAME': 'cvl', 'TERM': 'xterm-256color', 'GNOME_DESKTOP_SESSION_ID': 'this-is-deprecated', 'WINDOWPATH': '2', 'PATH': '/opt/ros/jazzy/bin:/home/cvl/miniconda3/bin:/home/cvl/miniconda3/condabin:/home/cvl/.local/bin:/usr/local/sbin:/usr/local/bin:/usr/sbin:/usr/bin:/sbin:/bin:/usr/games:/usr/local/games:/snap/bin:/snap/bin', 'SESSION_MANAGER': 'local/cvl-To-Be-Filled-By-O-E-M:@/tmp/.ICE-unix/11338,unix/cvl-To-Be-Filled-By-O-E-M:/tmp/.ICE-unix/11338', 'XDG_MENU_PREFIX': 'gnome-', 'GNOME_TERMINAL_SCREEN': '/org/gnome/Terminal/screen/737fbf3c_e6c6_4d2e_894b_83e5c7d4f543', 'XDG_RUNTIME_DIR': '/run/user/1000', 'DISPLAY': ':1', 'LANG': 'en_US.UTF-8', 'XDG_CURRENT_DESKTOP': 'ubuntu:GNOME', 'CONDA_PREFIX_1': '/home/cvl/miniconda3', 'XMODIFIERS': '@im=ibus', 'XDG_SESSION_DESKTOP': 'ubuntu', 'XAUTHORITY': '/run/user/1000/gdm/Xauthority', 'LS_COLORS': 'rs=0:di=01;34:ln=01;36:mh=00:pi=40;33:so=01;35:do=01;35:bd=40;33;01:cd=40;33;01:or=40;31;01:mi=00:su=37;41:sg=30;43:ca=00:tw=30;42:ow=34;42:st=37;44:ex=01;32:*.tar=01;31:*.tgz=01;31:*.arc=01;31:*.arj=01;31:*.taz=01;31:*.lha=01;31:*.lz4=01;31:*.lzh=01;31:*.lzma=01;31:*.tlz=01;31:*.txz=01;31:*.tzo=01;31:*.t7z=01;31:*.zip=01;31:*.z=01;31:*.dz=01;31:*.gz=01;31:*.lrz=01;31:*.lz=01;31:*.lzo=01;31:*.xz=01;31:*.zst=01;31:*.tzst=01;31:*.bz2=01;31:*.bz=01;31:*.tbz=01;31:*.tbz2=01;31:*.tz=01;31:*.deb=01;31:*.rpm=01;31:*.jar=01;31:*.war=01;31:*.ear=01;31:*.sar=01;31:*.rar=01;31:*.alz=01;31:*.ace=01;31:*.zoo=01;31:*.cpio=01;31:*.7z=01;31:*.rz=01;31:*.cab=01;31:*.wim=01;31:*.swm=01;31:*.dwm=01;31:*.esd=01;31:*.avif=01;35:*.jpg=01;35:*.jpeg=01;35:*.mjpg=01;35:*.mjpeg=01;35:*.gif=01;35:*.bmp=01;35:*.pbm=01;35:*.pgm=01;35:*.ppm=01;35:*.tga=01;35:*.xbm=01;35:*.xpm=01;35:*.tif=01;35:*.tiff=01;35:*.png=01;35:*.svg=01;35:*.svgz=01;35:*.mng=01;35:*.pcx=01;35:*.mov=01;35:*.mpg=01;35:*.mpeg=01;35:*.m2v=01;35:*.mkv=01;35:*.webm=01;35:*.webp=01;35:*.ogm=01;35:*.mp4=01;35:*.m4v=01;35:*.mp4v=01;35:*.vob=01;35:*.qt=01;35:*.nuv=01;35:*.wmv=01;35:*.asf=01;35:*.rm=01;35:*.rmvb=01;35:*.flc=01;35:*.avi=01;35:*.fli=01;35:*.flv=01;35:*.gl=01;35:*.dl=01;35:*.xcf=01;35:*.xwd=01;35:*.yuv=01;35:*.cgm=01;35:*.emf=01;35:*.ogv=01;35:*.ogx=01;35:*.aac=00;36:*.au=00;36:*.flac=00;36:*.m4a=00;36:*.mid=00;36:*.midi=00;36:*.mka=00;36:*.mp3=00;36:*.mpc=00;36:*.ogg=00;36:*.ra=00;36:*.wav=00;36:*.oga=00;36:*.opus=00;36:*.spx=00;36:*.xspf=00;36:*~=00;90:*#=00;90:*.bak=00;90:*.crdownload=00;90:*.dpkg-dist=00;90:*.dpkg-new=00;90:*.dpkg-old=00;90:*.dpkg-tmp=00;90:*.old=00;90:*.orig=00;90:*.part=00;90:*.rej=00;90:*.rpmnew=00;90:*.rpmorig=00;90:*.rpmsave=00;90:*.swp=00;90:*.tmp=00;90:*.ucf-dist=00;90:*.ucf-new=00;90:*.ucf-old=00;90:', 'GNOME_TERMINAL_SERVICE': ':1.105', 'CONDA_PREFIX_2': '/home/cvl/miniconda3/envs/genesis', 'SSH_AUTH_SOCK': '/run/user/1000/keyring/ssh', 'AMENT_PREFIX_PATH': '/opt/ros/jazzy', 'CONDA_PYTHON_EXE': '/home/cvl/miniconda3/bin/python', 'SHELL': '/bin/bash', 'QT_ACCESSIBILITY': '1', 'GDMSESSION': 'ubuntu', 'LESSCLOSE': '/usr/bin/lesspipe %s %s', 'CONDA_DEFAULT_ENV': 'base', 'GPG_AGENT_INFO': '/run/user/1000/gnupg/S.gpg-agent:0:1', 'ROS_AUTOMATIC_DISCOVERY_RANGE': 'SUBNET', 'QT_IM_MODULE': 'ibus', 'PWD': '/home/cvl/CS_Animatronics/src/build/controller_publisher', 'XDG_CONFIG_DIRS': '/etc/xdg/xdg-ubuntu:/etc/xdg', 'CONDA_EXE': '/home/cvl/miniconda3/bin/conda', 'XDG_DATA_DIRS': '/usr/share/ubuntu:/usr/share/gnome:/usr/local/share/:/usr/share/:/var/lib/snapd/desktop', 'PYTHONPATH': '/home/cvl/CS_Animatronics/src/build/controller_publisher/prefix_override:/usr/lib/python3/dist-packages/colcon_core/task/python/colcon_distutils_commands:/home/cvl/CS_Animatronics/src/install/controller_publisher/lib/python3.12/site-packages:/opt/ros/jazzy/lib/python3.12/site-packages', 'CONDA_PREFIX': '/home/cvl/miniconda3', 'COLCON': '1', 'MEMORY_PRESSURE_WRITE': 'c29tZSAyMDAwMDAgMjAwMDAwMAA=', 'VTE_VERSION': '7600', 'CMAKE_PREFIX_PATH': '/opt/ros/jazzy/opt/gz_math_vendor:/opt/ros/jazzy/opt/gz_utils_vendor:/opt/ros/jazzy/opt/gz_cmake_vendor'}, 'shell': False}
[1.091744] (dynamixel_sdk_custom_interfaces) StdoutLine: {'line': b'[ 63%] \x1b[32m\x1b[1mLinking C shared library libdynamixel_sdk_custom_interfaces__rosidl_typesupport_introspection_c.so\x1b[0m\n'}
[1.101196] (-) TimerEvent: {}
[1.109177] (motor_command_msg) StdoutLine: {'line': b'[ 70%] Built target motor_command_msg__rosidl_typesupport_fastrtps_c\n'}
[1.114119] (dynamixel_sdk_custom_interfaces) StdoutLine: {'line': b'[ 63%] Built target dynamixel_sdk_custom_interfaces__rosidl_typesupport_introspection_c\n'}
[1.121410] (motor_command_msg) StdoutLine: {'line': b'[ 73%] \x1b[32m\x1b[1mLinking CXX shared library libmotor_command_msg__rosidl_typesupport_fastrtps_cpp.so\x1b[0m\n'}
[1.150607] (dynamixel_sdk_custom_interfaces) StdoutLine: {'line': b'[ 68%] \x1b[32mBuilding CXX object CMakeFiles/dynamixel_sdk_custom_interfaces__rosidl_typesupport_fastrtps_c.dir/rosidl_typesupport_fastrtps_c/dynamixel_sdk_custom_interfaces/srv/detail/get_position__type_support_c.cpp.o\x1b[0m\n'}
[1.150776] (dynamixel_sdk_custom_interfaces) StdoutLine: {'line': b'[ 68%] \x1b[32mBuilding CXX object CMakeFiles/dynamixel_sdk_custom_interfaces__rosidl_typesupport_fastrtps_c.dir/rosidl_typesupport_fastrtps_c/dynamixel_sdk_custom_interfaces/msg/detail/set_position__type_support_c.cpp.o\x1b[0m\n'}
[1.152582] (imu_receiver) StdoutLine: {'line': b'running egg_info\n'}
[1.171419] (imu_receiver) StdoutLine: {'line': b'writing ../build/imu_receiver/imu_receiver.egg-info/PKG-INFO\n'}
[1.171595] (imu_receiver) StdoutLine: {'line': b'writing dependency_links to ../build/imu_receiver/imu_receiver.egg-info/dependency_links.txt\n'}
[1.171794] (imu_receiver) StdoutLine: {'line': b'writing entry points to ../build/imu_receiver/imu_receiver.egg-info/entry_points.txt\n'}
[1.171892] (imu_receiver) StdoutLine: {'line': b'writing requirements to ../build/imu_receiver/imu_receiver.egg-info/requires.txt\n'}
[1.171982] (imu_receiver) StdoutLine: {'line': b'writing top-level names to ../build/imu_receiver/imu_receiver.egg-info/top_level.txt\n'}
[1.179402] (motor_command_msg) StdoutLine: {'line': b'[ 73%] Built target motor_command_msg__rosidl_typesupport_fastrtps_cpp\n'}
[1.193690] (motor_command_msg) StdoutLine: {'line': b'[ 73%] Built target motor_command_msg\n'}
[1.201300] (-) TimerEvent: {}
[1.207804] (motor_command_msg) StdoutLine: {'line': b'[ 76%] \x1b[34m\x1b[1mGenerating Python code for ROS interfaces\x1b[0m\n'}
[1.210097] (imu_receiver) StdoutLine: {'line': b"reading manifest file '../build/imu_receiver/imu_receiver.egg-info/SOURCES.txt'\n"}
[1.210668] (imu_receiver) StdoutLine: {'line': b"writing manifest file '../build/imu_receiver/imu_receiver.egg-info/SOURCES.txt'\n"}
[1.210860] (imu_receiver) StdoutLine: {'line': b'running build\n'}
[1.210970] (imu_receiver) StdoutLine: {'line': b'running build_py\n'}
[1.211113] (imu_receiver) StdoutLine: {'line': b'running install\n'}
[1.216273] (imu_receiver) StdoutLine: {'line': b'running install_lib\n'}
[1.235235] (imu_receiver) StdoutLine: {'line': b'running install_data\n'}
[1.235454] (imu_receiver) StdoutLine: {'line': b'running install_egg_info\n'}
[1.255081] (imu_receiver) StdoutLine: {'line': b"removing '/home/cvl/CS_Animatronics/src/install/imu_receiver/lib/python3.12/site-packages/imu_receiver-0.0.0-py3.12.egg-info' (and everything under it)\n"}
[1.255344] (imu_receiver) StdoutLine: {'line': b'Copying ../build/imu_receiver/imu_receiver.egg-info to /home/cvl/CS_Animatronics/src/install/imu_receiver/lib/python3.12/site-packages/imu_receiver-0.0.0-py3.12.egg-info\n'}
[1.255996] (imu_receiver) StdoutLine: {'line': b'running install_scripts\n'}
[1.301396] (-) TimerEvent: {}
[1.317634] (dynamixel_sdk_custom_interfaces) StdoutLine: {'line': b'[ 70%] \x1b[32m\x1b[1mLinking CXX shared library libdynamixel_sdk_custom_interfaces__rosidl_typesupport_cpp.so\x1b[0m\n'}
[1.321102] (controller_publisher) StdoutLine: {'line': b'running egg_info\n'}
[1.339713] (controller_publisher) StdoutLine: {'line': b'writing ../build/controller_publisher/controller_publisher.egg-info/PKG-INFO\n'}
[1.340051] (controller_publisher) StdoutLine: {'line': b'writing dependency_links to ../build/controller_publisher/controller_publisher.egg-info/dependency_links.txt\n'}
[1.340262] (controller_publisher) StdoutLine: {'line': b'writing entry points to ../build/controller_publisher/controller_publisher.egg-info/entry_points.txt\n'}
[1.340382] (controller_publisher) StdoutLine: {'line': b'writing requirements to ../build/controller_publisher/controller_publisher.egg-info/requires.txt\n'}
[1.340479] (controller_publisher) StdoutLine: {'line': b'writing top-level names to ../build/controller_publisher/controller_publisher.egg-info/top_level.txt\n'}
[1.374869] (imu_receiver) StdoutLine: {'line': b'Installing imu_receiver_node script to /home/cvl/CS_Animatronics/src/install/imu_receiver/lib/imu_receiver\n'}
[1.375116] (imu_receiver) StdoutLine: {'line': b"writing list of installed files to '/home/cvl/CS_Animatronics/src/build/imu_receiver/install.log'\n"}
[1.376598] (dynamixel_sdk_custom_interfaces) StdoutLine: {'line': b'[ 70%] Built target dynamixel_sdk_custom_interfaces__rosidl_typesupport_cpp\n'}
[1.378283] (controller_publisher) StdoutLine: {'line': b"reading manifest file '../build/controller_publisher/controller_publisher.egg-info/SOURCES.txt'\n"}
[1.378923] (controller_publisher) StdoutLine: {'line': b"writing manifest file '../build/controller_publisher/controller_publisher.egg-info/SOURCES.txt'\n"}
[1.379080] (controller_publisher) StdoutLine: {'line': b'running build\n'}
[1.379188] (controller_publisher) StdoutLine: {'line': b'running build_py\n'}
[1.379306] (controller_publisher) StdoutLine: {'line': b'running install\n'}
[1.384606] (controller_publisher) StdoutLine: {'line': b'running install_lib\n'}
[1.401483] (-) TimerEvent: {}
[1.402370] (imu_receiver) CommandEnded: {'returncode': 0}
[1.405144] (dynamixel_sdk_custom_interfaces) StdoutLine: {'line': b'[ 72%] \x1b[32m\x1b[1mLinking CXX shared library libdynamixel_sdk_custom_interfaces__rosidl_typesupport_introspection_cpp.so\x1b[0m\n'}
[1.405382] (controller_publisher) StdoutLine: {'line': b'running install_data\n'}
[1.405537] (controller_publisher) StdoutLine: {'line': b'running install_egg_info\n'}
[1.409524] (imu_receiver) JobEnded: {'identifier': 'imu_receiver', 'rc': 0}
[1.427275] (controller_publisher) StdoutLine: {'line': b"removing '/home/cvl/CS_Animatronics/src/install/controller_publisher/lib/python3.12/site-packages/controller_publisher-0.0.0-py3.12.egg-info' (and everything under it)\n"}
[1.427499] (controller_publisher) StdoutLine: {'line': b'Copying ../build/controller_publisher/controller_publisher.egg-info to /home/cvl/CS_Animatronics/src/install/controller_publisher/lib/python3.12/site-packages/controller_publisher-0.0.0-py3.12.egg-info\n'}
[1.428130] (controller_publisher) StdoutLine: {'line': b'running install_scripts\n'}
[1.460799] (dynamixel_sdk_custom_interfaces) StdoutLine: {'line': b'[ 72%] Built target dynamixel_sdk_custom_interfaces__rosidl_typesupport_introspection_cpp\n'}
[1.462938] (motor_command_msg) StdoutLine: {'line': b'[ 76%] Built target motor_command_msg__py\n'}
[1.476705] (motor_command_msg) StdoutLine: {'line': b'[ 79%] \x1b[32mBuilding C object CMakeFiles/motor_command_msg__rosidl_generator_py.dir/rosidl_generator_py/motor_command_msg/msg/_id_angle_s.c.o\x1b[0m\n'}
[1.501587] (-) TimerEvent: {}
[1.536356] (dynamixel_sdk_custom_interfaces) StdoutLine: {'line': b'[ 75%] \x1b[32m\x1b[1mLinking CXX shared library libdynamixel_sdk_custom_interfaces__rosidl_typesupport_fastrtps_c.so\x1b[0m\n'}
[1.541694] (controller_publisher) StdoutLine: {'line': b'Installing controller_publisher script to /home/cvl/CS_Animatronics/src/install/controller_publisher/lib/controller_publisher\n'}
[1.541953] (controller_publisher) StdoutLine: {'line': b"writing list of installed files to '/home/cvl/CS_Animatronics/src/build/controller_publisher/install.log'\n"}
[1.562567] (controller_publisher) CommandEnded: {'returncode': 0}
[1.566512] (controller_publisher) JobEnded: {'identifier': 'controller_publisher', 'rc': 0}
[1.568237] (dynamixel_sdk_custom_interfaces) StdoutLine: {'line': b'[ 75%] Built target dynamixel_sdk_custom_interfaces__rosidl_typesupport_fastrtps_c\n'}
[1.591895] (motor_command_msg) StdoutLine: {'line': b'[ 82%] \x1b[32m\x1b[1mLinking C shared library libmotor_command_msg__rosidl_generator_py.so\x1b[0m\n'}
[1.601682] (-) TimerEvent: {}
[1.607433] (dynamixel_sdk_custom_interfaces) StdoutLine: {'line': b'[ 77%] \x1b[32m\x1b[1mLinking CXX shared library libdynamixel_sdk_custom_interfaces__rosidl_typesupport_fastrtps_cpp.so\x1b[0m\n'}
[1.618612] (motor_command_msg) StdoutLine: {'line': b'[ 82%] Built target motor_command_msg__rosidl_generator_py\n'}
[1.631675] (motor_command_msg) StdoutLine: {'line': b'[ 91%] \x1b[32mBuilding C object CMakeFiles/motor_command_msg_s__rosidl_typesupport_fastrtps_c.dir/rosidl_generator_py/motor_command_msg/_motor_command_msg_s.ep.rosidl_typesupport_fastrtps_c.c.o\x1b[0m\n'}
[1.631850] (motor_command_msg) StdoutLine: {'line': b'[ 91%] \x1b[32mBuilding C object CMakeFiles/motor_command_msg_s__rosidl_typesupport_introspection_c.dir/rosidl_generator_py/motor_command_msg/_motor_command_msg_s.ep.rosidl_typesupport_introspection_c.c.o\x1b[0m\n'}
[1.631914] (motor_command_msg) StdoutLine: {'line': b'[ 91%] \x1b[32mBuilding C object CMakeFiles/motor_command_msg_s__rosidl_typesupport_c.dir/rosidl_generator_py/motor_command_msg/_motor_command_msg_s.ep.rosidl_typesupport_c.c.o\x1b[0m\n'}
[1.656478] (dynamixel_sdk_custom_interfaces) StdoutLine: {'line': b'[ 77%] Built target dynamixel_sdk_custom_interfaces__rosidl_typesupport_fastrtps_cpp\n'}
[1.668529] (dynamixel_sdk_custom_interfaces) StdoutLine: {'line': b'[ 77%] Built target dynamixel_sdk_custom_interfaces\n'}
[1.680917] (dynamixel_sdk_custom_interfaces) StdoutLine: {'line': b'[ 79%] \x1b[34m\x1b[1mGenerating Python code for ROS interfaces\x1b[0m\n'}
[1.701783] (-) TimerEvent: {}
[1.703175] (motor_command_msg) StdoutLine: {'line': b'[100%] \x1b[32m\x1b[1mLinking C shared module rosidl_generator_py/motor_command_msg/motor_command_msg_s__rosidl_typesupport_c.so\x1b[0m\n'}
[1.703292] (motor_command_msg) StdoutLine: {'line': b'[100%] \x1b[32m\x1b[1mLinking C shared module rosidl_generator_py/motor_command_msg/motor_command_msg_s__rosidl_typesupport_introspection_c.so\x1b[0m\n'}
[1.703353] (motor_command_msg) StdoutLine: {'line': b'[100%] \x1b[32m\x1b[1mLinking C shared module rosidl_generator_py/motor_command_msg/motor_command_msg_s__rosidl_typesupport_fastrtps_c.so\x1b[0m\n'}
[1.723136] (motor_command_msg) StdoutLine: {'line': b'[100%] Built target motor_command_msg_s__rosidl_typesupport_c\n'}
[1.723271] (motor_command_msg) StdoutLine: {'line': b'[100%] Built target motor_command_msg_s__rosidl_typesupport_introspection_c\n'}
[1.723393] (motor_command_msg) StdoutLine: {'line': b'[100%] Built target motor_command_msg_s__rosidl_typesupport_fastrtps_c\n'}
[1.730581] (motor_command_msg) CommandEnded: {'returncode': 0}
[1.731067] (motor_command_msg) JobProgress: {'identifier': 'motor_command_msg', 'progress': 'install'}
[1.731327] (motor_command_msg) Command: {'cmd': ['/usr/bin/cmake', '--install', '/home/cvl/CS_Animatronics/src/build/motor_command_msg'], 'cwd': '/home/cvl/CS_Animatronics/src/build/motor_command_msg', 'env': OrderedDict({'LESSOPEN': '| /usr/bin/lesspipe %s', 'CONDA_PROMPT_MODIFIER': '(base)', 'USER': 'cvl', 'XDG_SESSION_TYPE': 'x11', 'CLUTTER_DISABLE_MIPMAPPED_TEXT': '1', 'SHLVL': '1', 'LD_LIBRARY_PATH': '/opt/ros/jazzy/opt/rviz_ogre_vendor/lib:/opt/ros/jazzy/lib/x86_64-linux-gnu:/opt/ros/jazzy/opt/gz_math_vendor/lib:/opt/ros/jazzy/opt/gz_utils_vendor/lib:/opt/ros/jazzy/opt/gz_cmake_vendor/lib:/opt/ros/jazzy/lib', 'HOME': '/home/cvl', 'CONDA_SHLVL': '3', 'OLDPWD': '/home/cvl/CS_Animatronics', 'DESKTOP_SESSION': 'ubuntu', 'ROS_PYTHON_VERSION': '3', 'GNOME_SHELL_SESSION_MODE': 'ubuntu', 'GTK_MODULES': 'gail:atk-bridge', 'SYSTEMD_EXEC_PID': '11370', 'GSM_SKIP_SSH_AGENT_WORKAROUND': 'true', 'DBUS_SESSION_BUS_ADDRESS': 'unix:path=/run/user/1000/bus', 'COLORTERM': 'truecolor', 'DEBUGINFOD_URLS': 'https://debuginfod.ubuntu.com', 'ROS_DISTRO': 'jazzy', 'LOGNAME': 'cvl', '_': '/usr/bin/colcon', 'ROS_VERSION': '2', 'MEMORY_PRESSURE_WATCH': '/sys/fs/cgroup/user.slice/user-1000.slice/user@1000.service/session.slice/org.gnome.Shell@x11.service/memory.pressure', 'XDG_SESSION_CLASS': 'user', 'USERNAME': 'cvl', 'TERM': 'xterm-256color', 'GNOME_DESKTOP_SESSION_ID': 'this-is-deprecated', 'WINDOWPATH': '2', 'PATH': '/opt/ros/jazzy/bin:/home/cvl/miniconda3/bin:/home/cvl/miniconda3/condabin:/home/cvl/.local/bin:/usr/local/sbin:/usr/local/bin:/usr/sbin:/usr/bin:/sbin:/bin:/usr/games:/usr/local/games:/snap/bin:/snap/bin', 'SESSION_MANAGER': 'local/cvl-To-Be-Filled-By-O-E-M:@/tmp/.ICE-unix/11338,unix/cvl-To-Be-Filled-By-O-E-M:/tmp/.ICE-unix/11338', 'XDG_MENU_PREFIX': 'gnome-', 'GNOME_TERMINAL_SCREEN': '/org/gnome/Terminal/screen/737fbf3c_e6c6_4d2e_894b_83e5c7d4f543', 'XDG_RUNTIME_DIR': '/run/user/1000', 'DISPLAY': ':1', 'LANG': 'en_US.UTF-8', 'XDG_CURRENT_DESKTOP': 'ubuntu:GNOME', 'CONDA_PREFIX_1': '/home/cvl/miniconda3', 'XMODIFIERS': '@im=ibus', 'XDG_SESSION_DESKTOP': 'ubuntu', 'XAUTHORITY': '/run/user/1000/gdm/Xauthority', 'LS_COLORS': 'rs=0:di=01;34:ln=01;36:mh=00:pi=40;33:so=01;35:do=01;35:bd=40;33;01:cd=40;33;01:or=40;31;01:mi=00:su=37;41:sg=30;43:ca=00:tw=30;42:ow=34;42:st=37;44:ex=01;32:*.tar=01;31:*.tgz=01;31:*.arc=01;31:*.arj=01;31:*.taz=01;31:*.lha=01;31:*.lz4=01;31:*.lzh=01;31:*.lzma=01;31:*.tlz=01;31:*.txz=01;31:*.tzo=01;31:*.t7z=01;31:*.zip=01;31:*.z=01;31:*.dz=01;31:*.gz=01;31:*.lrz=01;31:*.lz=01;31:*.lzo=01;31:*.xz=01;31:*.zst=01;31:*.tzst=01;31:*.bz2=01;31:*.bz=01;31:*.tbz=01;31:*.tbz2=01;31:*.tz=01;31:*.deb=01;31:*.rpm=01;31:*.jar=01;31:*.war=01;31:*.ear=01;31:*.sar=01;31:*.rar=01;31:*.alz=01;31:*.ace=01;31:*.zoo=01;31:*.cpio=01;31:*.7z=01;31:*.rz=01;31:*.cab=01;31:*.wim=01;31:*.swm=01;31:*.dwm=01;31:*.esd=01;31:*.avif=01;35:*.jpg=01;35:*.jpeg=01;35:*.mjpg=01;35:*.mjpeg=01;35:*.gif=01;35:*.bmp=01;35:*.pbm=01;35:*.pgm=01;35:*.ppm=01;35:*.tga=01;35:*.xbm=01;35:*.xpm=01;35:*.tif=01;35:*.tiff=01;35:*.png=01;35:*.svg=01;35:*.svgz=01;35:*.mng=01;35:*.pcx=01;35:*.mov=01;35:*.mpg=01;35:*.mpeg=01;35:*.m2v=01;35:*.mkv=01;35:*.webm=01;35:*.webp=01;35:*.ogm=01;35:*.mp4=01;35:*.m4v=01;35:*.mp4v=01;35:*.vob=01;35:*.qt=01;35:*.nuv=01;35:*.wmv=01;35:*.asf=01;35:*.rm=01;35:*.rmvb=01;35:*.flc=01;35:*.avi=01;35:*.fli=01;35:*.flv=01;35:*.gl=01;35:*.dl=01;35:*.xcf=01;35:*.xwd=01;35:*.yuv=01;35:*.cgm=01;35:*.emf=01;35:*.ogv=01;35:*.ogx=01;35:*.aac=00;36:*.au=00;36:*.flac=00;36:*.m4a=00;36:*.mid=00;36:*.midi=00;36:*.mka=00;36:*.mp3=00;36:*.mpc=00;36:*.ogg=00;36:*.ra=00;36:*.wav=00;36:*.oga=00;36:*.opus=00;36:*.spx=00;36:*.xspf=00;36:*~=00;90:*#=00;90:*.bak=00;90:*.crdownload=00;90:*.dpkg-dist=00;90:*.dpkg-new=00;90:*.dpkg-old=00;90:*.dpkg-tmp=00;90:*.old=00;90:*.orig=00;90:*.part=00;90:*.rej=00;90:*.rpmnew=00;90:*.rpmorig=00;90:*.rpmsave=00;90:*.swp=00;90:*.tmp=00;90:*.ucf-dist=00;90:*.ucf-new=00;90:*.ucf-old=00;90:', 'GNOME_TERMINAL_SERVICE': ':1.105', 'CONDA_PREFIX_2': '/home/cvl/miniconda3/envs/genesis', 'SSH_AUTH_SOCK': '/run/user/1000/keyring/ssh', 'AMENT_PREFIX_PATH': '/opt/ros/jazzy', 'CONDA_PYTHON_EXE': '/home/cvl/miniconda3/bin/python', 'SHELL': '/bin/bash', 'QT_ACCESSIBILITY': '1', 'GDMSESSION': 'ubuntu', 'LESSCLOSE': '/usr/bin/lesspipe %s %s', 'CONDA_DEFAULT_ENV': 'base', 'GPG_AGENT_INFO': '/run/user/1000/gnupg/S.gpg-agent:0:1', 'ROS_AUTOMATIC_DISCOVERY_RANGE': 'SUBNET', 'QT_IM_MODULE': 'ibus', 'PWD': '/home/cvl/CS_Animatronics/src/build/motor_command_msg', 'XDG_CONFIG_DIRS': '/etc/xdg/xdg-ubuntu:/etc/xdg', 'CONDA_EXE': '/home/cvl/miniconda3/bin/conda', 'XDG_DATA_DIRS': '/usr/share/ubuntu:/usr/share/gnome:/usr/local/share/:/usr/share/:/var/lib/snapd/desktop', 'PYTHONPATH': '/opt/ros/jazzy/lib/python3.12/site-packages', 'CONDA_PREFIX': '/home/cvl/miniconda3', 'COLCON': '1', 'MEMORY_PRESSURE_WRITE': 'c29tZSAyMDAwMDAgMjAwMDAwMAA=', 'VTE_VERSION': '7600', 'CMAKE_PREFIX_PATH': '/opt/ros/jazzy/opt/gz_math_vendor:/opt/ros/jazzy/opt/gz_utils_vendor:/opt/ros/jazzy/opt/gz_cmake_vendor:/opt/ros/jazzy'}), 'shell': False}
[1.736635] (motor_command_msg) StdoutLine: {'line': b'-- Install configuration: ""\n'}
[1.736797] (motor_command_msg) StdoutLine: {'line': b'-- Installing: /home/cvl/CS_Animatronics/src/install/motor_command_msg/share/ament_index/resource_index/rosidl_interfaces/motor_command_msg\n'}
[1.736898] (motor_command_msg) StdoutLine: {'line': b'-- Installing: /home/cvl/CS_Animatronics/src/install/motor_command_msg/share/motor_command_msg/msg/IdAngle.json\n'}
[1.736988] (motor_command_msg) StdoutLine: {'line': b'-- Installing: /home/cvl/CS_Animatronics/src/install/motor_command_msg/include/motor_command_msg/motor_command_msg\n'}
[1.737092] (motor_command_msg) StdoutLine: {'line': b'-- Installing: /home/cvl/CS_Animatronics/src/install/motor_command_msg/include/motor_command_msg/motor_command_msg/msg\n'}
[1.737167] (motor_command_msg) StdoutLine: {'line': b'-- Installing: /home/cvl/CS_Animatronics/src/install/motor_command_msg/include/motor_command_msg/motor_command_msg/msg/id_angle.h\n'}
[1.737270] (motor_command_msg) StdoutLine: {'line': b'-- Installing: /home/cvl/CS_Animatronics/src/install/motor_command_msg/include/motor_command_msg/motor_command_msg/msg/detail\n'}
[1.737344] (motor_command_msg) StdoutLine: {'line': b'-- Installing: /home/cvl/CS_Animatronics/src/install/motor_command_msg/include/motor_command_msg/motor_command_msg/msg/detail/id_angle__functions.c\n'}
[1.737413] (motor_command_msg) StdoutLine: {'line': b'-- Installing: /home/cvl/CS_Animatronics/src/install/motor_command_msg/include/motor_command_msg/motor_command_msg/msg/detail/id_angle__type_support.c\n'}
[1.737502] (motor_command_msg) StdoutLine: {'line': b'-- Installing: /home/cvl/CS_Animatronics/src/install/motor_command_msg/include/motor_command_msg/motor_command_msg/msg/detail/id_angle__description.c\n'}
[1.737602] (motor_command_msg) StdoutLine: {'line': b'-- Installing: /home/cvl/CS_Animatronics/src/install/motor_command_msg/include/motor_command_msg/motor_command_msg/msg/detail/id_angle__type_support.h\n'}
[1.737680] (motor_command_msg) StdoutLine: {'line': b'-- Installing: /home/cvl/CS_Animatronics/src/install/motor_command_msg/include/motor_command_msg/motor_command_msg/msg/detail/id_angle__functions.h\n'}
[1.737799] (motor_command_msg) StdoutLine: {'line': b'-- Installing: /home/cvl/CS_Animatronics/src/install/motor_command_msg/include/motor_command_msg/motor_command_msg/msg/detail/id_angle__struct.h\n'}
[1.737870] (motor_command_msg) StdoutLine: {'line': b'-- Installing: /home/cvl/CS_Animatronics/src/install/motor_command_msg/include/motor_command_msg/motor_command_msg/msg/rosidl_generator_c__visibility_control.h\n'}
[1.737959] (motor_command_msg) StdoutLine: {'line': b'-- Installing: /home/cvl/CS_Animatronics/src/install/motor_command_msg/share/motor_command_msg/environment/library_path.sh\n'}
[1.738063] (motor_command_msg) StdoutLine: {'line': b'-- Installing: /home/cvl/CS_Animatronics/src/install/motor_command_msg/share/motor_command_msg/environment/library_path.dsv\n'}
[1.738141] (motor_command_msg) StdoutLine: {'line': b'-- Installing: /home/cvl/CS_Animatronics/src/install/motor_command_msg/lib/libmotor_command_msg__rosidl_generator_c.so\n'}
[1.738210] (motor_command_msg) StdoutLine: {'line': b'-- Set non-toolchain portion of runtime path of "/home/cvl/CS_Animatronics/src/install/motor_command_msg/lib/libmotor_command_msg__rosidl_generator_c.so" to ""\n'}
[1.738318] (motor_command_msg) StdoutLine: {'line': b'-- Up-to-date: /home/cvl/CS_Animatronics/src/install/motor_command_msg/include/motor_command_msg/motor_command_msg\n'}
[1.738378] (motor_command_msg) StdoutLine: {'line': b'-- Up-to-date: /home/cvl/CS_Animatronics/src/install/motor_command_msg/include/motor_command_msg/motor_command_msg/msg\n'}
[1.738430] (motor_command_msg) StdoutLine: {'line': b'-- Up-to-date: /home/cvl/CS_Animatronics/src/install/motor_command_msg/include/motor_command_msg/motor_command_msg/msg/detail\n'}
[1.738521] (motor_command_msg) StdoutLine: {'line': b'-- Installing: /home/cvl/CS_Animatronics/src/install/motor_command_msg/include/motor_command_msg/motor_command_msg/msg/detail/id_angle__rosidl_typesupport_fastrtps_c.h\n'}
[1.738591] (motor_command_msg) StdoutLine: {'line': b'-- Installing: /home/cvl/CS_Animatronics/src/install/motor_command_msg/include/motor_command_msg/motor_command_msg/msg/rosidl_typesupport_fastrtps_c__visibility_control.h\n'}
[1.738663] (motor_command_msg) StdoutLine: {'line': b'-- Installing: /home/cvl/CS_Animatronics/src/install/motor_command_msg/lib/libmotor_command_msg__rosidl_typesupport_fastrtps_c.so\n'}
[1.738775] (motor_command_msg) StdoutLine: {'line': b'-- Set non-toolchain portion of runtime path of "/home/cvl/CS_Animatronics/src/install/motor_command_msg/lib/libmotor_command_msg__rosidl_typesupport_fastrtps_c.so" to ""\n'}
[1.738867] (motor_command_msg) StdoutLine: {'line': b'-- Up-to-date: /home/cvl/CS_Animatronics/src/install/motor_command_msg/include/motor_command_msg/motor_command_msg\n'}
[1.738977] (motor_command_msg) StdoutLine: {'line': b'-- Up-to-date: /home/cvl/CS_Animatronics/src/install/motor_command_msg/include/motor_command_msg/motor_command_msg/msg\n'}
[1.739052] (motor_command_msg) StdoutLine: {'line': b'-- Installing: /home/cvl/CS_Animatronics/src/install/motor_command_msg/include/motor_command_msg/motor_command_msg/msg/id_angle.hpp\n'}
[1.739121] (motor_command_msg) StdoutLine: {'line': b'-- Up-to-date: /home/cvl/CS_Animatronics/src/install/motor_command_msg/include/motor_command_msg/motor_command_msg/msg/detail\n'}
[1.739189] (motor_command_msg) StdoutLine: {'line': b'-- Installing: /home/cvl/CS_Animatronics/src/install/motor_command_msg/include/motor_command_msg/motor_command_msg/msg/detail/id_angle__struct.hpp\n'}
[1.739258] (motor_command_msg) StdoutLine: {'line': b'-- Installing: /home/cvl/CS_Animatronics/src/install/motor_command_msg/include/motor_command_msg/motor_command_msg/msg/detail/id_angle__traits.hpp\n'}
[1.739326] (motor_command_msg) StdoutLine: {'line': b'-- Installing: /home/cvl/CS_Animatronics/src/install/motor_command_msg/include/motor_command_msg/motor_command_msg/msg/detail/id_angle__type_support.hpp\n'}
[1.739393] (motor_command_msg) StdoutLine: {'line': b'-- Installing: /home/cvl/CS_Animatronics/src/install/motor_command_msg/include/motor_command_msg/motor_command_msg/msg/detail/id_angle__builder.hpp\n'}
[1.739461] (motor_command_msg) StdoutLine: {'line': b'-- Installing: /home/cvl/CS_Animatronics/src/install/motor_command_msg/include/motor_command_msg/motor_command_msg/msg/rosidl_generator_cpp__visibility_control.hpp\n'}
[1.739549] (motor_command_msg) StdoutLine: {'line': b'-- Up-to-date: /home/cvl/CS_Animatronics/src/install/motor_command_msg/include/motor_command_msg/motor_command_msg\n'}
[1.739668] (motor_command_msg) StdoutLine: {'line': b'-- Up-to-date: /home/cvl/CS_Animatronics/src/install/motor_command_msg/include/motor_command_msg/motor_command_msg/msg\n'}
[1.739733] (motor_command_msg) StdoutLine: {'line': b'-- Up-to-date: /home/cvl/CS_Animatronics/src/install/motor_command_msg/include/motor_command_msg/motor_command_msg/msg/detail\n'}
[1.739826] (motor_command_msg) StdoutLine: {'line': b'-- Installing: /home/cvl/CS_Animatronics/src/install/motor_command_msg/include/motor_command_msg/motor_command_msg/msg/detail/id_angle__rosidl_typesupport_fastrtps_cpp.hpp\n'}
[1.739882] (motor_command_msg) StdoutLine: {'line': b'-- Installing: /home/cvl/CS_Animatronics/src/install/motor_command_msg/include/motor_command_msg/motor_command_msg/msg/detail/dds_fastrtps\n'}
[1.739954] (motor_command_msg) StdoutLine: {'line': b'-- Installing: /home/cvl/CS_Animatronics/src/install/motor_command_msg/include/motor_command_msg/motor_command_msg/msg/rosidl_typesupport_fastrtps_cpp__visibility_control.h\n'}
[1.740022] (motor_command_msg) StdoutLine: {'line': b'-- Installing: /home/cvl/CS_Animatronics/src/install/motor_command_msg/lib/libmotor_command_msg__rosidl_typesupport_fastrtps_cpp.so\n'}
[1.740090] (motor_command_msg) StdoutLine: {'line': b'-- Set non-toolchain portion of runtime path of "/home/cvl/CS_Animatronics/src/install/motor_command_msg/lib/libmotor_command_msg__rosidl_typesupport_fastrtps_cpp.so" to ""\n'}
[1.740158] (motor_command_msg) StdoutLine: {'line': b'-- Up-to-date: /home/cvl/CS_Animatronics/src/install/motor_command_msg/include/motor_command_msg/motor_command_msg\n'}
[1.740225] (motor_command_msg) StdoutLine: {'line': b'-- Up-to-date: /home/cvl/CS_Animatronics/src/install/motor_command_msg/include/motor_command_msg/motor_command_msg/msg\n'}
[1.740293] (motor_command_msg) StdoutLine: {'line': b'-- Up-to-date: /home/cvl/CS_Animatronics/src/install/motor_command_msg/include/motor_command_msg/motor_command_msg/msg/detail\n'}
[1.740360] (motor_command_msg) StdoutLine: {'line': b'-- Installing: /home/cvl/CS_Animatronics/src/install/motor_command_msg/include/motor_command_msg/motor_command_msg/msg/detail/id_angle__type_support.c\n'}
[1.740429] (motor_command_msg) StdoutLine: {'line': b'-- Installing: /home/cvl/CS_Animatronics/src/install/motor_command_msg/include/motor_command_msg/motor_command_msg/msg/detail/id_angle__rosidl_typesupport_introspection_c.h\n'}
[1.740496] (motor_command_msg) StdoutLine: {'line': b'-- Installing: /home/cvl/CS_Animatronics/src/install/motor_command_msg/include/motor_command_msg/motor_command_msg/msg/rosidl_typesupport_introspection_c__visibility_control.h\n'}
[1.740563] (motor_command_msg) StdoutLine: {'line': b'-- Installing: /home/cvl/CS_Animatronics/src/install/motor_command_msg/lib/libmotor_command_msg__rosidl_typesupport_introspection_c.so\n'}
[1.740674] (motor_command_msg) StdoutLine: {'line': b'-- Set non-toolchain portion of runtime path of "/home/cvl/CS_Animatronics/src/install/motor_command_msg/lib/libmotor_command_msg__rosidl_typesupport_introspection_c.so" to ""\n'}
[1.740737] (motor_command_msg) StdoutLine: {'line': b'-- Installing: /home/cvl/CS_Animatronics/src/install/motor_command_msg/lib/libmotor_command_msg__rosidl_typesupport_c.so\n'}
[1.740810] (motor_command_msg) StdoutLine: {'line': b'-- Set non-toolchain portion of runtime path of "/home/cvl/CS_Animatronics/src/install/motor_command_msg/lib/libmotor_command_msg__rosidl_typesupport_c.so" to ""\n'}
[1.740878] (motor_command_msg) StdoutLine: {'line': b'-- Up-to-date: /home/cvl/CS_Animatronics/src/install/motor_command_msg/include/motor_command_msg/motor_command_msg\n'}
[1.740946] (motor_command_msg) StdoutLine: {'line': b'-- Up-to-date: /home/cvl/CS_Animatronics/src/install/motor_command_msg/include/motor_command_msg/motor_command_msg/msg\n'}
[1.741013] (motor_command_msg) StdoutLine: {'line': b'-- Up-to-date: /home/cvl/CS_Animatronics/src/install/motor_command_msg/include/motor_command_msg/motor_command_msg/msg/detail\n'}
[1.741080] (motor_command_msg) StdoutLine: {'line': b'-- Installing: /home/cvl/CS_Animatronics/src/install/motor_command_msg/include/motor_command_msg/motor_command_msg/msg/detail/id_angle__rosidl_typesupport_introspection_cpp.hpp\n'}
[1.741147] (motor_command_msg) StdoutLine: {'line': b'-- Installing: /home/cvl/CS_Animatronics/src/install/motor_command_msg/include/motor_command_msg/motor_command_msg/msg/detail/id_angle__type_support.cpp\n'}
[1.741250] (motor_command_msg) StdoutLine: {'line': b'-- Installing: /home/cvl/CS_Animatronics/src/install/motor_command_msg/lib/libmotor_command_msg__rosidl_typesupport_introspection_cpp.so\n'}
[1.741320] (motor_command_msg) StdoutLine: {'line': b'-- Set non-toolchain portion of runtime path of "/home/cvl/CS_Animatronics/src/install/motor_command_msg/lib/libmotor_command_msg__rosidl_typesupport_introspection_cpp.so" to ""\n'}
[1.741388] (motor_command_msg) StdoutLine: {'line': b'-- Installing: /home/cvl/CS_Animatronics/src/install/motor_command_msg/lib/libmotor_command_msg__rosidl_typesupport_cpp.so\n'}
[1.741456] (motor_command_msg) StdoutLine: {'line': b'-- Set non-toolchain portion of runtime path of "/home/cvl/CS_Animatronics/src/install/motor_command_msg/lib/libmotor_command_msg__rosidl_typesupport_cpp.so" to ""\n'}
[1.741524] (motor_command_msg) StdoutLine: {'line': b'-- Installing: /home/cvl/CS_Animatronics/src/install/motor_command_msg/share/motor_command_msg/environment/pythonpath.sh\n'}
[1.741591] (motor_command_msg) StdoutLine: {'line': b'-- Installing: /home/cvl/CS_Animatronics/src/install/motor_command_msg/share/motor_command_msg/environment/pythonpath.dsv\n'}
[1.741663] (motor_command_msg) StdoutLine: {'line': b'-- Installing: /home/cvl/CS_Animatronics/src/install/motor_command_msg/lib/python3.13/site-packages/motor_command_msg-0.0.0-py3.13.egg-info\n'}
[1.741786] (motor_command_msg) StdoutLine: {'line': b'-- Installing: /home/cvl/CS_Animatronics/src/install/motor_command_msg/lib/python3.13/site-packages/motor_command_msg-0.0.0-py3.13.egg-info/PKG-INFO\n'}
[1.741863] (motor_command_msg) StdoutLine: {'line': b'-- Installing: /home/cvl/CS_Animatronics/src/install/motor_command_msg/lib/python3.13/site-packages/motor_command_msg-0.0.0-py3.13.egg-info/dependency_links.txt\n'}
[1.741932] (motor_command_msg) StdoutLine: {'line': b'-- Installing: /home/cvl/CS_Animatronics/src/install/motor_command_msg/lib/python3.13/site-packages/motor_command_msg-0.0.0-py3.13.egg-info/SOURCES.txt\n'}
[1.742000] (motor_command_msg) StdoutLine: {'line': b'-- Installing: /home/cvl/CS_Animatronics/src/install/motor_command_msg/lib/python3.13/site-packages/motor_command_msg-0.0.0-py3.13.egg-info/top_level.txt\n'}
[1.742067] (motor_command_msg) StdoutLine: {'line': b'-- Installing: /home/cvl/CS_Animatronics/src/install/motor_command_msg/lib/python3.13/site-packages/motor_command_msg\n'}
[1.742134] (motor_command_msg) StdoutLine: {'line': b'-- Installing: /home/cvl/CS_Animatronics/src/install/motor_command_msg/lib/python3.13/site-packages/motor_command_msg/__init__.py\n'}
[1.742201] (motor_command_msg) StdoutLine: {'line': b'-- Installing: /home/cvl/CS_Animatronics/src/install/motor_command_msg/lib/python3.13/site-packages/motor_command_msg/motor_command_msg_s__rosidl_typesupport_c.so\n'}
[1.742268] (motor_command_msg) StdoutLine: {'line': b'-- Installing: /home/cvl/CS_Animatronics/src/install/motor_command_msg/lib/python3.13/site-packages/motor_command_msg/_motor_command_msg_s.ep.rosidl_typesupport_c.c\n'}
[1.742335] (motor_command_msg) StdoutLine: {'line': b'-- Installing: /home/cvl/CS_Animatronics/src/install/motor_command_msg/lib/python3.13/site-packages/motor_command_msg/_motor_command_msg_s.ep.rosidl_typesupport_fastrtps_c.c\n'}
[1.742403] (motor_command_msg) StdoutLine: {'line': b'-- Installing: /home/cvl/CS_Animatronics/src/install/motor_command_msg/lib/python3.13/site-packages/motor_command_msg/motor_command_msg_s__rosidl_typesupport_fastrtps_c.so\n'}
[1.742471] (motor_command_msg) StdoutLine: {'line': b'-- Installing: /home/cvl/CS_Animatronics/src/install/motor_command_msg/lib/python3.13/site-packages/motor_command_msg/_motor_command_msg_s.ep.rosidl_typesupport_introspection_c.c\n'}
[1.742538] (motor_command_msg) StdoutLine: {'line': b'-- Installing: /home/cvl/CS_Animatronics/src/install/motor_command_msg/lib/python3.13/site-packages/motor_command_msg/msg\n'}
[1.742605] (motor_command_msg) StdoutLine: {'line': b'-- Installing: /home/cvl/CS_Animatronics/src/install/motor_command_msg/lib/python3.13/site-packages/motor_command_msg/msg/__init__.py\n'}
[1.742703] (motor_command_msg) StdoutLine: {'line': b'-- Installing: /home/cvl/CS_Animatronics/src/install/motor_command_msg/lib/python3.13/site-packages/motor_command_msg/msg/_id_angle_s.c\n'}
[1.742762] (motor_command_msg) StdoutLine: {'line': b'-- Installing: /home/cvl/CS_Animatronics/src/install/motor_command_msg/lib/python3.13/site-packages/motor_command_msg/msg/_id_angle.py\n'}
[1.742814] (motor_command_msg) StdoutLine: {'line': b'-- Installing: /home/cvl/CS_Animatronics/src/install/motor_command_msg/lib/python3.13/site-packages/motor_command_msg/motor_command_msg_s__rosidl_typesupport_introspection_c.so\n'}
[1.765521] (motor_command_msg) StdoutLine: {'line': b"Listing '/home/cvl/CS_Animatronics/src/install/motor_command_msg/lib/python3.13/site-packages/motor_command_msg'...\n"}
[1.765602] (motor_command_msg) StdoutLine: {'line': b"Compiling '/home/cvl/CS_Animatronics/src/install/motor_command_msg/lib/python3.13/site-packages/motor_command_msg/__init__.py'...\n"}
[1.765655] (motor_command_msg) StdoutLine: {'line': b"Listing '/home/cvl/CS_Animatronics/src/install/motor_command_msg/lib/python3.13/site-packages/motor_command_msg/msg'...\n"}
[1.765717] (motor_command_msg) StdoutLine: {'line': b"Compiling '/home/cvl/CS_Animatronics/src/install/motor_command_msg/lib/python3.13/site-packages/motor_command_msg/msg/__init__.py'...\n"}
[1.765770] (motor_command_msg) StdoutLine: {'line': b"Compiling '/home/cvl/CS_Animatronics/src/install/motor_command_msg/lib/python3.13/site-packages/motor_command_msg/msg/_id_angle.py'...\n"}
[1.768706] (motor_command_msg) StdoutLine: {'line': b'-- Installing: /home/cvl/CS_Animatronics/src/install/motor_command_msg/lib/python3.13/site-packages/motor_command_msg/motor_command_msg_s__rosidl_typesupport_fastrtps_c.so\n'}
[1.768884] (motor_command_msg) StdoutLine: {'line': b'-- Set non-toolchain portion of runtime path of "/home/cvl/CS_Animatronics/src/install/motor_command_msg/lib/python3.13/site-packages/motor_command_msg/motor_command_msg_s__rosidl_typesupport_fastrtps_c.so" to ""\n'}
[1.769013] (motor_command_msg) StdoutLine: {'line': b'-- Installing: /home/cvl/CS_Animatronics/src/install/motor_command_msg/lib/python3.13/site-packages/motor_command_msg/motor_command_msg_s__rosidl_typesupport_introspection_c.so\n'}
[1.769176] (motor_command_msg) StdoutLine: {'line': b'-- Set non-toolchain portion of runtime path of "/home/cvl/CS_Animatronics/src/install/motor_command_msg/lib/python3.13/site-packages/motor_command_msg/motor_command_msg_s__rosidl_typesupport_introspection_c.so" to ""\n'}
[1.769266] (motor_command_msg) StdoutLine: {'line': b'-- Installing: /home/cvl/CS_Animatronics/src/install/motor_command_msg/lib/python3.13/site-packages/motor_command_msg/motor_command_msg_s__rosidl_typesupport_c.so\n'}
[1.769452] (motor_command_msg) StdoutLine: {'line': b'-- Set non-toolchain portion of runtime path of "/home/cvl/CS_Animatronics/src/install/motor_command_msg/lib/python3.13/site-packages/motor_command_msg/motor_command_msg_s__rosidl_typesupport_c.so" to ""\n'}
[1.769552] (motor_command_msg) StdoutLine: {'line': b'-- Installing: /home/cvl/CS_Animatronics/src/install/motor_command_msg/lib/libmotor_command_msg__rosidl_generator_py.so\n'}
[1.769643] (motor_command_msg) StdoutLine: {'line': b'-- Set non-toolchain portion of runtime path of "/home/cvl/CS_Animatronics/src/install/motor_command_msg/lib/libmotor_command_msg__rosidl_generator_py.so" to ""\n'}
[1.769745] (motor_command_msg) StdoutLine: {'line': b'-- Installing: /home/cvl/CS_Animatronics/src/install/motor_command_msg/share/motor_command_msg/msg/IdAngle.idl\n'}
[1.769822] (motor_command_msg) StdoutLine: {'line': b'-- Installing: /home/cvl/CS_Animatronics/src/install/motor_command_msg/share/motor_command_msg/msg/IdAngle.msg\n'}
[1.769897] (motor_command_msg) StdoutLine: {'line': b'-- Installing: /home/cvl/CS_Animatronics/src/install/motor_command_msg/share/ament_index/resource_index/package_run_dependencies/motor_command_msg\n'}
[1.769973] (motor_command_msg) StdoutLine: {'line': b'-- Installing: /home/cvl/CS_Animatronics/src/install/motor_command_msg/share/ament_index/resource_index/parent_prefix_path/motor_command_msg\n'}
[1.770054] (motor_command_msg) StdoutLine: {'line': b'-- Installing: /home/cvl/CS_Animatronics/src/install/motor_command_msg/share/motor_command_msg/environment/ament_prefix_path.sh\n'}
[1.770133] (motor_command_msg) StdoutLine: {'line': b'-- Installing: /home/cvl/CS_Animatronics/src/install/motor_command_msg/share/motor_command_msg/environment/ament_prefix_path.dsv\n'}
[1.770215] (motor_command_msg) StdoutLine: {'line': b'-- Installing: /home/cvl/CS_Animatronics/src/install/motor_command_msg/share/motor_command_msg/environment/path.sh\n'}
[1.770297] (motor_command_msg) StdoutLine: {'line': b'-- Installing: /home/cvl/CS_Animatronics/src/install/motor_command_msg/share/motor_command_msg/environment/path.dsv\n'}
[1.770381] (motor_command_msg) StdoutLine: {'line': b'-- Installing: /home/cvl/CS_Animatronics/src/install/motor_command_msg/share/motor_command_msg/local_setup.bash\n'}
[1.770466] (motor_command_msg) StdoutLine: {'line': b'-- Installing: /home/cvl/CS_Animatronics/src/install/motor_command_msg/share/motor_command_msg/local_setup.sh\n'}
[1.770543] (motor_command_msg) StdoutLine: {'line': b'-- Installing: /home/cvl/CS_Animatronics/src/install/motor_command_msg/share/motor_command_msg/local_setup.zsh\n'}
[1.770624] (motor_command_msg) StdoutLine: {'line': b'-- Installing: /home/cvl/CS_Animatronics/src/install/motor_command_msg/share/motor_command_msg/local_setup.dsv\n'}
[1.770715] (motor_command_msg) StdoutLine: {'line': b'-- Up-to-date: /home/cvl/CS_Animatronics/src/install/motor_command_msg/share/motor_command_msg/package.dsv\n'}
[1.770804] (motor_command_msg) StdoutLine: {'line': b'-- Installing: /home/cvl/CS_Animatronics/src/install/motor_command_msg/share/ament_index/resource_index/packages/motor_command_msg\n'}
[1.770894] (motor_command_msg) StdoutLine: {'line': b'-- Installing: /home/cvl/CS_Animatronics/src/install/motor_command_msg/share/motor_command_msg/cmake/export_motor_command_msg__rosidl_generator_cExport.cmake\n'}
[1.770986] (motor_command_msg) StdoutLine: {'line': b'-- Installing: /home/cvl/CS_Animatronics/src/install/motor_command_msg/share/motor_command_msg/cmake/export_motor_command_msg__rosidl_generator_cExport-noconfig.cmake\n'}
[1.771078] (motor_command_msg) StdoutLine: {'line': b'-- Installing: /home/cvl/CS_Animatronics/src/install/motor_command_msg/share/motor_command_msg/cmake/export_motor_command_msg__rosidl_typesupport_fastrtps_cExport.cmake\n'}
[1.771171] (motor_command_msg) StdoutLine: {'line': b'-- Installing: /home/cvl/CS_Animatronics/src/install/motor_command_msg/share/motor_command_msg/cmake/export_motor_command_msg__rosidl_typesupport_fastrtps_cExport-noconfig.cmake\n'}
[1.771263] (motor_command_msg) StdoutLine: {'line': b'-- Installing: /home/cvl/CS_Animatronics/src/install/motor_command_msg/share/motor_command_msg/cmake/export_motor_command_msg__rosidl_generator_cppExport.cmake\n'}
[1.771354] (motor_command_msg) StdoutLine: {'line': b'-- Installing: /home/cvl/CS_Animatronics/src/install/motor_command_msg/share/motor_command_msg/cmake/export_motor_command_msg__rosidl_typesupport_fastrtps_cppExport.cmake\n'}
[1.771445] (motor_command_msg) StdoutLine: {'line': b'-- Installing: /home/cvl/CS_Animatronics/src/install/motor_command_msg/share/motor_command_msg/cmake/export_motor_command_msg__rosidl_typesupport_fastrtps_cppExport-noconfig.cmake\n'}
[1.771536] (motor_command_msg) StdoutLine: {'line': b'-- Installing: /home/cvl/CS_Animatronics/src/install/motor_command_msg/share/motor_command_msg/cmake/motor_command_msg__rosidl_typesupport_introspection_cExport.cmake\n'}
[1.771627] (motor_command_msg) StdoutLine: {'line': b'-- Installing: /home/cvl/CS_Animatronics/src/install/motor_command_msg/share/motor_command_msg/cmake/motor_command_msg__rosidl_typesupport_introspection_cExport-noconfig.cmake\n'}
[1.771731] (motor_command_msg) StdoutLine: {'line': b'-- Installing: /home/cvl/CS_Animatronics/src/install/motor_command_msg/share/motor_command_msg/cmake/motor_command_msg__rosidl_typesupport_cExport.cmake\n'}
[1.771804] (motor_command_msg) StdoutLine: {'line': b'-- Installing: /home/cvl/CS_Animatronics/src/install/motor_command_msg/share/motor_command_msg/cmake/motor_command_msg__rosidl_typesupport_cExport-noconfig.cmake\n'}
[1.771892] (motor_command_msg) StdoutLine: {'line': b'-- Installing: /home/cvl/CS_Animatronics/src/install/motor_command_msg/share/motor_command_msg/cmake/motor_command_msg__rosidl_typesupport_introspection_cppExport.cmake\n'}
[1.771983] (motor_command_msg) StdoutLine: {'line': b'-- Installing: /home/cvl/CS_Animatronics/src/install/motor_command_msg/share/motor_command_msg/cmake/motor_command_msg__rosidl_typesupport_introspection_cppExport-noconfig.cmake\n'}
[1.772074] (motor_command_msg) StdoutLine: {'line': b'-- Installing: /home/cvl/CS_Animatronics/src/install/motor_command_msg/share/motor_command_msg/cmake/motor_command_msg__rosidl_typesupport_cppExport.cmake\n'}
[1.772165] (motor_command_msg) StdoutLine: {'line': b'-- Installing: /home/cvl/CS_Animatronics/src/install/motor_command_msg/share/motor_command_msg/cmake/motor_command_msg__rosidl_typesupport_cppExport-noconfig.cmake\n'}
[1.772256] (motor_command_msg) StdoutLine: {'line': b'-- Installing: /home/cvl/CS_Animatronics/src/install/motor_command_msg/share/motor_command_msg/cmake/export_motor_command_msg__rosidl_generator_pyExport.cmake\n'}
[1.772346] (motor_command_msg) StdoutLine: {'line': b'-- Installing: /home/cvl/CS_Animatronics/src/install/motor_command_msg/share/motor_command_msg/cmake/export_motor_command_msg__rosidl_generator_pyExport-noconfig.cmake\n'}
[1.772437] (motor_command_msg) StdoutLine: {'line': b'-- Installing: /home/cvl/CS_Animatronics/src/install/motor_command_msg/share/motor_command_msg/cmake/rosidl_cmake-extras.cmake\n'}
[1.772540] (motor_command_msg) StdoutLine: {'line': b'-- Installing: /home/cvl/CS_Animatronics/src/install/motor_command_msg/share/motor_command_msg/cmake/ament_cmake_export_dependencies-extras.cmake\n'}
[1.772604] (motor_command_msg) StdoutLine: {'line': b'-- Installing: /home/cvl/CS_Animatronics/src/install/motor_command_msg/share/motor_command_msg/cmake/ament_cmake_export_include_directories-extras.cmake\n'}
[1.772680] (motor_command_msg) StdoutLine: {'line': b'-- Installing: /home/cvl/CS_Animatronics/src/install/motor_command_msg/share/motor_command_msg/cmake/ament_cmake_export_libraries-extras.cmake\n'}
[1.772775] (motor_command_msg) StdoutLine: {'line': b'-- Installing: /home/cvl/CS_Animatronics/src/install/motor_command_msg/share/motor_command_msg/cmake/ament_cmake_export_targets-extras.cmake\n'}
[1.772878] (motor_command_msg) StdoutLine: {'line': b'-- Installing: /home/cvl/CS_Animatronics/src/install/motor_command_msg/share/motor_command_msg/cmake/rosidl_cmake_export_typesupport_targets-extras.cmake\n'}
[1.772952] (motor_command_msg) StdoutLine: {'line': b'-- Installing: /home/cvl/CS_Animatronics/src/install/motor_command_msg/share/motor_command_msg/cmake/rosidl_cmake_export_typesupport_libraries-extras.cmake\n'}
[1.773022] (motor_command_msg) StdoutLine: {'line': b'-- Installing: /home/cvl/CS_Animatronics/src/install/motor_command_msg/share/motor_command_msg/cmake/motor_command_msgConfig.cmake\n'}
[1.773107] (motor_command_msg) StdoutLine: {'line': b'-- Installing: /home/cvl/CS_Animatronics/src/install/motor_command_msg/share/motor_command_msg/cmake/motor_command_msgConfig-version.cmake\n'}
[1.773159] (motor_command_msg) StdoutLine: {'line': b'-- Installing: /home/cvl/CS_Animatronics/src/install/motor_command_msg/share/motor_command_msg/package.xml\n'}
[1.774562] (motor_command_msg) CommandEnded: {'returncode': 0}
[1.784452] (motor_command_msg) JobEnded: {'identifier': 'motor_command_msg', 'rc': 0}
[1.784712] (system_controller) JobStarted: {'identifier': 'system_controller'}
[1.801850] (-) TimerEvent: {}
[1.902035] (-) TimerEvent: {}
[2.002233] (-) TimerEvent: {}
[2.072285] (dynamixel_sdk_custom_interfaces) StdoutLine: {'line': b'[ 79%] Built target dynamixel_sdk_custom_interfaces__py\n'}
[2.084393] (dynamixel_sdk_custom_interfaces) StdoutLine: {'line': b'[ 84%] \x1b[32mBuilding C object CMakeFiles/dynamixel_sdk_custom_interfaces__rosidl_generator_py.dir/rosidl_generator_py/dynamixel_sdk_custom_interfaces/srv/_get_position_s.c.o\x1b[0m\n'}
[2.084515] (dynamixel_sdk_custom_interfaces) StdoutLine: {'line': b'[ 84%] \x1b[32mBuilding C object CMakeFiles/dynamixel_sdk_custom_interfaces__rosidl_generator_py.dir/rosidl_generator_py/dynamixel_sdk_custom_interfaces/msg/_set_position_s.c.o\x1b[0m\n'}
[2.102337] (-) TimerEvent: {}
[2.185913] (dynamixel_sdk_custom_interfaces) StdoutLine: {'line': b'[ 86%] \x1b[32m\x1b[1mLinking C shared library libdynamixel_sdk_custom_interfaces__rosidl_generator_py.so\x1b[0m\n'}
[2.202447] (-) TimerEvent: {}
[2.211821] (dynamixel_sdk_custom_interfaces) StdoutLine: {'line': b'[ 86%] Built target dynamixel_sdk_custom_interfaces__rosidl_generator_py\n'}
[2.224142] (dynamixel_sdk_custom_interfaces) StdoutLine: {'line': b'[ 90%] \x1b[32mBuilding C object CMakeFiles/dynamixel_sdk_custom_interfaces_s__rosidl_typesupport_fastrtps_c.dir/rosidl_generator_py/dynamixel_sdk_custom_interfaces/_dynamixel_sdk_custom_interfaces_s.ep.rosidl_typesupport_fastrtps_c.c.o\x1b[0m\n'}
[2.224273] (dynamixel_sdk_custom_interfaces) StdoutLine: {'line': b'[ 90%] \x1b[32mBuilding C object CMakeFiles/dynamixel_sdk_custom_interfaces_s__rosidl_typesupport_c.dir/rosidl_generator_py/dynamixel_sdk_custom_interfaces/_dynamixel_sdk_custom_interfaces_s.ep.rosidl_typesupport_c.c.o\x1b[0m\n'}
[2.224336] (dynamixel_sdk_custom_interfaces) StdoutLine: {'line': b'[ 93%] \x1b[32mBuilding C object CMakeFiles/dynamixel_sdk_custom_interfaces_s__rosidl_typesupport_introspection_c.dir/rosidl_generator_py/dynamixel_sdk_custom_interfaces/_dynamixel_sdk_custom_interfaces_s.ep.rosidl_typesupport_introspection_c.c.o\x1b[0m\n'}
[2.302274] (dynamixel_sdk_custom_interfaces) StdoutLine: {'line': b'[ 97%] \x1b[32m\x1b[1mLinking C shared module rosidl_generator_py/dynamixel_sdk_custom_interfaces/dynamixel_sdk_custom_interfaces_s__rosidl_typesupport_c.so\x1b[0m\n'}
[2.302402] (dynamixel_sdk_custom_interfaces) StdoutLine: {'line': b'[ 97%] \x1b[32m\x1b[1mLinking C shared module rosidl_generator_py/dynamixel_sdk_custom_interfaces/dynamixel_sdk_custom_interfaces_s__rosidl_typesupport_introspection_c.so\x1b[0m\n'}
[2.302463] (-) TimerEvent: {}
[2.307741] (dynamixel_sdk_custom_interfaces) StdoutLine: {'line': b'[100%] \x1b[32m\x1b[1mLinking C shared module rosidl_generator_py/dynamixel_sdk_custom_interfaces/dynamixel_sdk_custom_interfaces_s__rosidl_typesupport_fastrtps_c.so\x1b[0m\n'}
[2.322379] (dynamixel_sdk_custom_interfaces) StdoutLine: {'line': b'[100%] Built target dynamixel_sdk_custom_interfaces_s__rosidl_typesupport_c\n'}
[2.322509] (dynamixel_sdk_custom_interfaces) StdoutLine: {'line': b'[100%] Built target dynamixel_sdk_custom_interfaces_s__rosidl_typesupport_introspection_c\n'}
[2.327412] (dynamixel_sdk_custom_interfaces) StdoutLine: {'line': b'[100%] Built target dynamixel_sdk_custom_interfaces_s__rosidl_typesupport_fastrtps_c\n'}
[2.334371] (dynamixel_sdk_custom_interfaces) CommandEnded: {'returncode': 0}
[2.335046] (dynamixel_sdk_custom_interfaces) JobProgress: {'identifier': 'dynamixel_sdk_custom_interfaces', 'progress': 'install'}
[2.335068] (dynamixel_sdk_custom_interfaces) Command: {'cmd': ['/usr/bin/cmake', '--install', '/home/cvl/CS_Animatronics/src/build/dynamixel_sdk_custom_interfaces'], 'cwd': '/home/cvl/CS_Animatronics/src/build/dynamixel_sdk_custom_interfaces', 'env': OrderedDict({'LESSOPEN': '| /usr/bin/lesspipe %s', 'CONDA_PROMPT_MODIFIER': '(base)', 'USER': 'cvl', 'XDG_SESSION_TYPE': 'x11', 'CLUTTER_DISABLE_MIPMAPPED_TEXT': '1', 'SHLVL': '1', 'LD_LIBRARY_PATH': '/opt/ros/jazzy/opt/rviz_ogre_vendor/lib:/opt/ros/jazzy/lib/x86_64-linux-gnu:/opt/ros/jazzy/opt/gz_math_vendor/lib:/opt/ros/jazzy/opt/gz_utils_vendor/lib:/opt/ros/jazzy/opt/gz_cmake_vendor/lib:/opt/ros/jazzy/lib', 'HOME': '/home/cvl', 'CONDA_SHLVL': '3', 'OLDPWD': '/home/cvl/CS_Animatronics', 'DESKTOP_SESSION': 'ubuntu', 'ROS_PYTHON_VERSION': '3', 'GNOME_SHELL_SESSION_MODE': 'ubuntu', 'GTK_MODULES': 'gail:atk-bridge', 'SYSTEMD_EXEC_PID': '11370', 'GSM_SKIP_SSH_AGENT_WORKAROUND': 'true', 'DBUS_SESSION_BUS_ADDRESS': 'unix:path=/run/user/1000/bus', 'COLORTERM': 'truecolor', 'DEBUGINFOD_URLS': 'https://debuginfod.ubuntu.com', 'ROS_DISTRO': 'jazzy', 'LOGNAME': 'cvl', '_': '/usr/bin/colcon', 'ROS_VERSION': '2', 'MEMORY_PRESSURE_WATCH': '/sys/fs/cgroup/user.slice/user-1000.slice/user@1000.service/session.slice/org.gnome.Shell@x11.service/memory.pressure', 'XDG_SESSION_CLASS': 'user', 'USERNAME': 'cvl', 'TERM': 'xterm-256color', 'GNOME_DESKTOP_SESSION_ID': 'this-is-deprecated', 'WINDOWPATH': '2', 'PATH': '/opt/ros/jazzy/bin:/home/cvl/miniconda3/bin:/home/cvl/miniconda3/condabin:/home/cvl/.local/bin:/usr/local/sbin:/usr/local/bin:/usr/sbin:/usr/bin:/sbin:/bin:/usr/games:/usr/local/games:/snap/bin:/snap/bin', 'SESSION_MANAGER': 'local/cvl-To-Be-Filled-By-O-E-M:@/tmp/.ICE-unix/11338,unix/cvl-To-Be-Filled-By-O-E-M:/tmp/.ICE-unix/11338', 'XDG_MENU_PREFIX': 'gnome-', 'GNOME_TERMINAL_SCREEN': '/org/gnome/Terminal/screen/737fbf3c_e6c6_4d2e_894b_83e5c7d4f543', 'XDG_RUNTIME_DIR': '/run/user/1000', 'DISPLAY': ':1', 'LANG': 'en_US.UTF-8', 'XDG_CURRENT_DESKTOP': 'ubuntu:GNOME', 'CONDA_PREFIX_1': '/home/cvl/miniconda3', 'XMODIFIERS': '@im=ibus', 'XDG_SESSION_DESKTOP': 'ubuntu', 'XAUTHORITY': '/run/user/1000/gdm/Xauthority', 'LS_COLORS': 'rs=0:di=01;34:ln=01;36:mh=00:pi=40;33:so=01;35:do=01;35:bd=40;33;01:cd=40;33;01:or=40;31;01:mi=00:su=37;41:sg=30;43:ca=00:tw=30;42:ow=34;42:st=37;44:ex=01;32:*.tar=01;31:*.tgz=01;31:*.arc=01;31:*.arj=01;31:*.taz=01;31:*.lha=01;31:*.lz4=01;31:*.lzh=01;31:*.lzma=01;31:*.tlz=01;31:*.txz=01;31:*.tzo=01;31:*.t7z=01;31:*.zip=01;31:*.z=01;31:*.dz=01;31:*.gz=01;31:*.lrz=01;31:*.lz=01;31:*.lzo=01;31:*.xz=01;31:*.zst=01;31:*.tzst=01;31:*.bz2=01;31:*.bz=01;31:*.tbz=01;31:*.tbz2=01;31:*.tz=01;31:*.deb=01;31:*.rpm=01;31:*.jar=01;31:*.war=01;31:*.ear=01;31:*.sar=01;31:*.rar=01;31:*.alz=01;31:*.ace=01;31:*.zoo=01;31:*.cpio=01;31:*.7z=01;31:*.rz=01;31:*.cab=01;31:*.wim=01;31:*.swm=01;31:*.dwm=01;31:*.esd=01;31:*.avif=01;35:*.jpg=01;35:*.jpeg=01;35:*.mjpg=01;35:*.mjpeg=01;35:*.gif=01;35:*.bmp=01;35:*.pbm=01;35:*.pgm=01;35:*.ppm=01;35:*.tga=01;35:*.xbm=01;35:*.xpm=01;35:*.tif=01;35:*.tiff=01;35:*.png=01;35:*.svg=01;35:*.svgz=01;35:*.mng=01;35:*.pcx=01;35:*.mov=01;35:*.mpg=01;35:*.mpeg=01;35:*.m2v=01;35:*.mkv=01;35:*.webm=01;35:*.webp=01;35:*.ogm=01;35:*.mp4=01;35:*.m4v=01;35:*.mp4v=01;35:*.vob=01;35:*.qt=01;35:*.nuv=01;35:*.wmv=01;35:*.asf=01;35:*.rm=01;35:*.rmvb=01;35:*.flc=01;35:*.avi=01;35:*.fli=01;35:*.flv=01;35:*.gl=01;35:*.dl=01;35:*.xcf=01;35:*.xwd=01;35:*.yuv=01;35:*.cgm=01;35:*.emf=01;35:*.ogv=01;35:*.ogx=01;35:*.aac=00;36:*.au=00;36:*.flac=00;36:*.m4a=00;36:*.mid=00;36:*.midi=00;36:*.mka=00;36:*.mp3=00;36:*.mpc=00;36:*.ogg=00;36:*.ra=00;36:*.wav=00;36:*.oga=00;36:*.opus=00;36:*.spx=00;36:*.xspf=00;36:*~=00;90:*#=00;90:*.bak=00;90:*.crdownload=00;90:*.dpkg-dist=00;90:*.dpkg-new=00;90:*.dpkg-old=00;90:*.dpkg-tmp=00;90:*.old=00;90:*.orig=00;90:*.part=00;90:*.rej=00;90:*.rpmnew=00;90:*.rpmorig=00;90:*.rpmsave=00;90:*.swp=00;90:*.tmp=00;90:*.ucf-dist=00;90:*.ucf-new=00;90:*.ucf-old=00;90:', 'GNOME_TERMINAL_SERVICE': ':1.105', 'CONDA_PREFIX_2': '/home/cvl/miniconda3/envs/genesis', 'SSH_AUTH_SOCK': '/run/user/1000/keyring/ssh', 'AMENT_PREFIX_PATH': '/opt/ros/jazzy', 'CONDA_PYTHON_EXE': '/home/cvl/miniconda3/bin/python', 'SHELL': '/bin/bash', 'QT_ACCESSIBILITY': '1', 'GDMSESSION': 'ubuntu', 'LESSCLOSE': '/usr/bin/lesspipe %s %s', 'CONDA_DEFAULT_ENV': 'base', 'GPG_AGENT_INFO': '/run/user/1000/gnupg/S.gpg-agent:0:1', 'ROS_AUTOMATIC_DISCOVERY_RANGE': 'SUBNET', 'QT_IM_MODULE': 'ibus', 'PWD': '/home/cvl/CS_Animatronics/src/build/dynamixel_sdk_custom_interfaces', 'XDG_CONFIG_DIRS': '/etc/xdg/xdg-ubuntu:/etc/xdg', 'CONDA_EXE': '/home/cvl/miniconda3/bin/conda', 'XDG_DATA_DIRS': '/usr/share/ubuntu:/usr/share/gnome:/usr/local/share/:/usr/share/:/var/lib/snapd/desktop', 'PYTHONPATH': '/opt/ros/jazzy/lib/python3.12/site-packages', 'CONDA_PREFIX': '/home/cvl/miniconda3', 'COLCON': '1', 'MEMORY_PRESSURE_WRITE': 'c29tZSAyMDAwMDAgMjAwMDAwMAA=', 'VTE_VERSION': '7600', 'CMAKE_PREFIX_PATH': '/opt/ros/jazzy/opt/gz_math_vendor:/opt/ros/jazzy/opt/gz_utils_vendor:/opt/ros/jazzy/opt/gz_cmake_vendor:/opt/ros/jazzy'}), 'shell': False}
[2.340268] (dynamixel_sdk_custom_interfaces) StdoutLine: {'line': b'-- Install configuration: ""\n'}
[2.340377] (dynamixel_sdk_custom_interfaces) StdoutLine: {'line': b'-- Installing: /home/cvl/CS_Animatronics/src/install/dynamixel_sdk_custom_interfaces/share/ament_index/resource_index/rosidl_interfaces/dynamixel_sdk_custom_interfaces\n'}
[2.340482] (dynamixel_sdk_custom_interfaces) StdoutLine: {'line': b'-- Installing: /home/cvl/CS_Animatronics/src/install/dynamixel_sdk_custom_interfaces/share/dynamixel_sdk_custom_interfaces/msg/SetPosition.json\n'}
[2.340564] (dynamixel_sdk_custom_interfaces) StdoutLine: {'line': b'-- Installing: /home/cvl/CS_Animatronics/src/install/dynamixel_sdk_custom_interfaces/share/dynamixel_sdk_custom_interfaces/srv/GetPosition.json\n'}
[2.340655] (dynamixel_sdk_custom_interfaces) StdoutLine: {'line': b'-- Installing: /home/cvl/CS_Animatronics/src/install/dynamixel_sdk_custom_interfaces/include/dynamixel_sdk_custom_interfaces/dynamixel_sdk_custom_interfaces\n'}
[2.340848] (dynamixel_sdk_custom_interfaces) StdoutLine: {'line': b'-- Installing: /home/cvl/CS_Animatronics/src/install/dynamixel_sdk_custom_interfaces/include/dynamixel_sdk_custom_interfaces/dynamixel_sdk_custom_interfaces/srv\n'}
[2.340950] (dynamixel_sdk_custom_interfaces) StdoutLine: {'line': b'-- Installing: /home/cvl/CS_Animatronics/src/install/dynamixel_sdk_custom_interfaces/include/dynamixel_sdk_custom_interfaces/dynamixel_sdk_custom_interfaces/srv/detail\n'}
[2.341027] (dynamixel_sdk_custom_interfaces) StdoutLine: {'line': b'-- Installing: /home/cvl/CS_Animatronics/src/install/dynamixel_sdk_custom_interfaces/include/dynamixel_sdk_custom_interfaces/dynamixel_sdk_custom_interfaces/srv/detail/get_position__struct.h\n'}
[2.341117] (dynamixel_sdk_custom_interfaces) StdoutLine: {'line': b'-- Installing: /home/cvl/CS_Animatronics/src/install/dynamixel_sdk_custom_interfaces/include/dynamixel_sdk_custom_interfaces/dynamixel_sdk_custom_interfaces/srv/detail/get_position__functions.c\n'}
[2.341230] (dynamixel_sdk_custom_interfaces) StdoutLine: {'line': b'-- Installing: /home/cvl/CS_Animatronics/src/install/dynamixel_sdk_custom_interfaces/include/dynamixel_sdk_custom_interfaces/dynamixel_sdk_custom_interfaces/srv/detail/get_position__description.c\n'}
[2.341306] (dynamixel_sdk_custom_interfaces) StdoutLine: {'line': b'-- Installing: /home/cvl/CS_Animatronics/src/install/dynamixel_sdk_custom_interfaces/include/dynamixel_sdk_custom_interfaces/dynamixel_sdk_custom_interfaces/srv/detail/get_position__type_support.h\n'}
[2.341377] (dynamixel_sdk_custom_interfaces) StdoutLine: {'line': b'-- Installing: /home/cvl/CS_Animatronics/src/install/dynamixel_sdk_custom_interfaces/include/dynamixel_sdk_custom_interfaces/dynamixel_sdk_custom_interfaces/srv/detail/get_position__functions.h\n'}
[2.341445] (dynamixel_sdk_custom_interfaces) StdoutLine: {'line': b'-- Installing: /home/cvl/CS_Animatronics/src/install/dynamixel_sdk_custom_interfaces/include/dynamixel_sdk_custom_interfaces/dynamixel_sdk_custom_interfaces/srv/detail/get_position__type_support.c\n'}
[2.341544] (dynamixel_sdk_custom_interfaces) StdoutLine: {'line': b'-- Installing: /home/cvl/CS_Animatronics/src/install/dynamixel_sdk_custom_interfaces/include/dynamixel_sdk_custom_interfaces/dynamixel_sdk_custom_interfaces/srv/get_position.h\n'}
[2.341619] (dynamixel_sdk_custom_interfaces) StdoutLine: {'line': b'-- Installing: /home/cvl/CS_Animatronics/src/install/dynamixel_sdk_custom_interfaces/include/dynamixel_sdk_custom_interfaces/dynamixel_sdk_custom_interfaces/msg\n'}
[2.341757] (dynamixel_sdk_custom_interfaces) StdoutLine: {'line': b'-- Installing: /home/cvl/CS_Animatronics/src/install/dynamixel_sdk_custom_interfaces/include/dynamixel_sdk_custom_interfaces/dynamixel_sdk_custom_interfaces/msg/detail\n'}
[2.341835] (dynamixel_sdk_custom_interfaces) StdoutLine: {'line': b'-- Installing: /home/cvl/CS_Animatronics/src/install/dynamixel_sdk_custom_interfaces/include/dynamixel_sdk_custom_interfaces/dynamixel_sdk_custom_interfaces/msg/detail/set_position__struct.h\n'}
[2.341912] (dynamixel_sdk_custom_interfaces) StdoutLine: {'line': b'-- Installing: /home/cvl/CS_Animatronics/src/install/dynamixel_sdk_custom_interfaces/include/dynamixel_sdk_custom_interfaces/dynamixel_sdk_custom_interfaces/msg/detail/set_position__description.c\n'}
[2.341973] (dynamixel_sdk_custom_interfaces) StdoutLine: {'line': b'-- Installing: /home/cvl/CS_Animatronics/src/install/dynamixel_sdk_custom_interfaces/include/dynamixel_sdk_custom_interfaces/dynamixel_sdk_custom_interfaces/msg/detail/set_position__functions.c\n'}
[2.342043] (dynamixel_sdk_custom_interfaces) StdoutLine: {'line': b'-- Installing: /home/cvl/CS_Animatronics/src/install/dynamixel_sdk_custom_interfaces/include/dynamixel_sdk_custom_interfaces/dynamixel_sdk_custom_interfaces/msg/detail/set_position__type_support.h\n'}
[2.342111] (dynamixel_sdk_custom_interfaces) StdoutLine: {'line': b'-- Installing: /home/cvl/CS_Animatronics/src/install/dynamixel_sdk_custom_interfaces/include/dynamixel_sdk_custom_interfaces/dynamixel_sdk_custom_interfaces/msg/detail/set_position__type_support.c\n'}
[2.342180] (dynamixel_sdk_custom_interfaces) StdoutLine: {'line': b'-- Installing: /home/cvl/CS_Animatronics/src/install/dynamixel_sdk_custom_interfaces/include/dynamixel_sdk_custom_interfaces/dynamixel_sdk_custom_interfaces/msg/detail/set_position__functions.h\n'}
[2.342276] (dynamixel_sdk_custom_interfaces) StdoutLine: {'line': b'-- Installing: /home/cvl/CS_Animatronics/src/install/dynamixel_sdk_custom_interfaces/include/dynamixel_sdk_custom_interfaces/dynamixel_sdk_custom_interfaces/msg/set_position.h\n'}
[2.342329] (dynamixel_sdk_custom_interfaces) StdoutLine: {'line': b'-- Installing: /home/cvl/CS_Animatronics/src/install/dynamixel_sdk_custom_interfaces/include/dynamixel_sdk_custom_interfaces/dynamixel_sdk_custom_interfaces/msg/rosidl_generator_c__visibility_control.h\n'}
[2.342399] (dynamixel_sdk_custom_interfaces) StdoutLine: {'line': b'-- Installing: /home/cvl/CS_Animatronics/src/install/dynamixel_sdk_custom_interfaces/share/dynamixel_sdk_custom_interfaces/environment/library_path.sh\n'}
[2.342468] (dynamixel_sdk_custom_interfaces) StdoutLine: {'line': b'-- Installing: /home/cvl/CS_Animatronics/src/install/dynamixel_sdk_custom_interfaces/share/dynamixel_sdk_custom_interfaces/environment/library_path.dsv\n'}
[2.342537] (dynamixel_sdk_custom_interfaces) StdoutLine: {'line': b'-- Installing: /home/cvl/CS_Animatronics/src/install/dynamixel_sdk_custom_interfaces/lib/libdynamixel_sdk_custom_interfaces__rosidl_generator_c.so\n'}
[2.342626] (dynamixel_sdk_custom_interfaces) StdoutLine: {'line': b'-- Set non-toolchain portion of runtime path of "/home/cvl/CS_Animatronics/src/install/dynamixel_sdk_custom_interfaces/lib/libdynamixel_sdk_custom_interfaces__rosidl_generator_c.so" to ""\n'}
[2.342787] (dynamixel_sdk_custom_interfaces) StdoutLine: {'line': b'-- Up-to-date: /home/cvl/CS_Animatronics/src/install/dynamixel_sdk_custom_interfaces/include/dynamixel_sdk_custom_interfaces/dynamixel_sdk_custom_interfaces\n'}
[2.342849] (dynamixel_sdk_custom_interfaces) StdoutLine: {'line': b'-- Up-to-date: /home/cvl/CS_Animatronics/src/install/dynamixel_sdk_custom_interfaces/include/dynamixel_sdk_custom_interfaces/dynamixel_sdk_custom_interfaces/srv\n'}
[2.342900] (dynamixel_sdk_custom_interfaces) StdoutLine: {'line': b'-- Up-to-date: /home/cvl/CS_Animatronics/src/install/dynamixel_sdk_custom_interfaces/include/dynamixel_sdk_custom_interfaces/dynamixel_sdk_custom_interfaces/srv/detail\n'}
[2.342961] (dynamixel_sdk_custom_interfaces) StdoutLine: {'line': b'-- Installing: /home/cvl/CS_Animatronics/src/install/dynamixel_sdk_custom_interfaces/include/dynamixel_sdk_custom_interfaces/dynamixel_sdk_custom_interfaces/srv/detail/get_position__rosidl_typesupport_fastrtps_c.h\n'}
[2.343031] (dynamixel_sdk_custom_interfaces) StdoutLine: {'line': b'-- Up-to-date: /home/cvl/CS_Animatronics/src/install/dynamixel_sdk_custom_interfaces/include/dynamixel_sdk_custom_interfaces/dynamixel_sdk_custom_interfaces/msg\n'}
[2.343133] (dynamixel_sdk_custom_interfaces) StdoutLine: {'line': b'-- Up-to-date: /home/cvl/CS_Animatronics/src/install/dynamixel_sdk_custom_interfaces/include/dynamixel_sdk_custom_interfaces/dynamixel_sdk_custom_interfaces/msg/detail\n'}
[2.343202] (dynamixel_sdk_custom_interfaces) StdoutLine: {'line': b'-- Installing: /home/cvl/CS_Animatronics/src/install/dynamixel_sdk_custom_interfaces/include/dynamixel_sdk_custom_interfaces/dynamixel_sdk_custom_interfaces/msg/detail/set_position__rosidl_typesupport_fastrtps_c.h\n'}
[2.343300] (dynamixel_sdk_custom_interfaces) StdoutLine: {'line': b'-- Installing: /home/cvl/CS_Animatronics/src/install/dynamixel_sdk_custom_interfaces/include/dynamixel_sdk_custom_interfaces/dynamixel_sdk_custom_interfaces/msg/rosidl_typesupport_fastrtps_c__visibility_control.h\n'}
[2.343374] (dynamixel_sdk_custom_interfaces) StdoutLine: {'line': b'-- Installing: /home/cvl/CS_Animatronics/src/install/dynamixel_sdk_custom_interfaces/lib/libdynamixel_sdk_custom_interfaces__rosidl_typesupport_fastrtps_c.so\n'}
[2.343443] (dynamixel_sdk_custom_interfaces) StdoutLine: {'line': b'-- Set non-toolchain portion of runtime path of "/home/cvl/CS_Animatronics/src/install/dynamixel_sdk_custom_interfaces/lib/libdynamixel_sdk_custom_interfaces__rosidl_typesupport_fastrtps_c.so" to ""\n'}
[2.343512] (dynamixel_sdk_custom_interfaces) StdoutLine: {'line': b'-- Up-to-date: /home/cvl/CS_Animatronics/src/install/dynamixel_sdk_custom_interfaces/include/dynamixel_sdk_custom_interfaces/dynamixel_sdk_custom_interfaces\n'}
[2.343579] (dynamixel_sdk_custom_interfaces) StdoutLine: {'line': b'-- Up-to-date: /home/cvl/CS_Animatronics/src/install/dynamixel_sdk_custom_interfaces/include/dynamixel_sdk_custom_interfaces/dynamixel_sdk_custom_interfaces/srv\n'}
[2.343647] (dynamixel_sdk_custom_interfaces) StdoutLine: {'line': b'-- Up-to-date: /home/cvl/CS_Animatronics/src/install/dynamixel_sdk_custom_interfaces/include/dynamixel_sdk_custom_interfaces/dynamixel_sdk_custom_interfaces/srv/detail\n'}
[2.343761] (dynamixel_sdk_custom_interfaces) StdoutLine: {'line': b'-- Installing: /home/cvl/CS_Animatronics/src/install/dynamixel_sdk_custom_interfaces/include/dynamixel_sdk_custom_interfaces/dynamixel_sdk_custom_interfaces/srv/detail/get_position__struct.hpp\n'}
[2.343833] (dynamixel_sdk_custom_interfaces) StdoutLine: {'line': b'-- Installing: /home/cvl/CS_Animatronics/src/install/dynamixel_sdk_custom_interfaces/include/dynamixel_sdk_custom_interfaces/dynamixel_sdk_custom_interfaces/srv/detail/get_position__type_support.hpp\n'}
[2.343901] (dynamixel_sdk_custom_interfaces) StdoutLine: {'line': b'-- Installing: /home/cvl/CS_Animatronics/src/install/dynamixel_sdk_custom_interfaces/include/dynamixel_sdk_custom_interfaces/dynamixel_sdk_custom_interfaces/srv/detail/get_position__traits.hpp\n'}
[2.343969] (dynamixel_sdk_custom_interfaces) StdoutLine: {'line': b'-- Installing: /home/cvl/CS_Animatronics/src/install/dynamixel_sdk_custom_interfaces/include/dynamixel_sdk_custom_interfaces/dynamixel_sdk_custom_interfaces/srv/detail/get_position__builder.hpp\n'}
[2.344105] (dynamixel_sdk_custom_interfaces) StdoutLine: {'line': b'-- Installing: /home/cvl/CS_Animatronics/src/install/dynamixel_sdk_custom_interfaces/include/dynamixel_sdk_custom_interfaces/dynamixel_sdk_custom_interfaces/srv/get_position.hpp\n'}
[2.344176] (dynamixel_sdk_custom_interfaces) StdoutLine: {'line': b'-- Up-to-date: /home/cvl/CS_Animatronics/src/install/dynamixel_sdk_custom_interfaces/include/dynamixel_sdk_custom_interfaces/dynamixel_sdk_custom_interfaces/msg\n'}
[2.344245] (dynamixel_sdk_custom_interfaces) StdoutLine: {'line': b'-- Up-to-date: /home/cvl/CS_Animatronics/src/install/dynamixel_sdk_custom_interfaces/include/dynamixel_sdk_custom_interfaces/dynamixel_sdk_custom_interfaces/msg/detail\n'}
[2.344315] (dynamixel_sdk_custom_interfaces) StdoutLine: {'line': b'-- Installing: /home/cvl/CS_Animatronics/src/install/dynamixel_sdk_custom_interfaces/include/dynamixel_sdk_custom_interfaces/dynamixel_sdk_custom_interfaces/msg/detail/set_position__builder.hpp\n'}
[2.344400] (dynamixel_sdk_custom_interfaces) StdoutLine: {'line': b'-- Installing: /home/cvl/CS_Animatronics/src/install/dynamixel_sdk_custom_interfaces/include/dynamixel_sdk_custom_interfaces/dynamixel_sdk_custom_interfaces/msg/detail/set_position__struct.hpp\n'}
[2.344461] (dynamixel_sdk_custom_interfaces) StdoutLine: {'line': b'-- Installing: /home/cvl/CS_Animatronics/src/install/dynamixel_sdk_custom_interfaces/include/dynamixel_sdk_custom_interfaces/dynamixel_sdk_custom_interfaces/msg/detail/set_position__type_support.hpp\n'}
[2.344530] (dynamixel_sdk_custom_interfaces) StdoutLine: {'line': b'-- Installing: /home/cvl/CS_Animatronics/src/install/dynamixel_sdk_custom_interfaces/include/dynamixel_sdk_custom_interfaces/dynamixel_sdk_custom_interfaces/msg/detail/set_position__traits.hpp\n'}
[2.344598] (dynamixel_sdk_custom_interfaces) StdoutLine: {'line': b'-- Installing: /home/cvl/CS_Animatronics/src/install/dynamixel_sdk_custom_interfaces/include/dynamixel_sdk_custom_interfaces/dynamixel_sdk_custom_interfaces/msg/set_position.hpp\n'}
[2.344670] (dynamixel_sdk_custom_interfaces) StdoutLine: {'line': b'-- Installing: /home/cvl/CS_Animatronics/src/install/dynamixel_sdk_custom_interfaces/include/dynamixel_sdk_custom_interfaces/dynamixel_sdk_custom_interfaces/msg/rosidl_generator_cpp__visibility_control.hpp\n'}
[2.344780] (dynamixel_sdk_custom_interfaces) StdoutLine: {'line': b'-- Up-to-date: /home/cvl/CS_Animatronics/src/install/dynamixel_sdk_custom_interfaces/include/dynamixel_sdk_custom_interfaces/dynamixel_sdk_custom_interfaces\n'}
[2.344850] (dynamixel_sdk_custom_interfaces) StdoutLine: {'line': b'-- Up-to-date: /home/cvl/CS_Animatronics/src/install/dynamixel_sdk_custom_interfaces/include/dynamixel_sdk_custom_interfaces/dynamixel_sdk_custom_interfaces/srv\n'}
[2.344955] (dynamixel_sdk_custom_interfaces) StdoutLine: {'line': b'-- Up-to-date: /home/cvl/CS_Animatronics/src/install/dynamixel_sdk_custom_interfaces/include/dynamixel_sdk_custom_interfaces/dynamixel_sdk_custom_interfaces/srv/detail\n'}
[2.345027] (dynamixel_sdk_custom_interfaces) StdoutLine: {'line': b'-- Installing: /home/cvl/CS_Animatronics/src/install/dynamixel_sdk_custom_interfaces/include/dynamixel_sdk_custom_interfaces/dynamixel_sdk_custom_interfaces/srv/detail/get_position__rosidl_typesupport_fastrtps_cpp.hpp\n'}
[2.345097] (dynamixel_sdk_custom_interfaces) StdoutLine: {'line': b'-- Installing: /home/cvl/CS_Animatronics/src/install/dynamixel_sdk_custom_interfaces/include/dynamixel_sdk_custom_interfaces/dynamixel_sdk_custom_interfaces/srv/detail/dds_fastrtps\n'}
[2.345167] (dynamixel_sdk_custom_interfaces) StdoutLine: {'line': b'-- Up-to-date: /home/cvl/CS_Animatronics/src/install/dynamixel_sdk_custom_interfaces/include/dynamixel_sdk_custom_interfaces/dynamixel_sdk_custom_interfaces/msg\n'}
[2.345236] (dynamixel_sdk_custom_interfaces) StdoutLine: {'line': b'-- Up-to-date: /home/cvl/CS_Animatronics/src/install/dynamixel_sdk_custom_interfaces/include/dynamixel_sdk_custom_interfaces/dynamixel_sdk_custom_interfaces/msg/detail\n'}
[2.345304] (dynamixel_sdk_custom_interfaces) StdoutLine: {'line': b'-- Installing: /home/cvl/CS_Animatronics/src/install/dynamixel_sdk_custom_interfaces/include/dynamixel_sdk_custom_interfaces/dynamixel_sdk_custom_interfaces/msg/detail/dds_fastrtps\n'}
[2.345372] (dynamixel_sdk_custom_interfaces) StdoutLine: {'line': b'-- Installing: /home/cvl/CS_Animatronics/src/install/dynamixel_sdk_custom_interfaces/include/dynamixel_sdk_custom_interfaces/dynamixel_sdk_custom_interfaces/msg/detail/set_position__rosidl_typesupport_fastrtps_cpp.hpp\n'}
[2.345440] (dynamixel_sdk_custom_interfaces) StdoutLine: {'line': b'-- Installing: /home/cvl/CS_Animatronics/src/install/dynamixel_sdk_custom_interfaces/include/dynamixel_sdk_custom_interfaces/dynamixel_sdk_custom_interfaces/msg/rosidl_typesupport_fastrtps_cpp__visibility_control.h\n'}
[2.345508] (dynamixel_sdk_custom_interfaces) StdoutLine: {'line': b'-- Installing: /home/cvl/CS_Animatronics/src/install/dynamixel_sdk_custom_interfaces/lib/libdynamixel_sdk_custom_interfaces__rosidl_typesupport_fastrtps_cpp.so\n'}
[2.345617] (dynamixel_sdk_custom_interfaces) StdoutLine: {'line': b'-- Set non-toolchain portion of runtime path of "/home/cvl/CS_Animatronics/src/install/dynamixel_sdk_custom_interfaces/lib/libdynamixel_sdk_custom_interfaces__rosidl_typesupport_fastrtps_cpp.so" to ""\n'}
[2.345756] (dynamixel_sdk_custom_interfaces) StdoutLine: {'line': b'-- Up-to-date: /home/cvl/CS_Animatronics/src/install/dynamixel_sdk_custom_interfaces/include/dynamixel_sdk_custom_interfaces/dynamixel_sdk_custom_interfaces\n'}
[2.345845] (dynamixel_sdk_custom_interfaces) StdoutLine: {'line': b'-- Up-to-date: /home/cvl/CS_Animatronics/src/install/dynamixel_sdk_custom_interfaces/include/dynamixel_sdk_custom_interfaces/dynamixel_sdk_custom_interfaces/srv\n'}
[2.345916] (dynamixel_sdk_custom_interfaces) StdoutLine: {'line': b'-- Up-to-date: /home/cvl/CS_Animatronics/src/install/dynamixel_sdk_custom_interfaces/include/dynamixel_sdk_custom_interfaces/dynamixel_sdk_custom_interfaces/srv/detail\n'}
[2.345985] (dynamixel_sdk_custom_interfaces) StdoutLine: {'line': b'-- Installing: /home/cvl/CS_Animatronics/src/install/dynamixel_sdk_custom_interfaces/include/dynamixel_sdk_custom_interfaces/dynamixel_sdk_custom_interfaces/srv/detail/get_position__type_support.c\n'}
[2.346054] (dynamixel_sdk_custom_interfaces) StdoutLine: {'line': b'-- Installing: /home/cvl/CS_Animatronics/src/install/dynamixel_sdk_custom_interfaces/include/dynamixel_sdk_custom_interfaces/dynamixel_sdk_custom_interfaces/srv/detail/get_position__rosidl_typesupport_introspection_c.h\n'}
[2.346122] (dynamixel_sdk_custom_interfaces) StdoutLine: {'line': b'-- Up-to-date: /home/cvl/CS_Animatronics/src/install/dynamixel_sdk_custom_interfaces/include/dynamixel_sdk_custom_interfaces/dynamixel_sdk_custom_interfaces/msg\n'}
[2.346190] (dynamixel_sdk_custom_interfaces) StdoutLine: {'line': b'-- Up-to-date: /home/cvl/CS_Animatronics/src/install/dynamixel_sdk_custom_interfaces/include/dynamixel_sdk_custom_interfaces/dynamixel_sdk_custom_interfaces/msg/detail\n'}
[2.346259] (dynamixel_sdk_custom_interfaces) StdoutLine: {'line': b'-- Installing: /home/cvl/CS_Animatronics/src/install/dynamixel_sdk_custom_interfaces/include/dynamixel_sdk_custom_interfaces/dynamixel_sdk_custom_interfaces/msg/detail/set_position__type_support.c\n'}
[2.346327] (dynamixel_sdk_custom_interfaces) StdoutLine: {'line': b'-- Installing: /home/cvl/CS_Animatronics/src/install/dynamixel_sdk_custom_interfaces/include/dynamixel_sdk_custom_interfaces/dynamixel_sdk_custom_interfaces/msg/detail/set_position__rosidl_typesupport_introspection_c.h\n'}
[2.346396] (dynamixel_sdk_custom_interfaces) StdoutLine: {'line': b'-- Installing: /home/cvl/CS_Animatronics/src/install/dynamixel_sdk_custom_interfaces/include/dynamixel_sdk_custom_interfaces/dynamixel_sdk_custom_interfaces/msg/rosidl_typesupport_introspection_c__visibility_control.h\n'}
[2.346464] (dynamixel_sdk_custom_interfaces) StdoutLine: {'line': b'-- Installing: /home/cvl/CS_Animatronics/src/install/dynamixel_sdk_custom_interfaces/lib/libdynamixel_sdk_custom_interfaces__rosidl_typesupport_introspection_c.so\n'}
[2.346563] (dynamixel_sdk_custom_interfaces) StdoutLine: {'line': b'-- Set non-toolchain portion of runtime path of "/home/cvl/CS_Animatronics/src/install/dynamixel_sdk_custom_interfaces/lib/libdynamixel_sdk_custom_interfaces__rosidl_typesupport_introspection_c.so" to ""\n'}
[2.346638] (dynamixel_sdk_custom_interfaces) StdoutLine: {'line': b'-- Installing: /home/cvl/CS_Animatronics/src/install/dynamixel_sdk_custom_interfaces/lib/libdynamixel_sdk_custom_interfaces__rosidl_typesupport_c.so\n'}
[2.346753] (dynamixel_sdk_custom_interfaces) StdoutLine: {'line': b'-- Set non-toolchain portion of runtime path of "/home/cvl/CS_Animatronics/src/install/dynamixel_sdk_custom_interfaces/lib/libdynamixel_sdk_custom_interfaces__rosidl_typesupport_c.so" to ""\n'}
[2.346824] (dynamixel_sdk_custom_interfaces) StdoutLine: {'line': b'-- Up-to-date: /home/cvl/CS_Animatronics/src/install/dynamixel_sdk_custom_interfaces/include/dynamixel_sdk_custom_interfaces/dynamixel_sdk_custom_interfaces\n'}
[2.346930] (dynamixel_sdk_custom_interfaces) StdoutLine: {'line': b'-- Up-to-date: /home/cvl/CS_Animatronics/src/install/dynamixel_sdk_custom_interfaces/include/dynamixel_sdk_custom_interfaces/dynamixel_sdk_custom_interfaces/srv\n'}
[2.347000] (dynamixel_sdk_custom_interfaces) StdoutLine: {'line': b'-- Up-to-date: /home/cvl/CS_Animatronics/src/install/dynamixel_sdk_custom_interfaces/include/dynamixel_sdk_custom_interfaces/dynamixel_sdk_custom_interfaces/srv/detail\n'}
[2.347103] (dynamixel_sdk_custom_interfaces) StdoutLine: {'line': b'-- Installing: /home/cvl/CS_Animatronics/src/install/dynamixel_sdk_custom_interfaces/include/dynamixel_sdk_custom_interfaces/dynamixel_sdk_custom_interfaces/srv/detail/get_position__type_support.cpp\n'}
[2.347156] (dynamixel_sdk_custom_interfaces) StdoutLine: {'line': b'-- Installing: /home/cvl/CS_Animatronics/src/install/dynamixel_sdk_custom_interfaces/include/dynamixel_sdk_custom_interfaces/dynamixel_sdk_custom_interfaces/srv/detail/get_position__rosidl_typesupport_introspection_cpp.hpp\n'}
[2.347209] (dynamixel_sdk_custom_interfaces) StdoutLine: {'line': b'-- Up-to-date: /home/cvl/CS_Animatronics/src/install/dynamixel_sdk_custom_interfaces/include/dynamixel_sdk_custom_interfaces/dynamixel_sdk_custom_interfaces/msg\n'}
[2.347262] (dynamixel_sdk_custom_interfaces) StdoutLine: {'line': b'-- Up-to-date: /home/cvl/CS_Animatronics/src/install/dynamixel_sdk_custom_interfaces/include/dynamixel_sdk_custom_interfaces/dynamixel_sdk_custom_interfaces/msg/detail\n'}
[2.347315] (dynamixel_sdk_custom_interfaces) StdoutLine: {'line': b'-- Installing: /home/cvl/CS_Animatronics/src/install/dynamixel_sdk_custom_interfaces/include/dynamixel_sdk_custom_interfaces/dynamixel_sdk_custom_interfaces/msg/detail/set_position__type_support.cpp\n'}
[2.347369] (dynamixel_sdk_custom_interfaces) StdoutLine: {'line': b'-- Installing: /home/cvl/CS_Animatronics/src/install/dynamixel_sdk_custom_interfaces/include/dynamixel_sdk_custom_interfaces/dynamixel_sdk_custom_interfaces/msg/detail/set_position__rosidl_typesupport_introspection_cpp.hpp\n'}
[2.347456] (dynamixel_sdk_custom_interfaces) StdoutLine: {'line': b'-- Installing: /home/cvl/CS_Animatronics/src/install/dynamixel_sdk_custom_interfaces/lib/libdynamixel_sdk_custom_interfaces__rosidl_typesupport_introspection_cpp.so\n'}
[2.347509] (dynamixel_sdk_custom_interfaces) StdoutLine: {'line': b'-- Set non-toolchain portion of runtime path of "/home/cvl/CS_Animatronics/src/install/dynamixel_sdk_custom_interfaces/lib/libdynamixel_sdk_custom_interfaces__rosidl_typesupport_introspection_cpp.so" to ""\n'}
[2.347563] (dynamixel_sdk_custom_interfaces) StdoutLine: {'line': b'-- Installing: /home/cvl/CS_Animatronics/src/install/dynamixel_sdk_custom_interfaces/lib/libdynamixel_sdk_custom_interfaces__rosidl_typesupport_cpp.so\n'}
[2.347617] (dynamixel_sdk_custom_interfaces) StdoutLine: {'line': b'-- Set non-toolchain portion of runtime path of "/home/cvl/CS_Animatronics/src/install/dynamixel_sdk_custom_interfaces/lib/libdynamixel_sdk_custom_interfaces__rosidl_typesupport_cpp.so" to ""\n'}
[2.347716] (dynamixel_sdk_custom_interfaces) StdoutLine: {'line': b'-- Installing: /home/cvl/CS_Animatronics/src/install/dynamixel_sdk_custom_interfaces/share/dynamixel_sdk_custom_interfaces/environment/pythonpath.sh\n'}
[2.347800] (dynamixel_sdk_custom_interfaces) StdoutLine: {'line': b'-- Installing: /home/cvl/CS_Animatronics/src/install/dynamixel_sdk_custom_interfaces/share/dynamixel_sdk_custom_interfaces/environment/pythonpath.dsv\n'}
[2.347854] (dynamixel_sdk_custom_interfaces) StdoutLine: {'line': b'-- Installing: /home/cvl/CS_Animatronics/src/install/dynamixel_sdk_custom_interfaces/lib/python3.13/site-packages/dynamixel_sdk_custom_interfaces-3.7.60-py3.13.egg-info\n'}
[2.347910] (dynamixel_sdk_custom_interfaces) StdoutLine: {'line': b'-- Installing: /home/cvl/CS_Animatronics/src/install/dynamixel_sdk_custom_interfaces/lib/python3.13/site-packages/dynamixel_sdk_custom_interfaces-3.7.60-py3.13.egg-info/PKG-INFO\n'}
[2.347974] (dynamixel_sdk_custom_interfaces) StdoutLine: {'line': b'-- Installing: /home/cvl/CS_Animatronics/src/install/dynamixel_sdk_custom_interfaces/lib/python3.13/site-packages/dynamixel_sdk_custom_interfaces-3.7.60-py3.13.egg-info/dependency_links.txt\n'}
[2.348025] (dynamixel_sdk_custom_interfaces) StdoutLine: {'line': b'-- Installing: /home/cvl/CS_Animatronics/src/install/dynamixel_sdk_custom_interfaces/lib/python3.13/site-packages/dynamixel_sdk_custom_interfaces-3.7.60-py3.13.egg-info/SOURCES.txt\n'}
[2.348078] (dynamixel_sdk_custom_interfaces) StdoutLine: {'line': b'-- Installing: /home/cvl/CS_Animatronics/src/install/dynamixel_sdk_custom_interfaces/lib/python3.13/site-packages/dynamixel_sdk_custom_interfaces-3.7.60-py3.13.egg-info/top_level.txt\n'}
[2.348129] (dynamixel_sdk_custom_interfaces) StdoutLine: {'line': b'-- Installing: /home/cvl/CS_Animatronics/src/install/dynamixel_sdk_custom_interfaces/lib/python3.13/site-packages/dynamixel_sdk_custom_interfaces\n'}
[2.348179] (dynamixel_sdk_custom_interfaces) StdoutLine: {'line': b'-- Installing: /home/cvl/CS_Animatronics/src/install/dynamixel_sdk_custom_interfaces/lib/python3.13/site-packages/dynamixel_sdk_custom_interfaces/_dynamixel_sdk_custom_interfaces_s.ep.rosidl_typesupport_c.c\n'}
[2.348230] (dynamixel_sdk_custom_interfaces) StdoutLine: {'line': b'-- Installing: /home/cvl/CS_Animatronics/src/install/dynamixel_sdk_custom_interfaces/lib/python3.13/site-packages/dynamixel_sdk_custom_interfaces/__init__.py\n'}
[2.348280] (dynamixel_sdk_custom_interfaces) StdoutLine: {'line': b'-- Installing: /home/cvl/CS_Animatronics/src/install/dynamixel_sdk_custom_interfaces/lib/python3.13/site-packages/dynamixel_sdk_custom_interfaces/dynamixel_sdk_custom_interfaces_s__rosidl_typesupport_fastrtps_c.so\n'}
[2.348332] (dynamixel_sdk_custom_interfaces) StdoutLine: {'line': b'-- Installing: /home/cvl/CS_Animatronics/src/install/dynamixel_sdk_custom_interfaces/lib/python3.13/site-packages/dynamixel_sdk_custom_interfaces/dynamixel_sdk_custom_interfaces_s__rosidl_typesupport_introspection_c.so\n'}
[2.348383] (dynamixel_sdk_custom_interfaces) StdoutLine: {'line': b'-- Installing: /home/cvl/CS_Animatronics/src/install/dynamixel_sdk_custom_interfaces/lib/python3.13/site-packages/dynamixel_sdk_custom_interfaces/_dynamixel_sdk_custom_interfaces_s.ep.rosidl_typesupport_introspection_c.c\n'}
[2.348434] (dynamixel_sdk_custom_interfaces) StdoutLine: {'line': b'-- Installing: /home/cvl/CS_Animatronics/src/install/dynamixel_sdk_custom_interfaces/lib/python3.13/site-packages/dynamixel_sdk_custom_interfaces/srv\n'}
[2.348484] (dynamixel_sdk_custom_interfaces) StdoutLine: {'line': b'-- Installing: /home/cvl/CS_Animatronics/src/install/dynamixel_sdk_custom_interfaces/lib/python3.13/site-packages/dynamixel_sdk_custom_interfaces/srv/__init__.py\n'}
[2.348534] (dynamixel_sdk_custom_interfaces) StdoutLine: {'line': b'-- Installing: /home/cvl/CS_Animatronics/src/install/dynamixel_sdk_custom_interfaces/lib/python3.13/site-packages/dynamixel_sdk_custom_interfaces/srv/_get_position.py\n'}
[2.348584] (dynamixel_sdk_custom_interfaces) StdoutLine: {'line': b'-- Installing: /home/cvl/CS_Animatronics/src/install/dynamixel_sdk_custom_interfaces/lib/python3.13/site-packages/dynamixel_sdk_custom_interfaces/srv/_get_position_s.c\n'}
[2.348634] (dynamixel_sdk_custom_interfaces) StdoutLine: {'line': b'-- Installing: /home/cvl/CS_Animatronics/src/install/dynamixel_sdk_custom_interfaces/lib/python3.13/site-packages/dynamixel_sdk_custom_interfaces/msg\n'}
[2.348715] (dynamixel_sdk_custom_interfaces) StdoutLine: {'line': b'-- Installing: /home/cvl/CS_Animatronics/src/install/dynamixel_sdk_custom_interfaces/lib/python3.13/site-packages/dynamixel_sdk_custom_interfaces/msg/__init__.py\n'}
[2.348787] (dynamixel_sdk_custom_interfaces) StdoutLine: {'line': b'-- Installing: /home/cvl/CS_Animatronics/src/install/dynamixel_sdk_custom_interfaces/lib/python3.13/site-packages/dynamixel_sdk_custom_interfaces/msg/_set_position.py\n'}
[2.348844] (dynamixel_sdk_custom_interfaces) StdoutLine: {'line': b'-- Installing: /home/cvl/CS_Animatronics/src/install/dynamixel_sdk_custom_interfaces/lib/python3.13/site-packages/dynamixel_sdk_custom_interfaces/msg/_set_position_s.c\n'}
[2.348898] (dynamixel_sdk_custom_interfaces) StdoutLine: {'line': b'-- Installing: /home/cvl/CS_Animatronics/src/install/dynamixel_sdk_custom_interfaces/lib/python3.13/site-packages/dynamixel_sdk_custom_interfaces/_dynamixel_sdk_custom_interfaces_s.ep.rosidl_typesupport_fastrtps_c.c\n'}
[2.348950] (dynamixel_sdk_custom_interfaces) StdoutLine: {'line': b'-- Installing: /home/cvl/CS_Animatronics/src/install/dynamixel_sdk_custom_interfaces/lib/python3.13/site-packages/dynamixel_sdk_custom_interfaces/dynamixel_sdk_custom_interfaces_s__rosidl_typesupport_c.so\n'}
[2.373620] (dynamixel_sdk_custom_interfaces) StdoutLine: {'line': b"Listing '/home/cvl/CS_Animatronics/src/install/dynamixel_sdk_custom_interfaces/lib/python3.13/site-packages/dynamixel_sdk_custom_interfaces'...\n"}
[2.373720] (dynamixel_sdk_custom_interfaces) StdoutLine: {'line': b"Compiling '/home/cvl/CS_Animatronics/src/install/dynamixel_sdk_custom_interfaces/lib/python3.13/site-packages/dynamixel_sdk_custom_interfaces/__init__.py'...\n"}
[2.373775] (dynamixel_sdk_custom_interfaces) StdoutLine: {'line': b"Listing '/home/cvl/CS_Animatronics/src/install/dynamixel_sdk_custom_interfaces/lib/python3.13/site-packages/dynamixel_sdk_custom_interfaces/msg'...\n"}
[2.373826] (dynamixel_sdk_custom_interfaces) StdoutLine: {'line': b"Compiling '/home/cvl/CS_Animatronics/src/install/dynamixel_sdk_custom_interfaces/lib/python3.13/site-packages/dynamixel_sdk_custom_interfaces/msg/__init__.py'...\n"}
[2.373877] (dynamixel_sdk_custom_interfaces) StdoutLine: {'line': b"Compiling '/home/cvl/CS_Animatronics/src/install/dynamixel_sdk_custom_interfaces/lib/python3.13/site-packages/dynamixel_sdk_custom_interfaces/msg/_set_position.py'...\n"}
[2.373932] (dynamixel_sdk_custom_interfaces) StdoutLine: {'line': b"Listing '/home/cvl/CS_Animatronics/src/install/dynamixel_sdk_custom_interfaces/lib/python3.13/site-packages/dynamixel_sdk_custom_interfaces/srv'...\n"}
[2.373983] (dynamixel_sdk_custom_interfaces) StdoutLine: {'line': b"Compiling '/home/cvl/CS_Animatronics/src/install/dynamixel_sdk_custom_interfaces/lib/python3.13/site-packages/dynamixel_sdk_custom_interfaces/srv/__init__.py'...\n"}
[2.374033] (dynamixel_sdk_custom_interfaces) StdoutLine: {'line': b"Compiling '/home/cvl/CS_Animatronics/src/install/dynamixel_sdk_custom_interfaces/lib/python3.13/site-packages/dynamixel_sdk_custom_interfaces/srv/_get_position.py'...\n"}
[2.376951] (dynamixel_sdk_custom_interfaces) StdoutLine: {'line': b'-- Installing: /home/cvl/CS_Animatronics/src/install/dynamixel_sdk_custom_interfaces/lib/python3.13/site-packages/dynamixel_sdk_custom_interfaces/dynamixel_sdk_custom_interfaces_s__rosidl_typesupport_fastrtps_c.so\n'}
[2.377138] (dynamixel_sdk_custom_interfaces) StdoutLine: {'line': b'-- Set non-toolchain portion of runtime path of "/home/cvl/CS_Animatronics/src/install/dynamixel_sdk_custom_interfaces/lib/python3.13/site-packages/dynamixel_sdk_custom_interfaces/dynamixel_sdk_custom_interfaces_s__rosidl_typesupport_fastrtps_c.so" to ""\n'}
[2.377267] (dynamixel_sdk_custom_interfaces) StdoutLine: {'line': b'-- Installing: /home/cvl/CS_Animatronics/src/install/dynamixel_sdk_custom_interfaces/lib/python3.13/site-packages/dynamixel_sdk_custom_interfaces/dynamixel_sdk_custom_interfaces_s__rosidl_typesupport_introspection_c.so\n'}
[2.377441] (dynamixel_sdk_custom_interfaces) StdoutLine: {'line': b'-- Set non-toolchain portion of runtime path of "/home/cvl/CS_Animatronics/src/install/dynamixel_sdk_custom_interfaces/lib/python3.13/site-packages/dynamixel_sdk_custom_interfaces/dynamixel_sdk_custom_interfaces_s__rosidl_typesupport_introspection_c.so" to ""\n'}
[2.377562] (dynamixel_sdk_custom_interfaces) StdoutLine: {'line': b'-- Installing: /home/cvl/CS_Animatronics/src/install/dynamixel_sdk_custom_interfaces/lib/python3.13/site-packages/dynamixel_sdk_custom_interfaces/dynamixel_sdk_custom_interfaces_s__rosidl_typesupport_c.so\n'}
[2.377710] (dynamixel_sdk_custom_interfaces) StdoutLine: {'line': b'-- Set non-toolchain portion of runtime path of "/home/cvl/CS_Animatronics/src/install/dynamixel_sdk_custom_interfaces/lib/python3.13/site-packages/dynamixel_sdk_custom_interfaces/dynamixel_sdk_custom_interfaces_s__rosidl_typesupport_c.so" to ""\n'}
[2.377842] (dynamixel_sdk_custom_interfaces) StdoutLine: {'line': b'-- Installing: /home/cvl/CS_Animatronics/src/install/dynamixel_sdk_custom_interfaces/lib/libdynamixel_sdk_custom_interfaces__rosidl_generator_py.so\n'}
[2.377943] (dynamixel_sdk_custom_interfaces) StdoutLine: {'line': b'-- Set non-toolchain portion of runtime path of "/home/cvl/CS_Animatronics/src/install/dynamixel_sdk_custom_interfaces/lib/libdynamixel_sdk_custom_interfaces__rosidl_generator_py.so" to ""\n'}
[2.378012] (dynamixel_sdk_custom_interfaces) StdoutLine: {'line': b'-- Installing: /home/cvl/CS_Animatronics/src/install/dynamixel_sdk_custom_interfaces/share/dynamixel_sdk_custom_interfaces/msg/SetPosition.idl\n'}
[2.378080] (dynamixel_sdk_custom_interfaces) StdoutLine: {'line': b'-- Installing: /home/cvl/CS_Animatronics/src/install/dynamixel_sdk_custom_interfaces/share/dynamixel_sdk_custom_interfaces/srv/GetPosition.idl\n'}
[2.378147] (dynamixel_sdk_custom_interfaces) StdoutLine: {'line': b'-- Installing: /home/cvl/CS_Animatronics/src/install/dynamixel_sdk_custom_interfaces/share/dynamixel_sdk_custom_interfaces/msg/SetPosition.msg\n'}
[2.378221] (dynamixel_sdk_custom_interfaces) StdoutLine: {'line': b'-- Installing: /home/cvl/CS_Animatronics/src/install/dynamixel_sdk_custom_interfaces/share/dynamixel_sdk_custom_interfaces/srv/GetPosition.srv\n'}
[2.378287] (dynamixel_sdk_custom_interfaces) StdoutLine: {'line': b'-- Installing: /home/cvl/CS_Animatronics/src/install/dynamixel_sdk_custom_interfaces/share/ament_index/resource_index/package_run_dependencies/dynamixel_sdk_custom_interfaces\n'}
[2.378383] (dynamixel_sdk_custom_interfaces) StdoutLine: {'line': b'-- Installing: /home/cvl/CS_Animatronics/src/install/dynamixel_sdk_custom_interfaces/share/ament_index/resource_index/parent_prefix_path/dynamixel_sdk_custom_interfaces\n'}
[2.378466] (dynamixel_sdk_custom_interfaces) StdoutLine: {'line': b'-- Installing: /home/cvl/CS_Animatronics/src/install/dynamixel_sdk_custom_interfaces/share/dynamixel_sdk_custom_interfaces/environment/ament_prefix_path.sh\n'}
[2.378548] (dynamixel_sdk_custom_interfaces) StdoutLine: {'line': b'-- Installing: /home/cvl/CS_Animatronics/src/install/dynamixel_sdk_custom_interfaces/share/dynamixel_sdk_custom_interfaces/environment/ament_prefix_path.dsv\n'}
[2.378628] (dynamixel_sdk_custom_interfaces) StdoutLine: {'line': b'-- Installing: /home/cvl/CS_Animatronics/src/install/dynamixel_sdk_custom_interfaces/share/dynamixel_sdk_custom_interfaces/environment/path.sh\n'}
[2.378712] (dynamixel_sdk_custom_interfaces) StdoutLine: {'line': b'-- Installing: /home/cvl/CS_Animatronics/src/install/dynamixel_sdk_custom_interfaces/share/dynamixel_sdk_custom_interfaces/environment/path.dsv\n'}
[2.378792] (dynamixel_sdk_custom_interfaces) StdoutLine: {'line': b'-- Installing: /home/cvl/CS_Animatronics/src/install/dynamixel_sdk_custom_interfaces/share/dynamixel_sdk_custom_interfaces/local_setup.bash\n'}
[2.378871] (dynamixel_sdk_custom_interfaces) StdoutLine: {'line': b'-- Installing: /home/cvl/CS_Animatronics/src/install/dynamixel_sdk_custom_interfaces/share/dynamixel_sdk_custom_interfaces/local_setup.sh\n'}
[2.378955] (dynamixel_sdk_custom_interfaces) StdoutLine: {'line': b'-- Installing: /home/cvl/CS_Animatronics/src/install/dynamixel_sdk_custom_interfaces/share/dynamixel_sdk_custom_interfaces/local_setup.zsh\n'}
[2.379034] (dynamixel_sdk_custom_interfaces) StdoutLine: {'line': b'-- Installing: /home/cvl/CS_Animatronics/src/install/dynamixel_sdk_custom_interfaces/share/dynamixel_sdk_custom_interfaces/local_setup.dsv\n'}
[2.379109] (dynamixel_sdk_custom_interfaces) StdoutLine: {'line': b'-- Installing: /home/cvl/CS_Animatronics/src/install/dynamixel_sdk_custom_interfaces/share/dynamixel_sdk_custom_interfaces/package.dsv\n'}
[2.379218] (dynamixel_sdk_custom_interfaces) StdoutLine: {'line': b'-- Installing: /home/cvl/CS_Animatronics/src/install/dynamixel_sdk_custom_interfaces/share/ament_index/resource_index/packages/dynamixel_sdk_custom_interfaces\n'}
[2.379326] (dynamixel_sdk_custom_interfaces) StdoutLine: {'line': b'-- Installing: /home/cvl/CS_Animatronics/src/install/dynamixel_sdk_custom_interfaces/share/dynamixel_sdk_custom_interfaces/cmake/export_dynamixel_sdk_custom_interfaces__rosidl_generator_cExport.cmake\n'}
[2.379418] (dynamixel_sdk_custom_interfaces) StdoutLine: {'line': b'-- Installing: /home/cvl/CS_Animatronics/src/install/dynamixel_sdk_custom_interfaces/share/dynamixel_sdk_custom_interfaces/cmake/export_dynamixel_sdk_custom_interfaces__rosidl_generator_cExport-noconfig.cmake\n'}
[2.379511] (dynamixel_sdk_custom_interfaces) StdoutLine: {'line': b'-- Installing: /home/cvl/CS_Animatronics/src/install/dynamixel_sdk_custom_interfaces/share/dynamixel_sdk_custom_interfaces/cmake/export_dynamixel_sdk_custom_interfaces__rosidl_typesupport_fastrtps_cExport.cmake\n'}
[2.379594] (dynamixel_sdk_custom_interfaces) StdoutLine: {'line': b'-- Installing: /home/cvl/CS_Animatronics/src/install/dynamixel_sdk_custom_interfaces/share/dynamixel_sdk_custom_interfaces/cmake/export_dynamixel_sdk_custom_interfaces__rosidl_typesupport_fastrtps_cExport-noconfig.cmake\n'}
[2.379692] (dynamixel_sdk_custom_interfaces) StdoutLine: {'line': b'-- Installing: /home/cvl/CS_Animatronics/src/install/dynamixel_sdk_custom_interfaces/share/dynamixel_sdk_custom_interfaces/cmake/export_dynamixel_sdk_custom_interfaces__rosidl_generator_cppExport.cmake\n'}
[2.379786] (dynamixel_sdk_custom_interfaces) StdoutLine: {'line': b'-- Installing: /home/cvl/CS_Animatronics/src/install/dynamixel_sdk_custom_interfaces/share/dynamixel_sdk_custom_interfaces/cmake/export_dynamixel_sdk_custom_interfaces__rosidl_typesupport_fastrtps_cppExport.cmake\n'}
[2.379869] (dynamixel_sdk_custom_interfaces) StdoutLine: {'line': b'-- Installing: /home/cvl/CS_Animatronics/src/install/dynamixel_sdk_custom_interfaces/share/dynamixel_sdk_custom_interfaces/cmake/export_dynamixel_sdk_custom_interfaces__rosidl_typesupport_fastrtps_cppExport-noconfig.cmake\n'}
[2.379960] (dynamixel_sdk_custom_interfaces) StdoutLine: {'line': b'-- Installing: /home/cvl/CS_Animatronics/src/install/dynamixel_sdk_custom_interfaces/share/dynamixel_sdk_custom_interfaces/cmake/dynamixel_sdk_custom_interfaces__rosidl_typesupport_introspection_cExport.cmake\n'}
[2.380044] (dynamixel_sdk_custom_interfaces) StdoutLine: {'line': b'-- Installing: /home/cvl/CS_Animatronics/src/install/dynamixel_sdk_custom_interfaces/share/dynamixel_sdk_custom_interfaces/cmake/dynamixel_sdk_custom_interfaces__rosidl_typesupport_introspection_cExport-noconfig.cmake\n'}
[2.380138] (dynamixel_sdk_custom_interfaces) StdoutLine: {'line': b'-- Installing: /home/cvl/CS_Animatronics/src/install/dynamixel_sdk_custom_interfaces/share/dynamixel_sdk_custom_interfaces/cmake/dynamixel_sdk_custom_interfaces__rosidl_typesupport_cExport.cmake\n'}
[2.380219] (dynamixel_sdk_custom_interfaces) StdoutLine: {'line': b'-- Installing: /home/cvl/CS_Animatronics/src/install/dynamixel_sdk_custom_interfaces/share/dynamixel_sdk_custom_interfaces/cmake/dynamixel_sdk_custom_interfaces__rosidl_typesupport_cExport-noconfig.cmake\n'}
[2.380318] (dynamixel_sdk_custom_interfaces) StdoutLine: {'line': b'-- Installing: /home/cvl/CS_Animatronics/src/install/dynamixel_sdk_custom_interfaces/share/dynamixel_sdk_custom_interfaces/cmake/dynamixel_sdk_custom_interfaces__rosidl_typesupport_introspection_cppExport.cmake\n'}
[2.380400] (dynamixel_sdk_custom_interfaces) StdoutLine: {'line': b'-- Installing: /home/cvl/CS_Animatronics/src/install/dynamixel_sdk_custom_interfaces/share/dynamixel_sdk_custom_interfaces/cmake/dynamixel_sdk_custom_interfaces__rosidl_typesupport_introspection_cppExport-noconfig.cmake\n'}
[2.380495] (dynamixel_sdk_custom_interfaces) StdoutLine: {'line': b'-- Installing: /home/cvl/CS_Animatronics/src/install/dynamixel_sdk_custom_interfaces/share/dynamixel_sdk_custom_interfaces/cmake/dynamixel_sdk_custom_interfaces__rosidl_typesupport_cppExport.cmake\n'}
[2.380578] (dynamixel_sdk_custom_interfaces) StdoutLine: {'line': b'-- Installing: /home/cvl/CS_Animatronics/src/install/dynamixel_sdk_custom_interfaces/share/dynamixel_sdk_custom_interfaces/cmake/dynamixel_sdk_custom_interfaces__rosidl_typesupport_cppExport-noconfig.cmake\n'}
[2.380674] (dynamixel_sdk_custom_interfaces) StdoutLine: {'line': b'-- Installing: /home/cvl/CS_Animatronics/src/install/dynamixel_sdk_custom_interfaces/share/dynamixel_sdk_custom_interfaces/cmake/export_dynamixel_sdk_custom_interfaces__rosidl_generator_pyExport.cmake\n'}
[2.380760] (dynamixel_sdk_custom_interfaces) StdoutLine: {'line': b'-- Installing: /home/cvl/CS_Animatronics/src/install/dynamixel_sdk_custom_interfaces/share/dynamixel_sdk_custom_interfaces/cmake/export_dynamixel_sdk_custom_interfaces__rosidl_generator_pyExport-noconfig.cmake\n'}
[2.380838] (dynamixel_sdk_custom_interfaces) StdoutLine: {'line': b'-- Installing: /home/cvl/CS_Animatronics/src/install/dynamixel_sdk_custom_interfaces/share/dynamixel_sdk_custom_interfaces/cmake/rosidl_cmake-extras.cmake\n'}
[2.380916] (dynamixel_sdk_custom_interfaces) StdoutLine: {'line': b'-- Installing: /home/cvl/CS_Animatronics/src/install/dynamixel_sdk_custom_interfaces/share/dynamixel_sdk_custom_interfaces/cmake/ament_cmake_export_dependencies-extras.cmake\n'}
[2.381001] (dynamixel_sdk_custom_interfaces) StdoutLine: {'line': b'-- Installing: /home/cvl/CS_Animatronics/src/install/dynamixel_sdk_custom_interfaces/share/dynamixel_sdk_custom_interfaces/cmake/ament_cmake_export_include_directories-extras.cmake\n'}
[2.381079] (dynamixel_sdk_custom_interfaces) StdoutLine: {'line': b'-- Installing: /home/cvl/CS_Animatronics/src/install/dynamixel_sdk_custom_interfaces/share/dynamixel_sdk_custom_interfaces/cmake/ament_cmake_export_libraries-extras.cmake\n'}
[2.381161] (dynamixel_sdk_custom_interfaces) StdoutLine: {'line': b'-- Installing: /home/cvl/CS_Animatronics/src/install/dynamixel_sdk_custom_interfaces/share/dynamixel_sdk_custom_interfaces/cmake/ament_cmake_export_targets-extras.cmake\n'}
[2.381240] (dynamixel_sdk_custom_interfaces) StdoutLine: {'line': b'-- Installing: /home/cvl/CS_Animatronics/src/install/dynamixel_sdk_custom_interfaces/share/dynamixel_sdk_custom_interfaces/cmake/rosidl_cmake_export_typesupport_targets-extras.cmake\n'}
[2.381325] (dynamixel_sdk_custom_interfaces) StdoutLine: {'line': b'-- Installing: /home/cvl/CS_Animatronics/src/install/dynamixel_sdk_custom_interfaces/share/dynamixel_sdk_custom_interfaces/cmake/rosidl_cmake_export_typesupport_libraries-extras.cmake\n'}
[2.381405] (dynamixel_sdk_custom_interfaces) StdoutLine: {'line': b'-- Installing: /home/cvl/CS_Animatronics/src/install/dynamixel_sdk_custom_interfaces/share/dynamixel_sdk_custom_interfaces/cmake/dynamixel_sdk_custom_interfacesConfig.cmake\n'}
[2.381467] (dynamixel_sdk_custom_interfaces) StdoutLine: {'line': b'-- Installing: /home/cvl/CS_Animatronics/src/install/dynamixel_sdk_custom_interfaces/share/dynamixel_sdk_custom_interfaces/cmake/dynamixel_sdk_custom_interfacesConfig-version.cmake\n'}
[2.381542] (dynamixel_sdk_custom_interfaces) StdoutLine: {'line': b'-- Installing: /home/cvl/CS_Animatronics/src/install/dynamixel_sdk_custom_interfaces/share/dynamixel_sdk_custom_interfaces/package.xml\n'}
[2.382879] (dynamixel_sdk_custom_interfaces) CommandEnded: {'returncode': 0}
[2.392690] (dynamixel_sdk_custom_interfaces) JobEnded: {'identifier': 'dynamixel_sdk_custom_interfaces', 'rc': 0}
[2.393026] (motor_controller) JobStarted: {'identifier': 'motor_controller'}
[2.402544] (-) TimerEvent: {}
[2.502743] (-) TimerEvent: {}
[2.565766] (system_controller) Command: {'cmd': ['/usr/bin/python3', '-W', 'ignore:setup.py install is deprecated', '-W', 'ignore:easy_install command is deprecated', 'setup.py', 'egg_info', '--egg-base', '../build/system_controller', 'build', '--build-base', '/home/cvl/CS_Animatronics/src/build/system_controller/build', 'install', '--record', '/home/cvl/CS_Animatronics/src/build/system_controller/install.log', '--single-version-externally-managed', 'install_data'], 'cwd': '/home/cvl/CS_Animatronics/src/system_controller', 'env': {'LESSOPEN': '| /usr/bin/lesspipe %s', 'CONDA_PROMPT_MODIFIER': '(base)', 'USER': 'cvl', 'XDG_SESSION_TYPE': 'x11', 'CLUTTER_DISABLE_MIPMAPPED_TEXT': '1', 'SHLVL': '1', 'LD_LIBRARY_PATH': '/home/cvl/CS_Animatronics/src/install/motor_command_msg/lib:/opt/ros/jazzy/opt/rviz_ogre_vendor/lib:/opt/ros/jazzy/lib/x86_64-linux-gnu:/opt/ros/jazzy/opt/gz_math_vendor/lib:/opt/ros/jazzy/opt/gz_utils_vendor/lib:/opt/ros/jazzy/opt/gz_cmake_vendor/lib:/opt/ros/jazzy/lib', 'HOME': '/home/cvl', 'CONDA_SHLVL': '3', 'OLDPWD': '/home/cvl/CS_Animatronics', 'DESKTOP_SESSION': 'ubuntu', 'ROS_PYTHON_VERSION': '3', 'GNOME_SHELL_SESSION_MODE': 'ubuntu', 'GTK_MODULES': 'gail:atk-bridge', 'SYSTEMD_EXEC_PID': '11370', 'GSM_SKIP_SSH_AGENT_WORKAROUND': 'true', 'DBUS_SESSION_BUS_ADDRESS': 'unix:path=/run/user/1000/bus', 'COLORTERM': 'truecolor', 'DEBUGINFOD_URLS': 'https://debuginfod.ubuntu.com', 'ROS_DISTRO': 'jazzy', 'LOGNAME': 'cvl', '_': '/usr/bin/colcon', 'ROS_VERSION': '2', 'MEMORY_PRESSURE_WATCH': '/sys/fs/cgroup/user.slice/user-1000.slice/user@1000.service/session.slice/org.gnome.Shell@x11.service/memory.pressure', 'XDG_SESSION_CLASS': 'user', 'USERNAME': 'cvl', 'TERM': 'xterm-256color', 'GNOME_DESKTOP_SESSION_ID': 'this-is-deprecated', 'WINDOWPATH': '2', 'PATH': '/opt/ros/jazzy/bin:/home/cvl/miniconda3/bin:/home/cvl/miniconda3/condabin:/home/cvl/.local/bin:/usr/local/sbin:/usr/local/bin:/usr/sbin:/usr/bin:/sbin:/bin:/usr/games:/usr/local/games:/snap/bin:/snap/bin', 'SESSION_MANAGER': 'local/cvl-To-Be-Filled-By-O-E-M:@/tmp/.ICE-unix/11338,unix/cvl-To-Be-Filled-By-O-E-M:/tmp/.ICE-unix/11338', 'XDG_MENU_PREFIX': 'gnome-', 'GNOME_TERMINAL_SCREEN': '/org/gnome/Terminal/screen/737fbf3c_e6c6_4d2e_894b_83e5c7d4f543', 'XDG_RUNTIME_DIR': '/run/user/1000', 'DISPLAY': ':1', 'LANG': 'en_US.UTF-8', 'XDG_CURRENT_DESKTOP': 'ubuntu:GNOME', 'CONDA_PREFIX_1': '/home/cvl/miniconda3', 'XMODIFIERS': '@im=ibus', 'XDG_SESSION_DESKTOP': 'ubuntu', 'XAUTHORITY': '/run/user/1000/gdm/Xauthority', 'LS_COLORS': 'rs=0:di=01;34:ln=01;36:mh=00:pi=40;33:so=01;35:do=01;35:bd=40;33;01:cd=40;33;01:or=40;31;01:mi=00:su=37;41:sg=30;43:ca=00:tw=30;42:ow=34;42:st=37;44:ex=01;32:*.tar=01;31:*.tgz=01;31:*.arc=01;31:*.arj=01;31:*.taz=01;31:*.lha=01;31:*.lz4=01;31:*.lzh=01;31:*.lzma=01;31:*.tlz=01;31:*.txz=01;31:*.tzo=01;31:*.t7z=01;31:*.zip=01;31:*.z=01;31:*.dz=01;31:*.gz=01;31:*.lrz=01;31:*.lz=01;31:*.lzo=01;31:*.xz=01;31:*.zst=01;31:*.tzst=01;31:*.bz2=01;31:*.bz=01;31:*.tbz=01;31:*.tbz2=01;31:*.tz=01;31:*.deb=01;31:*.rpm=01;31:*.jar=01;31:*.war=01;31:*.ear=01;31:*.sar=01;31:*.rar=01;31:*.alz=01;31:*.ace=01;31:*.zoo=01;31:*.cpio=01;31:*.7z=01;31:*.rz=01;31:*.cab=01;31:*.wim=01;31:*.swm=01;31:*.dwm=01;31:*.esd=01;31:*.avif=01;35:*.jpg=01;35:*.jpeg=01;35:*.mjpg=01;35:*.mjpeg=01;35:*.gif=01;35:*.bmp=01;35:*.pbm=01;35:*.pgm=01;35:*.ppm=01;35:*.tga=01;35:*.xbm=01;35:*.xpm=01;35:*.tif=01;35:*.tiff=01;35:*.png=01;35:*.svg=01;35:*.svgz=01;35:*.mng=01;35:*.pcx=01;35:*.mov=01;35:*.mpg=01;35:*.mpeg=01;35:*.m2v=01;35:*.mkv=01;35:*.webm=01;35:*.webp=01;35:*.ogm=01;35:*.mp4=01;35:*.m4v=01;35:*.mp4v=01;35:*.vob=01;35:*.qt=01;35:*.nuv=01;35:*.wmv=01;35:*.asf=01;35:*.rm=01;35:*.rmvb=01;35:*.flc=01;35:*.avi=01;35:*.fli=01;35:*.flv=01;35:*.gl=01;35:*.dl=01;35:*.xcf=01;35:*.xwd=01;35:*.yuv=01;35:*.cgm=01;35:*.emf=01;35:*.ogv=01;35:*.ogx=01;35:*.aac=00;36:*.au=00;36:*.flac=00;36:*.m4a=00;36:*.mid=00;36:*.midi=00;36:*.mka=00;36:*.mp3=00;36:*.mpc=00;36:*.ogg=00;36:*.ra=00;36:*.wav=00;36:*.oga=00;36:*.opus=00;36:*.spx=00;36:*.xspf=00;36:*~=00;90:*#=00;90:*.bak=00;90:*.crdownload=00;90:*.dpkg-dist=00;90:*.dpkg-new=00;90:*.dpkg-old=00;90:*.dpkg-tmp=00;90:*.old=00;90:*.orig=00;90:*.part=00;90:*.rej=00;90:*.rpmnew=00;90:*.rpmorig=00;90:*.rpmsave=00;90:*.swp=00;90:*.tmp=00;90:*.ucf-dist=00;90:*.ucf-new=00;90:*.ucf-old=00;90:', 'GNOME_TERMINAL_SERVICE': ':1.105', 'CONDA_PREFIX_2': '/home/cvl/miniconda3/envs/genesis', 'SSH_AUTH_SOCK': '/run/user/1000/keyring/ssh', 'AMENT_PREFIX_PATH': '/home/cvl/CS_Animatronics/src/install/motor_command_msg:/opt/ros/jazzy', 'CONDA_PYTHON_EXE': '/home/cvl/miniconda3/bin/python', 'SHELL': '/bin/bash', 'QT_ACCESSIBILITY': '1', 'GDMSESSION': 'ubuntu', 'LESSCLOSE': '/usr/bin/lesspipe %s %s', 'CONDA_DEFAULT_ENV': 'base', 'GPG_AGENT_INFO': '/run/user/1000/gnupg/S.gpg-agent:0:1', 'ROS_AUTOMATIC_DISCOVERY_RANGE': 'SUBNET', 'QT_IM_MODULE': 'ibus', 'PWD': '/home/cvl/CS_Animatronics/src/build/system_controller', 'XDG_CONFIG_DIRS': '/etc/xdg/xdg-ubuntu:/etc/xdg', 'CONDA_EXE': '/home/cvl/miniconda3/bin/conda', 'XDG_DATA_DIRS': '/usr/share/ubuntu:/usr/share/gnome:/usr/local/share/:/usr/share/:/var/lib/snapd/desktop', 'PYTHONPATH': '/home/cvl/CS_Animatronics/src/build/system_controller/prefix_override:/usr/lib/python3/dist-packages/colcon_core/task/python/colcon_distutils_commands:/home/cvl/CS_Animatronics/src/install/system_controller/lib/python3.12/site-packages:/home/cvl/CS_Animatronics/src/install/motor_command_msg/lib/python3.13/site-packages:/opt/ros/jazzy/lib/python3.12/site-packages', 'CONDA_PREFIX': '/home/cvl/miniconda3', 'COLCON': '1', 'MEMORY_PRESSURE_WRITE': 'c29tZSAyMDAwMDAgMjAwMDAwMAA=', 'VTE_VERSION': '7600', 'CMAKE_PREFIX_PATH': '/home/cvl/CS_Animatronics/src/install/motor_command_msg:/opt/ros/jazzy/opt/gz_math_vendor:/opt/ros/jazzy/opt/gz_utils_vendor:/opt/ros/jazzy/opt/gz_cmake_vendor'}, 'shell': False}
[2.602840] (-) TimerEvent: {}
[2.703058] (-) TimerEvent: {}
[2.778744] (system_controller) StdoutLine: {'line': b'running egg_info\n'}
[2.778993] (system_controller) StdoutLine: {'line': b'creating ../build/system_controller/system_controller.egg-info\n'}
[2.795398] (system_controller) StdoutLine: {'line': b'writing ../build/system_controller/system_controller.egg-info/PKG-INFO\n'}
[2.795555] (system_controller) StdoutLine: {'line': b'writing dependency_links to ../build/system_controller/system_controller.egg-info/dependency_links.txt\n'}
[2.795743] (system_controller) StdoutLine: {'line': b'writing entry points to ../build/system_controller/system_controller.egg-info/entry_points.txt\n'}
[2.795938] (system_controller) StdoutLine: {'line': b'writing requirements to ../build/system_controller/system_controller.egg-info/requires.txt\n'}
[2.796008] (system_controller) StdoutLine: {'line': b'writing top-level names to ../build/system_controller/system_controller.egg-info/top_level.txt\n'}
[2.796193] (system_controller) StdoutLine: {'line': b"writing manifest file '../build/system_controller/system_controller.egg-info/SOURCES.txt'\n"}
[2.803142] (-) TimerEvent: {}
[2.830558] (system_controller) StdoutLine: {'line': b"reading manifest file '../build/system_controller/system_controller.egg-info/SOURCES.txt'\n"}
[2.831091] (system_controller) StdoutLine: {'line': b"writing manifest file '../build/system_controller/system_controller.egg-info/SOURCES.txt'\n"}
[2.831283] (system_controller) StdoutLine: {'line': b'running build\n'}
[2.831371] (system_controller) StdoutLine: {'line': b'running build_py\n'}
[2.831525] (system_controller) StdoutLine: {'line': b'creating /home/cvl/CS_Animatronics/src/build/system_controller/build\n'}
[2.831583] (system_controller) StdoutLine: {'line': b'creating /home/cvl/CS_Animatronics/src/build/system_controller/build/lib\n'}
[2.831655] (system_controller) StdoutLine: {'line': b'creating /home/cvl/CS_Animatronics/src/build/system_controller/build/lib/system_controller\n'}
[2.831764] (system_controller) StdoutLine: {'line': b'copying system_controller/__init__.py -> /home/cvl/CS_Animatronics/src/build/system_controller/build/lib/system_controller\n'}
[2.831836] (system_controller) StdoutLine: {'line': b'copying system_controller/system_controller.py -> /home/cvl/CS_Animatronics/src/build/system_controller/build/lib/system_controller\n'}
[2.831912] (system_controller) StdoutLine: {'line': b'running install\n'}
[2.836544] (system_controller) StdoutLine: {'line': b'running install_lib\n'}
[2.853368] (system_controller) StdoutLine: {'line': b'creating /home/cvl/CS_Animatronics/src/install/system_controller/lib/python3.12/site-packages/system_controller\n'}
[2.853519] (system_controller) StdoutLine: {'line': b'copying /home/cvl/CS_Animatronics/src/build/system_controller/build/lib/system_controller/__init__.py -> /home/cvl/CS_Animatronics/src/install/system_controller/lib/python3.12/site-packages/system_controller\n'}
[2.853605] (system_controller) StdoutLine: {'line': b'copying /home/cvl/CS_Animatronics/src/build/system_controller/build/lib/system_controller/system_controller.py -> /home/cvl/CS_Animatronics/src/install/system_controller/lib/python3.12/site-packages/system_controller\n'}
[2.853967] (system_controller) StdoutLine: {'line': b'byte-compiling /home/cvl/CS_Animatronics/src/install/system_controller/lib/python3.12/site-packages/system_controller/__init__.py to __init__.cpython-312.pyc\n'}
[2.854176] (system_controller) StdoutLine: {'line': b'byte-compiling /home/cvl/CS_Animatronics/src/install/system_controller/lib/python3.12/site-packages/system_controller/system_controller.py to system_controller.cpython-312.pyc\n'}
[2.855308] (system_controller) StdoutLine: {'line': b'running install_data\n'}
[2.855499] (system_controller) StdoutLine: {'line': b'creating /home/cvl/CS_Animatronics/src/install/system_controller/share/ament_index\n'}
[2.855556] (system_controller) StdoutLine: {'line': b'creating /home/cvl/CS_Animatronics/src/install/system_controller/share/ament_index/resource_index\n'}
[2.855696] (system_controller) StdoutLine: {'line': b'creating /home/cvl/CS_Animatronics/src/install/system_controller/share/ament_index/resource_index/packages\n'}
[2.855786] (system_controller) StdoutLine: {'line': b'copying resource/system_controller -> /home/cvl/CS_Animatronics/src/install/system_controller/share/ament_index/resource_index/packages\n'}
[2.855838] (system_controller) StdoutLine: {'line': b'copying package.xml -> /home/cvl/CS_Animatronics/src/install/system_controller/share/system_controller\n'}
[2.855903] (system_controller) StdoutLine: {'line': b'creating /home/cvl/CS_Animatronics/src/install/system_controller/share/system_controller/msg\n'}
[2.855955] (system_controller) StdoutLine: {'line': b'running install_egg_info\n'}
[2.873807] (system_controller) StdoutLine: {'line': b'Copying ../build/system_controller/system_controller.egg-info to /home/cvl/CS_Animatronics/src/install/system_controller/lib/python3.12/site-packages/system_controller-0.0.0-py3.12.egg-info\n'}
[2.874381] (system_controller) StdoutLine: {'line': b'running install_scripts\n'}
[2.903235] (-) TimerEvent: {}
[2.978396] (system_controller) StdoutLine: {'line': b'Installing controller_publisher script to /home/cvl/CS_Animatronics/src/install/system_controller/lib/system_controller\n'}
[2.978524] (system_controller) StdoutLine: {'line': b'Installing system_controller script to /home/cvl/CS_Animatronics/src/install/system_controller/lib/system_controller\n'}
[2.978762] (system_controller) StdoutLine: {'line': b"writing list of installed files to '/home/cvl/CS_Animatronics/src/build/system_controller/install.log'\n"}
[2.994523] (system_controller) CommandEnded: {'returncode': 0}
[2.998618] (system_controller) JobEnded: {'identifier': 'system_controller', 'rc': 0}
[3.003333] (-) TimerEvent: {}
[3.019913] (motor_controller) Command: {'cmd': ['/usr/bin/python3', '-W', 'ignore:setup.py install is deprecated', '-W', 'ignore:easy_install command is deprecated', 'setup.py', 'egg_info', '--egg-base', '../build/motor_controller', 'build', '--build-base', '/home/cvl/CS_Animatronics/src/build/motor_controller/build', 'install', '--record', '/home/cvl/CS_Animatronics/src/build/motor_controller/install.log', '--single-version-externally-managed', 'install_data'], 'cwd': '/home/cvl/CS_Animatronics/src/motor_controller', 'env': {'LESSOPEN': '| /usr/bin/lesspipe %s', 'CONDA_PROMPT_MODIFIER': '(base)', 'USER': 'cvl', 'XDG_SESSION_TYPE': 'x11', 'CLUTTER_DISABLE_MIPMAPPED_TEXT': '1', 'SHLVL': '1', 'LD_LIBRARY_PATH': '/home/cvl/CS_Animatronics/src/install/motor_command_msg/lib:/home/cvl/CS_Animatronics/src/install/dynamixel_sdk_custom_interfaces/lib:/home/cvl/CS_Animatronics/src/install/dynamixel_sdk/lib:/opt/ros/jazzy/opt/rviz_ogre_vendor/lib:/opt/ros/jazzy/lib/x86_64-linux-gnu:/opt/ros/jazzy/opt/gz_math_vendor/lib:/opt/ros/jazzy/opt/gz_utils_vendor/lib:/opt/ros/jazzy/opt/gz_cmake_vendor/lib:/opt/ros/jazzy/lib', 'HOME': '/home/cvl', 'CONDA_SHLVL': '3', 'OLDPWD': '/home/cvl/CS_Animatronics', 'DESKTOP_SESSION': 'ubuntu', 'ROS_PYTHON_VERSION': '3', 'GNOME_SHELL_SESSION_MODE': 'ubuntu', 'GTK_MODULES': 'gail:atk-bridge', 'SYSTEMD_EXEC_PID': '11370', 'GSM_SKIP_SSH_AGENT_WORKAROUND': 'true', 'DBUS_SESSION_BUS_ADDRESS': 'unix:path=/run/user/1000/bus', 'COLORTERM': 'truecolor', 'DEBUGINFOD_URLS': 'https://debuginfod.ubuntu.com', 'ROS_DISTRO': 'jazzy', 'LOGNAME': 'cvl', '_': '/usr/bin/colcon', 'ROS_VERSION': '2', 'MEMORY_PRESSURE_WATCH': '/sys/fs/cgroup/user.slice/user-1000.slice/user@1000.service/session.slice/org.gnome.Shell@x11.service/memory.pressure', 'XDG_SESSION_CLASS': 'user', 'USERNAME': 'cvl', 'TERM': 'xterm-256color', 'GNOME_DESKTOP_SESSION_ID': 'this-is-deprecated', 'WINDOWPATH': '2', 'PATH': '/opt/ros/jazzy/bin:/home/cvl/miniconda3/bin:/home/cvl/miniconda3/condabin:/home/cvl/.local/bin:/usr/local/sbin:/usr/local/bin:/usr/sbin:/usr/bin:/sbin:/bin:/usr/games:/usr/local/games:/snap/bin:/snap/bin', 'SESSION_MANAGER': 'local/cvl-To-Be-Filled-By-O-E-M:@/tmp/.ICE-unix/11338,unix/cvl-To-Be-Filled-By-O-E-M:/tmp/.ICE-unix/11338', 'XDG_MENU_PREFIX': 'gnome-', 'GNOME_TERMINAL_SCREEN': '/org/gnome/Terminal/screen/737fbf3c_e6c6_4d2e_894b_83e5c7d4f543', 'XDG_RUNTIME_DIR': '/run/user/1000', 'DISPLAY': ':1', 'LANG': 'en_US.UTF-8', 'XDG_CURRENT_DESKTOP': 'ubuntu:GNOME', 'CONDA_PREFIX_1': '/home/cvl/miniconda3', 'XMODIFIERS': '@im=ibus', 'XDG_SESSION_DESKTOP': 'ubuntu', 'XAUTHORITY': '/run/user/1000/gdm/Xauthority', 'LS_COLORS': 'rs=0:di=01;34:ln=01;36:mh=00:pi=40;33:so=01;35:do=01;35:bd=40;33;01:cd=40;33;01:or=40;31;01:mi=00:su=37;41:sg=30;43:ca=00:tw=30;42:ow=34;42:st=37;44:ex=01;32:*.tar=01;31:*.tgz=01;31:*.arc=01;31:*.arj=01;31:*.taz=01;31:*.lha=01;31:*.lz4=01;31:*.lzh=01;31:*.lzma=01;31:*.tlz=01;31:*.txz=01;31:*.tzo=01;31:*.t7z=01;31:*.zip=01;31:*.z=01;31:*.dz=01;31:*.gz=01;31:*.lrz=01;31:*.lz=01;31:*.lzo=01;31:*.xz=01;31:*.zst=01;31:*.tzst=01;31:*.bz2=01;31:*.bz=01;31:*.tbz=01;31:*.tbz2=01;31:*.tz=01;31:*.deb=01;31:*.rpm=01;31:*.jar=01;31:*.war=01;31:*.ear=01;31:*.sar=01;31:*.rar=01;31:*.alz=01;31:*.ace=01;31:*.zoo=01;31:*.cpio=01;31:*.7z=01;31:*.rz=01;31:*.cab=01;31:*.wim=01;31:*.swm=01;31:*.dwm=01;31:*.esd=01;31:*.avif=01;35:*.jpg=01;35:*.jpeg=01;35:*.mjpg=01;35:*.mjpeg=01;35:*.gif=01;35:*.bmp=01;35:*.pbm=01;35:*.pgm=01;35:*.ppm=01;35:*.tga=01;35:*.xbm=01;35:*.xpm=01;35:*.tif=01;35:*.tiff=01;35:*.png=01;35:*.svg=01;35:*.svgz=01;35:*.mng=01;35:*.pcx=01;35:*.mov=01;35:*.mpg=01;35:*.mpeg=01;35:*.m2v=01;35:*.mkv=01;35:*.webm=01;35:*.webp=01;35:*.ogm=01;35:*.mp4=01;35:*.m4v=01;35:*.mp4v=01;35:*.vob=01;35:*.qt=01;35:*.nuv=01;35:*.wmv=01;35:*.asf=01;35:*.rm=01;35:*.rmvb=01;35:*.flc=01;35:*.avi=01;35:*.fli=01;35:*.flv=01;35:*.gl=01;35:*.dl=01;35:*.xcf=01;35:*.xwd=01;35:*.yuv=01;35:*.cgm=01;35:*.emf=01;35:*.ogv=01;35:*.ogx=01;35:*.aac=00;36:*.au=00;36:*.flac=00;36:*.m4a=00;36:*.mid=00;36:*.midi=00;36:*.mka=00;36:*.mp3=00;36:*.mpc=00;36:*.ogg=00;36:*.ra=00;36:*.wav=00;36:*.oga=00;36:*.opus=00;36:*.spx=00;36:*.xspf=00;36:*~=00;90:*#=00;90:*.bak=00;90:*.crdownload=00;90:*.dpkg-dist=00;90:*.dpkg-new=00;90:*.dpkg-old=00;90:*.dpkg-tmp=00;90:*.old=00;90:*.orig=00;90:*.part=00;90:*.rej=00;90:*.rpmnew=00;90:*.rpmorig=00;90:*.rpmsave=00;90:*.swp=00;90:*.tmp=00;90:*.ucf-dist=00;90:*.ucf-new=00;90:*.ucf-old=00;90:', 'GNOME_TERMINAL_SERVICE': ':1.105', 'CONDA_PREFIX_2': '/home/cvl/miniconda3/envs/genesis', 'SSH_AUTH_SOCK': '/run/user/1000/keyring/ssh', 'AMENT_PREFIX_PATH': '/home/cvl/CS_Animatronics/src/install/motor_command_msg:/home/cvl/CS_Animatronics/src/install/dynamixel_sdk_custom_interfaces:/home/cvl/CS_Animatronics/src/install/dynamixel_sdk:/opt/ros/jazzy', 'CONDA_PYTHON_EXE': '/home/cvl/miniconda3/bin/python', 'SHELL': '/bin/bash', 'QT_ACCESSIBILITY': '1', 'GDMSESSION': 'ubuntu', 'LESSCLOSE': '/usr/bin/lesspipe %s %s', 'CONDA_DEFAULT_ENV': 'base', 'GPG_AGENT_INFO': '/run/user/1000/gnupg/S.gpg-agent:0:1', 'ROS_AUTOMATIC_DISCOVERY_RANGE': 'SUBNET', 'QT_IM_MODULE': 'ibus', 'PWD': '/home/cvl/CS_Animatronics/src/build/motor_controller', 'XDG_CONFIG_DIRS': '/etc/xdg/xdg-ubuntu:/etc/xdg', 'CONDA_EXE': '/home/cvl/miniconda3/bin/conda', 'XDG_DATA_DIRS': '/usr/share/ubuntu:/usr/share/gnome:/usr/local/share/:/usr/share/:/var/lib/snapd/desktop', 'PYTHONPATH': '/home/cvl/CS_Animatronics/src/build/motor_controller/prefix_override:/usr/lib/python3/dist-packages/colcon_core/task/python/colcon_distutils_commands:/home/cvl/CS_Animatronics/src/install/motor_controller/lib/python3.12/site-packages:/home/cvl/CS_Animatronics/src/install/motor_command_msg/lib/python3.13/site-packages:/home/cvl/CS_Animatronics/src/install/dynamixel_sdk_custom_interfaces/lib/python3.13/site-packages:/opt/ros/jazzy/lib/python3.12/site-packages', 'CONDA_PREFIX': '/home/cvl/miniconda3', 'COLCON': '1', 'MEMORY_PRESSURE_WRITE': 'c29tZSAyMDAwMDAgMjAwMDAwMAA=', 'VTE_VERSION': '7600', 'CMAKE_PREFIX_PATH': '/home/cvl/CS_Animatronics/src/install/motor_command_msg:/home/cvl/CS_Animatronics/src/install/dynamixel_sdk_custom_interfaces:/home/cvl/CS_Animatronics/src/install/dynamixel_sdk:/opt/ros/jazzy/opt/gz_math_vendor:/opt/ros/jazzy/opt/gz_utils_vendor:/opt/ros/jazzy/opt/gz_cmake_vendor'}, 'shell': False}
[3.103439] (-) TimerEvent: {}
[3.203636] (-) TimerEvent: {}
[3.228345] (motor_controller) StdoutLine: {'line': b'running egg_info\n'}
[3.228631] (motor_controller) StdoutLine: {'line': b'creating ../build/motor_controller/motor_controller.egg-info\n'}
[3.244080] (motor_controller) StdoutLine: {'line': b'writing ../build/motor_controller/motor_controller.egg-info/PKG-INFO\n'}
[3.244283] (motor_controller) StdoutLine: {'line': b'writing dependency_links to ../build/motor_controller/motor_controller.egg-info/dependency_links.txt\n'}
[3.244447] (motor_controller) StdoutLine: {'line': b'writing entry points to ../build/motor_controller/motor_controller.egg-info/entry_points.txt\n'}
[3.244678] (motor_controller) StdoutLine: {'line': b'writing requirements to ../build/motor_controller/motor_controller.egg-info/requires.txt\n'}
[3.244811] (motor_controller) StdoutLine: {'line': b'writing top-level names to ../build/motor_controller/motor_controller.egg-info/top_level.txt\n'}
[3.244976] (motor_controller) StdoutLine: {'line': b"writing manifest file '../build/motor_controller/motor_controller.egg-info/SOURCES.txt'\n"}
[3.276925] (motor_controller) StdoutLine: {'line': b"reading manifest file '../build/motor_controller/motor_controller.egg-info/SOURCES.txt'\n"}
[3.277349] (motor_controller) StdoutLine: {'line': b"writing manifest file '../build/motor_controller/motor_controller.egg-info/SOURCES.txt'\n"}
[3.277479] (motor_controller) StdoutLine: {'line': b'running build\n'}
[3.277535] (motor_controller) StdoutLine: {'line': b'running build_py\n'}
[3.277649] (motor_controller) StdoutLine: {'line': b'creating /home/cvl/CS_Animatronics/src/build/motor_controller/build\n'}
[3.277781] (motor_controller) StdoutLine: {'line': b'creating /home/cvl/CS_Animatronics/src/build/motor_controller/build/lib\n'}
[3.277836] (motor_controller) StdoutLine: {'line': b'creating /home/cvl/CS_Animatronics/src/build/motor_controller/build/lib/motor_controller\n'}
[3.277888] (motor_controller) StdoutLine: {'line': b'copying motor_controller/__init__.py -> /home/cvl/CS_Animatronics/src/build/motor_controller/build/lib/motor_controller\n'}
[3.277960] (motor_controller) StdoutLine: {'line': b'copying motor_controller/motor_controller.py -> /home/cvl/CS_Animatronics/src/build/motor_controller/build/lib/motor_controller\n'}
[3.278015] (motor_controller) StdoutLine: {'line': b'running install\n'}
[3.282509] (motor_controller) StdoutLine: {'line': b'running install_lib\n'}
[3.298908] (motor_controller) StdoutLine: {'line': b'creating /home/cvl/CS_Animatronics/src/install/motor_controller/lib/python3.12/site-packages/motor_controller\n'}
[3.299000] (motor_controller) StdoutLine: {'line': b'copying /home/cvl/CS_Animatronics/src/build/motor_controller/build/lib/motor_controller/__init__.py -> /home/cvl/CS_Animatronics/src/install/motor_controller/lib/python3.12/site-packages/motor_controller\n'}
[3.299110] (motor_controller) StdoutLine: {'line': b'copying /home/cvl/CS_Animatronics/src/build/motor_controller/build/lib/motor_controller/motor_controller.py -> /home/cvl/CS_Animatronics/src/install/motor_controller/lib/python3.12/site-packages/motor_controller\n'}
[3.299399] (motor_controller) StdoutLine: {'line': b'byte-compiling /home/cvl/CS_Animatronics/src/install/motor_controller/lib/python3.12/site-packages/motor_controller/__init__.py to __init__.cpython-312.pyc\n'}
[3.299556] (motor_controller) StdoutLine: {'line': b'byte-compiling /home/cvl/CS_Animatronics/src/install/motor_controller/lib/python3.12/site-packages/motor_controller/motor_controller.py to motor_controller.cpython-312.pyc\n'}
[3.301101] (motor_controller) StdoutLine: {'line': b'running install_data\n'}
[3.301221] (motor_controller) StdoutLine: {'line': b'creating /home/cvl/CS_Animatronics/src/install/motor_controller/share/ament_index\n'}
[3.301282] (motor_controller) StdoutLine: {'line': b'creating /home/cvl/CS_Animatronics/src/install/motor_controller/share/ament_index/resource_index\n'}
[3.301337] (motor_controller) StdoutLine: {'line': b'creating /home/cvl/CS_Animatronics/src/install/motor_controller/share/ament_index/resource_index/packages\n'}
[3.301415] (motor_controller) StdoutLine: {'line': b'copying resource/motor_controller -> /home/cvl/CS_Animatronics/src/install/motor_controller/share/ament_index/resource_index/packages\n'}
[3.301473] (motor_controller) StdoutLine: {'line': b'copying package.xml -> /home/cvl/CS_Animatronics/src/install/motor_controller/share/motor_controller\n'}
[3.301526] (motor_controller) StdoutLine: {'line': b'creating /home/cvl/CS_Animatronics/src/install/motor_controller/share/motor_controller/msg\n'}
[3.301592] (motor_controller) StdoutLine: {'line': b'running install_egg_info\n'}
[3.303699] (-) TimerEvent: {}
[3.318728] (motor_controller) StdoutLine: {'line': b'Copying ../build/motor_controller/motor_controller.egg-info to /home/cvl/CS_Animatronics/src/install/motor_controller/lib/python3.12/site-packages/motor_controller-0.0.0-py3.12.egg-info\n'}
[3.319278] (motor_controller) StdoutLine: {'line': b'running install_scripts\n'}
[3.403801] (-) TimerEvent: {}
[3.419833] (motor_controller) StdoutLine: {'line': b'Installing motor_controller script to /home/cvl/CS_Animatronics/src/install/motor_controller/lib/motor_controller\n'}
[3.419965] (motor_controller) StdoutLine: {'line': b'Installing system_controller script to /home/cvl/CS_Animatronics/src/install/motor_controller/lib/motor_controller\n'}
[3.420148] (motor_controller) StdoutLine: {'line': b"writing list of installed files to '/home/cvl/CS_Animatronics/src/build/motor_controller/install.log'\n"}
[3.435147] (motor_controller) CommandEnded: {'returncode': 0}
[3.438834] (motor_controller) JobEnded: {'identifier': 'motor_controller', 'rc': 0}
[3.439392] (-) EventReactorShutdown: {}
