[0.081s] DEBUG:colcon:Command line arguments: ['/usr/bin/colcon', 'build']
[0.081s] DEBUG:colcon:Parsed command line arguments: Namespace(log_base=None, log_level=None, verb_name='build', build_base='build', install_base='install', merge_install=False, symlink_install=False, test_result_base=None, continue_on_error=False, executor='parallel', parallel_workers=20, event_handlers=None, ignore_user_meta=False, metas=['./colcon.meta'], base_paths=['.'], packages_ignore=None, packages_ignore_regex=None, paths=None, packages_up_to=None, packages_up_to_regex=None, packages_above=None, packages_above_and_dependencies=None, packages_above_depth=None, packages_select_by_dep=None, packages_skip_by_dep=None, packages_skip_up_to=None, packages_select_build_failed=False, packages_skip_build_finished=False, packages_select_test_failures=False, packages_skip_test_passed=False, packages_select=None, packages_skip=None, packages_select_regex=None, packages_skip_regex=None, packages_start=None, packages_end=None, allow_overriding=[], cmake_args=None, cmake_target=None, cmake_target_skip_unavailable=False, cmake_clean_cache=False, cmake_clean_first=False, cmake_force_configure=False, ament_cmake_args=None, catkin_cmake_args=None, catkin_skip_building_tests=False, mixin_files=None, mixin=None, verb_parser=<colcon_mixin.mixin.mixin_argument.MixinArgumentDecorator object at 0x78950e8ac770>, verb_extension=<colcon_core.verb.build.BuildVerb object at 0x78950e9c8f80>, main=<bound method BuildVerb.main of <colcon_core.verb.build.BuildVerb object at 0x78950e9c8f80>>, mixin_verb=('build',))
[0.107s] Level 1:colcon.colcon_core.package_discovery:discover_packages(colcon_meta) check parameters
[0.107s] Level 1:colcon.colcon_core.package_discovery:discover_packages(recursive) check parameters
[0.108s] Level 1:colcon.colcon_core.package_discovery:discover_packages(ignore) check parameters
[0.108s] Level 1:colcon.colcon_core.package_discovery:discover_packages(path) check parameters
[0.108s] Level 1:colcon.colcon_core.package_discovery:discover_packages(colcon_meta) discover
[0.108s] Level 1:colcon.colcon_core.package_discovery:discover_packages(recursive) discover
[0.108s] INFO:colcon.colcon_core.package_discovery:Crawling recursively for packages in '/home/cvl/CS_Animatronics/src'
[0.108s] Level 1:colcon.colcon_core.package_identification:_identify(.) by extensions ['ignore', 'ignore_ament_install']
[0.108s] Level 1:colcon.colcon_core.package_identification:_identify(.) by extension 'ignore'
[0.108s] Level 1:colcon.colcon_core.package_identification:_identify(.) by extension 'ignore_ament_install'
[0.108s] Level 1:colcon.colcon_core.package_identification:_identify(.) by extensions ['colcon_pkg']
[0.108s] Level 1:colcon.colcon_core.package_identification:_identify(.) by extension 'colcon_pkg'
[0.108s] Level 1:colcon.colcon_core.package_identification:_identify(.) by extensions ['colcon_meta']
[0.108s] Level 1:colcon.colcon_core.package_identification:_identify(.) by extension 'colcon_meta'
[0.108s] Level 1:colcon.colcon_core.package_identification:_identify(.) by extensions ['ros']
[0.108s] Level 1:colcon.colcon_core.package_identification:_identify(.) by extension 'ros'
[0.125s] Level 1:colcon.colcon_core.package_identification:_identify(.) by extensions ['cmake', 'python']
[0.125s] Level 1:colcon.colcon_core.package_identification:_identify(.) by extension 'cmake'
[0.125s] Level 1:colcon.colcon_core.package_identification:_identify(.) by extension 'python'
[0.125s] Level 1:colcon.colcon_core.package_identification:_identify(.) by extensions ['python_setup_py']
[0.125s] Level 1:colcon.colcon_core.package_identification:_identify(.) by extension 'python_setup_py'
[0.125s] Level 1:colcon.colcon_core.package_identification:_identify(DeepLabCut) by extensions ['ignore', 'ignore_ament_install']
[0.125s] Level 1:colcon.colcon_core.package_identification:_identify(DeepLabCut) by extension 'ignore'
[0.126s] Level 1:colcon.colcon_core.package_identification:_identify(DeepLabCut) by extension 'ignore_ament_install'
[0.126s] Level 1:colcon.colcon_core.package_identification:_identify(DeepLabCut) by extensions ['colcon_pkg']
[0.126s] Level 1:colcon.colcon_core.package_identification:_identify(DeepLabCut) by extension 'colcon_pkg'
[0.126s] Level 1:colcon.colcon_core.package_identification:_identify(DeepLabCut) by extensions ['colcon_meta']
[0.126s] Level 1:colcon.colcon_core.package_identification:_identify(DeepLabCut) by extension 'colcon_meta'
[0.126s] Level 1:colcon.colcon_core.package_identification:_identify(DeepLabCut) by extensions ['ros']
[0.126s] Level 1:colcon.colcon_core.package_identification:_identify(DeepLabCut) by extension 'ros'
[0.126s] Level 1:colcon.colcon_core.package_identification:_identify(DeepLabCut) by extensions ['cmake', 'python']
[0.126s] Level 1:colcon.colcon_core.package_identification:_identify(DeepLabCut) by extension 'cmake'
[0.126s] Level 1:colcon.colcon_core.package_identification:_identify(DeepLabCut) by extension 'python'
[0.126s] Level 1:colcon.colcon_core.package_identification:_identify(DeepLabCut) by extensions ['python_setup_py']
[0.126s] Level 1:colcon.colcon_core.package_identification:_identify(DeepLabCut) by extension 'python_setup_py'
[0.126s] Level 1:colcon.colcon_core.package_identification:_identify(DeepLabCut/Animatronics-Ryo-2024-12-17) by extensions ['ignore', 'ignore_ament_install']
[0.126s] Level 1:colcon.colcon_core.package_identification:_identify(DeepLabCut/Animatronics-Ryo-2024-12-17) by extension 'ignore'
[0.126s] Level 1:colcon.colcon_core.package_identification:_identify(DeepLabCut/Animatronics-Ryo-2024-12-17) by extension 'ignore_ament_install'
[0.126s] Level 1:colcon.colcon_core.package_identification:_identify(DeepLabCut/Animatronics-Ryo-2024-12-17) by extensions ['colcon_pkg']
[0.126s] Level 1:colcon.colcon_core.package_identification:_identify(DeepLabCut/Animatronics-Ryo-2024-12-17) by extension 'colcon_pkg'
[0.126s] Level 1:colcon.colcon_core.package_identification:_identify(DeepLabCut/Animatronics-Ryo-2024-12-17) by extensions ['colcon_meta']
[0.126s] Level 1:colcon.colcon_core.package_identification:_identify(DeepLabCut/Animatronics-Ryo-2024-12-17) by extension 'colcon_meta'
[0.126s] Level 1:colcon.colcon_core.package_identification:_identify(DeepLabCut/Animatronics-Ryo-2024-12-17) by extensions ['ros']
[0.126s] Level 1:colcon.colcon_core.package_identification:_identify(DeepLabCut/Animatronics-Ryo-2024-12-17) by extension 'ros'
[0.126s] Level 1:colcon.colcon_core.package_identification:_identify(DeepLabCut/Animatronics-Ryo-2024-12-17) by extensions ['cmake', 'python']
[0.126s] Level 1:colcon.colcon_core.package_identification:_identify(DeepLabCut/Animatronics-Ryo-2024-12-17) by extension 'cmake'
[0.126s] Level 1:colcon.colcon_core.package_identification:_identify(DeepLabCut/Animatronics-Ryo-2024-12-17) by extension 'python'
[0.126s] Level 1:colcon.colcon_core.package_identification:_identify(DeepLabCut/Animatronics-Ryo-2024-12-17) by extensions ['python_setup_py']
[0.126s] Level 1:colcon.colcon_core.package_identification:_identify(DeepLabCut/Animatronics-Ryo-2024-12-17) by extension 'python_setup_py'
[0.126s] Level 1:colcon.colcon_core.package_identification:_identify(DeepLabCut/Animatronics-Ryo-2024-12-17/dlc-models-pytorch) by extensions ['ignore', 'ignore_ament_install']
[0.127s] Level 1:colcon.colcon_core.package_identification:_identify(DeepLabCut/Animatronics-Ryo-2024-12-17/dlc-models-pytorch) by extension 'ignore'
[0.127s] Level 1:colcon.colcon_core.package_identification:_identify(DeepLabCut/Animatronics-Ryo-2024-12-17/dlc-models-pytorch) by extension 'ignore_ament_install'
[0.127s] Level 1:colcon.colcon_core.package_identification:_identify(DeepLabCut/Animatronics-Ryo-2024-12-17/dlc-models-pytorch) by extensions ['colcon_pkg']
[0.127s] Level 1:colcon.colcon_core.package_identification:_identify(DeepLabCut/Animatronics-Ryo-2024-12-17/dlc-models-pytorch) by extension 'colcon_pkg'
[0.127s] Level 1:colcon.colcon_core.package_identification:_identify(DeepLabCut/Animatronics-Ryo-2024-12-17/dlc-models-pytorch) by extensions ['colcon_meta']
[0.127s] Level 1:colcon.colcon_core.package_identification:_identify(DeepLabCut/Animatronics-Ryo-2024-12-17/dlc-models-pytorch) by extension 'colcon_meta'
[0.127s] Level 1:colcon.colcon_core.package_identification:_identify(DeepLabCut/Animatronics-Ryo-2024-12-17/dlc-models-pytorch) by extensions ['ros']
[0.127s] Level 1:colcon.colcon_core.package_identification:_identify(DeepLabCut/Animatronics-Ryo-2024-12-17/dlc-models-pytorch) by extension 'ros'
[0.127s] Level 1:colcon.colcon_core.package_identification:_identify(DeepLabCut/Animatronics-Ryo-2024-12-17/dlc-models-pytorch) by extensions ['cmake', 'python']
[0.127s] Level 1:colcon.colcon_core.package_identification:_identify(DeepLabCut/Animatronics-Ryo-2024-12-17/dlc-models-pytorch) by extension 'cmake'
[0.127s] Level 1:colcon.colcon_core.package_identification:_identify(DeepLabCut/Animatronics-Ryo-2024-12-17/dlc-models-pytorch) by extension 'python'
[0.127s] Level 1:colcon.colcon_core.package_identification:_identify(DeepLabCut/Animatronics-Ryo-2024-12-17/dlc-models-pytorch) by extensions ['python_setup_py']
[0.127s] Level 1:colcon.colcon_core.package_identification:_identify(DeepLabCut/Animatronics-Ryo-2024-12-17/dlc-models-pytorch) by extension 'python_setup_py'
[0.127s] Level 1:colcon.colcon_core.package_identification:_identify(DeepLabCut/Animatronics-Ryo-2024-12-17/dlc-models-pytorch/iteration-0) by extensions ['ignore', 'ignore_ament_install']
[0.127s] Level 1:colcon.colcon_core.package_identification:_identify(DeepLabCut/Animatronics-Ryo-2024-12-17/dlc-models-pytorch/iteration-0) by extension 'ignore'
[0.127s] Level 1:colcon.colcon_core.package_identification:_identify(DeepLabCut/Animatronics-Ryo-2024-12-17/dlc-models-pytorch/iteration-0) by extension 'ignore_ament_install'
[0.127s] Level 1:colcon.colcon_core.package_identification:_identify(DeepLabCut/Animatronics-Ryo-2024-12-17/dlc-models-pytorch/iteration-0) by extensions ['colcon_pkg']
[0.127s] Level 1:colcon.colcon_core.package_identification:_identify(DeepLabCut/Animatronics-Ryo-2024-12-17/dlc-models-pytorch/iteration-0) by extension 'colcon_pkg'
[0.127s] Level 1:colcon.colcon_core.package_identification:_identify(DeepLabCut/Animatronics-Ryo-2024-12-17/dlc-models-pytorch/iteration-0) by extensions ['colcon_meta']
[0.127s] Level 1:colcon.colcon_core.package_identification:_identify(DeepLabCut/Animatronics-Ryo-2024-12-17/dlc-models-pytorch/iteration-0) by extension 'colcon_meta'
[0.127s] Level 1:colcon.colcon_core.package_identification:_identify(DeepLabCut/Animatronics-Ryo-2024-12-17/dlc-models-pytorch/iteration-0) by extensions ['ros']
[0.127s] Level 1:colcon.colcon_core.package_identification:_identify(DeepLabCut/Animatronics-Ryo-2024-12-17/dlc-models-pytorch/iteration-0) by extension 'ros'
[0.127s] Level 1:colcon.colcon_core.package_identification:_identify(DeepLabCut/Animatronics-Ryo-2024-12-17/dlc-models-pytorch/iteration-0) by extensions ['cmake', 'python']
[0.127s] Level 1:colcon.colcon_core.package_identification:_identify(DeepLabCut/Animatronics-Ryo-2024-12-17/dlc-models-pytorch/iteration-0) by extension 'cmake'
[0.127s] Level 1:colcon.colcon_core.package_identification:_identify(DeepLabCut/Animatronics-Ryo-2024-12-17/dlc-models-pytorch/iteration-0) by extension 'python'
[0.127s] Level 1:colcon.colcon_core.package_identification:_identify(DeepLabCut/Animatronics-Ryo-2024-12-17/dlc-models-pytorch/iteration-0) by extensions ['python_setup_py']
[0.127s] Level 1:colcon.colcon_core.package_identification:_identify(DeepLabCut/Animatronics-Ryo-2024-12-17/dlc-models-pytorch/iteration-0) by extension 'python_setup_py'
[0.127s] Level 1:colcon.colcon_core.package_identification:_identify(DeepLabCut/Animatronics-Ryo-2024-12-17/dlc-models-pytorch/iteration-0/AnimatronicsDec17-trainset95shuffle1) by extensions ['ignore', 'ignore_ament_install']
[0.128s] Level 1:colcon.colcon_core.package_identification:_identify(DeepLabCut/Animatronics-Ryo-2024-12-17/dlc-models-pytorch/iteration-0/AnimatronicsDec17-trainset95shuffle1) by extension 'ignore'
[0.128s] Level 1:colcon.colcon_core.package_identification:_identify(DeepLabCut/Animatronics-Ryo-2024-12-17/dlc-models-pytorch/iteration-0/AnimatronicsDec17-trainset95shuffle1) by extension 'ignore_ament_install'
[0.128s] Level 1:colcon.colcon_core.package_identification:_identify(DeepLabCut/Animatronics-Ryo-2024-12-17/dlc-models-pytorch/iteration-0/AnimatronicsDec17-trainset95shuffle1) by extensions ['colcon_pkg']
[0.128s] Level 1:colcon.colcon_core.package_identification:_identify(DeepLabCut/Animatronics-Ryo-2024-12-17/dlc-models-pytorch/iteration-0/AnimatronicsDec17-trainset95shuffle1) by extension 'colcon_pkg'
[0.128s] Level 1:colcon.colcon_core.package_identification:_identify(DeepLabCut/Animatronics-Ryo-2024-12-17/dlc-models-pytorch/iteration-0/AnimatronicsDec17-trainset95shuffle1) by extensions ['colcon_meta']
[0.128s] Level 1:colcon.colcon_core.package_identification:_identify(DeepLabCut/Animatronics-Ryo-2024-12-17/dlc-models-pytorch/iteration-0/AnimatronicsDec17-trainset95shuffle1) by extension 'colcon_meta'
[0.128s] Level 1:colcon.colcon_core.package_identification:_identify(DeepLabCut/Animatronics-Ryo-2024-12-17/dlc-models-pytorch/iteration-0/AnimatronicsDec17-trainset95shuffle1) by extensions ['ros']
[0.128s] Level 1:colcon.colcon_core.package_identification:_identify(DeepLabCut/Animatronics-Ryo-2024-12-17/dlc-models-pytorch/iteration-0/AnimatronicsDec17-trainset95shuffle1) by extension 'ros'
[0.128s] Level 1:colcon.colcon_core.package_identification:_identify(DeepLabCut/Animatronics-Ryo-2024-12-17/dlc-models-pytorch/iteration-0/AnimatronicsDec17-trainset95shuffle1) by extensions ['cmake', 'python']
[0.128s] Level 1:colcon.colcon_core.package_identification:_identify(DeepLabCut/Animatronics-Ryo-2024-12-17/dlc-models-pytorch/iteration-0/AnimatronicsDec17-trainset95shuffle1) by extension 'cmake'
[0.128s] Level 1:colcon.colcon_core.package_identification:_identify(DeepLabCut/Animatronics-Ryo-2024-12-17/dlc-models-pytorch/iteration-0/AnimatronicsDec17-trainset95shuffle1) by extension 'python'
[0.128s] Level 1:colcon.colcon_core.package_identification:_identify(DeepLabCut/Animatronics-Ryo-2024-12-17/dlc-models-pytorch/iteration-0/AnimatronicsDec17-trainset95shuffle1) by extensions ['python_setup_py']
[0.128s] Level 1:colcon.colcon_core.package_identification:_identify(DeepLabCut/Animatronics-Ryo-2024-12-17/dlc-models-pytorch/iteration-0/AnimatronicsDec17-trainset95shuffle1) by extension 'python_setup_py'
[0.128s] Level 1:colcon.colcon_core.package_identification:_identify(DeepLabCut/Animatronics-Ryo-2024-12-17/dlc-models-pytorch/iteration-0/AnimatronicsDec17-trainset95shuffle1/test) by extensions ['ignore', 'ignore_ament_install']
[0.128s] Level 1:colcon.colcon_core.package_identification:_identify(DeepLabCut/Animatronics-Ryo-2024-12-17/dlc-models-pytorch/iteration-0/AnimatronicsDec17-trainset95shuffle1/test) by extension 'ignore'
[0.128s] Level 1:colcon.colcon_core.package_identification:_identify(DeepLabCut/Animatronics-Ryo-2024-12-17/dlc-models-pytorch/iteration-0/AnimatronicsDec17-trainset95shuffle1/test) by extension 'ignore_ament_install'
[0.128s] Level 1:colcon.colcon_core.package_identification:_identify(DeepLabCut/Animatronics-Ryo-2024-12-17/dlc-models-pytorch/iteration-0/AnimatronicsDec17-trainset95shuffle1/test) by extensions ['colcon_pkg']
[0.128s] Level 1:colcon.colcon_core.package_identification:_identify(DeepLabCut/Animatronics-Ryo-2024-12-17/dlc-models-pytorch/iteration-0/AnimatronicsDec17-trainset95shuffle1/test) by extension 'colcon_pkg'
[0.128s] Level 1:colcon.colcon_core.package_identification:_identify(DeepLabCut/Animatronics-Ryo-2024-12-17/dlc-models-pytorch/iteration-0/AnimatronicsDec17-trainset95shuffle1/test) by extensions ['colcon_meta']
[0.128s] Level 1:colcon.colcon_core.package_identification:_identify(DeepLabCut/Animatronics-Ryo-2024-12-17/dlc-models-pytorch/iteration-0/AnimatronicsDec17-trainset95shuffle1/test) by extension 'colcon_meta'
[0.128s] Level 1:colcon.colcon_core.package_identification:_identify(DeepLabCut/Animatronics-Ryo-2024-12-17/dlc-models-pytorch/iteration-0/AnimatronicsDec17-trainset95shuffle1/test) by extensions ['ros']
[0.128s] Level 1:colcon.colcon_core.package_identification:_identify(DeepLabCut/Animatronics-Ryo-2024-12-17/dlc-models-pytorch/iteration-0/AnimatronicsDec17-trainset95shuffle1/test) by extension 'ros'
[0.128s] Level 1:colcon.colcon_core.package_identification:_identify(DeepLabCut/Animatronics-Ryo-2024-12-17/dlc-models-pytorch/iteration-0/AnimatronicsDec17-trainset95shuffle1/test) by extensions ['cmake', 'python']
[0.128s] Level 1:colcon.colcon_core.package_identification:_identify(DeepLabCut/Animatronics-Ryo-2024-12-17/dlc-models-pytorch/iteration-0/AnimatronicsDec17-trainset95shuffle1/test) by extension 'cmake'
[0.128s] Level 1:colcon.colcon_core.package_identification:_identify(DeepLabCut/Animatronics-Ryo-2024-12-17/dlc-models-pytorch/iteration-0/AnimatronicsDec17-trainset95shuffle1/test) by extension 'python'
[0.128s] Level 1:colcon.colcon_core.package_identification:_identify(DeepLabCut/Animatronics-Ryo-2024-12-17/dlc-models-pytorch/iteration-0/AnimatronicsDec17-trainset95shuffle1/test) by extensions ['python_setup_py']
[0.129s] Level 1:colcon.colcon_core.package_identification:_identify(DeepLabCut/Animatronics-Ryo-2024-12-17/dlc-models-pytorch/iteration-0/AnimatronicsDec17-trainset95shuffle1/test) by extension 'python_setup_py'
[0.129s] Level 1:colcon.colcon_core.package_identification:_identify(DeepLabCut/Animatronics-Ryo-2024-12-17/dlc-models-pytorch/iteration-0/AnimatronicsDec17-trainset95shuffle1/train) by extensions ['ignore', 'ignore_ament_install']
[0.129s] Level 1:colcon.colcon_core.package_identification:_identify(DeepLabCut/Animatronics-Ryo-2024-12-17/dlc-models-pytorch/iteration-0/AnimatronicsDec17-trainset95shuffle1/train) by extension 'ignore'
[0.129s] Level 1:colcon.colcon_core.package_identification:_identify(DeepLabCut/Animatronics-Ryo-2024-12-17/dlc-models-pytorch/iteration-0/AnimatronicsDec17-trainset95shuffle1/train) by extension 'ignore_ament_install'
[0.129s] Level 1:colcon.colcon_core.package_identification:_identify(DeepLabCut/Animatronics-Ryo-2024-12-17/dlc-models-pytorch/iteration-0/AnimatronicsDec17-trainset95shuffle1/train) by extensions ['colcon_pkg']
[0.129s] Level 1:colcon.colcon_core.package_identification:_identify(DeepLabCut/Animatronics-Ryo-2024-12-17/dlc-models-pytorch/iteration-0/AnimatronicsDec17-trainset95shuffle1/train) by extension 'colcon_pkg'
[0.129s] Level 1:colcon.colcon_core.package_identification:_identify(DeepLabCut/Animatronics-Ryo-2024-12-17/dlc-models-pytorch/iteration-0/AnimatronicsDec17-trainset95shuffle1/train) by extensions ['colcon_meta']
[0.129s] Level 1:colcon.colcon_core.package_identification:_identify(DeepLabCut/Animatronics-Ryo-2024-12-17/dlc-models-pytorch/iteration-0/AnimatronicsDec17-trainset95shuffle1/train) by extension 'colcon_meta'
[0.129s] Level 1:colcon.colcon_core.package_identification:_identify(DeepLabCut/Animatronics-Ryo-2024-12-17/dlc-models-pytorch/iteration-0/AnimatronicsDec17-trainset95shuffle1/train) by extensions ['ros']
[0.129s] Level 1:colcon.colcon_core.package_identification:_identify(DeepLabCut/Animatronics-Ryo-2024-12-17/dlc-models-pytorch/iteration-0/AnimatronicsDec17-trainset95shuffle1/train) by extension 'ros'
[0.129s] Level 1:colcon.colcon_core.package_identification:_identify(DeepLabCut/Animatronics-Ryo-2024-12-17/dlc-models-pytorch/iteration-0/AnimatronicsDec17-trainset95shuffle1/train) by extensions ['cmake', 'python']
[0.129s] Level 1:colcon.colcon_core.package_identification:_identify(DeepLabCut/Animatronics-Ryo-2024-12-17/dlc-models-pytorch/iteration-0/AnimatronicsDec17-trainset95shuffle1/train) by extension 'cmake'
[0.129s] Level 1:colcon.colcon_core.package_identification:_identify(DeepLabCut/Animatronics-Ryo-2024-12-17/dlc-models-pytorch/iteration-0/AnimatronicsDec17-trainset95shuffle1/train) by extension 'python'
[0.129s] Level 1:colcon.colcon_core.package_identification:_identify(DeepLabCut/Animatronics-Ryo-2024-12-17/dlc-models-pytorch/iteration-0/AnimatronicsDec17-trainset95shuffle1/train) by extensions ['python_setup_py']
[0.129s] Level 1:colcon.colcon_core.package_identification:_identify(DeepLabCut/Animatronics-Ryo-2024-12-17/dlc-models-pytorch/iteration-0/AnimatronicsDec17-trainset95shuffle1/train) by extension 'python_setup_py'
[0.129s] Level 1:colcon.colcon_core.package_identification:_identify(DeepLabCut/Animatronics-Ryo-2024-12-17/evaluation-results-pytorch) by extensions ['ignore', 'ignore_ament_install']
[0.129s] Level 1:colcon.colcon_core.package_identification:_identify(DeepLabCut/Animatronics-Ryo-2024-12-17/evaluation-results-pytorch) by extension 'ignore'
[0.129s] Level 1:colcon.colcon_core.package_identification:_identify(DeepLabCut/Animatronics-Ryo-2024-12-17/evaluation-results-pytorch) by extension 'ignore_ament_install'
[0.129s] Level 1:colcon.colcon_core.package_identification:_identify(DeepLabCut/Animatronics-Ryo-2024-12-17/evaluation-results-pytorch) by extensions ['colcon_pkg']
[0.129s] Level 1:colcon.colcon_core.package_identification:_identify(DeepLabCut/Animatronics-Ryo-2024-12-17/evaluation-results-pytorch) by extension 'colcon_pkg'
[0.129s] Level 1:colcon.colcon_core.package_identification:_identify(DeepLabCut/Animatronics-Ryo-2024-12-17/evaluation-results-pytorch) by extensions ['colcon_meta']
[0.129s] Level 1:colcon.colcon_core.package_identification:_identify(DeepLabCut/Animatronics-Ryo-2024-12-17/evaluation-results-pytorch) by extension 'colcon_meta'
[0.129s] Level 1:colcon.colcon_core.package_identification:_identify(DeepLabCut/Animatronics-Ryo-2024-12-17/evaluation-results-pytorch) by extensions ['ros']
[0.129s] Level 1:colcon.colcon_core.package_identification:_identify(DeepLabCut/Animatronics-Ryo-2024-12-17/evaluation-results-pytorch) by extension 'ros'
[0.129s] Level 1:colcon.colcon_core.package_identification:_identify(DeepLabCut/Animatronics-Ryo-2024-12-17/evaluation-results-pytorch) by extensions ['cmake', 'python']
[0.129s] Level 1:colcon.colcon_core.package_identification:_identify(DeepLabCut/Animatronics-Ryo-2024-12-17/evaluation-results-pytorch) by extension 'cmake'
[0.129s] Level 1:colcon.colcon_core.package_identification:_identify(DeepLabCut/Animatronics-Ryo-2024-12-17/evaluation-results-pytorch) by extension 'python'
[0.130s] Level 1:colcon.colcon_core.package_identification:_identify(DeepLabCut/Animatronics-Ryo-2024-12-17/evaluation-results-pytorch) by extensions ['python_setup_py']
[0.130s] Level 1:colcon.colcon_core.package_identification:_identify(DeepLabCut/Animatronics-Ryo-2024-12-17/evaluation-results-pytorch) by extension 'python_setup_py'
[0.130s] Level 1:colcon.colcon_core.package_identification:_identify(DeepLabCut/Animatronics-Ryo-2024-12-17/evaluation-results-pytorch/iteration-0) by extensions ['ignore', 'ignore_ament_install']
[0.130s] Level 1:colcon.colcon_core.package_identification:_identify(DeepLabCut/Animatronics-Ryo-2024-12-17/evaluation-results-pytorch/iteration-0) by extension 'ignore'
[0.130s] Level 1:colcon.colcon_core.package_identification:_identify(DeepLabCut/Animatronics-Ryo-2024-12-17/evaluation-results-pytorch/iteration-0) by extension 'ignore_ament_install'
[0.130s] Level 1:colcon.colcon_core.package_identification:_identify(DeepLabCut/Animatronics-Ryo-2024-12-17/evaluation-results-pytorch/iteration-0) by extensions ['colcon_pkg']
[0.130s] Level 1:colcon.colcon_core.package_identification:_identify(DeepLabCut/Animatronics-Ryo-2024-12-17/evaluation-results-pytorch/iteration-0) by extension 'colcon_pkg'
[0.130s] Level 1:colcon.colcon_core.package_identification:_identify(DeepLabCut/Animatronics-Ryo-2024-12-17/evaluation-results-pytorch/iteration-0) by extensions ['colcon_meta']
[0.130s] Level 1:colcon.colcon_core.package_identification:_identify(DeepLabCut/Animatronics-Ryo-2024-12-17/evaluation-results-pytorch/iteration-0) by extension 'colcon_meta'
[0.130s] Level 1:colcon.colcon_core.package_identification:_identify(DeepLabCut/Animatronics-Ryo-2024-12-17/evaluation-results-pytorch/iteration-0) by extensions ['ros']
[0.130s] Level 1:colcon.colcon_core.package_identification:_identify(DeepLabCut/Animatronics-Ryo-2024-12-17/evaluation-results-pytorch/iteration-0) by extension 'ros'
[0.130s] Level 1:colcon.colcon_core.package_identification:_identify(DeepLabCut/Animatronics-Ryo-2024-12-17/evaluation-results-pytorch/iteration-0) by extensions ['cmake', 'python']
[0.130s] Level 1:colcon.colcon_core.package_identification:_identify(DeepLabCut/Animatronics-Ryo-2024-12-17/evaluation-results-pytorch/iteration-0) by extension 'cmake'
[0.130s] Level 1:colcon.colcon_core.package_identification:_identify(DeepLabCut/Animatronics-Ryo-2024-12-17/evaluation-results-pytorch/iteration-0) by extension 'python'
[0.130s] Level 1:colcon.colcon_core.package_identification:_identify(DeepLabCut/Animatronics-Ryo-2024-12-17/evaluation-results-pytorch/iteration-0) by extensions ['python_setup_py']
[0.130s] Level 1:colcon.colcon_core.package_identification:_identify(DeepLabCut/Animatronics-Ryo-2024-12-17/evaluation-results-pytorch/iteration-0) by extension 'python_setup_py'
[0.130s] Level 1:colcon.colcon_core.package_identification:_identify(DeepLabCut/Animatronics-Ryo-2024-12-17/evaluation-results-pytorch/iteration-0/AnimatronicsDec17-trainset95shuffle1) by extensions ['ignore', 'ignore_ament_install']
[0.130s] Level 1:colcon.colcon_core.package_identification:_identify(DeepLabCut/Animatronics-Ryo-2024-12-17/evaluation-results-pytorch/iteration-0/AnimatronicsDec17-trainset95shuffle1) by extension 'ignore'
[0.130s] Level 1:colcon.colcon_core.package_identification:_identify(DeepLabCut/Animatronics-Ryo-2024-12-17/evaluation-results-pytorch/iteration-0/AnimatronicsDec17-trainset95shuffle1) by extension 'ignore_ament_install'
[0.130s] Level 1:colcon.colcon_core.package_identification:_identify(DeepLabCut/Animatronics-Ryo-2024-12-17/evaluation-results-pytorch/iteration-0/AnimatronicsDec17-trainset95shuffle1) by extensions ['colcon_pkg']
[0.130s] Level 1:colcon.colcon_core.package_identification:_identify(DeepLabCut/Animatronics-Ryo-2024-12-17/evaluation-results-pytorch/iteration-0/AnimatronicsDec17-trainset95shuffle1) by extension 'colcon_pkg'
[0.130s] Level 1:colcon.colcon_core.package_identification:_identify(DeepLabCut/Animatronics-Ryo-2024-12-17/evaluation-results-pytorch/iteration-0/AnimatronicsDec17-trainset95shuffle1) by extensions ['colcon_meta']
[0.130s] Level 1:colcon.colcon_core.package_identification:_identify(DeepLabCut/Animatronics-Ryo-2024-12-17/evaluation-results-pytorch/iteration-0/AnimatronicsDec17-trainset95shuffle1) by extension 'colcon_meta'
[0.130s] Level 1:colcon.colcon_core.package_identification:_identify(DeepLabCut/Animatronics-Ryo-2024-12-17/evaluation-results-pytorch/iteration-0/AnimatronicsDec17-trainset95shuffle1) by extensions ['ros']
[0.130s] Level 1:colcon.colcon_core.package_identification:_identify(DeepLabCut/Animatronics-Ryo-2024-12-17/evaluation-results-pytorch/iteration-0/AnimatronicsDec17-trainset95shuffle1) by extension 'ros'
[0.130s] Level 1:colcon.colcon_core.package_identification:_identify(DeepLabCut/Animatronics-Ryo-2024-12-17/evaluation-results-pytorch/iteration-0/AnimatronicsDec17-trainset95shuffle1) by extensions ['cmake', 'python']
[0.130s] Level 1:colcon.colcon_core.package_identification:_identify(DeepLabCut/Animatronics-Ryo-2024-12-17/evaluation-results-pytorch/iteration-0/AnimatronicsDec17-trainset95shuffle1) by extension 'cmake'
[0.131s] Level 1:colcon.colcon_core.package_identification:_identify(DeepLabCut/Animatronics-Ryo-2024-12-17/evaluation-results-pytorch/iteration-0/AnimatronicsDec17-trainset95shuffle1) by extension 'python'
[0.131s] Level 1:colcon.colcon_core.package_identification:_identify(DeepLabCut/Animatronics-Ryo-2024-12-17/evaluation-results-pytorch/iteration-0/AnimatronicsDec17-trainset95shuffle1) by extensions ['python_setup_py']
[0.131s] Level 1:colcon.colcon_core.package_identification:_identify(DeepLabCut/Animatronics-Ryo-2024-12-17/evaluation-results-pytorch/iteration-0/AnimatronicsDec17-trainset95shuffle1) by extension 'python_setup_py'
[0.131s] Level 1:colcon.colcon_core.package_identification:_identify(DeepLabCut/Animatronics-Ryo-2024-12-17/labeled-data) by extensions ['ignore', 'ignore_ament_install']
[0.131s] Level 1:colcon.colcon_core.package_identification:_identify(DeepLabCut/Animatronics-Ryo-2024-12-17/labeled-data) by extension 'ignore'
[0.131s] Level 1:colcon.colcon_core.package_identification:_identify(DeepLabCut/Animatronics-Ryo-2024-12-17/labeled-data) by extension 'ignore_ament_install'
[0.131s] Level 1:colcon.colcon_core.package_identification:_identify(DeepLabCut/Animatronics-Ryo-2024-12-17/labeled-data) by extensions ['colcon_pkg']
[0.131s] Level 1:colcon.colcon_core.package_identification:_identify(DeepLabCut/Animatronics-Ryo-2024-12-17/labeled-data) by extension 'colcon_pkg'
[0.131s] Level 1:colcon.colcon_core.package_identification:_identify(DeepLabCut/Animatronics-Ryo-2024-12-17/labeled-data) by extensions ['colcon_meta']
[0.131s] Level 1:colcon.colcon_core.package_identification:_identify(DeepLabCut/Animatronics-Ryo-2024-12-17/labeled-data) by extension 'colcon_meta'
[0.131s] Level 1:colcon.colcon_core.package_identification:_identify(DeepLabCut/Animatronics-Ryo-2024-12-17/labeled-data) by extensions ['ros']
[0.131s] Level 1:colcon.colcon_core.package_identification:_identify(DeepLabCut/Animatronics-Ryo-2024-12-17/labeled-data) by extension 'ros'
[0.131s] Level 1:colcon.colcon_core.package_identification:_identify(DeepLabCut/Animatronics-Ryo-2024-12-17/labeled-data) by extensions ['cmake', 'python']
[0.131s] Level 1:colcon.colcon_core.package_identification:_identify(DeepLabCut/Animatronics-Ryo-2024-12-17/labeled-data) by extension 'cmake'
[0.131s] Level 1:colcon.colcon_core.package_identification:_identify(DeepLabCut/Animatronics-Ryo-2024-12-17/labeled-data) by extension 'python'
[0.131s] Level 1:colcon.colcon_core.package_identification:_identify(DeepLabCut/Animatronics-Ryo-2024-12-17/labeled-data) by extensions ['python_setup_py']
[0.131s] Level 1:colcon.colcon_core.package_identification:_identify(DeepLabCut/Animatronics-Ryo-2024-12-17/labeled-data) by extension 'python_setup_py'
[0.131s] Level 1:colcon.colcon_core.package_identification:_identify(DeepLabCut/Animatronics-Ryo-2024-12-17/labeled-data/Raptor1) by extensions ['ignore', 'ignore_ament_install']
[0.131s] Level 1:colcon.colcon_core.package_identification:_identify(DeepLabCut/Animatronics-Ryo-2024-12-17/labeled-data/Raptor1) by extension 'ignore'
[0.131s] Level 1:colcon.colcon_core.package_identification:_identify(DeepLabCut/Animatronics-Ryo-2024-12-17/labeled-data/Raptor1) by extension 'ignore_ament_install'
[0.131s] Level 1:colcon.colcon_core.package_identification:_identify(DeepLabCut/Animatronics-Ryo-2024-12-17/labeled-data/Raptor1) by extensions ['colcon_pkg']
[0.131s] Level 1:colcon.colcon_core.package_identification:_identify(DeepLabCut/Animatronics-Ryo-2024-12-17/labeled-data/Raptor1) by extension 'colcon_pkg'
[0.131s] Level 1:colcon.colcon_core.package_identification:_identify(DeepLabCut/Animatronics-Ryo-2024-12-17/labeled-data/Raptor1) by extensions ['colcon_meta']
[0.131s] Level 1:colcon.colcon_core.package_identification:_identify(DeepLabCut/Animatronics-Ryo-2024-12-17/labeled-data/Raptor1) by extension 'colcon_meta'
[0.131s] Level 1:colcon.colcon_core.package_identification:_identify(DeepLabCut/Animatronics-Ryo-2024-12-17/labeled-data/Raptor1) by extensions ['ros']
[0.131s] Level 1:colcon.colcon_core.package_identification:_identify(DeepLabCut/Animatronics-Ryo-2024-12-17/labeled-data/Raptor1) by extension 'ros'
[0.132s] Level 1:colcon.colcon_core.package_identification:_identify(DeepLabCut/Animatronics-Ryo-2024-12-17/labeled-data/Raptor1) by extensions ['cmake', 'python']
[0.132s] Level 1:colcon.colcon_core.package_identification:_identify(DeepLabCut/Animatronics-Ryo-2024-12-17/labeled-data/Raptor1) by extension 'cmake'
[0.132s] Level 1:colcon.colcon_core.package_identification:_identify(DeepLabCut/Animatronics-Ryo-2024-12-17/labeled-data/Raptor1) by extension 'python'
[0.132s] Level 1:colcon.colcon_core.package_identification:_identify(DeepLabCut/Animatronics-Ryo-2024-12-17/labeled-data/Raptor1) by extensions ['python_setup_py']
[0.132s] Level 1:colcon.colcon_core.package_identification:_identify(DeepLabCut/Animatronics-Ryo-2024-12-17/labeled-data/Raptor1) by extension 'python_setup_py'
[0.132s] Level 1:colcon.colcon_core.package_identification:_identify(DeepLabCut/Animatronics-Ryo-2024-12-17/labeled-data/Raptor1_labeled) by extensions ['ignore', 'ignore_ament_install']
[0.132s] Level 1:colcon.colcon_core.package_identification:_identify(DeepLabCut/Animatronics-Ryo-2024-12-17/labeled-data/Raptor1_labeled) by extension 'ignore'
[0.132s] Level 1:colcon.colcon_core.package_identification:_identify(DeepLabCut/Animatronics-Ryo-2024-12-17/labeled-data/Raptor1_labeled) by extension 'ignore_ament_install'
[0.132s] Level 1:colcon.colcon_core.package_identification:_identify(DeepLabCut/Animatronics-Ryo-2024-12-17/labeled-data/Raptor1_labeled) by extensions ['colcon_pkg']
[0.132s] Level 1:colcon.colcon_core.package_identification:_identify(DeepLabCut/Animatronics-Ryo-2024-12-17/labeled-data/Raptor1_labeled) by extension 'colcon_pkg'
[0.132s] Level 1:colcon.colcon_core.package_identification:_identify(DeepLabCut/Animatronics-Ryo-2024-12-17/labeled-data/Raptor1_labeled) by extensions ['colcon_meta']
[0.132s] Level 1:colcon.colcon_core.package_identification:_identify(DeepLabCut/Animatronics-Ryo-2024-12-17/labeled-data/Raptor1_labeled) by extension 'colcon_meta'
[0.132s] Level 1:colcon.colcon_core.package_identification:_identify(DeepLabCut/Animatronics-Ryo-2024-12-17/labeled-data/Raptor1_labeled) by extensions ['ros']
[0.132s] Level 1:colcon.colcon_core.package_identification:_identify(DeepLabCut/Animatronics-Ryo-2024-12-17/labeled-data/Raptor1_labeled) by extension 'ros'
[0.132s] Level 1:colcon.colcon_core.package_identification:_identify(DeepLabCut/Animatronics-Ryo-2024-12-17/labeled-data/Raptor1_labeled) by extensions ['cmake', 'python']
[0.132s] Level 1:colcon.colcon_core.package_identification:_identify(DeepLabCut/Animatronics-Ryo-2024-12-17/labeled-data/Raptor1_labeled) by extension 'cmake'
[0.132s] Level 1:colcon.colcon_core.package_identification:_identify(DeepLabCut/Animatronics-Ryo-2024-12-17/labeled-data/Raptor1_labeled) by extension 'python'
[0.132s] Level 1:colcon.colcon_core.package_identification:_identify(DeepLabCut/Animatronics-Ryo-2024-12-17/labeled-data/Raptor1_labeled) by extensions ['python_setup_py']
[0.132s] Level 1:colcon.colcon_core.package_identification:_identify(DeepLabCut/Animatronics-Ryo-2024-12-17/labeled-data/Raptor1_labeled) by extension 'python_setup_py'
[0.132s] Level 1:colcon.colcon_core.package_identification:_identify(DeepLabCut/Animatronics-Ryo-2024-12-17/training-datasets) by extensions ['ignore', 'ignore_ament_install']
[0.132s] Level 1:colcon.colcon_core.package_identification:_identify(DeepLabCut/Animatronics-Ryo-2024-12-17/training-datasets) by extension 'ignore'
[0.132s] Level 1:colcon.colcon_core.package_identification:_identify(DeepLabCut/Animatronics-Ryo-2024-12-17/training-datasets) by extension 'ignore_ament_install'
[0.132s] Level 1:colcon.colcon_core.package_identification:_identify(DeepLabCut/Animatronics-Ryo-2024-12-17/training-datasets) by extensions ['colcon_pkg']
[0.132s] Level 1:colcon.colcon_core.package_identification:_identify(DeepLabCut/Animatronics-Ryo-2024-12-17/training-datasets) by extension 'colcon_pkg'
[0.132s] Level 1:colcon.colcon_core.package_identification:_identify(DeepLabCut/Animatronics-Ryo-2024-12-17/training-datasets) by extensions ['colcon_meta']
[0.132s] Level 1:colcon.colcon_core.package_identification:_identify(DeepLabCut/Animatronics-Ryo-2024-12-17/training-datasets) by extension 'colcon_meta'
[0.132s] Level 1:colcon.colcon_core.package_identification:_identify(DeepLabCut/Animatronics-Ryo-2024-12-17/training-datasets) by extensions ['ros']
[0.132s] Level 1:colcon.colcon_core.package_identification:_identify(DeepLabCut/Animatronics-Ryo-2024-12-17/training-datasets) by extension 'ros'
[0.133s] Level 1:colcon.colcon_core.package_identification:_identify(DeepLabCut/Animatronics-Ryo-2024-12-17/training-datasets) by extensions ['cmake', 'python']
[0.133s] Level 1:colcon.colcon_core.package_identification:_identify(DeepLabCut/Animatronics-Ryo-2024-12-17/training-datasets) by extension 'cmake'
[0.133s] Level 1:colcon.colcon_core.package_identification:_identify(DeepLabCut/Animatronics-Ryo-2024-12-17/training-datasets) by extension 'python'
[0.133s] Level 1:colcon.colcon_core.package_identification:_identify(DeepLabCut/Animatronics-Ryo-2024-12-17/training-datasets) by extensions ['python_setup_py']
[0.133s] Level 1:colcon.colcon_core.package_identification:_identify(DeepLabCut/Animatronics-Ryo-2024-12-17/training-datasets) by extension 'python_setup_py'
[0.133s] Level 1:colcon.colcon_core.package_identification:_identify(DeepLabCut/Animatronics-Ryo-2024-12-17/training-datasets/iteration-0) by extensions ['ignore', 'ignore_ament_install']
[0.133s] Level 1:colcon.colcon_core.package_identification:_identify(DeepLabCut/Animatronics-Ryo-2024-12-17/training-datasets/iteration-0) by extension 'ignore'
[0.133s] Level 1:colcon.colcon_core.package_identification:_identify(DeepLabCut/Animatronics-Ryo-2024-12-17/training-datasets/iteration-0) by extension 'ignore_ament_install'
[0.133s] Level 1:colcon.colcon_core.package_identification:_identify(DeepLabCut/Animatronics-Ryo-2024-12-17/training-datasets/iteration-0) by extensions ['colcon_pkg']
[0.133s] Level 1:colcon.colcon_core.package_identification:_identify(DeepLabCut/Animatronics-Ryo-2024-12-17/training-datasets/iteration-0) by extension 'colcon_pkg'
[0.133s] Level 1:colcon.colcon_core.package_identification:_identify(DeepLabCut/Animatronics-Ryo-2024-12-17/training-datasets/iteration-0) by extensions ['colcon_meta']
[0.133s] Level 1:colcon.colcon_core.package_identification:_identify(DeepLabCut/Animatronics-Ryo-2024-12-17/training-datasets/iteration-0) by extension 'colcon_meta'
[0.133s] Level 1:colcon.colcon_core.package_identification:_identify(DeepLabCut/Animatronics-Ryo-2024-12-17/training-datasets/iteration-0) by extensions ['ros']
[0.133s] Level 1:colcon.colcon_core.package_identification:_identify(DeepLabCut/Animatronics-Ryo-2024-12-17/training-datasets/iteration-0) by extension 'ros'
[0.133s] Level 1:colcon.colcon_core.package_identification:_identify(DeepLabCut/Animatronics-Ryo-2024-12-17/training-datasets/iteration-0) by extensions ['cmake', 'python']
[0.133s] Level 1:colcon.colcon_core.package_identification:_identify(DeepLabCut/Animatronics-Ryo-2024-12-17/training-datasets/iteration-0) by extension 'cmake'
[0.133s] Level 1:colcon.colcon_core.package_identification:_identify(DeepLabCut/Animatronics-Ryo-2024-12-17/training-datasets/iteration-0) by extension 'python'
[0.133s] Level 1:colcon.colcon_core.package_identification:_identify(DeepLabCut/Animatronics-Ryo-2024-12-17/training-datasets/iteration-0) by extensions ['python_setup_py']
[0.133s] Level 1:colcon.colcon_core.package_identification:_identify(DeepLabCut/Animatronics-Ryo-2024-12-17/training-datasets/iteration-0) by extension 'python_setup_py'
[0.133s] Level 1:colcon.colcon_core.package_identification:_identify(DeepLabCut/Animatronics-Ryo-2024-12-17/training-datasets/iteration-0/UnaugmentedDataSet_AnimatronicsDec17) by extensions ['ignore', 'ignore_ament_install']
[0.133s] Level 1:colcon.colcon_core.package_identification:_identify(DeepLabCut/Animatronics-Ryo-2024-12-17/training-datasets/iteration-0/UnaugmentedDataSet_AnimatronicsDec17) by extension 'ignore'
[0.133s] Level 1:colcon.colcon_core.package_identification:_identify(DeepLabCut/Animatronics-Ryo-2024-12-17/training-datasets/iteration-0/UnaugmentedDataSet_AnimatronicsDec17) by extension 'ignore_ament_install'
[0.133s] Level 1:colcon.colcon_core.package_identification:_identify(DeepLabCut/Animatronics-Ryo-2024-12-17/training-datasets/iteration-0/UnaugmentedDataSet_AnimatronicsDec17) by extensions ['colcon_pkg']
[0.133s] Level 1:colcon.colcon_core.package_identification:_identify(DeepLabCut/Animatronics-Ryo-2024-12-17/training-datasets/iteration-0/UnaugmentedDataSet_AnimatronicsDec17) by extension 'colcon_pkg'
[0.133s] Level 1:colcon.colcon_core.package_identification:_identify(DeepLabCut/Animatronics-Ryo-2024-12-17/training-datasets/iteration-0/UnaugmentedDataSet_AnimatronicsDec17) by extensions ['colcon_meta']
[0.133s] Level 1:colcon.colcon_core.package_identification:_identify(DeepLabCut/Animatronics-Ryo-2024-12-17/training-datasets/iteration-0/UnaugmentedDataSet_AnimatronicsDec17) by extension 'colcon_meta'
[0.133s] Level 1:colcon.colcon_core.package_identification:_identify(DeepLabCut/Animatronics-Ryo-2024-12-17/training-datasets/iteration-0/UnaugmentedDataSet_AnimatronicsDec17) by extensions ['ros']
[0.134s] Level 1:colcon.colcon_core.package_identification:_identify(DeepLabCut/Animatronics-Ryo-2024-12-17/training-datasets/iteration-0/UnaugmentedDataSet_AnimatronicsDec17) by extension 'ros'
[0.134s] Level 1:colcon.colcon_core.package_identification:_identify(DeepLabCut/Animatronics-Ryo-2024-12-17/training-datasets/iteration-0/UnaugmentedDataSet_AnimatronicsDec17) by extensions ['cmake', 'python']
[0.134s] Level 1:colcon.colcon_core.package_identification:_identify(DeepLabCut/Animatronics-Ryo-2024-12-17/training-datasets/iteration-0/UnaugmentedDataSet_AnimatronicsDec17) by extension 'cmake'
[0.134s] Level 1:colcon.colcon_core.package_identification:_identify(DeepLabCut/Animatronics-Ryo-2024-12-17/training-datasets/iteration-0/UnaugmentedDataSet_AnimatronicsDec17) by extension 'python'
[0.134s] Level 1:colcon.colcon_core.package_identification:_identify(DeepLabCut/Animatronics-Ryo-2024-12-17/training-datasets/iteration-0/UnaugmentedDataSet_AnimatronicsDec17) by extensions ['python_setup_py']
[0.134s] Level 1:colcon.colcon_core.package_identification:_identify(DeepLabCut/Animatronics-Ryo-2024-12-17/training-datasets/iteration-0/UnaugmentedDataSet_AnimatronicsDec17) by extension 'python_setup_py'
[0.134s] Level 1:colcon.colcon_core.package_identification:_identify(DeepLabCut/Animatronics-Ryo-2024-12-17/videos) by extensions ['ignore', 'ignore_ament_install']
[0.134s] Level 1:colcon.colcon_core.package_identification:_identify(DeepLabCut/Animatronics-Ryo-2024-12-17/videos) by extension 'ignore'
[0.134s] Level 1:colcon.colcon_core.package_identification:_identify(DeepLabCut/Animatronics-Ryo-2024-12-17/videos) by extension 'ignore_ament_install'
[0.134s] Level 1:colcon.colcon_core.package_identification:_identify(DeepLabCut/Animatronics-Ryo-2024-12-17/videos) by extensions ['colcon_pkg']
[0.134s] Level 1:colcon.colcon_core.package_identification:_identify(DeepLabCut/Animatronics-Ryo-2024-12-17/videos) by extension 'colcon_pkg'
[0.134s] Level 1:colcon.colcon_core.package_identification:_identify(DeepLabCut/Animatronics-Ryo-2024-12-17/videos) by extensions ['colcon_meta']
[0.134s] Level 1:colcon.colcon_core.package_identification:_identify(DeepLabCut/Animatronics-Ryo-2024-12-17/videos) by extension 'colcon_meta'
[0.134s] Level 1:colcon.colcon_core.package_identification:_identify(DeepLabCut/Animatronics-Ryo-2024-12-17/videos) by extensions ['ros']
[0.134s] Level 1:colcon.colcon_core.package_identification:_identify(DeepLabCut/Animatronics-Ryo-2024-12-17/videos) by extension 'ros'
[0.134s] Level 1:colcon.colcon_core.package_identification:_identify(DeepLabCut/Animatronics-Ryo-2024-12-17/videos) by extensions ['cmake', 'python']
[0.134s] Level 1:colcon.colcon_core.package_identification:_identify(DeepLabCut/Animatronics-Ryo-2024-12-17/videos) by extension 'cmake'
[0.134s] Level 1:colcon.colcon_core.package_identification:_identify(DeepLabCut/Animatronics-Ryo-2024-12-17/videos) by extension 'python'
[0.134s] Level 1:colcon.colcon_core.package_identification:_identify(DeepLabCut/Animatronics-Ryo-2024-12-17/videos) by extensions ['python_setup_py']
[0.134s] Level 1:colcon.colcon_core.package_identification:_identify(DeepLabCut/Animatronics-Ryo-2024-12-17/videos) by extension 'python_setup_py'
[0.134s] Level 1:colcon.colcon_core.package_identification:_identify(DeepLabCut/Videos) by extensions ['ignore', 'ignore_ament_install']
[0.134s] Level 1:colcon.colcon_core.package_identification:_identify(DeepLabCut/Videos) by extension 'ignore'
[0.134s] Level 1:colcon.colcon_core.package_identification:_identify(DeepLabCut/Videos) by extension 'ignore_ament_install'
[0.134s] Level 1:colcon.colcon_core.package_identification:_identify(DeepLabCut/Videos) by extensions ['colcon_pkg']
[0.134s] Level 1:colcon.colcon_core.package_identification:_identify(DeepLabCut/Videos) by extension 'colcon_pkg'
[0.134s] Level 1:colcon.colcon_core.package_identification:_identify(DeepLabCut/Videos) by extensions ['colcon_meta']
[0.134s] Level 1:colcon.colcon_core.package_identification:_identify(DeepLabCut/Videos) by extension 'colcon_meta'
[0.135s] Level 1:colcon.colcon_core.package_identification:_identify(DeepLabCut/Videos) by extensions ['ros']
[0.135s] Level 1:colcon.colcon_core.package_identification:_identify(DeepLabCut/Videos) by extension 'ros'
[0.135s] Level 1:colcon.colcon_core.package_identification:_identify(DeepLabCut/Videos) by extensions ['cmake', 'python']
[0.135s] Level 1:colcon.colcon_core.package_identification:_identify(DeepLabCut/Videos) by extension 'cmake'
[0.135s] Level 1:colcon.colcon_core.package_identification:_identify(DeepLabCut/Videos) by extension 'python'
[0.135s] Level 1:colcon.colcon_core.package_identification:_identify(DeepLabCut/Videos) by extensions ['python_setup_py']
[0.135s] Level 1:colcon.colcon_core.package_identification:_identify(DeepLabCut/Videos) by extension 'python_setup_py'
[0.135s] Level 1:colcon.colcon_core.package_identification:_identify(DeepLabCut/__pycache__) by extensions ['ignore', 'ignore_ament_install']
[0.135s] Level 1:colcon.colcon_core.package_identification:_identify(DeepLabCut/__pycache__) by extension 'ignore'
[0.135s] Level 1:colcon.colcon_core.package_identification:_identify(DeepLabCut/__pycache__) by extension 'ignore_ament_install'
[0.135s] Level 1:colcon.colcon_core.package_identification:_identify(DeepLabCut/__pycache__) by extensions ['colcon_pkg']
[0.135s] Level 1:colcon.colcon_core.package_identification:_identify(DeepLabCut/__pycache__) by extension 'colcon_pkg'
[0.135s] Level 1:colcon.colcon_core.package_identification:_identify(DeepLabCut/__pycache__) by extensions ['colcon_meta']
[0.135s] Level 1:colcon.colcon_core.package_identification:_identify(DeepLabCut/__pycache__) by extension 'colcon_meta'
[0.135s] Level 1:colcon.colcon_core.package_identification:_identify(DeepLabCut/__pycache__) by extensions ['ros']
[0.135s] Level 1:colcon.colcon_core.package_identification:_identify(DeepLabCut/__pycache__) by extension 'ros'
[0.135s] Level 1:colcon.colcon_core.package_identification:_identify(DeepLabCut/__pycache__) by extensions ['cmake', 'python']
[0.135s] Level 1:colcon.colcon_core.package_identification:_identify(DeepLabCut/__pycache__) by extension 'cmake'
[0.135s] Level 1:colcon.colcon_core.package_identification:_identify(DeepLabCut/__pycache__) by extension 'python'
[0.135s] Level 1:colcon.colcon_core.package_identification:_identify(DeepLabCut/__pycache__) by extensions ['python_setup_py']
[0.135s] Level 1:colcon.colcon_core.package_identification:_identify(DeepLabCut/__pycache__) by extension 'python_setup_py'
[0.135s] Level 1:colcon.colcon_core.package_identification:_identify(DeepLabCut/animatronics-ryo-2024-12-18) by extensions ['ignore', 'ignore_ament_install']
[0.135s] Level 1:colcon.colcon_core.package_identification:_identify(DeepLabCut/animatronics-ryo-2024-12-18) by extension 'ignore'
[0.135s] Level 1:colcon.colcon_core.package_identification:_identify(DeepLabCut/animatronics-ryo-2024-12-18) by extension 'ignore_ament_install'
[0.135s] Level 1:colcon.colcon_core.package_identification:_identify(DeepLabCut/animatronics-ryo-2024-12-18) by extensions ['colcon_pkg']
[0.135s] Level 1:colcon.colcon_core.package_identification:_identify(DeepLabCut/animatronics-ryo-2024-12-18) by extension 'colcon_pkg'
[0.135s] Level 1:colcon.colcon_core.package_identification:_identify(DeepLabCut/animatronics-ryo-2024-12-18) by extensions ['colcon_meta']
[0.135s] Level 1:colcon.colcon_core.package_identification:_identify(DeepLabCut/animatronics-ryo-2024-12-18) by extension 'colcon_meta'
[0.135s] Level 1:colcon.colcon_core.package_identification:_identify(DeepLabCut/animatronics-ryo-2024-12-18) by extensions ['ros']
[0.136s] Level 1:colcon.colcon_core.package_identification:_identify(DeepLabCut/animatronics-ryo-2024-12-18) by extension 'ros'
[0.136s] Level 1:colcon.colcon_core.package_identification:_identify(DeepLabCut/animatronics-ryo-2024-12-18) by extensions ['cmake', 'python']
[0.136s] Level 1:colcon.colcon_core.package_identification:_identify(DeepLabCut/animatronics-ryo-2024-12-18) by extension 'cmake'
[0.136s] Level 1:colcon.colcon_core.package_identification:_identify(DeepLabCut/animatronics-ryo-2024-12-18) by extension 'python'
[0.136s] Level 1:colcon.colcon_core.package_identification:_identify(DeepLabCut/animatronics-ryo-2024-12-18) by extensions ['python_setup_py']
[0.136s] Level 1:colcon.colcon_core.package_identification:_identify(DeepLabCut/animatronics-ryo-2024-12-18) by extension 'python_setup_py'
[0.136s] Level 1:colcon.colcon_core.package_identification:_identify(DeepLabCut/animatronics-ryo-2024-12-18/dlc-models-pytorch) by extensions ['ignore', 'ignore_ament_install']
[0.136s] Level 1:colcon.colcon_core.package_identification:_identify(DeepLabCut/animatronics-ryo-2024-12-18/dlc-models-pytorch) by extension 'ignore'
[0.136s] Level 1:colcon.colcon_core.package_identification:_identify(DeepLabCut/animatronics-ryo-2024-12-18/dlc-models-pytorch) by extension 'ignore_ament_install'
[0.136s] Level 1:colcon.colcon_core.package_identification:_identify(DeepLabCut/animatronics-ryo-2024-12-18/dlc-models-pytorch) by extensions ['colcon_pkg']
[0.136s] Level 1:colcon.colcon_core.package_identification:_identify(DeepLabCut/animatronics-ryo-2024-12-18/dlc-models-pytorch) by extension 'colcon_pkg'
[0.136s] Level 1:colcon.colcon_core.package_identification:_identify(DeepLabCut/animatronics-ryo-2024-12-18/dlc-models-pytorch) by extensions ['colcon_meta']
[0.136s] Level 1:colcon.colcon_core.package_identification:_identify(DeepLabCut/animatronics-ryo-2024-12-18/dlc-models-pytorch) by extension 'colcon_meta'
[0.136s] Level 1:colcon.colcon_core.package_identification:_identify(DeepLabCut/animatronics-ryo-2024-12-18/dlc-models-pytorch) by extensions ['ros']
[0.136s] Level 1:colcon.colcon_core.package_identification:_identify(DeepLabCut/animatronics-ryo-2024-12-18/dlc-models-pytorch) by extension 'ros'
[0.136s] Level 1:colcon.colcon_core.package_identification:_identify(DeepLabCut/animatronics-ryo-2024-12-18/dlc-models-pytorch) by extensions ['cmake', 'python']
[0.136s] Level 1:colcon.colcon_core.package_identification:_identify(DeepLabCut/animatronics-ryo-2024-12-18/dlc-models-pytorch) by extension 'cmake'
[0.136s] Level 1:colcon.colcon_core.package_identification:_identify(DeepLabCut/animatronics-ryo-2024-12-18/dlc-models-pytorch) by extension 'python'
[0.136s] Level 1:colcon.colcon_core.package_identification:_identify(DeepLabCut/animatronics-ryo-2024-12-18/dlc-models-pytorch) by extensions ['python_setup_py']
[0.136s] Level 1:colcon.colcon_core.package_identification:_identify(DeepLabCut/animatronics-ryo-2024-12-18/dlc-models-pytorch) by extension 'python_setup_py'
[0.136s] Level 1:colcon.colcon_core.package_identification:_identify(DeepLabCut/animatronics-ryo-2024-12-18/dlc-models-pytorch/iteration-0) by extensions ['ignore', 'ignore_ament_install']
[0.136s] Level 1:colcon.colcon_core.package_identification:_identify(DeepLabCut/animatronics-ryo-2024-12-18/dlc-models-pytorch/iteration-0) by extension 'ignore'
[0.136s] Level 1:colcon.colcon_core.package_identification:_identify(DeepLabCut/animatronics-ryo-2024-12-18/dlc-models-pytorch/iteration-0) by extension 'ignore_ament_install'
[0.136s] Level 1:colcon.colcon_core.package_identification:_identify(DeepLabCut/animatronics-ryo-2024-12-18/dlc-models-pytorch/iteration-0) by extensions ['colcon_pkg']
[0.136s] Level 1:colcon.colcon_core.package_identification:_identify(DeepLabCut/animatronics-ryo-2024-12-18/dlc-models-pytorch/iteration-0) by extension 'colcon_pkg'
[0.136s] Level 1:colcon.colcon_core.package_identification:_identify(DeepLabCut/animatronics-ryo-2024-12-18/dlc-models-pytorch/iteration-0) by extensions ['colcon_meta']
[0.136s] Level 1:colcon.colcon_core.package_identification:_identify(DeepLabCut/animatronics-ryo-2024-12-18/dlc-models-pytorch/iteration-0) by extension 'colcon_meta'
[0.136s] Level 1:colcon.colcon_core.package_identification:_identify(DeepLabCut/animatronics-ryo-2024-12-18/dlc-models-pytorch/iteration-0) by extensions ['ros']
[0.137s] Level 1:colcon.colcon_core.package_identification:_identify(DeepLabCut/animatronics-ryo-2024-12-18/dlc-models-pytorch/iteration-0) by extension 'ros'
[0.137s] Level 1:colcon.colcon_core.package_identification:_identify(DeepLabCut/animatronics-ryo-2024-12-18/dlc-models-pytorch/iteration-0) by extensions ['cmake', 'python']
[0.137s] Level 1:colcon.colcon_core.package_identification:_identify(DeepLabCut/animatronics-ryo-2024-12-18/dlc-models-pytorch/iteration-0) by extension 'cmake'
[0.137s] Level 1:colcon.colcon_core.package_identification:_identify(DeepLabCut/animatronics-ryo-2024-12-18/dlc-models-pytorch/iteration-0) by extension 'python'
[0.137s] Level 1:colcon.colcon_core.package_identification:_identify(DeepLabCut/animatronics-ryo-2024-12-18/dlc-models-pytorch/iteration-0) by extensions ['python_setup_py']
[0.137s] Level 1:colcon.colcon_core.package_identification:_identify(DeepLabCut/animatronics-ryo-2024-12-18/dlc-models-pytorch/iteration-0) by extension 'python_setup_py'
[0.137s] Level 1:colcon.colcon_core.package_identification:_identify(DeepLabCut/animatronics-ryo-2024-12-18/dlc-models-pytorch/iteration-0/animatronicsDec18-trainset95shuffle1) by extensions ['ignore', 'ignore_ament_install']
[0.137s] Level 1:colcon.colcon_core.package_identification:_identify(DeepLabCut/animatronics-ryo-2024-12-18/dlc-models-pytorch/iteration-0/animatronicsDec18-trainset95shuffle1) by extension 'ignore'
[0.137s] Level 1:colcon.colcon_core.package_identification:_identify(DeepLabCut/animatronics-ryo-2024-12-18/dlc-models-pytorch/iteration-0/animatronicsDec18-trainset95shuffle1) by extension 'ignore_ament_install'
[0.137s] Level 1:colcon.colcon_core.package_identification:_identify(DeepLabCut/animatronics-ryo-2024-12-18/dlc-models-pytorch/iteration-0/animatronicsDec18-trainset95shuffle1) by extensions ['colcon_pkg']
[0.137s] Level 1:colcon.colcon_core.package_identification:_identify(DeepLabCut/animatronics-ryo-2024-12-18/dlc-models-pytorch/iteration-0/animatronicsDec18-trainset95shuffle1) by extension 'colcon_pkg'
[0.137s] Level 1:colcon.colcon_core.package_identification:_identify(DeepLabCut/animatronics-ryo-2024-12-18/dlc-models-pytorch/iteration-0/animatronicsDec18-trainset95shuffle1) by extensions ['colcon_meta']
[0.137s] Level 1:colcon.colcon_core.package_identification:_identify(DeepLabCut/animatronics-ryo-2024-12-18/dlc-models-pytorch/iteration-0/animatronicsDec18-trainset95shuffle1) by extension 'colcon_meta'
[0.137s] Level 1:colcon.colcon_core.package_identification:_identify(DeepLabCut/animatronics-ryo-2024-12-18/dlc-models-pytorch/iteration-0/animatronicsDec18-trainset95shuffle1) by extensions ['ros']
[0.137s] Level 1:colcon.colcon_core.package_identification:_identify(DeepLabCut/animatronics-ryo-2024-12-18/dlc-models-pytorch/iteration-0/animatronicsDec18-trainset95shuffle1) by extension 'ros'
[0.137s] Level 1:colcon.colcon_core.package_identification:_identify(DeepLabCut/animatronics-ryo-2024-12-18/dlc-models-pytorch/iteration-0/animatronicsDec18-trainset95shuffle1) by extensions ['cmake', 'python']
[0.137s] Level 1:colcon.colcon_core.package_identification:_identify(DeepLabCut/animatronics-ryo-2024-12-18/dlc-models-pytorch/iteration-0/animatronicsDec18-trainset95shuffle1) by extension 'cmake'
[0.137s] Level 1:colcon.colcon_core.package_identification:_identify(DeepLabCut/animatronics-ryo-2024-12-18/dlc-models-pytorch/iteration-0/animatronicsDec18-trainset95shuffle1) by extension 'python'
[0.137s] Level 1:colcon.colcon_core.package_identification:_identify(DeepLabCut/animatronics-ryo-2024-12-18/dlc-models-pytorch/iteration-0/animatronicsDec18-trainset95shuffle1) by extensions ['python_setup_py']
[0.137s] Level 1:colcon.colcon_core.package_identification:_identify(DeepLabCut/animatronics-ryo-2024-12-18/dlc-models-pytorch/iteration-0/animatronicsDec18-trainset95shuffle1) by extension 'python_setup_py'
[0.137s] Level 1:colcon.colcon_core.package_identification:_identify(DeepLabCut/animatronics-ryo-2024-12-18/dlc-models-pytorch/iteration-0/animatronicsDec18-trainset95shuffle1/test) by extensions ['ignore', 'ignore_ament_install']
[0.137s] Level 1:colcon.colcon_core.package_identification:_identify(DeepLabCut/animatronics-ryo-2024-12-18/dlc-models-pytorch/iteration-0/animatronicsDec18-trainset95shuffle1/test) by extension 'ignore'
[0.137s] Level 1:colcon.colcon_core.package_identification:_identify(DeepLabCut/animatronics-ryo-2024-12-18/dlc-models-pytorch/iteration-0/animatronicsDec18-trainset95shuffle1/test) by extension 'ignore_ament_install'
[0.137s] Level 1:colcon.colcon_core.package_identification:_identify(DeepLabCut/animatronics-ryo-2024-12-18/dlc-models-pytorch/iteration-0/animatronicsDec18-trainset95shuffle1/test) by extensions ['colcon_pkg']
[0.137s] Level 1:colcon.colcon_core.package_identification:_identify(DeepLabCut/animatronics-ryo-2024-12-18/dlc-models-pytorch/iteration-0/animatronicsDec18-trainset95shuffle1/test) by extension 'colcon_pkg'
[0.137s] Level 1:colcon.colcon_core.package_identification:_identify(DeepLabCut/animatronics-ryo-2024-12-18/dlc-models-pytorch/iteration-0/animatronicsDec18-trainset95shuffle1/test) by extensions ['colcon_meta']
[0.138s] Level 1:colcon.colcon_core.package_identification:_identify(DeepLabCut/animatronics-ryo-2024-12-18/dlc-models-pytorch/iteration-0/animatronicsDec18-trainset95shuffle1/test) by extension 'colcon_meta'
[0.138s] Level 1:colcon.colcon_core.package_identification:_identify(DeepLabCut/animatronics-ryo-2024-12-18/dlc-models-pytorch/iteration-0/animatronicsDec18-trainset95shuffle1/test) by extensions ['ros']
[0.138s] Level 1:colcon.colcon_core.package_identification:_identify(DeepLabCut/animatronics-ryo-2024-12-18/dlc-models-pytorch/iteration-0/animatronicsDec18-trainset95shuffle1/test) by extension 'ros'
[0.138s] Level 1:colcon.colcon_core.package_identification:_identify(DeepLabCut/animatronics-ryo-2024-12-18/dlc-models-pytorch/iteration-0/animatronicsDec18-trainset95shuffle1/test) by extensions ['cmake', 'python']
[0.138s] Level 1:colcon.colcon_core.package_identification:_identify(DeepLabCut/animatronics-ryo-2024-12-18/dlc-models-pytorch/iteration-0/animatronicsDec18-trainset95shuffle1/test) by extension 'cmake'
[0.138s] Level 1:colcon.colcon_core.package_identification:_identify(DeepLabCut/animatronics-ryo-2024-12-18/dlc-models-pytorch/iteration-0/animatronicsDec18-trainset95shuffle1/test) by extension 'python'
[0.138s] Level 1:colcon.colcon_core.package_identification:_identify(DeepLabCut/animatronics-ryo-2024-12-18/dlc-models-pytorch/iteration-0/animatronicsDec18-trainset95shuffle1/test) by extensions ['python_setup_py']
[0.138s] Level 1:colcon.colcon_core.package_identification:_identify(DeepLabCut/animatronics-ryo-2024-12-18/dlc-models-pytorch/iteration-0/animatronicsDec18-trainset95shuffle1/test) by extension 'python_setup_py'
[0.138s] Level 1:colcon.colcon_core.package_identification:_identify(DeepLabCut/animatronics-ryo-2024-12-18/dlc-models-pytorch/iteration-0/animatronicsDec18-trainset95shuffle1/train) by extensions ['ignore', 'ignore_ament_install']
[0.138s] Level 1:colcon.colcon_core.package_identification:_identify(DeepLabCut/animatronics-ryo-2024-12-18/dlc-models-pytorch/iteration-0/animatronicsDec18-trainset95shuffle1/train) by extension 'ignore'
[0.138s] Level 1:colcon.colcon_core.package_identification:_identify(DeepLabCut/animatronics-ryo-2024-12-18/dlc-models-pytorch/iteration-0/animatronicsDec18-trainset95shuffle1/train) by extension 'ignore_ament_install'
[0.138s] Level 1:colcon.colcon_core.package_identification:_identify(DeepLabCut/animatronics-ryo-2024-12-18/dlc-models-pytorch/iteration-0/animatronicsDec18-trainset95shuffle1/train) by extensions ['colcon_pkg']
[0.138s] Level 1:colcon.colcon_core.package_identification:_identify(DeepLabCut/animatronics-ryo-2024-12-18/dlc-models-pytorch/iteration-0/animatronicsDec18-trainset95shuffle1/train) by extension 'colcon_pkg'
[0.138s] Level 1:colcon.colcon_core.package_identification:_identify(DeepLabCut/animatronics-ryo-2024-12-18/dlc-models-pytorch/iteration-0/animatronicsDec18-trainset95shuffle1/train) by extensions ['colcon_meta']
[0.138s] Level 1:colcon.colcon_core.package_identification:_identify(DeepLabCut/animatronics-ryo-2024-12-18/dlc-models-pytorch/iteration-0/animatronicsDec18-trainset95shuffle1/train) by extension 'colcon_meta'
[0.138s] Level 1:colcon.colcon_core.package_identification:_identify(DeepLabCut/animatronics-ryo-2024-12-18/dlc-models-pytorch/iteration-0/animatronicsDec18-trainset95shuffle1/train) by extensions ['ros']
[0.138s] Level 1:colcon.colcon_core.package_identification:_identify(DeepLabCut/animatronics-ryo-2024-12-18/dlc-models-pytorch/iteration-0/animatronicsDec18-trainset95shuffle1/train) by extension 'ros'
[0.138s] Level 1:colcon.colcon_core.package_identification:_identify(DeepLabCut/animatronics-ryo-2024-12-18/dlc-models-pytorch/iteration-0/animatronicsDec18-trainset95shuffle1/train) by extensions ['cmake', 'python']
[0.138s] Level 1:colcon.colcon_core.package_identification:_identify(DeepLabCut/animatronics-ryo-2024-12-18/dlc-models-pytorch/iteration-0/animatronicsDec18-trainset95shuffle1/train) by extension 'cmake'
[0.138s] Level 1:colcon.colcon_core.package_identification:_identify(DeepLabCut/animatronics-ryo-2024-12-18/dlc-models-pytorch/iteration-0/animatronicsDec18-trainset95shuffle1/train) by extension 'python'
[0.138s] Level 1:colcon.colcon_core.package_identification:_identify(DeepLabCut/animatronics-ryo-2024-12-18/dlc-models-pytorch/iteration-0/animatronicsDec18-trainset95shuffle1/train) by extensions ['python_setup_py']
[0.138s] Level 1:colcon.colcon_core.package_identification:_identify(DeepLabCut/animatronics-ryo-2024-12-18/dlc-models-pytorch/iteration-0/animatronicsDec18-trainset95shuffle1/train) by extension 'python_setup_py'
[0.138s] Level 1:colcon.colcon_core.package_identification:_identify(DeepLabCut/animatronics-ryo-2024-12-18/evaluation-results-pytorch) by extensions ['ignore', 'ignore_ament_install']
[0.138s] Level 1:colcon.colcon_core.package_identification:_identify(DeepLabCut/animatronics-ryo-2024-12-18/evaluation-results-pytorch) by extension 'ignore'
[0.138s] Level 1:colcon.colcon_core.package_identification:_identify(DeepLabCut/animatronics-ryo-2024-12-18/evaluation-results-pytorch) by extension 'ignore_ament_install'
[0.138s] Level 1:colcon.colcon_core.package_identification:_identify(DeepLabCut/animatronics-ryo-2024-12-18/evaluation-results-pytorch) by extensions ['colcon_pkg']
[0.138s] Level 1:colcon.colcon_core.package_identification:_identify(DeepLabCut/animatronics-ryo-2024-12-18/evaluation-results-pytorch) by extension 'colcon_pkg'
[0.139s] Level 1:colcon.colcon_core.package_identification:_identify(DeepLabCut/animatronics-ryo-2024-12-18/evaluation-results-pytorch) by extensions ['colcon_meta']
[0.139s] Level 1:colcon.colcon_core.package_identification:_identify(DeepLabCut/animatronics-ryo-2024-12-18/evaluation-results-pytorch) by extension 'colcon_meta'
[0.139s] Level 1:colcon.colcon_core.package_identification:_identify(DeepLabCut/animatronics-ryo-2024-12-18/evaluation-results-pytorch) by extensions ['ros']
[0.139s] Level 1:colcon.colcon_core.package_identification:_identify(DeepLabCut/animatronics-ryo-2024-12-18/evaluation-results-pytorch) by extension 'ros'
[0.139s] Level 1:colcon.colcon_core.package_identification:_identify(DeepLabCut/animatronics-ryo-2024-12-18/evaluation-results-pytorch) by extensions ['cmake', 'python']
[0.139s] Level 1:colcon.colcon_core.package_identification:_identify(DeepLabCut/animatronics-ryo-2024-12-18/evaluation-results-pytorch) by extension 'cmake'
[0.139s] Level 1:colcon.colcon_core.package_identification:_identify(DeepLabCut/animatronics-ryo-2024-12-18/evaluation-results-pytorch) by extension 'python'
[0.139s] Level 1:colcon.colcon_core.package_identification:_identify(DeepLabCut/animatronics-ryo-2024-12-18/evaluation-results-pytorch) by extensions ['python_setup_py']
[0.139s] Level 1:colcon.colcon_core.package_identification:_identify(DeepLabCut/animatronics-ryo-2024-12-18/evaluation-results-pytorch) by extension 'python_setup_py'
[0.139s] Level 1:colcon.colcon_core.package_identification:_identify(DeepLabCut/animatronics-ryo-2024-12-18/evaluation-results-pytorch/iteration-0) by extensions ['ignore', 'ignore_ament_install']
[0.139s] Level 1:colcon.colcon_core.package_identification:_identify(DeepLabCut/animatronics-ryo-2024-12-18/evaluation-results-pytorch/iteration-0) by extension 'ignore'
[0.139s] Level 1:colcon.colcon_core.package_identification:_identify(DeepLabCut/animatronics-ryo-2024-12-18/evaluation-results-pytorch/iteration-0) by extension 'ignore_ament_install'
[0.139s] Level 1:colcon.colcon_core.package_identification:_identify(DeepLabCut/animatronics-ryo-2024-12-18/evaluation-results-pytorch/iteration-0) by extensions ['colcon_pkg']
[0.139s] Level 1:colcon.colcon_core.package_identification:_identify(DeepLabCut/animatronics-ryo-2024-12-18/evaluation-results-pytorch/iteration-0) by extension 'colcon_pkg'
[0.139s] Level 1:colcon.colcon_core.package_identification:_identify(DeepLabCut/animatronics-ryo-2024-12-18/evaluation-results-pytorch/iteration-0) by extensions ['colcon_meta']
[0.139s] Level 1:colcon.colcon_core.package_identification:_identify(DeepLabCut/animatronics-ryo-2024-12-18/evaluation-results-pytorch/iteration-0) by extension 'colcon_meta'
[0.139s] Level 1:colcon.colcon_core.package_identification:_identify(DeepLabCut/animatronics-ryo-2024-12-18/evaluation-results-pytorch/iteration-0) by extensions ['ros']
[0.139s] Level 1:colcon.colcon_core.package_identification:_identify(DeepLabCut/animatronics-ryo-2024-12-18/evaluation-results-pytorch/iteration-0) by extension 'ros'
[0.139s] Level 1:colcon.colcon_core.package_identification:_identify(DeepLabCut/animatronics-ryo-2024-12-18/evaluation-results-pytorch/iteration-0) by extensions ['cmake', 'python']
[0.139s] Level 1:colcon.colcon_core.package_identification:_identify(DeepLabCut/animatronics-ryo-2024-12-18/evaluation-results-pytorch/iteration-0) by extension 'cmake'
[0.139s] Level 1:colcon.colcon_core.package_identification:_identify(DeepLabCut/animatronics-ryo-2024-12-18/evaluation-results-pytorch/iteration-0) by extension 'python'
[0.139s] Level 1:colcon.colcon_core.package_identification:_identify(DeepLabCut/animatronics-ryo-2024-12-18/evaluation-results-pytorch/iteration-0) by extensions ['python_setup_py']
[0.139s] Level 1:colcon.colcon_core.package_identification:_identify(DeepLabCut/animatronics-ryo-2024-12-18/evaluation-results-pytorch/iteration-0) by extension 'python_setup_py'
[0.139s] Level 1:colcon.colcon_core.package_identification:_identify(DeepLabCut/animatronics-ryo-2024-12-18/evaluation-results-pytorch/iteration-0/animatronicsDec18-trainset95shuffle1) by extensions ['ignore', 'ignore_ament_install']
[0.139s] Level 1:colcon.colcon_core.package_identification:_identify(DeepLabCut/animatronics-ryo-2024-12-18/evaluation-results-pytorch/iteration-0/animatronicsDec18-trainset95shuffle1) by extension 'ignore'
[0.139s] Level 1:colcon.colcon_core.package_identification:_identify(DeepLabCut/animatronics-ryo-2024-12-18/evaluation-results-pytorch/iteration-0/animatronicsDec18-trainset95shuffle1) by extension 'ignore_ament_install'
[0.139s] Level 1:colcon.colcon_core.package_identification:_identify(DeepLabCut/animatronics-ryo-2024-12-18/evaluation-results-pytorch/iteration-0/animatronicsDec18-trainset95shuffle1) by extensions ['colcon_pkg']
[0.140s] Level 1:colcon.colcon_core.package_identification:_identify(DeepLabCut/animatronics-ryo-2024-12-18/evaluation-results-pytorch/iteration-0/animatronicsDec18-trainset95shuffle1) by extension 'colcon_pkg'
[0.140s] Level 1:colcon.colcon_core.package_identification:_identify(DeepLabCut/animatronics-ryo-2024-12-18/evaluation-results-pytorch/iteration-0/animatronicsDec18-trainset95shuffle1) by extensions ['colcon_meta']
[0.140s] Level 1:colcon.colcon_core.package_identification:_identify(DeepLabCut/animatronics-ryo-2024-12-18/evaluation-results-pytorch/iteration-0/animatronicsDec18-trainset95shuffle1) by extension 'colcon_meta'
[0.140s] Level 1:colcon.colcon_core.package_identification:_identify(DeepLabCut/animatronics-ryo-2024-12-18/evaluation-results-pytorch/iteration-0/animatronicsDec18-trainset95shuffle1) by extensions ['ros']
[0.140s] Level 1:colcon.colcon_core.package_identification:_identify(DeepLabCut/animatronics-ryo-2024-12-18/evaluation-results-pytorch/iteration-0/animatronicsDec18-trainset95shuffle1) by extension 'ros'
[0.140s] Level 1:colcon.colcon_core.package_identification:_identify(DeepLabCut/animatronics-ryo-2024-12-18/evaluation-results-pytorch/iteration-0/animatronicsDec18-trainset95shuffle1) by extensions ['cmake', 'python']
[0.140s] Level 1:colcon.colcon_core.package_identification:_identify(DeepLabCut/animatronics-ryo-2024-12-18/evaluation-results-pytorch/iteration-0/animatronicsDec18-trainset95shuffle1) by extension 'cmake'
[0.140s] Level 1:colcon.colcon_core.package_identification:_identify(DeepLabCut/animatronics-ryo-2024-12-18/evaluation-results-pytorch/iteration-0/animatronicsDec18-trainset95shuffle1) by extension 'python'
[0.140s] Level 1:colcon.colcon_core.package_identification:_identify(DeepLabCut/animatronics-ryo-2024-12-18/evaluation-results-pytorch/iteration-0/animatronicsDec18-trainset95shuffle1) by extensions ['python_setup_py']
[0.140s] Level 1:colcon.colcon_core.package_identification:_identify(DeepLabCut/animatronics-ryo-2024-12-18/evaluation-results-pytorch/iteration-0/animatronicsDec18-trainset95shuffle1) by extension 'python_setup_py'
[0.140s] Level 1:colcon.colcon_core.package_identification:_identify(DeepLabCut/animatronics-ryo-2024-12-18/labeled-data) by extensions ['ignore', 'ignore_ament_install']
[0.140s] Level 1:colcon.colcon_core.package_identification:_identify(DeepLabCut/animatronics-ryo-2024-12-18/labeled-data) by extension 'ignore'
[0.140s] Level 1:colcon.colcon_core.package_identification:_identify(DeepLabCut/animatronics-ryo-2024-12-18/labeled-data) by extension 'ignore_ament_install'
[0.140s] Level 1:colcon.colcon_core.package_identification:_identify(DeepLabCut/animatronics-ryo-2024-12-18/labeled-data) by extensions ['colcon_pkg']
[0.140s] Level 1:colcon.colcon_core.package_identification:_identify(DeepLabCut/animatronics-ryo-2024-12-18/labeled-data) by extension 'colcon_pkg'
[0.140s] Level 1:colcon.colcon_core.package_identification:_identify(DeepLabCut/animatronics-ryo-2024-12-18/labeled-data) by extensions ['colcon_meta']
[0.140s] Level 1:colcon.colcon_core.package_identification:_identify(DeepLabCut/animatronics-ryo-2024-12-18/labeled-data) by extension 'colcon_meta'
[0.140s] Level 1:colcon.colcon_core.package_identification:_identify(DeepLabCut/animatronics-ryo-2024-12-18/labeled-data) by extensions ['ros']
[0.140s] Level 1:colcon.colcon_core.package_identification:_identify(DeepLabCut/animatronics-ryo-2024-12-18/labeled-data) by extension 'ros'
[0.140s] Level 1:colcon.colcon_core.package_identification:_identify(DeepLabCut/animatronics-ryo-2024-12-18/labeled-data) by extensions ['cmake', 'python']
[0.140s] Level 1:colcon.colcon_core.package_identification:_identify(DeepLabCut/animatronics-ryo-2024-12-18/labeled-data) by extension 'cmake'
[0.140s] Level 1:colcon.colcon_core.package_identification:_identify(DeepLabCut/animatronics-ryo-2024-12-18/labeled-data) by extension 'python'
[0.140s] Level 1:colcon.colcon_core.package_identification:_identify(DeepLabCut/animatronics-ryo-2024-12-18/labeled-data) by extensions ['python_setup_py']
[0.140s] Level 1:colcon.colcon_core.package_identification:_identify(DeepLabCut/animatronics-ryo-2024-12-18/labeled-data) by extension 'python_setup_py'
[0.140s] Level 1:colcon.colcon_core.package_identification:_identify(DeepLabCut/animatronics-ryo-2024-12-18/labeled-data/4B0CCEC3-B219-4C7F-A07C-F0ACDF82976E Copy) by extensions ['ignore', 'ignore_ament_install']
[0.140s] Level 1:colcon.colcon_core.package_identification:_identify(DeepLabCut/animatronics-ryo-2024-12-18/labeled-data/4B0CCEC3-B219-4C7F-A07C-F0ACDF82976E Copy) by extension 'ignore'
[0.140s] Level 1:colcon.colcon_core.package_identification:_identify(DeepLabCut/animatronics-ryo-2024-12-18/labeled-data/4B0CCEC3-B219-4C7F-A07C-F0ACDF82976E Copy) by extension 'ignore_ament_install'
[0.141s] Level 1:colcon.colcon_core.package_identification:_identify(DeepLabCut/animatronics-ryo-2024-12-18/labeled-data/4B0CCEC3-B219-4C7F-A07C-F0ACDF82976E Copy) by extensions ['colcon_pkg']
[0.141s] Level 1:colcon.colcon_core.package_identification:_identify(DeepLabCut/animatronics-ryo-2024-12-18/labeled-data/4B0CCEC3-B219-4C7F-A07C-F0ACDF82976E Copy) by extension 'colcon_pkg'
[0.141s] Level 1:colcon.colcon_core.package_identification:_identify(DeepLabCut/animatronics-ryo-2024-12-18/labeled-data/4B0CCEC3-B219-4C7F-A07C-F0ACDF82976E Copy) by extensions ['colcon_meta']
[0.141s] Level 1:colcon.colcon_core.package_identification:_identify(DeepLabCut/animatronics-ryo-2024-12-18/labeled-data/4B0CCEC3-B219-4C7F-A07C-F0ACDF82976E Copy) by extension 'colcon_meta'
[0.141s] Level 1:colcon.colcon_core.package_identification:_identify(DeepLabCut/animatronics-ryo-2024-12-18/labeled-data/4B0CCEC3-B219-4C7F-A07C-F0ACDF82976E Copy) by extensions ['ros']
[0.141s] Level 1:colcon.colcon_core.package_identification:_identify(DeepLabCut/animatronics-ryo-2024-12-18/labeled-data/4B0CCEC3-B219-4C7F-A07C-F0ACDF82976E Copy) by extension 'ros'
[0.141s] Level 1:colcon.colcon_core.package_identification:_identify(DeepLabCut/animatronics-ryo-2024-12-18/labeled-data/4B0CCEC3-B219-4C7F-A07C-F0ACDF82976E Copy) by extensions ['cmake', 'python']
[0.141s] Level 1:colcon.colcon_core.package_identification:_identify(DeepLabCut/animatronics-ryo-2024-12-18/labeled-data/4B0CCEC3-B219-4C7F-A07C-F0ACDF82976E Copy) by extension 'cmake'
[0.141s] Level 1:colcon.colcon_core.package_identification:_identify(DeepLabCut/animatronics-ryo-2024-12-18/labeled-data/4B0CCEC3-B219-4C7F-A07C-F0ACDF82976E Copy) by extension 'python'
[0.141s] Level 1:colcon.colcon_core.package_identification:_identify(DeepLabCut/animatronics-ryo-2024-12-18/labeled-data/4B0CCEC3-B219-4C7F-A07C-F0ACDF82976E Copy) by extensions ['python_setup_py']
[0.141s] Level 1:colcon.colcon_core.package_identification:_identify(DeepLabCut/animatronics-ryo-2024-12-18/labeled-data/4B0CCEC3-B219-4C7F-A07C-F0ACDF82976E Copy) by extension 'python_setup_py'
[0.141s] Level 1:colcon.colcon_core.package_identification:_identify(DeepLabCut/animatronics-ryo-2024-12-18/labeled-data/4B0CCEC3-B219-4C7F-A07C-F0ACDF82976E Copy_labeled) by extensions ['ignore', 'ignore_ament_install']
[0.141s] Level 1:colcon.colcon_core.package_identification:_identify(DeepLabCut/animatronics-ryo-2024-12-18/labeled-data/4B0CCEC3-B219-4C7F-A07C-F0ACDF82976E Copy_labeled) by extension 'ignore'
[0.141s] Level 1:colcon.colcon_core.package_identification:_identify(DeepLabCut/animatronics-ryo-2024-12-18/labeled-data/4B0CCEC3-B219-4C7F-A07C-F0ACDF82976E Copy_labeled) by extension 'ignore_ament_install'
[0.141s] Level 1:colcon.colcon_core.package_identification:_identify(DeepLabCut/animatronics-ryo-2024-12-18/labeled-data/4B0CCEC3-B219-4C7F-A07C-F0ACDF82976E Copy_labeled) by extensions ['colcon_pkg']
[0.141s] Level 1:colcon.colcon_core.package_identification:_identify(DeepLabCut/animatronics-ryo-2024-12-18/labeled-data/4B0CCEC3-B219-4C7F-A07C-F0ACDF82976E Copy_labeled) by extension 'colcon_pkg'
[0.141s] Level 1:colcon.colcon_core.package_identification:_identify(DeepLabCut/animatronics-ryo-2024-12-18/labeled-data/4B0CCEC3-B219-4C7F-A07C-F0ACDF82976E Copy_labeled) by extensions ['colcon_meta']
[0.141s] Level 1:colcon.colcon_core.package_identification:_identify(DeepLabCut/animatronics-ryo-2024-12-18/labeled-data/4B0CCEC3-B219-4C7F-A07C-F0ACDF82976E Copy_labeled) by extension 'colcon_meta'
[0.141s] Level 1:colcon.colcon_core.package_identification:_identify(DeepLabCut/animatronics-ryo-2024-12-18/labeled-data/4B0CCEC3-B219-4C7F-A07C-F0ACDF82976E Copy_labeled) by extensions ['ros']
[0.141s] Level 1:colcon.colcon_core.package_identification:_identify(DeepLabCut/animatronics-ryo-2024-12-18/labeled-data/4B0CCEC3-B219-4C7F-A07C-F0ACDF82976E Copy_labeled) by extension 'ros'
[0.141s] Level 1:colcon.colcon_core.package_identification:_identify(DeepLabCut/animatronics-ryo-2024-12-18/labeled-data/4B0CCEC3-B219-4C7F-A07C-F0ACDF82976E Copy_labeled) by extensions ['cmake', 'python']
[0.141s] Level 1:colcon.colcon_core.package_identification:_identify(DeepLabCut/animatronics-ryo-2024-12-18/labeled-data/4B0CCEC3-B219-4C7F-A07C-F0ACDF82976E Copy_labeled) by extension 'cmake'
[0.141s] Level 1:colcon.colcon_core.package_identification:_identify(DeepLabCut/animatronics-ryo-2024-12-18/labeled-data/4B0CCEC3-B219-4C7F-A07C-F0ACDF82976E Copy_labeled) by extension 'python'
[0.141s] Level 1:colcon.colcon_core.package_identification:_identify(DeepLabCut/animatronics-ryo-2024-12-18/labeled-data/4B0CCEC3-B219-4C7F-A07C-F0ACDF82976E Copy_labeled) by extensions ['python_setup_py']
[0.141s] Level 1:colcon.colcon_core.package_identification:_identify(DeepLabCut/animatronics-ryo-2024-12-18/labeled-data/4B0CCEC3-B219-4C7F-A07C-F0ACDF82976E Copy_labeled) by extension 'python_setup_py'
[0.141s] Level 1:colcon.colcon_core.package_identification:_identify(DeepLabCut/animatronics-ryo-2024-12-18/labeled-data/Raptor1) by extensions ['ignore', 'ignore_ament_install']
[0.141s] Level 1:colcon.colcon_core.package_identification:_identify(DeepLabCut/animatronics-ryo-2024-12-18/labeled-data/Raptor1) by extension 'ignore'
[0.142s] Level 1:colcon.colcon_core.package_identification:_identify(DeepLabCut/animatronics-ryo-2024-12-18/labeled-data/Raptor1) by extension 'ignore_ament_install'
[0.142s] Level 1:colcon.colcon_core.package_identification:_identify(DeepLabCut/animatronics-ryo-2024-12-18/labeled-data/Raptor1) by extensions ['colcon_pkg']
[0.142s] Level 1:colcon.colcon_core.package_identification:_identify(DeepLabCut/animatronics-ryo-2024-12-18/labeled-data/Raptor1) by extension 'colcon_pkg'
[0.142s] Level 1:colcon.colcon_core.package_identification:_identify(DeepLabCut/animatronics-ryo-2024-12-18/labeled-data/Raptor1) by extensions ['colcon_meta']
[0.142s] Level 1:colcon.colcon_core.package_identification:_identify(DeepLabCut/animatronics-ryo-2024-12-18/labeled-data/Raptor1) by extension 'colcon_meta'
[0.142s] Level 1:colcon.colcon_core.package_identification:_identify(DeepLabCut/animatronics-ryo-2024-12-18/labeled-data/Raptor1) by extensions ['ros']
[0.142s] Level 1:colcon.colcon_core.package_identification:_identify(DeepLabCut/animatronics-ryo-2024-12-18/labeled-data/Raptor1) by extension 'ros'
[0.142s] Level 1:colcon.colcon_core.package_identification:_identify(DeepLabCut/animatronics-ryo-2024-12-18/labeled-data/Raptor1) by extensions ['cmake', 'python']
[0.142s] Level 1:colcon.colcon_core.package_identification:_identify(DeepLabCut/animatronics-ryo-2024-12-18/labeled-data/Raptor1) by extension 'cmake'
[0.142s] Level 1:colcon.colcon_core.package_identification:_identify(DeepLabCut/animatronics-ryo-2024-12-18/labeled-data/Raptor1) by extension 'python'
[0.142s] Level 1:colcon.colcon_core.package_identification:_identify(DeepLabCut/animatronics-ryo-2024-12-18/labeled-data/Raptor1) by extensions ['python_setup_py']
[0.142s] Level 1:colcon.colcon_core.package_identification:_identify(DeepLabCut/animatronics-ryo-2024-12-18/labeled-data/Raptor1) by extension 'python_setup_py'
[0.142s] Level 1:colcon.colcon_core.package_identification:_identify(DeepLabCut/animatronics-ryo-2024-12-18/training-datasets) by extensions ['ignore', 'ignore_ament_install']
[0.142s] Level 1:colcon.colcon_core.package_identification:_identify(DeepLabCut/animatronics-ryo-2024-12-18/training-datasets) by extension 'ignore'
[0.142s] Level 1:colcon.colcon_core.package_identification:_identify(DeepLabCut/animatronics-ryo-2024-12-18/training-datasets) by extension 'ignore_ament_install'
[0.142s] Level 1:colcon.colcon_core.package_identification:_identify(DeepLabCut/animatronics-ryo-2024-12-18/training-datasets) by extensions ['colcon_pkg']
[0.142s] Level 1:colcon.colcon_core.package_identification:_identify(DeepLabCut/animatronics-ryo-2024-12-18/training-datasets) by extension 'colcon_pkg'
[0.142s] Level 1:colcon.colcon_core.package_identification:_identify(DeepLabCut/animatronics-ryo-2024-12-18/training-datasets) by extensions ['colcon_meta']
[0.142s] Level 1:colcon.colcon_core.package_identification:_identify(DeepLabCut/animatronics-ryo-2024-12-18/training-datasets) by extension 'colcon_meta'
[0.142s] Level 1:colcon.colcon_core.package_identification:_identify(DeepLabCut/animatronics-ryo-2024-12-18/training-datasets) by extensions ['ros']
[0.142s] Level 1:colcon.colcon_core.package_identification:_identify(DeepLabCut/animatronics-ryo-2024-12-18/training-datasets) by extension 'ros'
[0.142s] Level 1:colcon.colcon_core.package_identification:_identify(DeepLabCut/animatronics-ryo-2024-12-18/training-datasets) by extensions ['cmake', 'python']
[0.142s] Level 1:colcon.colcon_core.package_identification:_identify(DeepLabCut/animatronics-ryo-2024-12-18/training-datasets) by extension 'cmake'
[0.142s] Level 1:colcon.colcon_core.package_identification:_identify(DeepLabCut/animatronics-ryo-2024-12-18/training-datasets) by extension 'python'
[0.142s] Level 1:colcon.colcon_core.package_identification:_identify(DeepLabCut/animatronics-ryo-2024-12-18/training-datasets) by extensions ['python_setup_py']
[0.142s] Level 1:colcon.colcon_core.package_identification:_identify(DeepLabCut/animatronics-ryo-2024-12-18/training-datasets) by extension 'python_setup_py'
[0.142s] Level 1:colcon.colcon_core.package_identification:_identify(DeepLabCut/animatronics-ryo-2024-12-18/training-datasets/iteration-0) by extensions ['ignore', 'ignore_ament_install']
[0.142s] Level 1:colcon.colcon_core.package_identification:_identify(DeepLabCut/animatronics-ryo-2024-12-18/training-datasets/iteration-0) by extension 'ignore'
[0.143s] Level 1:colcon.colcon_core.package_identification:_identify(DeepLabCut/animatronics-ryo-2024-12-18/training-datasets/iteration-0) by extension 'ignore_ament_install'
[0.143s] Level 1:colcon.colcon_core.package_identification:_identify(DeepLabCut/animatronics-ryo-2024-12-18/training-datasets/iteration-0) by extensions ['colcon_pkg']
[0.143s] Level 1:colcon.colcon_core.package_identification:_identify(DeepLabCut/animatronics-ryo-2024-12-18/training-datasets/iteration-0) by extension 'colcon_pkg'
[0.143s] Level 1:colcon.colcon_core.package_identification:_identify(DeepLabCut/animatronics-ryo-2024-12-18/training-datasets/iteration-0) by extensions ['colcon_meta']
[0.143s] Level 1:colcon.colcon_core.package_identification:_identify(DeepLabCut/animatronics-ryo-2024-12-18/training-datasets/iteration-0) by extension 'colcon_meta'
[0.143s] Level 1:colcon.colcon_core.package_identification:_identify(DeepLabCut/animatronics-ryo-2024-12-18/training-datasets/iteration-0) by extensions ['ros']
[0.143s] Level 1:colcon.colcon_core.package_identification:_identify(DeepLabCut/animatronics-ryo-2024-12-18/training-datasets/iteration-0) by extension 'ros'
[0.143s] Level 1:colcon.colcon_core.package_identification:_identify(DeepLabCut/animatronics-ryo-2024-12-18/training-datasets/iteration-0) by extensions ['cmake', 'python']
[0.143s] Level 1:colcon.colcon_core.package_identification:_identify(DeepLabCut/animatronics-ryo-2024-12-18/training-datasets/iteration-0) by extension 'cmake'
[0.143s] Level 1:colcon.colcon_core.package_identification:_identify(DeepLabCut/animatronics-ryo-2024-12-18/training-datasets/iteration-0) by extension 'python'
[0.143s] Level 1:colcon.colcon_core.package_identification:_identify(DeepLabCut/animatronics-ryo-2024-12-18/training-datasets/iteration-0) by extensions ['python_setup_py']
[0.143s] Level 1:colcon.colcon_core.package_identification:_identify(DeepLabCut/animatronics-ryo-2024-12-18/training-datasets/iteration-0) by extension 'python_setup_py'
[0.143s] Level 1:colcon.colcon_core.package_identification:_identify(DeepLabCut/animatronics-ryo-2024-12-18/training-datasets/iteration-0/UnaugmentedDataSet_animatronicsDec18) by extensions ['ignore', 'ignore_ament_install']
[0.143s] Level 1:colcon.colcon_core.package_identification:_identify(DeepLabCut/animatronics-ryo-2024-12-18/training-datasets/iteration-0/UnaugmentedDataSet_animatronicsDec18) by extension 'ignore'
[0.143s] Level 1:colcon.colcon_core.package_identification:_identify(DeepLabCut/animatronics-ryo-2024-12-18/training-datasets/iteration-0/UnaugmentedDataSet_animatronicsDec18) by extension 'ignore_ament_install'
[0.143s] Level 1:colcon.colcon_core.package_identification:_identify(DeepLabCut/animatronics-ryo-2024-12-18/training-datasets/iteration-0/UnaugmentedDataSet_animatronicsDec18) by extensions ['colcon_pkg']
[0.143s] Level 1:colcon.colcon_core.package_identification:_identify(DeepLabCut/animatronics-ryo-2024-12-18/training-datasets/iteration-0/UnaugmentedDataSet_animatronicsDec18) by extension 'colcon_pkg'
[0.143s] Level 1:colcon.colcon_core.package_identification:_identify(DeepLabCut/animatronics-ryo-2024-12-18/training-datasets/iteration-0/UnaugmentedDataSet_animatronicsDec18) by extensions ['colcon_meta']
[0.143s] Level 1:colcon.colcon_core.package_identification:_identify(DeepLabCut/animatronics-ryo-2024-12-18/training-datasets/iteration-0/UnaugmentedDataSet_animatronicsDec18) by extension 'colcon_meta'
[0.143s] Level 1:colcon.colcon_core.package_identification:_identify(DeepLabCut/animatronics-ryo-2024-12-18/training-datasets/iteration-0/UnaugmentedDataSet_animatronicsDec18) by extensions ['ros']
[0.143s] Level 1:colcon.colcon_core.package_identification:_identify(DeepLabCut/animatronics-ryo-2024-12-18/training-datasets/iteration-0/UnaugmentedDataSet_animatronicsDec18) by extension 'ros'
[0.143s] Level 1:colcon.colcon_core.package_identification:_identify(DeepLabCut/animatronics-ryo-2024-12-18/training-datasets/iteration-0/UnaugmentedDataSet_animatronicsDec18) by extensions ['cmake', 'python']
[0.143s] Level 1:colcon.colcon_core.package_identification:_identify(DeepLabCut/animatronics-ryo-2024-12-18/training-datasets/iteration-0/UnaugmentedDataSet_animatronicsDec18) by extension 'cmake'
[0.143s] Level 1:colcon.colcon_core.package_identification:_identify(DeepLabCut/animatronics-ryo-2024-12-18/training-datasets/iteration-0/UnaugmentedDataSet_animatronicsDec18) by extension 'python'
[0.143s] Level 1:colcon.colcon_core.package_identification:_identify(DeepLabCut/animatronics-ryo-2024-12-18/training-datasets/iteration-0/UnaugmentedDataSet_animatronicsDec18) by extensions ['python_setup_py']
[0.143s] Level 1:colcon.colcon_core.package_identification:_identify(DeepLabCut/animatronics-ryo-2024-12-18/training-datasets/iteration-0/UnaugmentedDataSet_animatronicsDec18) by extension 'python_setup_py'
[0.143s] Level 1:colcon.colcon_core.package_identification:_identify(DeepLabCut/animatronics-ryo-2024-12-18/videos) by extensions ['ignore', 'ignore_ament_install']
[0.144s] Level 1:colcon.colcon_core.package_identification:_identify(DeepLabCut/animatronics-ryo-2024-12-18/videos) by extension 'ignore'
[0.144s] Level 1:colcon.colcon_core.package_identification:_identify(DeepLabCut/animatronics-ryo-2024-12-18/videos) by extension 'ignore_ament_install'
[0.144s] Level 1:colcon.colcon_core.package_identification:_identify(DeepLabCut/animatronics-ryo-2024-12-18/videos) by extensions ['colcon_pkg']
[0.144s] Level 1:colcon.colcon_core.package_identification:_identify(DeepLabCut/animatronics-ryo-2024-12-18/videos) by extension 'colcon_pkg'
[0.144s] Level 1:colcon.colcon_core.package_identification:_identify(DeepLabCut/animatronics-ryo-2024-12-18/videos) by extensions ['colcon_meta']
[0.144s] Level 1:colcon.colcon_core.package_identification:_identify(DeepLabCut/animatronics-ryo-2024-12-18/videos) by extension 'colcon_meta'
[0.144s] Level 1:colcon.colcon_core.package_identification:_identify(DeepLabCut/animatronics-ryo-2024-12-18/videos) by extensions ['ros']
[0.144s] Level 1:colcon.colcon_core.package_identification:_identify(DeepLabCut/animatronics-ryo-2024-12-18/videos) by extension 'ros'
[0.144s] Level 1:colcon.colcon_core.package_identification:_identify(DeepLabCut/animatronics-ryo-2024-12-18/videos) by extensions ['cmake', 'python']
[0.144s] Level 1:colcon.colcon_core.package_identification:_identify(DeepLabCut/animatronics-ryo-2024-12-18/videos) by extension 'cmake'
[0.144s] Level 1:colcon.colcon_core.package_identification:_identify(DeepLabCut/animatronics-ryo-2024-12-18/videos) by extension 'python'
[0.144s] Level 1:colcon.colcon_core.package_identification:_identify(DeepLabCut/animatronics-ryo-2024-12-18/videos) by extensions ['python_setup_py']
[0.144s] Level 1:colcon.colcon_core.package_identification:_identify(DeepLabCut/animatronics-ryo-2024-12-18/videos) by extension 'python_setup_py'
[0.144s] Level 1:colcon.colcon_core.package_identification:_identify(build) by extensions ['ignore', 'ignore_ament_install']
[0.144s] Level 1:colcon.colcon_core.package_identification:_identify(build) by extension 'ignore'
[0.144s] Level 1:colcon.colcon_core.package_identification:_identify(build) ignored
[0.144s] Level 1:colcon.colcon_core.package_identification:_identify(controller_publisher) by extensions ['ignore', 'ignore_ament_install']
[0.144s] Level 1:colcon.colcon_core.package_identification:_identify(controller_publisher) by extension 'ignore'
[0.144s] Level 1:colcon.colcon_core.package_identification:_identify(controller_publisher) by extension 'ignore_ament_install'
[0.144s] Level 1:colcon.colcon_core.package_identification:_identify(controller_publisher) by extensions ['colcon_pkg']
[0.144s] Level 1:colcon.colcon_core.package_identification:_identify(controller_publisher) by extension 'colcon_pkg'
[0.144s] Level 1:colcon.colcon_core.package_identification:_identify(controller_publisher) by extensions ['colcon_meta']
[0.144s] Level 1:colcon.colcon_core.package_identification:_identify(controller_publisher) by extension 'colcon_meta'
[0.144s] Level 1:colcon.colcon_core.package_identification:_identify(controller_publisher) by extensions ['ros']
[0.144s] Level 1:colcon.colcon_core.package_identification:_identify(controller_publisher) by extension 'ros'
[0.146s] DEBUG:colcon.colcon_core.package_identification:Package 'controller_publisher' with type 'ros.ament_python' and name 'controller_publisher'
[0.146s] Level 1:colcon.colcon_core.package_identification:_identify(dynamixel_sdk) by extensions ['ignore', 'ignore_ament_install']
[0.146s] Level 1:colcon.colcon_core.package_identification:_identify(dynamixel_sdk) by extension 'ignore'
[0.146s] Level 1:colcon.colcon_core.package_identification:_identify(dynamixel_sdk) by extension 'ignore_ament_install'
[0.146s] Level 1:colcon.colcon_core.package_identification:_identify(dynamixel_sdk) by extensions ['colcon_pkg']
[0.146s] Level 1:colcon.colcon_core.package_identification:_identify(dynamixel_sdk) by extension 'colcon_pkg'
[0.146s] Level 1:colcon.colcon_core.package_identification:_identify(dynamixel_sdk) by extensions ['colcon_meta']
[0.146s] Level 1:colcon.colcon_core.package_identification:_identify(dynamixel_sdk) by extension 'colcon_meta'
[0.146s] Level 1:colcon.colcon_core.package_identification:_identify(dynamixel_sdk) by extensions ['ros']
[0.146s] Level 1:colcon.colcon_core.package_identification:_identify(dynamixel_sdk) by extension 'ros'
[0.147s] DEBUG:colcon.colcon_core.package_identification:Package 'dynamixel_sdk' with type 'ros.ament_cmake' and name 'dynamixel_sdk'
[0.147s] Level 1:colcon.colcon_core.package_identification:_identify(dynamixel_sdk_custom_interfaces) by extensions ['ignore', 'ignore_ament_install']
[0.147s] Level 1:colcon.colcon_core.package_identification:_identify(dynamixel_sdk_custom_interfaces) by extension 'ignore'
[0.147s] Level 1:colcon.colcon_core.package_identification:_identify(dynamixel_sdk_custom_interfaces) by extension 'ignore_ament_install'
[0.147s] Level 1:colcon.colcon_core.package_identification:_identify(dynamixel_sdk_custom_interfaces) by extensions ['colcon_pkg']
[0.147s] Level 1:colcon.colcon_core.package_identification:_identify(dynamixel_sdk_custom_interfaces) by extension 'colcon_pkg'
[0.147s] Level 1:colcon.colcon_core.package_identification:_identify(dynamixel_sdk_custom_interfaces) by extensions ['colcon_meta']
[0.147s] Level 1:colcon.colcon_core.package_identification:_identify(dynamixel_sdk_custom_interfaces) by extension 'colcon_meta'
[0.147s] Level 1:colcon.colcon_core.package_identification:_identify(dynamixel_sdk_custom_interfaces) by extensions ['ros']
[0.147s] Level 1:colcon.colcon_core.package_identification:_identify(dynamixel_sdk_custom_interfaces) by extension 'ros'
[0.147s] DEBUG:colcon.colcon_core.package_identification:Package 'dynamixel_sdk_custom_interfaces' with type 'ros.ament_cmake' and name 'dynamixel_sdk_custom_interfaces'
[0.147s] Level 1:colcon.colcon_core.package_identification:_identify(imu_receiver) by extensions ['ignore', 'ignore_ament_install']
[0.147s] Level 1:colcon.colcon_core.package_identification:_identify(imu_receiver) by extension 'ignore'
[0.148s] Level 1:colcon.colcon_core.package_identification:_identify(imu_receiver) by extension 'ignore_ament_install'
[0.148s] Level 1:colcon.colcon_core.package_identification:_identify(imu_receiver) by extensions ['colcon_pkg']
[0.148s] Level 1:colcon.colcon_core.package_identification:_identify(imu_receiver) by extension 'colcon_pkg'
[0.148s] Level 1:colcon.colcon_core.package_identification:_identify(imu_receiver) by extensions ['colcon_meta']
[0.148s] Level 1:colcon.colcon_core.package_identification:_identify(imu_receiver) by extension 'colcon_meta'
[0.148s] Level 1:colcon.colcon_core.package_identification:_identify(imu_receiver) by extensions ['ros']
[0.148s] Level 1:colcon.colcon_core.package_identification:_identify(imu_receiver) by extension 'ros'
[0.148s] DEBUG:colcon.colcon_core.package_identification:Package 'imu_receiver' with type 'ros.ament_python' and name 'imu_receiver'
[0.148s] Level 1:colcon.colcon_core.package_identification:_identify(install) by extensions ['ignore', 'ignore_ament_install']
[0.148s] Level 1:colcon.colcon_core.package_identification:_identify(install) by extension 'ignore'
[0.148s] Level 1:colcon.colcon_core.package_identification:_identify(install) ignored
[0.148s] Level 1:colcon.colcon_core.package_identification:_identify(log) by extensions ['ignore', 'ignore_ament_install']
[0.148s] Level 1:colcon.colcon_core.package_identification:_identify(log) by extension 'ignore'
[0.148s] Level 1:colcon.colcon_core.package_identification:_identify(log) ignored
[0.148s] Level 1:colcon.colcon_core.package_identification:_identify(motor_command_msg) by extensions ['ignore', 'ignore_ament_install']
[0.148s] Level 1:colcon.colcon_core.package_identification:_identify(motor_command_msg) by extension 'ignore'
[0.149s] Level 1:colcon.colcon_core.package_identification:_identify(motor_command_msg) by extension 'ignore_ament_install'
[0.149s] Level 1:colcon.colcon_core.package_identification:_identify(motor_command_msg) by extensions ['colcon_pkg']
[0.149s] Level 1:colcon.colcon_core.package_identification:_identify(motor_command_msg) by extension 'colcon_pkg'
[0.149s] Level 1:colcon.colcon_core.package_identification:_identify(motor_command_msg) by extensions ['colcon_meta']
[0.149s] Level 1:colcon.colcon_core.package_identification:_identify(motor_command_msg) by extension 'colcon_meta'
[0.149s] Level 1:colcon.colcon_core.package_identification:_identify(motor_command_msg) by extensions ['ros']
[0.149s] Level 1:colcon.colcon_core.package_identification:_identify(motor_command_msg) by extension 'ros'
[0.149s] DEBUG:colcon.colcon_core.package_identification:Package 'motor_command_msg' with type 'ros.ament_cmake' and name 'motor_command_msg'
[0.149s] Level 1:colcon.colcon_core.package_identification:_identify(motor_controller) by extensions ['ignore', 'ignore_ament_install']
[0.149s] Level 1:colcon.colcon_core.package_identification:_identify(motor_controller) by extension 'ignore'
[0.149s] Level 1:colcon.colcon_core.package_identification:_identify(motor_controller) by extension 'ignore_ament_install'
[0.149s] Level 1:colcon.colcon_core.package_identification:_identify(motor_controller) by extensions ['colcon_pkg']
[0.149s] Level 1:colcon.colcon_core.package_identification:_identify(motor_controller) by extension 'colcon_pkg'
[0.149s] Level 1:colcon.colcon_core.package_identification:_identify(motor_controller) by extensions ['colcon_meta']
[0.149s] Level 1:colcon.colcon_core.package_identification:_identify(motor_controller) by extension 'colcon_meta'
[0.149s] Level 1:colcon.colcon_core.package_identification:_identify(motor_controller) by extensions ['ros']
[0.149s] Level 1:colcon.colcon_core.package_identification:_identify(motor_controller) by extension 'ros'
[0.150s] DEBUG:colcon.colcon_core.package_identification:Package 'motor_controller' with type 'ros.ament_python' and name 'motor_controller'
[0.150s] Level 1:colcon.colcon_core.package_identification:_identify(system_controller) by extensions ['ignore', 'ignore_ament_install']
[0.150s] Level 1:colcon.colcon_core.package_identification:_identify(system_controller) by extension 'ignore'
[0.150s] Level 1:colcon.colcon_core.package_identification:_identify(system_controller) by extension 'ignore_ament_install'
[0.150s] Level 1:colcon.colcon_core.package_identification:_identify(system_controller) by extensions ['colcon_pkg']
[0.150s] Level 1:colcon.colcon_core.package_identification:_identify(system_controller) by extension 'colcon_pkg'
[0.150s] Level 1:colcon.colcon_core.package_identification:_identify(system_controller) by extensions ['colcon_meta']
[0.150s] Level 1:colcon.colcon_core.package_identification:_identify(system_controller) by extension 'colcon_meta'
[0.150s] Level 1:colcon.colcon_core.package_identification:_identify(system_controller) by extensions ['ros']
[0.150s] Level 1:colcon.colcon_core.package_identification:_identify(system_controller) by extension 'ros'
[0.151s] DEBUG:colcon.colcon_core.package_identification:Package 'system_controller' with type 'ros.ament_python' and name 'system_controller'
[0.151s] Level 1:colcon.colcon_core.package_discovery:discover_packages(recursive) using defaults
[0.151s] Level 1:colcon.colcon_core.package_discovery:discover_packages(ignore) discover
[0.151s] Level 1:colcon.colcon_core.package_discovery:discover_packages(ignore) using defaults
[0.151s] Level 1:colcon.colcon_core.package_discovery:discover_packages(path) discover
[0.151s] Level 1:colcon.colcon_core.package_discovery:discover_packages(path) using defaults
[0.163s] Level 1:colcon.colcon_core.package_discovery:discover_packages(prefix_path) check parameters
[0.163s] Level 1:colcon.colcon_core.package_discovery:discover_packages(prefix_path) discover
[0.164s] DEBUG:colcon.colcon_installed_package_information.package_discovery:Found 7 installed packages in /home/cvl/CS_Animatronics/src/install
[0.165s] DEBUG:colcon.colcon_installed_package_information.package_discovery:Found 285 installed packages in /opt/ros/jazzy
[0.166s] Level 1:colcon.colcon_core.package_discovery:discover_packages(prefix_path) using defaults
[0.199s] Level 5:colcon.colcon_core.verb:set package 'controller_publisher' build argument 'cmake_args' from command line to 'None'
[0.199s] Level 5:colcon.colcon_core.verb:set package 'controller_publisher' build argument 'cmake_target' from command line to 'None'
[0.199s] Level 5:colcon.colcon_core.verb:set package 'controller_publisher' build argument 'cmake_target_skip_unavailable' from command line to 'False'
[0.199s] Level 5:colcon.colcon_core.verb:set package 'controller_publisher' build argument 'cmake_clean_cache' from command line to 'False'
[0.199s] Level 5:colcon.colcon_core.verb:set package 'controller_publisher' build argument 'cmake_clean_first' from command line to 'False'
[0.199s] Level 5:colcon.colcon_core.verb:set package 'controller_publisher' build argument 'cmake_force_configure' from command line to 'False'
[0.199s] Level 5:colcon.colcon_core.verb:set package 'controller_publisher' build argument 'ament_cmake_args' from command line to 'None'
[0.199s] Level 5:colcon.colcon_core.verb:set package 'controller_publisher' build argument 'catkin_cmake_args' from command line to 'None'
[0.199s] Level 5:colcon.colcon_core.verb:set package 'controller_publisher' build argument 'catkin_skip_building_tests' from command line to 'False'
[0.199s] DEBUG:colcon.colcon_core.verb:Building package 'controller_publisher' with the following arguments: {'ament_cmake_args': None, 'build_base': '/home/cvl/CS_Animatronics/src/build/controller_publisher', 'catkin_cmake_args': None, 'catkin_skip_building_tests': False, 'cmake_args': None, 'cmake_clean_cache': False, 'cmake_clean_first': False, 'cmake_force_configure': False, 'cmake_target': None, 'cmake_target_skip_unavailable': False, 'install_base': '/home/cvl/CS_Animatronics/src/install/controller_publisher', 'merge_install': False, 'path': '/home/cvl/CS_Animatronics/src/controller_publisher', 'symlink_install': False, 'test_result_base': None}
[0.199s] Level 5:colcon.colcon_core.verb:set package 'dynamixel_sdk' build argument 'cmake_args' from command line to 'None'
[0.199s] Level 5:colcon.colcon_core.verb:set package 'dynamixel_sdk' build argument 'cmake_target' from command line to 'None'
[0.199s] Level 5:colcon.colcon_core.verb:set package 'dynamixel_sdk' build argument 'cmake_target_skip_unavailable' from command line to 'False'
[0.199s] Level 5:colcon.colcon_core.verb:set package 'dynamixel_sdk' build argument 'cmake_clean_cache' from command line to 'False'
[0.199s] Level 5:colcon.colcon_core.verb:set package 'dynamixel_sdk' build argument 'cmake_clean_first' from command line to 'False'
[0.199s] Level 5:colcon.colcon_core.verb:set package 'dynamixel_sdk' build argument 'cmake_force_configure' from command line to 'False'
[0.199s] Level 5:colcon.colcon_core.verb:set package 'dynamixel_sdk' build argument 'ament_cmake_args' from command line to 'None'
[0.199s] Level 5:colcon.colcon_core.verb:set package 'dynamixel_sdk' build argument 'catkin_cmake_args' from command line to 'None'
[0.199s] Level 5:colcon.colcon_core.verb:set package 'dynamixel_sdk' build argument 'catkin_skip_building_tests' from command line to 'False'
[0.199s] DEBUG:colcon.colcon_core.verb:Building package 'dynamixel_sdk' with the following arguments: {'ament_cmake_args': None, 'build_base': '/home/cvl/CS_Animatronics/src/build/dynamixel_sdk', 'catkin_cmake_args': None, 'catkin_skip_building_tests': False, 'cmake_args': None, 'cmake_clean_cache': False, 'cmake_clean_first': False, 'cmake_force_configure': False, 'cmake_target': None, 'cmake_target_skip_unavailable': False, 'install_base': '/home/cvl/CS_Animatronics/src/install/dynamixel_sdk', 'merge_install': False, 'path': '/home/cvl/CS_Animatronics/src/dynamixel_sdk', 'symlink_install': False, 'test_result_base': None}
[0.200s] Level 5:colcon.colcon_core.verb:set package 'dynamixel_sdk_custom_interfaces' build argument 'cmake_args' from command line to 'None'
[0.200s] Level 5:colcon.colcon_core.verb:set package 'dynamixel_sdk_custom_interfaces' build argument 'cmake_target' from command line to 'None'
[0.200s] Level 5:colcon.colcon_core.verb:set package 'dynamixel_sdk_custom_interfaces' build argument 'cmake_target_skip_unavailable' from command line to 'False'
[0.200s] Level 5:colcon.colcon_core.verb:set package 'dynamixel_sdk_custom_interfaces' build argument 'cmake_clean_cache' from command line to 'False'
[0.200s] Level 5:colcon.colcon_core.verb:set package 'dynamixel_sdk_custom_interfaces' build argument 'cmake_clean_first' from command line to 'False'
[0.200s] Level 5:colcon.colcon_core.verb:set package 'dynamixel_sdk_custom_interfaces' build argument 'cmake_force_configure' from command line to 'False'
[0.200s] Level 5:colcon.colcon_core.verb:set package 'dynamixel_sdk_custom_interfaces' build argument 'ament_cmake_args' from command line to 'None'
[0.200s] Level 5:colcon.colcon_core.verb:set package 'dynamixel_sdk_custom_interfaces' build argument 'catkin_cmake_args' from command line to 'None'
[0.200s] Level 5:colcon.colcon_core.verb:set package 'dynamixel_sdk_custom_interfaces' build argument 'catkin_skip_building_tests' from command line to 'False'
[0.200s] DEBUG:colcon.colcon_core.verb:Building package 'dynamixel_sdk_custom_interfaces' with the following arguments: {'ament_cmake_args': None, 'build_base': '/home/cvl/CS_Animatronics/src/build/dynamixel_sdk_custom_interfaces', 'catkin_cmake_args': None, 'catkin_skip_building_tests': False, 'cmake_args': None, 'cmake_clean_cache': False, 'cmake_clean_first': False, 'cmake_force_configure': False, 'cmake_target': None, 'cmake_target_skip_unavailable': False, 'install_base': '/home/cvl/CS_Animatronics/src/install/dynamixel_sdk_custom_interfaces', 'merge_install': False, 'path': '/home/cvl/CS_Animatronics/src/dynamixel_sdk_custom_interfaces', 'symlink_install': False, 'test_result_base': None}
[0.200s] Level 5:colcon.colcon_core.verb:set package 'imu_receiver' build argument 'cmake_args' from command line to 'None'
[0.200s] Level 5:colcon.colcon_core.verb:set package 'imu_receiver' build argument 'cmake_target' from command line to 'None'
[0.200s] Level 5:colcon.colcon_core.verb:set package 'imu_receiver' build argument 'cmake_target_skip_unavailable' from command line to 'False'
[0.200s] Level 5:colcon.colcon_core.verb:set package 'imu_receiver' build argument 'cmake_clean_cache' from command line to 'False'
[0.200s] Level 5:colcon.colcon_core.verb:set package 'imu_receiver' build argument 'cmake_clean_first' from command line to 'False'
[0.200s] Level 5:colcon.colcon_core.verb:set package 'imu_receiver' build argument 'cmake_force_configure' from command line to 'False'
[0.200s] Level 5:colcon.colcon_core.verb:set package 'imu_receiver' build argument 'ament_cmake_args' from command line to 'None'
[0.200s] Level 5:colcon.colcon_core.verb:set package 'imu_receiver' build argument 'catkin_cmake_args' from command line to 'None'
[0.200s] Level 5:colcon.colcon_core.verb:set package 'imu_receiver' build argument 'catkin_skip_building_tests' from command line to 'False'
[0.200s] DEBUG:colcon.colcon_core.verb:Building package 'imu_receiver' with the following arguments: {'ament_cmake_args': None, 'build_base': '/home/cvl/CS_Animatronics/src/build/imu_receiver', 'catkin_cmake_args': None, 'catkin_skip_building_tests': False, 'cmake_args': None, 'cmake_clean_cache': False, 'cmake_clean_first': False, 'cmake_force_configure': False, 'cmake_target': None, 'cmake_target_skip_unavailable': False, 'install_base': '/home/cvl/CS_Animatronics/src/install/imu_receiver', 'merge_install': False, 'path': '/home/cvl/CS_Animatronics/src/imu_receiver', 'symlink_install': False, 'test_result_base': None}
[0.200s] Level 5:colcon.colcon_core.verb:set package 'motor_command_msg' build argument 'cmake_args' from command line to 'None'
[0.200s] Level 5:colcon.colcon_core.verb:set package 'motor_command_msg' build argument 'cmake_target' from command line to 'None'
[0.200s] Level 5:colcon.colcon_core.verb:set package 'motor_command_msg' build argument 'cmake_target_skip_unavailable' from command line to 'False'
[0.200s] Level 5:colcon.colcon_core.verb:set package 'motor_command_msg' build argument 'cmake_clean_cache' from command line to 'False'
[0.200s] Level 5:colcon.colcon_core.verb:set package 'motor_command_msg' build argument 'cmake_clean_first' from command line to 'False'
[0.200s] Level 5:colcon.colcon_core.verb:set package 'motor_command_msg' build argument 'cmake_force_configure' from command line to 'False'
[0.200s] Level 5:colcon.colcon_core.verb:set package 'motor_command_msg' build argument 'ament_cmake_args' from command line to 'None'
[0.200s] Level 5:colcon.colcon_core.verb:set package 'motor_command_msg' build argument 'catkin_cmake_args' from command line to 'None'
[0.200s] Level 5:colcon.colcon_core.verb:set package 'motor_command_msg' build argument 'catkin_skip_building_tests' from command line to 'False'
[0.200s] DEBUG:colcon.colcon_core.verb:Building package 'motor_command_msg' with the following arguments: {'ament_cmake_args': None, 'build_base': '/home/cvl/CS_Animatronics/src/build/motor_command_msg', 'catkin_cmake_args': None, 'catkin_skip_building_tests': False, 'cmake_args': None, 'cmake_clean_cache': False, 'cmake_clean_first': False, 'cmake_force_configure': False, 'cmake_target': None, 'cmake_target_skip_unavailable': False, 'install_base': '/home/cvl/CS_Animatronics/src/install/motor_command_msg', 'merge_install': False, 'path': '/home/cvl/CS_Animatronics/src/motor_command_msg', 'symlink_install': False, 'test_result_base': None}
[0.201s] Level 5:colcon.colcon_core.verb:set package 'motor_controller' build argument 'cmake_args' from command line to 'None'
[0.201s] Level 5:colcon.colcon_core.verb:set package 'motor_controller' build argument 'cmake_target' from command line to 'None'
[0.201s] Level 5:colcon.colcon_core.verb:set package 'motor_controller' build argument 'cmake_target_skip_unavailable' from command line to 'False'
[0.201s] Level 5:colcon.colcon_core.verb:set package 'motor_controller' build argument 'cmake_clean_cache' from command line to 'False'
[0.201s] Level 5:colcon.colcon_core.verb:set package 'motor_controller' build argument 'cmake_clean_first' from command line to 'False'
[0.201s] Level 5:colcon.colcon_core.verb:set package 'motor_controller' build argument 'cmake_force_configure' from command line to 'False'
[0.201s] Level 5:colcon.colcon_core.verb:set package 'motor_controller' build argument 'ament_cmake_args' from command line to 'None'
[0.201s] Level 5:colcon.colcon_core.verb:set package 'motor_controller' build argument 'catkin_cmake_args' from command line to 'None'
[0.201s] Level 5:colcon.colcon_core.verb:set package 'motor_controller' build argument 'catkin_skip_building_tests' from command line to 'False'
[0.201s] DEBUG:colcon.colcon_core.verb:Building package 'motor_controller' with the following arguments: {'ament_cmake_args': None, 'build_base': '/home/cvl/CS_Animatronics/src/build/motor_controller', 'catkin_cmake_args': None, 'catkin_skip_building_tests': False, 'cmake_args': None, 'cmake_clean_cache': False, 'cmake_clean_first': False, 'cmake_force_configure': False, 'cmake_target': None, 'cmake_target_skip_unavailable': False, 'install_base': '/home/cvl/CS_Animatronics/src/install/motor_controller', 'merge_install': False, 'path': '/home/cvl/CS_Animatronics/src/motor_controller', 'symlink_install': False, 'test_result_base': None}
[0.201s] Level 5:colcon.colcon_core.verb:set package 'system_controller' build argument 'cmake_args' from command line to 'None'
[0.201s] Level 5:colcon.colcon_core.verb:set package 'system_controller' build argument 'cmake_target' from command line to 'None'
[0.201s] Level 5:colcon.colcon_core.verb:set package 'system_controller' build argument 'cmake_target_skip_unavailable' from command line to 'False'
[0.201s] Level 5:colcon.colcon_core.verb:set package 'system_controller' build argument 'cmake_clean_cache' from command line to 'False'
[0.201s] Level 5:colcon.colcon_core.verb:set package 'system_controller' build argument 'cmake_clean_first' from command line to 'False'
[0.201s] Level 5:colcon.colcon_core.verb:set package 'system_controller' build argument 'cmake_force_configure' from command line to 'False'
[0.201s] Level 5:colcon.colcon_core.verb:set package 'system_controller' build argument 'ament_cmake_args' from command line to 'None'
[0.201s] Level 5:colcon.colcon_core.verb:set package 'system_controller' build argument 'catkin_cmake_args' from command line to 'None'
[0.201s] Level 5:colcon.colcon_core.verb:set package 'system_controller' build argument 'catkin_skip_building_tests' from command line to 'False'
[0.201s] DEBUG:colcon.colcon_core.verb:Building package 'system_controller' with the following arguments: {'ament_cmake_args': None, 'build_base': '/home/cvl/CS_Animatronics/src/build/system_controller', 'catkin_cmake_args': None, 'catkin_skip_building_tests': False, 'cmake_args': None, 'cmake_clean_cache': False, 'cmake_clean_first': False, 'cmake_force_configure': False, 'cmake_target': None, 'cmake_target_skip_unavailable': False, 'install_base': '/home/cvl/CS_Animatronics/src/install/system_controller', 'merge_install': False, 'path': '/home/cvl/CS_Animatronics/src/system_controller', 'symlink_install': False, 'test_result_base': None}
[0.201s] INFO:colcon.colcon_core.executor:Executing jobs using 'parallel' executor
[0.202s] DEBUG:colcon.colcon_parallel_executor.executor.parallel:run_until_complete
[0.202s] INFO:colcon.colcon_ros.task.ament_cmake.build:Building ROS package in '/home/cvl/CS_Animatronics/src/motor_command_msg' with build type 'ament_cmake'
[0.202s] INFO:colcon.colcon_cmake.task.cmake.build:Building CMake package in '/home/cvl/CS_Animatronics/src/motor_command_msg'
[0.204s] INFO:colcon.colcon_core.plugin_system:Skipping extension 'colcon_core.shell.bat': Not used on non-Windows systems
[0.204s] INFO:colcon.colcon_core.shell:Skip shell extension 'powershell' for command environment: Not usable outside of PowerShell
[0.204s] DEBUG:colcon.colcon_core.shell:Skip shell extension 'dsv' for command environment
[0.206s] INFO:colcon.colcon_ros.task.ament_cmake.build:Building ROS package in '/home/cvl/CS_Animatronics/src/dynamixel_sdk' with build type 'ament_cmake'
[0.206s] INFO:colcon.colcon_cmake.task.cmake.build:Building CMake package in '/home/cvl/CS_Animatronics/src/dynamixel_sdk'
[0.206s] INFO:colcon.colcon_core.shell:Skip shell extension 'powershell' for command environment: Not usable outside of PowerShell
[0.206s] DEBUG:colcon.colcon_core.shell:Skip shell extension 'dsv' for command environment
[0.209s] INFO:colcon.colcon_ros.task.ament_cmake.build:Building ROS package in '/home/cvl/CS_Animatronics/src/dynamixel_sdk_custom_interfaces' with build type 'ament_cmake'
[0.209s] INFO:colcon.colcon_cmake.task.cmake.build:Building CMake package in '/home/cvl/CS_Animatronics/src/dynamixel_sdk_custom_interfaces'
[0.209s] INFO:colcon.colcon_core.shell:Skip shell extension 'powershell' for command environment: Not usable outside of PowerShell
[0.209s] DEBUG:colcon.colcon_core.shell:Skip shell extension 'dsv' for command environment
[0.211s] INFO:colcon.colcon_ros.task.ament_python.build:Building ROS package in '/home/cvl/CS_Animatronics/src/controller_publisher' with build type 'ament_python'
[0.211s] Level 1:colcon.colcon_core.shell:create_environment_hook('controller_publisher', 'ament_prefix_path')
[0.212s] INFO:colcon.colcon_core.shell:Creating environment hook '/home/cvl/CS_Animatronics/src/install/controller_publisher/share/controller_publisher/hook/ament_prefix_path.ps1'
[0.212s] INFO:colcon.colcon_core.shell:Creating environment descriptor '/home/cvl/CS_Animatronics/src/install/controller_publisher/share/controller_publisher/hook/ament_prefix_path.dsv'
[0.212s] INFO:colcon.colcon_core.shell:Creating environment hook '/home/cvl/CS_Animatronics/src/install/controller_publisher/share/controller_publisher/hook/ament_prefix_path.sh'
[0.213s] INFO:colcon.colcon_core.shell:Skip shell extension 'powershell' for command environment: Not usable outside of PowerShell
[0.213s] DEBUG:colcon.colcon_core.shell:Skip shell extension 'dsv' for command environment
[0.215s] INFO:colcon.colcon_ros.task.ament_python.build:Building ROS package in '/home/cvl/CS_Animatronics/src/imu_receiver' with build type 'ament_python'
[0.215s] Level 1:colcon.colcon_core.shell:create_environment_hook('imu_receiver', 'ament_prefix_path')
[0.215s] INFO:colcon.colcon_core.shell:Creating environment hook '/home/cvl/CS_Animatronics/src/install/imu_receiver/share/imu_receiver/hook/ament_prefix_path.ps1'
[0.215s] INFO:colcon.colcon_core.shell:Creating environment descriptor '/home/cvl/CS_Animatronics/src/install/imu_receiver/share/imu_receiver/hook/ament_prefix_path.dsv'
[0.216s] INFO:colcon.colcon_core.shell:Creating environment hook '/home/cvl/CS_Animatronics/src/install/imu_receiver/share/imu_receiver/hook/ament_prefix_path.sh'
[0.216s] INFO:colcon.colcon_core.shell:Skip shell extension 'powershell' for command environment: Not usable outside of PowerShell
[0.216s] DEBUG:colcon.colcon_core.shell:Skip shell extension 'dsv' for command environment
[0.222s] DEBUG:colcon.colcon_core.event_handler.log_command:Invoking command in '/home/cvl/CS_Animatronics/src/build/motor_command_msg': CMAKE_PREFIX_PATH=${CMAKE_PREFIX_PATH}:/home/cvl/CS_Animatronics/src/install/system_controller:/home/cvl/CS_Animatronics/src/install/motor_controller:/home/cvl/CS_Animatronics/src/install/imu_receiver:/home/cvl/CS_Animatronics/src/install/controller_publisher:/opt/ros/jazzy DEBUGINFOD_URLS=https://debuginfod.ubuntu.com /usr/bin/cmake --build /home/cvl/CS_Animatronics/src/build/motor_command_msg -- -j20 -l20
[0.223s] DEBUG:colcon.colcon_core.event_handler.log_command:Invoking command in '/home/cvl/CS_Animatronics/src/build/dynamixel_sdk': CMAKE_PREFIX_PATH=${CMAKE_PREFIX_PATH}:/home/cvl/CS_Animatronics/src/install/system_controller:/home/cvl/CS_Animatronics/src/install/motor_controller:/home/cvl/CS_Animatronics/src/install/imu_receiver:/home/cvl/CS_Animatronics/src/install/controller_publisher:/opt/ros/jazzy DEBUGINFOD_URLS=https://debuginfod.ubuntu.com /usr/bin/cmake --build /home/cvl/CS_Animatronics/src/build/dynamixel_sdk -- -j20 -l20
[0.224s] DEBUG:colcon.colcon_core.event_handler.log_command:Invoking command in '/home/cvl/CS_Animatronics/src/build/dynamixel_sdk_custom_interfaces': CMAKE_PREFIX_PATH=${CMAKE_PREFIX_PATH}:/home/cvl/CS_Animatronics/src/install/system_controller:/home/cvl/CS_Animatronics/src/install/motor_controller:/home/cvl/CS_Animatronics/src/install/imu_receiver:/home/cvl/CS_Animatronics/src/install/controller_publisher:/opt/ros/jazzy DEBUGINFOD_URLS=https://debuginfod.ubuntu.com /usr/bin/cmake --build /home/cvl/CS_Animatronics/src/build/dynamixel_sdk_custom_interfaces -- -j20 -l20
[0.407s] INFO:colcon.colcon_core.task.python.build:Building Python package in '/home/cvl/CS_Animatronics/src/controller_publisher'
[0.407s] INFO:colcon.colcon_core.shell:Skip shell extension 'powershell' for command environment: Not usable outside of PowerShell
[0.407s] DEBUG:colcon.colcon_core.shell:Skip shell extension 'dsv' for command environment
[0.577s] INFO:colcon.colcon_core.task.python.build:Building Python package in '/home/cvl/CS_Animatronics/src/imu_receiver'
[0.577s] INFO:colcon.colcon_core.shell:Skip shell extension 'powershell' for command environment: Not usable outside of PowerShell
[0.577s] DEBUG:colcon.colcon_core.shell:Skip shell extension 'dsv' for command environment
[0.580s] DEBUG:colcon.colcon_core.event_handler.log_command:Invoked command in '/home/cvl/CS_Animatronics/src/build/dynamixel_sdk' returned '0': CMAKE_PREFIX_PATH=${CMAKE_PREFIX_PATH}:/home/cvl/CS_Animatronics/src/install/system_controller:/home/cvl/CS_Animatronics/src/install/motor_controller:/home/cvl/CS_Animatronics/src/install/imu_receiver:/home/cvl/CS_Animatronics/src/install/controller_publisher:/opt/ros/jazzy DEBUGINFOD_URLS=https://debuginfod.ubuntu.com /usr/bin/cmake --build /home/cvl/CS_Animatronics/src/build/dynamixel_sdk -- -j20 -l20
[0.585s] DEBUG:colcon.colcon_core.event_handler.log_command:Invoking command in '/home/cvl/CS_Animatronics/src/build/dynamixel_sdk': CMAKE_PREFIX_PATH=${CMAKE_PREFIX_PATH}:/home/cvl/CS_Animatronics/src/install/system_controller:/home/cvl/CS_Animatronics/src/install/motor_controller:/home/cvl/CS_Animatronics/src/install/imu_receiver:/home/cvl/CS_Animatronics/src/install/controller_publisher:/opt/ros/jazzy DEBUGINFOD_URLS=https://debuginfod.ubuntu.com /usr/bin/cmake --install /home/cvl/CS_Animatronics/src/build/dynamixel_sdk
[0.588s] DEBUG:colcon.colcon_core.event_handler.log_command:Invoked command in '/home/cvl/CS_Animatronics/src/build/motor_command_msg' returned '0': CMAKE_PREFIX_PATH=${CMAKE_PREFIX_PATH}:/home/cvl/CS_Animatronics/src/install/system_controller:/home/cvl/CS_Animatronics/src/install/motor_controller:/home/cvl/CS_Animatronics/src/install/imu_receiver:/home/cvl/CS_Animatronics/src/install/controller_publisher:/opt/ros/jazzy DEBUGINFOD_URLS=https://debuginfod.ubuntu.com /usr/bin/cmake --build /home/cvl/CS_Animatronics/src/build/motor_command_msg -- -j20 -l20
[0.588s] DEBUG:colcon.colcon_core.event_handler.log_command:Invoking command in '/home/cvl/CS_Animatronics/src/build/motor_command_msg': CMAKE_PREFIX_PATH=${CMAKE_PREFIX_PATH}:/home/cvl/CS_Animatronics/src/install/system_controller:/home/cvl/CS_Animatronics/src/install/motor_controller:/home/cvl/CS_Animatronics/src/install/imu_receiver:/home/cvl/CS_Animatronics/src/install/controller_publisher:/opt/ros/jazzy DEBUGINFOD_URLS=https://debuginfod.ubuntu.com /usr/bin/cmake --install /home/cvl/CS_Animatronics/src/build/motor_command_msg
[0.588s] DEBUG:colcon.colcon_core.event_handler.log_command:Invoked command in '/home/cvl/CS_Animatronics/src/build/dynamixel_sdk_custom_interfaces' returned '0': CMAKE_PREFIX_PATH=${CMAKE_PREFIX_PATH}:/home/cvl/CS_Animatronics/src/install/system_controller:/home/cvl/CS_Animatronics/src/install/motor_controller:/home/cvl/CS_Animatronics/src/install/imu_receiver:/home/cvl/CS_Animatronics/src/install/controller_publisher:/opt/ros/jazzy DEBUGINFOD_URLS=https://debuginfod.ubuntu.com /usr/bin/cmake --build /home/cvl/CS_Animatronics/src/build/dynamixel_sdk_custom_interfaces -- -j20 -l20
[0.589s] DEBUG:colcon.colcon_core.event_handler.log_command:Invoking command in '/home/cvl/CS_Animatronics/src/build/dynamixel_sdk_custom_interfaces': CMAKE_PREFIX_PATH=${CMAKE_PREFIX_PATH}:/home/cvl/CS_Animatronics/src/install/system_controller:/home/cvl/CS_Animatronics/src/install/motor_controller:/home/cvl/CS_Animatronics/src/install/imu_receiver:/home/cvl/CS_Animatronics/src/install/controller_publisher:/opt/ros/jazzy DEBUGINFOD_URLS=https://debuginfod.ubuntu.com /usr/bin/cmake --install /home/cvl/CS_Animatronics/src/build/dynamixel_sdk_custom_interfaces
[0.593s] Level 1:colcon.colcon_core.environment:create_environment_scripts_only(dynamixel_sdk)
[0.593s] DEBUG:colcon.colcon_core.event_handler.log_command:Invoked command in '/home/cvl/CS_Animatronics/src/build/dynamixel_sdk' returned '0': CMAKE_PREFIX_PATH=${CMAKE_PREFIX_PATH}:/home/cvl/CS_Animatronics/src/install/system_controller:/home/cvl/CS_Animatronics/src/install/motor_controller:/home/cvl/CS_Animatronics/src/install/imu_receiver:/home/cvl/CS_Animatronics/src/install/controller_publisher:/opt/ros/jazzy DEBUGINFOD_URLS=https://debuginfod.ubuntu.com /usr/bin/cmake --install /home/cvl/CS_Animatronics/src/build/dynamixel_sdk
[0.607s] Level 1:colcon.colcon_core.environment:checking '/home/cvl/CS_Animatronics/src/install/dynamixel_sdk' for CMake module files
[0.607s] Level 1:colcon.colcon_core.environment:checking '/home/cvl/CS_Animatronics/src/install/dynamixel_sdk' for CMake config files
[0.607s] Level 1:colcon.colcon_core.shell:create_environment_hook('dynamixel_sdk', 'cmake_prefix_path')
[0.608s] INFO:colcon.colcon_core.shell:Creating environment hook '/home/cvl/CS_Animatronics/src/install/dynamixel_sdk/share/dynamixel_sdk/hook/cmake_prefix_path.ps1'
[0.608s] INFO:colcon.colcon_core.shell:Creating environment descriptor '/home/cvl/CS_Animatronics/src/install/dynamixel_sdk/share/dynamixel_sdk/hook/cmake_prefix_path.dsv'
[0.608s] INFO:colcon.colcon_core.shell:Creating environment hook '/home/cvl/CS_Animatronics/src/install/dynamixel_sdk/share/dynamixel_sdk/hook/cmake_prefix_path.sh'
[0.609s] Level 1:colcon.colcon_core.environment:checking '/home/cvl/CS_Animatronics/src/install/dynamixel_sdk/lib'
[0.609s] Level 1:colcon.colcon_core.shell:create_environment_hook('dynamixel_sdk', 'ld_library_path_lib')
[0.609s] INFO:colcon.colcon_core.shell:Creating environment hook '/home/cvl/CS_Animatronics/src/install/dynamixel_sdk/share/dynamixel_sdk/hook/ld_library_path_lib.ps1'
[0.609s] INFO:colcon.colcon_core.shell:Creating environment descriptor '/home/cvl/CS_Animatronics/src/install/dynamixel_sdk/share/dynamixel_sdk/hook/ld_library_path_lib.dsv'
[0.609s] INFO:colcon.colcon_core.shell:Creating environment hook '/home/cvl/CS_Animatronics/src/install/dynamixel_sdk/share/dynamixel_sdk/hook/ld_library_path_lib.sh'
[0.610s] Level 1:colcon.colcon_core.environment:checking '/home/cvl/CS_Animatronics/src/install/dynamixel_sdk/bin'
[0.610s] Level 1:colcon.colcon_core.environment:checking '/home/cvl/CS_Animatronics/src/install/dynamixel_sdk/lib/pkgconfig/dynamixel_sdk.pc'
[0.610s] Level 1:colcon.colcon_core.environment:checking '/home/cvl/CS_Animatronics/src/install/dynamixel_sdk/lib/python3.12/site-packages'
[0.610s] Level 1:colcon.colcon_core.environment:checking '/home/cvl/CS_Animatronics/src/install/dynamixel_sdk/bin'
[0.610s] INFO:colcon.colcon_core.shell:Creating package script '/home/cvl/CS_Animatronics/src/install/dynamixel_sdk/share/dynamixel_sdk/package.ps1'
[0.611s] INFO:colcon.colcon_core.shell:Creating package descriptor '/home/cvl/CS_Animatronics/src/install/dynamixel_sdk/share/dynamixel_sdk/package.dsv'
[0.611s] INFO:colcon.colcon_core.shell:Creating package script '/home/cvl/CS_Animatronics/src/install/dynamixel_sdk/share/dynamixel_sdk/package.sh'
[0.612s] INFO:colcon.colcon_core.shell:Creating package script '/home/cvl/CS_Animatronics/src/install/dynamixel_sdk/share/dynamixel_sdk/package.bash'
[0.612s] INFO:colcon.colcon_core.shell:Creating package script '/home/cvl/CS_Animatronics/src/install/dynamixel_sdk/share/dynamixel_sdk/package.zsh'
[0.612s] Level 1:colcon.colcon_core.environment:create_file_with_runtime_dependencies(/home/cvl/CS_Animatronics/src/install/dynamixel_sdk/share/colcon-core/packages/dynamixel_sdk)
[0.613s] Level 1:colcon.colcon_core.environment:create_environment_scripts_only(dynamixel_sdk)
[0.613s] Level 1:colcon.colcon_core.environment:checking '/home/cvl/CS_Animatronics/src/install/dynamixel_sdk' for CMake module files
[0.613s] Level 1:colcon.colcon_core.environment:checking '/home/cvl/CS_Animatronics/src/install/dynamixel_sdk' for CMake config files
[0.613s] Level 1:colcon.colcon_core.shell:create_environment_hook('dynamixel_sdk', 'cmake_prefix_path')
[0.614s] INFO:colcon.colcon_core.shell:Creating environment hook '/home/cvl/CS_Animatronics/src/install/dynamixel_sdk/share/dynamixel_sdk/hook/cmake_prefix_path.ps1'
[0.614s] INFO:colcon.colcon_core.shell:Creating environment descriptor '/home/cvl/CS_Animatronics/src/install/dynamixel_sdk/share/dynamixel_sdk/hook/cmake_prefix_path.dsv'
[0.614s] INFO:colcon.colcon_core.shell:Creating environment hook '/home/cvl/CS_Animatronics/src/install/dynamixel_sdk/share/dynamixel_sdk/hook/cmake_prefix_path.sh'
[0.614s] Level 1:colcon.colcon_core.environment:checking '/home/cvl/CS_Animatronics/src/install/dynamixel_sdk/lib'
[0.614s] Level 1:colcon.colcon_core.shell:create_environment_hook('dynamixel_sdk', 'ld_library_path_lib')
[0.615s] INFO:colcon.colcon_core.shell:Creating environment hook '/home/cvl/CS_Animatronics/src/install/dynamixel_sdk/share/dynamixel_sdk/hook/ld_library_path_lib.ps1'
[0.615s] INFO:colcon.colcon_core.shell:Creating environment descriptor '/home/cvl/CS_Animatronics/src/install/dynamixel_sdk/share/dynamixel_sdk/hook/ld_library_path_lib.dsv'
[0.615s] INFO:colcon.colcon_core.shell:Creating environment hook '/home/cvl/CS_Animatronics/src/install/dynamixel_sdk/share/dynamixel_sdk/hook/ld_library_path_lib.sh'
[0.615s] Level 1:colcon.colcon_core.environment:checking '/home/cvl/CS_Animatronics/src/install/dynamixel_sdk/bin'
[0.615s] Level 1:colcon.colcon_core.environment:checking '/home/cvl/CS_Animatronics/src/install/dynamixel_sdk/lib/pkgconfig/dynamixel_sdk.pc'
[0.616s] Level 1:colcon.colcon_core.environment:checking '/home/cvl/CS_Animatronics/src/install/dynamixel_sdk/lib/python3.12/site-packages'
[0.616s] Level 1:colcon.colcon_core.environment:checking '/home/cvl/CS_Animatronics/src/install/dynamixel_sdk/bin'
[0.616s] INFO:colcon.colcon_core.shell:Creating package script '/home/cvl/CS_Animatronics/src/install/dynamixel_sdk/share/dynamixel_sdk/package.ps1'
[0.616s] INFO:colcon.colcon_core.shell:Creating package descriptor '/home/cvl/CS_Animatronics/src/install/dynamixel_sdk/share/dynamixel_sdk/package.dsv'
[0.617s] INFO:colcon.colcon_core.shell:Creating package script '/home/cvl/CS_Animatronics/src/install/dynamixel_sdk/share/dynamixel_sdk/package.sh'
[0.617s] INFO:colcon.colcon_core.shell:Creating package script '/home/cvl/CS_Animatronics/src/install/dynamixel_sdk/share/dynamixel_sdk/package.bash'
[0.617s] INFO:colcon.colcon_core.shell:Creating package script '/home/cvl/CS_Animatronics/src/install/dynamixel_sdk/share/dynamixel_sdk/package.zsh'
[0.618s] Level 1:colcon.colcon_core.environment:create_file_with_runtime_dependencies(/home/cvl/CS_Animatronics/src/install/dynamixel_sdk/share/colcon-core/packages/dynamixel_sdk)
[0.629s] Level 1:colcon.colcon_core.environment:create_environment_scripts_only(motor_command_msg)
[0.629s] Level 1:colcon.colcon_core.environment:checking '/home/cvl/CS_Animatronics/src/install/motor_command_msg' for CMake module files
[0.630s] DEBUG:colcon.colcon_core.event_handler.log_command:Invoked command in '/home/cvl/CS_Animatronics/src/build/motor_command_msg' returned '0': CMAKE_PREFIX_PATH=${CMAKE_PREFIX_PATH}:/home/cvl/CS_Animatronics/src/install/system_controller:/home/cvl/CS_Animatronics/src/install/motor_controller:/home/cvl/CS_Animatronics/src/install/imu_receiver:/home/cvl/CS_Animatronics/src/install/controller_publisher:/opt/ros/jazzy DEBUGINFOD_URLS=https://debuginfod.ubuntu.com /usr/bin/cmake --install /home/cvl/CS_Animatronics/src/build/motor_command_msg
[0.630s] Level 1:colcon.colcon_core.environment:checking '/home/cvl/CS_Animatronics/src/install/motor_command_msg' for CMake config files
[0.631s] Level 1:colcon.colcon_core.shell:create_environment_hook('motor_command_msg', 'cmake_prefix_path')
[0.631s] INFO:colcon.colcon_core.shell:Creating environment hook '/home/cvl/CS_Animatronics/src/install/motor_command_msg/share/motor_command_msg/hook/cmake_prefix_path.ps1'
[0.631s] INFO:colcon.colcon_core.shell:Creating environment descriptor '/home/cvl/CS_Animatronics/src/install/motor_command_msg/share/motor_command_msg/hook/cmake_prefix_path.dsv'
[0.631s] INFO:colcon.colcon_core.shell:Creating environment hook '/home/cvl/CS_Animatronics/src/install/motor_command_msg/share/motor_command_msg/hook/cmake_prefix_path.sh'
[0.632s] Level 1:colcon.colcon_core.environment:checking '/home/cvl/CS_Animatronics/src/install/motor_command_msg/lib'
[0.632s] Level 1:colcon.colcon_core.shell:create_environment_hook('motor_command_msg', 'ld_library_path_lib')
[0.632s] INFO:colcon.colcon_core.shell:Creating environment hook '/home/cvl/CS_Animatronics/src/install/motor_command_msg/share/motor_command_msg/hook/ld_library_path_lib.ps1'
[0.632s] INFO:colcon.colcon_core.shell:Creating environment descriptor '/home/cvl/CS_Animatronics/src/install/motor_command_msg/share/motor_command_msg/hook/ld_library_path_lib.dsv'
[0.632s] INFO:colcon.colcon_core.shell:Creating environment hook '/home/cvl/CS_Animatronics/src/install/motor_command_msg/share/motor_command_msg/hook/ld_library_path_lib.sh'
[0.633s] Level 1:colcon.colcon_core.environment:checking '/home/cvl/CS_Animatronics/src/install/motor_command_msg/bin'
[0.633s] Level 1:colcon.colcon_core.environment:checking '/home/cvl/CS_Animatronics/src/install/motor_command_msg/lib/pkgconfig/motor_command_msg.pc'
[0.633s] Level 1:colcon.colcon_core.environment:checking '/home/cvl/CS_Animatronics/src/install/motor_command_msg/lib/python3.12/site-packages'
[0.633s] Level 1:colcon.colcon_core.environment:checking '/home/cvl/CS_Animatronics/src/install/motor_command_msg/bin'
[0.633s] INFO:colcon.colcon_core.shell:Creating package script '/home/cvl/CS_Animatronics/src/install/motor_command_msg/share/motor_command_msg/package.ps1'
[0.633s] INFO:colcon.colcon_core.shell:Creating package descriptor '/home/cvl/CS_Animatronics/src/install/motor_command_msg/share/motor_command_msg/package.dsv'
[0.634s] INFO:colcon.colcon_core.shell:Creating package script '/home/cvl/CS_Animatronics/src/install/motor_command_msg/share/motor_command_msg/package.sh'
[0.634s] INFO:colcon.colcon_core.shell:Creating package script '/home/cvl/CS_Animatronics/src/install/motor_command_msg/share/motor_command_msg/package.bash'
[0.634s] INFO:colcon.colcon_core.shell:Creating package script '/home/cvl/CS_Animatronics/src/install/motor_command_msg/share/motor_command_msg/package.zsh'
[0.635s] Level 1:colcon.colcon_core.environment:create_file_with_runtime_dependencies(/home/cvl/CS_Animatronics/src/install/motor_command_msg/share/colcon-core/packages/motor_command_msg)
[0.635s] Level 1:colcon.colcon_core.environment:create_environment_scripts_only(motor_command_msg)
[0.635s] Level 1:colcon.colcon_core.environment:checking '/home/cvl/CS_Animatronics/src/install/motor_command_msg' for CMake module files
[0.636s] Level 1:colcon.colcon_core.environment:checking '/home/cvl/CS_Animatronics/src/install/motor_command_msg' for CMake config files
[0.636s] Level 1:colcon.colcon_core.shell:create_environment_hook('motor_command_msg', 'cmake_prefix_path')
[0.636s] INFO:colcon.colcon_core.shell:Creating environment hook '/home/cvl/CS_Animatronics/src/install/motor_command_msg/share/motor_command_msg/hook/cmake_prefix_path.ps1'
[0.636s] INFO:colcon.colcon_core.shell:Creating environment descriptor '/home/cvl/CS_Animatronics/src/install/motor_command_msg/share/motor_command_msg/hook/cmake_prefix_path.dsv'
[0.636s] INFO:colcon.colcon_core.shell:Creating environment hook '/home/cvl/CS_Animatronics/src/install/motor_command_msg/share/motor_command_msg/hook/cmake_prefix_path.sh'
[0.637s] Level 1:colcon.colcon_core.environment:checking '/home/cvl/CS_Animatronics/src/install/motor_command_msg/lib'
[0.637s] Level 1:colcon.colcon_core.shell:create_environment_hook('motor_command_msg', 'ld_library_path_lib')
[0.637s] INFO:colcon.colcon_core.shell:Creating environment hook '/home/cvl/CS_Animatronics/src/install/motor_command_msg/share/motor_command_msg/hook/ld_library_path_lib.ps1'
[0.637s] INFO:colcon.colcon_core.shell:Creating environment descriptor '/home/cvl/CS_Animatronics/src/install/motor_command_msg/share/motor_command_msg/hook/ld_library_path_lib.dsv'
[0.637s] INFO:colcon.colcon_core.shell:Creating environment hook '/home/cvl/CS_Animatronics/src/install/motor_command_msg/share/motor_command_msg/hook/ld_library_path_lib.sh'
[0.638s] Level 1:colcon.colcon_core.environment:checking '/home/cvl/CS_Animatronics/src/install/motor_command_msg/bin'
[0.638s] Level 1:colcon.colcon_core.environment:checking '/home/cvl/CS_Animatronics/src/install/motor_command_msg/lib/pkgconfig/motor_command_msg.pc'
[0.638s] Level 1:colcon.colcon_core.environment:checking '/home/cvl/CS_Animatronics/src/install/motor_command_msg/lib/python3.12/site-packages'
[0.638s] Level 1:colcon.colcon_core.environment:checking '/home/cvl/CS_Animatronics/src/install/motor_command_msg/bin'
[0.638s] INFO:colcon.colcon_core.shell:Creating package script '/home/cvl/CS_Animatronics/src/install/motor_command_msg/share/motor_command_msg/package.ps1'
[0.639s] INFO:colcon.colcon_core.shell:Creating package descriptor '/home/cvl/CS_Animatronics/src/install/motor_command_msg/share/motor_command_msg/package.dsv'
[0.639s] INFO:colcon.colcon_core.shell:Creating package script '/home/cvl/CS_Animatronics/src/install/motor_command_msg/share/motor_command_msg/package.sh'
[0.639s] INFO:colcon.colcon_core.shell:Creating package script '/home/cvl/CS_Animatronics/src/install/motor_command_msg/share/motor_command_msg/package.bash'
[0.640s] INFO:colcon.colcon_core.shell:Creating package script '/home/cvl/CS_Animatronics/src/install/motor_command_msg/share/motor_command_msg/package.zsh'
[0.640s] Level 1:colcon.colcon_core.environment:create_file_with_runtime_dependencies(/home/cvl/CS_Animatronics/src/install/motor_command_msg/share/colcon-core/packages/motor_command_msg)
[0.640s] INFO:colcon.colcon_ros.task.ament_python.build:Building ROS package in '/home/cvl/CS_Animatronics/src/system_controller' with build type 'ament_python'
[0.640s] Level 1:colcon.colcon_core.shell:create_environment_hook('system_controller', 'ament_prefix_path')
[0.641s] INFO:colcon.colcon_core.shell:Creating environment hook '/home/cvl/CS_Animatronics/src/install/system_controller/share/system_controller/hook/ament_prefix_path.ps1'
[0.641s] INFO:colcon.colcon_core.shell:Creating environment descriptor '/home/cvl/CS_Animatronics/src/install/system_controller/share/system_controller/hook/ament_prefix_path.dsv'
[0.641s] INFO:colcon.colcon_core.shell:Creating environment hook '/home/cvl/CS_Animatronics/src/install/system_controller/share/system_controller/hook/ament_prefix_path.sh'
[0.642s] INFO:colcon.colcon_core.shell:Skip shell extension 'powershell' for command environment: Not usable outside of PowerShell
[0.642s] DEBUG:colcon.colcon_core.shell:Skip shell extension 'dsv' for command environment
[0.644s] Level 1:colcon.colcon_core.environment:create_environment_scripts_only(dynamixel_sdk_custom_interfaces)
[0.645s] Level 1:colcon.colcon_core.environment:checking '/home/cvl/CS_Animatronics/src/install/dynamixel_sdk_custom_interfaces' for CMake module files
[0.645s] DEBUG:colcon.colcon_core.event_handler.log_command:Invoked command in '/home/cvl/CS_Animatronics/src/build/dynamixel_sdk_custom_interfaces' returned '0': CMAKE_PREFIX_PATH=${CMAKE_PREFIX_PATH}:/home/cvl/CS_Animatronics/src/install/system_controller:/home/cvl/CS_Animatronics/src/install/motor_controller:/home/cvl/CS_Animatronics/src/install/imu_receiver:/home/cvl/CS_Animatronics/src/install/controller_publisher:/opt/ros/jazzy DEBUGINFOD_URLS=https://debuginfod.ubuntu.com /usr/bin/cmake --install /home/cvl/CS_Animatronics/src/build/dynamixel_sdk_custom_interfaces
[0.645s] Level 1:colcon.colcon_core.environment:checking '/home/cvl/CS_Animatronics/src/install/dynamixel_sdk_custom_interfaces' for CMake config files
[0.646s] Level 1:colcon.colcon_core.shell:create_environment_hook('dynamixel_sdk_custom_interfaces', 'cmake_prefix_path')
[0.646s] INFO:colcon.colcon_core.shell:Creating environment hook '/home/cvl/CS_Animatronics/src/install/dynamixel_sdk_custom_interfaces/share/dynamixel_sdk_custom_interfaces/hook/cmake_prefix_path.ps1'
[0.646s] INFO:colcon.colcon_core.shell:Creating environment descriptor '/home/cvl/CS_Animatronics/src/install/dynamixel_sdk_custom_interfaces/share/dynamixel_sdk_custom_interfaces/hook/cmake_prefix_path.dsv'
[0.646s] INFO:colcon.colcon_core.shell:Creating environment hook '/home/cvl/CS_Animatronics/src/install/dynamixel_sdk_custom_interfaces/share/dynamixel_sdk_custom_interfaces/hook/cmake_prefix_path.sh'
[0.647s] Level 1:colcon.colcon_core.environment:checking '/home/cvl/CS_Animatronics/src/install/dynamixel_sdk_custom_interfaces/lib'
[0.647s] Level 1:colcon.colcon_core.shell:create_environment_hook('dynamixel_sdk_custom_interfaces', 'ld_library_path_lib')
[0.647s] INFO:colcon.colcon_core.shell:Creating environment hook '/home/cvl/CS_Animatronics/src/install/dynamixel_sdk_custom_interfaces/share/dynamixel_sdk_custom_interfaces/hook/ld_library_path_lib.ps1'
[0.647s] INFO:colcon.colcon_core.shell:Creating environment descriptor '/home/cvl/CS_Animatronics/src/install/dynamixel_sdk_custom_interfaces/share/dynamixel_sdk_custom_interfaces/hook/ld_library_path_lib.dsv'
[0.647s] INFO:colcon.colcon_core.shell:Creating environment hook '/home/cvl/CS_Animatronics/src/install/dynamixel_sdk_custom_interfaces/share/dynamixel_sdk_custom_interfaces/hook/ld_library_path_lib.sh'
[0.648s] Level 1:colcon.colcon_core.environment:checking '/home/cvl/CS_Animatronics/src/install/dynamixel_sdk_custom_interfaces/bin'
[0.648s] Level 1:colcon.colcon_core.environment:checking '/home/cvl/CS_Animatronics/src/install/dynamixel_sdk_custom_interfaces/lib/pkgconfig/dynamixel_sdk_custom_interfaces.pc'
[0.648s] Level 1:colcon.colcon_core.environment:checking '/home/cvl/CS_Animatronics/src/install/dynamixel_sdk_custom_interfaces/lib/python3.12/site-packages'
[0.648s] Level 1:colcon.colcon_core.environment:checking '/home/cvl/CS_Animatronics/src/install/dynamixel_sdk_custom_interfaces/bin'
[0.648s] INFO:colcon.colcon_core.shell:Creating package script '/home/cvl/CS_Animatronics/src/install/dynamixel_sdk_custom_interfaces/share/dynamixel_sdk_custom_interfaces/package.ps1'
[0.649s] INFO:colcon.colcon_core.shell:Creating package descriptor '/home/cvl/CS_Animatronics/src/install/dynamixel_sdk_custom_interfaces/share/dynamixel_sdk_custom_interfaces/package.dsv'
[0.649s] INFO:colcon.colcon_core.shell:Creating package script '/home/cvl/CS_Animatronics/src/install/dynamixel_sdk_custom_interfaces/share/dynamixel_sdk_custom_interfaces/package.sh'
[0.649s] INFO:colcon.colcon_core.shell:Creating package script '/home/cvl/CS_Animatronics/src/install/dynamixel_sdk_custom_interfaces/share/dynamixel_sdk_custom_interfaces/package.bash'
[0.650s] INFO:colcon.colcon_core.shell:Creating package script '/home/cvl/CS_Animatronics/src/install/dynamixel_sdk_custom_interfaces/share/dynamixel_sdk_custom_interfaces/package.zsh'
[0.650s] Level 1:colcon.colcon_core.environment:create_file_with_runtime_dependencies(/home/cvl/CS_Animatronics/src/install/dynamixel_sdk_custom_interfaces/share/colcon-core/packages/dynamixel_sdk_custom_interfaces)
[0.650s] Level 1:colcon.colcon_core.environment:create_environment_scripts_only(dynamixel_sdk_custom_interfaces)
[0.650s] Level 1:colcon.colcon_core.environment:checking '/home/cvl/CS_Animatronics/src/install/dynamixel_sdk_custom_interfaces' for CMake module files
[0.651s] Level 1:colcon.colcon_core.environment:checking '/home/cvl/CS_Animatronics/src/install/dynamixel_sdk_custom_interfaces' for CMake config files
[0.651s] Level 1:colcon.colcon_core.shell:create_environment_hook('dynamixel_sdk_custom_interfaces', 'cmake_prefix_path')
[0.651s] INFO:colcon.colcon_core.shell:Creating environment hook '/home/cvl/CS_Animatronics/src/install/dynamixel_sdk_custom_interfaces/share/dynamixel_sdk_custom_interfaces/hook/cmake_prefix_path.ps1'
[0.651s] INFO:colcon.colcon_core.shell:Creating environment descriptor '/home/cvl/CS_Animatronics/src/install/dynamixel_sdk_custom_interfaces/share/dynamixel_sdk_custom_interfaces/hook/cmake_prefix_path.dsv'
[0.651s] INFO:colcon.colcon_core.shell:Creating environment hook '/home/cvl/CS_Animatronics/src/install/dynamixel_sdk_custom_interfaces/share/dynamixel_sdk_custom_interfaces/hook/cmake_prefix_path.sh'
[0.652s] Level 1:colcon.colcon_core.environment:checking '/home/cvl/CS_Animatronics/src/install/dynamixel_sdk_custom_interfaces/lib'
[0.652s] Level 1:colcon.colcon_core.shell:create_environment_hook('dynamixel_sdk_custom_interfaces', 'ld_library_path_lib')
[0.652s] INFO:colcon.colcon_core.shell:Creating environment hook '/home/cvl/CS_Animatronics/src/install/dynamixel_sdk_custom_interfaces/share/dynamixel_sdk_custom_interfaces/hook/ld_library_path_lib.ps1'
[0.652s] INFO:colcon.colcon_core.shell:Creating environment descriptor '/home/cvl/CS_Animatronics/src/install/dynamixel_sdk_custom_interfaces/share/dynamixel_sdk_custom_interfaces/hook/ld_library_path_lib.dsv'
[0.652s] INFO:colcon.colcon_core.shell:Creating environment hook '/home/cvl/CS_Animatronics/src/install/dynamixel_sdk_custom_interfaces/share/dynamixel_sdk_custom_interfaces/hook/ld_library_path_lib.sh'
[0.653s] Level 1:colcon.colcon_core.environment:checking '/home/cvl/CS_Animatronics/src/install/dynamixel_sdk_custom_interfaces/bin'
[0.653s] Level 1:colcon.colcon_core.environment:checking '/home/cvl/CS_Animatronics/src/install/dynamixel_sdk_custom_interfaces/lib/pkgconfig/dynamixel_sdk_custom_interfaces.pc'
[0.653s] Level 1:colcon.colcon_core.environment:checking '/home/cvl/CS_Animatronics/src/install/dynamixel_sdk_custom_interfaces/lib/python3.12/site-packages'
[0.653s] Level 1:colcon.colcon_core.environment:checking '/home/cvl/CS_Animatronics/src/install/dynamixel_sdk_custom_interfaces/bin'
[0.653s] INFO:colcon.colcon_core.shell:Creating package script '/home/cvl/CS_Animatronics/src/install/dynamixel_sdk_custom_interfaces/share/dynamixel_sdk_custom_interfaces/package.ps1'
[0.654s] INFO:colcon.colcon_core.shell:Creating package descriptor '/home/cvl/CS_Animatronics/src/install/dynamixel_sdk_custom_interfaces/share/dynamixel_sdk_custom_interfaces/package.dsv'
[0.654s] INFO:colcon.colcon_core.shell:Creating package script '/home/cvl/CS_Animatronics/src/install/dynamixel_sdk_custom_interfaces/share/dynamixel_sdk_custom_interfaces/package.sh'
[0.654s] INFO:colcon.colcon_core.shell:Creating package script '/home/cvl/CS_Animatronics/src/install/dynamixel_sdk_custom_interfaces/share/dynamixel_sdk_custom_interfaces/package.bash'
[0.655s] INFO:colcon.colcon_core.shell:Creating package script '/home/cvl/CS_Animatronics/src/install/dynamixel_sdk_custom_interfaces/share/dynamixel_sdk_custom_interfaces/package.zsh'
[0.655s] Level 1:colcon.colcon_core.environment:create_file_with_runtime_dependencies(/home/cvl/CS_Animatronics/src/install/dynamixel_sdk_custom_interfaces/share/colcon-core/packages/dynamixel_sdk_custom_interfaces)
[0.655s] INFO:colcon.colcon_ros.task.ament_python.build:Building ROS package in '/home/cvl/CS_Animatronics/src/motor_controller' with build type 'ament_python'
[0.655s] Level 1:colcon.colcon_core.shell:create_environment_hook('motor_controller', 'ament_prefix_path')
[0.655s] INFO:colcon.colcon_core.shell:Creating environment hook '/home/cvl/CS_Animatronics/src/install/motor_controller/share/motor_controller/hook/ament_prefix_path.ps1'
[0.656s] INFO:colcon.colcon_core.shell:Creating environment descriptor '/home/cvl/CS_Animatronics/src/install/motor_controller/share/motor_controller/hook/ament_prefix_path.dsv'
[0.656s] INFO:colcon.colcon_core.shell:Creating environment hook '/home/cvl/CS_Animatronics/src/install/motor_controller/share/motor_controller/hook/ament_prefix_path.sh'
[0.656s] INFO:colcon.colcon_core.shell:Skip shell extension 'powershell' for command environment: Not usable outside of PowerShell
[0.656s] DEBUG:colcon.colcon_core.shell:Skip shell extension 'dsv' for command environment
[0.825s] INFO:colcon.colcon_core.task.python.build:Building Python package in '/home/cvl/CS_Animatronics/src/system_controller'
[0.825s] INFO:colcon.colcon_core.shell:Skip shell extension 'powershell' for command environment: Not usable outside of PowerShell
[0.825s] DEBUG:colcon.colcon_core.shell:Skip shell extension 'dsv' for command environment
[0.990s] INFO:colcon.colcon_core.task.python.build:Building Python package in '/home/cvl/CS_Animatronics/src/motor_controller'
[0.990s] INFO:colcon.colcon_core.shell:Skip shell extension 'powershell' for command environment: Not usable outside of PowerShell
[0.990s] DEBUG:colcon.colcon_core.shell:Skip shell extension 'dsv' for command environment
[1.059s] DEBUG:colcon.colcon_core.event_handler.log_command:Invoking command in '/home/cvl/CS_Animatronics/src/controller_publisher': DEBUGINFOD_URLS=https://debuginfod.ubuntu.com PYTHONPATH=/home/cvl/CS_Animatronics/src/build/controller_publisher/prefix_override:/usr/lib/python3/dist-packages/colcon_core/task/python/colcon_distutils_commands:/home/cvl/CS_Animatronics/src/install/controller_publisher/lib/python3.12/site-packages:${PYTHONPATH} /usr/bin/python3 -W ignore:setup.py install is deprecated -W ignore:easy_install command is deprecated setup.py egg_info --egg-base ../build/controller_publisher build --build-base /home/cvl/CS_Animatronics/src/build/controller_publisher/build install --record /home/cvl/CS_Animatronics/src/build/controller_publisher/install.log --single-version-externally-managed install_data
[1.074s] DEBUG:colcon.colcon_core.event_handler.log_command:Invoking command in '/home/cvl/CS_Animatronics/src/imu_receiver': DEBUGINFOD_URLS=https://debuginfod.ubuntu.com PYTHONPATH=/home/cvl/CS_Animatronics/src/build/imu_receiver/prefix_override:/usr/lib/python3/dist-packages/colcon_core/task/python/colcon_distutils_commands:/home/cvl/CS_Animatronics/src/install/imu_receiver/lib/python3.12/site-packages:${PYTHONPATH} /usr/bin/python3 -W ignore:setup.py install is deprecated -W ignore:easy_install command is deprecated setup.py egg_info --egg-base ../build/imu_receiver build --build-base /home/cvl/CS_Animatronics/src/build/imu_receiver/build install --record /home/cvl/CS_Animatronics/src/build/imu_receiver/install.log --single-version-externally-managed install_data
[1.459s] DEBUG:colcon.colcon_core.event_handler.log_command:Invoking command in '/home/cvl/CS_Animatronics/src/system_controller': DEBUGINFOD_URLS=https://debuginfod.ubuntu.com PYTHONPATH=/home/cvl/CS_Animatronics/src/build/system_controller/prefix_override:/usr/lib/python3/dist-packages/colcon_core/task/python/colcon_distutils_commands:/home/cvl/CS_Animatronics/src/install/system_controller/lib/python3.12/site-packages:${PYTHONPATH} /usr/bin/python3 -W ignore:setup.py install is deprecated -W ignore:easy_install command is deprecated setup.py egg_info --egg-base ../build/system_controller build --build-base /home/cvl/CS_Animatronics/src/build/system_controller/build install --record /home/cvl/CS_Animatronics/src/build/system_controller/install.log --single-version-externally-managed install_data
[1.476s] DEBUG:colcon.colcon_core.event_handler.log_command:Invoking command in '/home/cvl/CS_Animatronics/src/motor_controller': DEBUGINFOD_URLS=https://debuginfod.ubuntu.com PYTHONPATH=/home/cvl/CS_Animatronics/src/build/motor_controller/prefix_override:/usr/lib/python3/dist-packages/colcon_core/task/python/colcon_distutils_commands:/home/cvl/CS_Animatronics/src/install/motor_controller/lib/python3.12/site-packages:${PYTHONPATH} /usr/bin/python3 -W ignore:setup.py install is deprecated -W ignore:easy_install command is deprecated setup.py egg_info --egg-base ../build/motor_controller build --build-base /home/cvl/CS_Animatronics/src/build/motor_controller/build install --record /home/cvl/CS_Animatronics/src/build/motor_controller/install.log --single-version-externally-managed install_data
[1.512s] Level 1:colcon.colcon_core.environment:checking '/home/cvl/CS_Animatronics/src/install/controller_publisher' for CMake module files
[1.513s] DEBUG:colcon.colcon_core.event_handler.log_command:Invoked command in '/home/cvl/CS_Animatronics/src/controller_publisher' returned '0': DEBUGINFOD_URLS=https://debuginfod.ubuntu.com PYTHONPATH=/home/cvl/CS_Animatronics/src/build/controller_publisher/prefix_override:/usr/lib/python3/dist-packages/colcon_core/task/python/colcon_distutils_commands:/home/cvl/CS_Animatronics/src/install/controller_publisher/lib/python3.12/site-packages:${PYTHONPATH} /usr/bin/python3 -W ignore:setup.py install is deprecated -W ignore:easy_install command is deprecated setup.py egg_info --egg-base ../build/controller_publisher build --build-base /home/cvl/CS_Animatronics/src/build/controller_publisher/build install --record /home/cvl/CS_Animatronics/src/build/controller_publisher/install.log --single-version-externally-managed install_data
[1.513s] Level 1:colcon.colcon_core.environment:checking '/home/cvl/CS_Animatronics/src/install/controller_publisher' for CMake config files
[1.514s] Level 1:colcon.colcon_core.environment:checking '/home/cvl/CS_Animatronics/src/install/controller_publisher/lib'
[1.514s] Level 1:colcon.colcon_core.environment:checking '/home/cvl/CS_Animatronics/src/install/controller_publisher/bin'
[1.514s] Level 1:colcon.colcon_core.environment:checking '/home/cvl/CS_Animatronics/src/install/controller_publisher/lib/pkgconfig/controller_publisher.pc'
[1.514s] Level 1:colcon.colcon_core.environment:checking '/home/cvl/CS_Animatronics/src/install/controller_publisher/lib/python3.12/site-packages'
[1.514s] Level 1:colcon.colcon_core.shell:create_environment_hook('controller_publisher', 'pythonpath')
[1.515s] INFO:colcon.colcon_core.shell:Creating environment hook '/home/cvl/CS_Animatronics/src/install/controller_publisher/share/controller_publisher/hook/pythonpath.ps1'
[1.515s] INFO:colcon.colcon_core.shell:Creating environment descriptor '/home/cvl/CS_Animatronics/src/install/controller_publisher/share/controller_publisher/hook/pythonpath.dsv'
[1.515s] INFO:colcon.colcon_core.shell:Creating environment hook '/home/cvl/CS_Animatronics/src/install/controller_publisher/share/controller_publisher/hook/pythonpath.sh'
[1.516s] Level 1:colcon.colcon_core.environment:checking '/home/cvl/CS_Animatronics/src/install/controller_publisher/bin'
[1.516s] Level 1:colcon.colcon_core.environment:create_environment_scripts_only(controller_publisher)
[1.516s] INFO:colcon.colcon_core.shell:Creating package script '/home/cvl/CS_Animatronics/src/install/controller_publisher/share/controller_publisher/package.ps1'
[1.517s] INFO:colcon.colcon_core.shell:Creating package descriptor '/home/cvl/CS_Animatronics/src/install/controller_publisher/share/controller_publisher/package.dsv'
[1.517s] INFO:colcon.colcon_core.shell:Creating package script '/home/cvl/CS_Animatronics/src/install/controller_publisher/share/controller_publisher/package.sh'
[1.518s] INFO:colcon.colcon_core.shell:Creating package script '/home/cvl/CS_Animatronics/src/install/controller_publisher/share/controller_publisher/package.bash'
[1.518s] INFO:colcon.colcon_core.shell:Creating package script '/home/cvl/CS_Animatronics/src/install/controller_publisher/share/controller_publisher/package.zsh'
[1.518s] Level 1:colcon.colcon_core.environment:create_file_with_runtime_dependencies(/home/cvl/CS_Animatronics/src/install/controller_publisher/share/colcon-core/packages/controller_publisher)
[1.519s] Level 1:colcon.colcon_core.environment:checking '/home/cvl/CS_Animatronics/src/install/imu_receiver' for CMake module files
[1.519s] DEBUG:colcon.colcon_core.event_handler.log_command:Invoked command in '/home/cvl/CS_Animatronics/src/imu_receiver' returned '0': DEBUGINFOD_URLS=https://debuginfod.ubuntu.com PYTHONPATH=/home/cvl/CS_Animatronics/src/build/imu_receiver/prefix_override:/usr/lib/python3/dist-packages/colcon_core/task/python/colcon_distutils_commands:/home/cvl/CS_Animatronics/src/install/imu_receiver/lib/python3.12/site-packages:${PYTHONPATH} /usr/bin/python3 -W ignore:setup.py install is deprecated -W ignore:easy_install command is deprecated setup.py egg_info --egg-base ../build/imu_receiver build --build-base /home/cvl/CS_Animatronics/src/build/imu_receiver/build install --record /home/cvl/CS_Animatronics/src/build/imu_receiver/install.log --single-version-externally-managed install_data
[1.520s] Level 1:colcon.colcon_core.environment:checking '/home/cvl/CS_Animatronics/src/install/imu_receiver' for CMake config files
[1.520s] Level 1:colcon.colcon_core.environment:checking '/home/cvl/CS_Animatronics/src/install/imu_receiver/lib'
[1.520s] Level 1:colcon.colcon_core.environment:checking '/home/cvl/CS_Animatronics/src/install/imu_receiver/bin'
[1.520s] Level 1:colcon.colcon_core.environment:checking '/home/cvl/CS_Animatronics/src/install/imu_receiver/lib/pkgconfig/imu_receiver.pc'
[1.520s] Level 1:colcon.colcon_core.environment:checking '/home/cvl/CS_Animatronics/src/install/imu_receiver/lib/python3.12/site-packages'
[1.520s] Level 1:colcon.colcon_core.shell:create_environment_hook('imu_receiver', 'pythonpath')
[1.520s] INFO:colcon.colcon_core.shell:Creating environment hook '/home/cvl/CS_Animatronics/src/install/imu_receiver/share/imu_receiver/hook/pythonpath.ps1'
[1.521s] INFO:colcon.colcon_core.shell:Creating environment descriptor '/home/cvl/CS_Animatronics/src/install/imu_receiver/share/imu_receiver/hook/pythonpath.dsv'
[1.521s] INFO:colcon.colcon_core.shell:Creating environment hook '/home/cvl/CS_Animatronics/src/install/imu_receiver/share/imu_receiver/hook/pythonpath.sh'
[1.521s] Level 1:colcon.colcon_core.environment:checking '/home/cvl/CS_Animatronics/src/install/imu_receiver/bin'
[1.521s] Level 1:colcon.colcon_core.environment:create_environment_scripts_only(imu_receiver)
[1.521s] INFO:colcon.colcon_core.shell:Creating package script '/home/cvl/CS_Animatronics/src/install/imu_receiver/share/imu_receiver/package.ps1'
[1.522s] INFO:colcon.colcon_core.shell:Creating package descriptor '/home/cvl/CS_Animatronics/src/install/imu_receiver/share/imu_receiver/package.dsv'
[1.522s] INFO:colcon.colcon_core.shell:Creating package script '/home/cvl/CS_Animatronics/src/install/imu_receiver/share/imu_receiver/package.sh'
[1.522s] INFO:colcon.colcon_core.shell:Creating package script '/home/cvl/CS_Animatronics/src/install/imu_receiver/share/imu_receiver/package.bash'
[1.523s] INFO:colcon.colcon_core.shell:Creating package script '/home/cvl/CS_Animatronics/src/install/imu_receiver/share/imu_receiver/package.zsh'
[1.523s] Level 1:colcon.colcon_core.environment:create_file_with_runtime_dependencies(/home/cvl/CS_Animatronics/src/install/imu_receiver/share/colcon-core/packages/imu_receiver)
[1.889s] Level 1:colcon.colcon_core.environment:checking '/home/cvl/CS_Animatronics/src/install/system_controller' for CMake module files
[1.889s] DEBUG:colcon.colcon_core.event_handler.log_command:Invoked command in '/home/cvl/CS_Animatronics/src/system_controller' returned '0': DEBUGINFOD_URLS=https://debuginfod.ubuntu.com PYTHONPATH=/home/cvl/CS_Animatronics/src/build/system_controller/prefix_override:/usr/lib/python3/dist-packages/colcon_core/task/python/colcon_distutils_commands:/home/cvl/CS_Animatronics/src/install/system_controller/lib/python3.12/site-packages:${PYTHONPATH} /usr/bin/python3 -W ignore:setup.py install is deprecated -W ignore:easy_install command is deprecated setup.py egg_info --egg-base ../build/system_controller build --build-base /home/cvl/CS_Animatronics/src/build/system_controller/build install --record /home/cvl/CS_Animatronics/src/build/system_controller/install.log --single-version-externally-managed install_data
[1.890s] Level 1:colcon.colcon_core.environment:checking '/home/cvl/CS_Animatronics/src/install/system_controller' for CMake config files
[1.890s] Level 1:colcon.colcon_core.environment:checking '/home/cvl/CS_Animatronics/src/install/system_controller/lib'
[1.890s] Level 1:colcon.colcon_core.environment:checking '/home/cvl/CS_Animatronics/src/install/system_controller/bin'
[1.890s] Level 1:colcon.colcon_core.environment:checking '/home/cvl/CS_Animatronics/src/install/system_controller/lib/pkgconfig/system_controller.pc'
[1.890s] Level 1:colcon.colcon_core.environment:checking '/home/cvl/CS_Animatronics/src/install/system_controller/lib/python3.12/site-packages'
[1.890s] Level 1:colcon.colcon_core.shell:create_environment_hook('system_controller', 'pythonpath')
[1.891s] INFO:colcon.colcon_core.shell:Creating environment hook '/home/cvl/CS_Animatronics/src/install/system_controller/share/system_controller/hook/pythonpath.ps1'
[1.891s] INFO:colcon.colcon_core.shell:Creating environment descriptor '/home/cvl/CS_Animatronics/src/install/system_controller/share/system_controller/hook/pythonpath.dsv'
[1.891s] INFO:colcon.colcon_core.shell:Creating environment hook '/home/cvl/CS_Animatronics/src/install/system_controller/share/system_controller/hook/pythonpath.sh'
[1.891s] Level 1:colcon.colcon_core.environment:checking '/home/cvl/CS_Animatronics/src/install/system_controller/bin'
[1.891s] Level 1:colcon.colcon_core.environment:create_environment_scripts_only(system_controller)
[1.892s] INFO:colcon.colcon_core.shell:Creating package script '/home/cvl/CS_Animatronics/src/install/system_controller/share/system_controller/package.ps1'
[1.892s] INFO:colcon.colcon_core.shell:Creating package descriptor '/home/cvl/CS_Animatronics/src/install/system_controller/share/system_controller/package.dsv'
[1.892s] INFO:colcon.colcon_core.shell:Creating package script '/home/cvl/CS_Animatronics/src/install/system_controller/share/system_controller/package.sh'
[1.893s] INFO:colcon.colcon_core.shell:Creating package script '/home/cvl/CS_Animatronics/src/install/system_controller/share/system_controller/package.bash'
[1.893s] INFO:colcon.colcon_core.shell:Creating package script '/home/cvl/CS_Animatronics/src/install/system_controller/share/system_controller/package.zsh'
[1.893s] Level 1:colcon.colcon_core.environment:create_file_with_runtime_dependencies(/home/cvl/CS_Animatronics/src/install/system_controller/share/colcon-core/packages/system_controller)
[1.923s] Level 1:colcon.colcon_core.environment:checking '/home/cvl/CS_Animatronics/src/install/motor_controller' for CMake module files
[1.923s] DEBUG:colcon.colcon_core.event_handler.log_command:Invoked command in '/home/cvl/CS_Animatronics/src/motor_controller' returned '0': DEBUGINFOD_URLS=https://debuginfod.ubuntu.com PYTHONPATH=/home/cvl/CS_Animatronics/src/build/motor_controller/prefix_override:/usr/lib/python3/dist-packages/colcon_core/task/python/colcon_distutils_commands:/home/cvl/CS_Animatronics/src/install/motor_controller/lib/python3.12/site-packages:${PYTHONPATH} /usr/bin/python3 -W ignore:setup.py install is deprecated -W ignore:easy_install command is deprecated setup.py egg_info --egg-base ../build/motor_controller build --build-base /home/cvl/CS_Animatronics/src/build/motor_controller/build install --record /home/cvl/CS_Animatronics/src/build/motor_controller/install.log --single-version-externally-managed install_data
[1.924s] Level 1:colcon.colcon_core.environment:checking '/home/cvl/CS_Animatronics/src/install/motor_controller' for CMake config files
[1.924s] Level 1:colcon.colcon_core.environment:checking '/home/cvl/CS_Animatronics/src/install/motor_controller/lib'
[1.924s] Level 1:colcon.colcon_core.environment:checking '/home/cvl/CS_Animatronics/src/install/motor_controller/bin'
[1.924s] Level 1:colcon.colcon_core.environment:checking '/home/cvl/CS_Animatronics/src/install/motor_controller/lib/pkgconfig/motor_controller.pc'
[1.925s] Level 1:colcon.colcon_core.environment:checking '/home/cvl/CS_Animatronics/src/install/motor_controller/lib/python3.12/site-packages'
[1.925s] Level 1:colcon.colcon_core.shell:create_environment_hook('motor_controller', 'pythonpath')
[1.925s] INFO:colcon.colcon_core.shell:Creating environment hook '/home/cvl/CS_Animatronics/src/install/motor_controller/share/motor_controller/hook/pythonpath.ps1'
[1.925s] INFO:colcon.colcon_core.shell:Creating environment descriptor '/home/cvl/CS_Animatronics/src/install/motor_controller/share/motor_controller/hook/pythonpath.dsv'
[1.925s] INFO:colcon.colcon_core.shell:Creating environment hook '/home/cvl/CS_Animatronics/src/install/motor_controller/share/motor_controller/hook/pythonpath.sh'
[1.926s] Level 1:colcon.colcon_core.environment:checking '/home/cvl/CS_Animatronics/src/install/motor_controller/bin'
[1.926s] Level 1:colcon.colcon_core.environment:create_environment_scripts_only(motor_controller)
[1.926s] INFO:colcon.colcon_core.shell:Creating package script '/home/cvl/CS_Animatronics/src/install/motor_controller/share/motor_controller/package.ps1'
[1.926s] INFO:colcon.colcon_core.shell:Creating package descriptor '/home/cvl/CS_Animatronics/src/install/motor_controller/share/motor_controller/package.dsv'
[1.926s] INFO:colcon.colcon_core.shell:Creating package script '/home/cvl/CS_Animatronics/src/install/motor_controller/share/motor_controller/package.sh'
[1.927s] INFO:colcon.colcon_core.shell:Creating package script '/home/cvl/CS_Animatronics/src/install/motor_controller/share/motor_controller/package.bash'
[1.927s] INFO:colcon.colcon_core.shell:Creating package script '/home/cvl/CS_Animatronics/src/install/motor_controller/share/motor_controller/package.zsh'
[1.927s] Level 1:colcon.colcon_core.environment:create_file_with_runtime_dependencies(/home/cvl/CS_Animatronics/src/install/motor_controller/share/colcon-core/packages/motor_controller)
[1.927s] DEBUG:colcon.colcon_parallel_executor.executor.parallel:closing loop
[1.928s] DEBUG:colcon.colcon_parallel_executor.executor.parallel:loop closed
[1.928s] DEBUG:colcon.colcon_parallel_executor.executor.parallel:run_until_complete finished with '0'
[1.928s] DEBUG:colcon.colcon_core.event_reactor:joining thread
[1.932s] INFO:colcon.colcon_core.plugin_system:Skipping extension 'colcon_notification.desktop_notification.terminal_notifier': Not used on non-Darwin systems
[1.932s] INFO:colcon.colcon_core.plugin_system:Skipping extension 'colcon_notification.desktop_notification.win32': Not used on non-Windows systems
[1.932s] INFO:colcon.colcon_notification.desktop_notification:Sending desktop notification using 'notify2'
[1.945s] DEBUG:colcon.colcon_core.event_reactor:joined thread
[1.945s] INFO:colcon.colcon_core.shell:Creating prefix script '/home/cvl/CS_Animatronics/src/install/local_setup.ps1'
[1.945s] INFO:colcon.colcon_core.shell:Creating prefix util module '/home/cvl/CS_Animatronics/src/install/_local_setup_util_ps1.py'
[1.947s] INFO:colcon.colcon_core.shell:Creating prefix chain script '/home/cvl/CS_Animatronics/src/install/setup.ps1'
[1.948s] INFO:colcon.colcon_core.shell:Creating prefix script '/home/cvl/CS_Animatronics/src/install/local_setup.sh'
[1.948s] INFO:colcon.colcon_core.shell:Creating prefix util module '/home/cvl/CS_Animatronics/src/install/_local_setup_util_sh.py'
[1.949s] INFO:colcon.colcon_core.shell:Creating prefix chain script '/home/cvl/CS_Animatronics/src/install/setup.sh'
[1.950s] INFO:colcon.colcon_core.shell:Creating prefix script '/home/cvl/CS_Animatronics/src/install/local_setup.bash'
[1.950s] INFO:colcon.colcon_core.shell:Creating prefix chain script '/home/cvl/CS_Animatronics/src/install/setup.bash'
[1.951s] INFO:colcon.colcon_core.shell:Creating prefix script '/home/cvl/CS_Animatronics/src/install/local_setup.zsh'
[1.952s] INFO:colcon.colcon_core.shell:Creating prefix chain script '/home/cvl/CS_Animatronics/src/install/setup.zsh'
