[0.000000] (-) TimerEvent: {}
[0.000354] (controller_publisher) JobQueued: {'identifier': 'controller_publisher', 'dependencies': OrderedDict()}
[0.000416] (dynamixel_sdk) JobQueued: {'identifier': 'dynamixel_sdk', 'dependencies': OrderedDict()}
[0.000772] (dynamixel_sdk_custom_interfaces) JobQueued: {'identifier': 'dynamixel_sdk_custom_interfaces', 'dependencies': OrderedDict()}
[0.000796] (motor_command_msg) JobQueued: {'identifier': 'motor_command_msg', 'dependencies': OrderedDict()}
[0.000815] (motion_editor) JobQueued: {'identifier': 'motion_editor', 'dependencies': OrderedDict({'motor_command_msg': '/home/csanimatronics/CS_Animatronics/src/install/motor_command_msg'})}
[0.000842] (motor_controller) JobQueued: {'identifier': 'motor_controller', 'dependencies': OrderedDict({'dynamixel_sdk': '/home/csanimatronics/CS_Animatronics/src/install/dynamixel_sdk', 'dynamixel_sdk_custom_interfaces': '/home/csanimatronics/CS_Animatronics/src/install/dynamixel_sdk_custom_interfaces'})}
[0.000866] (system_controller) JobQueued: {'identifier': 'system_controller', 'dependencies': OrderedDict({'motor_command_msg': '/home/csanimatronics/CS_Animatronics/src/install/motor_command_msg'})}
[0.000892] (motor_command_msg) JobStarted: {'identifier': 'motor_command_msg'}
[0.018451] (dynamixel_sdk) JobStarted: {'identifier': 'dynamixel_sdk'}
[0.025612] (dynamixel_sdk_custom_interfaces) JobStarted: {'identifier': 'dynamixel_sdk_custom_interfaces'}
[0.035824] (controller_publisher) JobStarted: {'identifier': 'controller_publisher'}
[0.050955] (motor_command_msg) JobProgress: {'identifier': 'motor_command_msg', 'progress': 'cmake'}
[0.051733] (motor_command_msg) Command: {'cmd': ['/usr/bin/cmake', '/home/csanimatronics/CS_Animatronics/src/motor_commands', '-DCMAKE_INSTALL_PREFIX=/home/csanimatronics/CS_Animatronics/src/install/motor_command_msg'], 'cwd': '/home/csanimatronics/CS_Animatronics/src/build/motor_command_msg', 'env': OrderedDict({'LESSOPEN': '| /usr/bin/lesspipe %s', 'USER': 'csanimatronics', 'XDG_SESSION_TYPE': 'wayland', 'SHLVL': '1', 'LD_LIBRARY_PATH': '/opt/ros/jazzy/opt/rviz_ogre_vendor/lib:/opt/ros/jazzy/lib/aarch64-linux-gnu:/opt/ros/jazzy/opt/gz_math_vendor/lib:/opt/ros/jazzy/opt/gz_utils_vendor/lib:/opt/ros/jazzy/opt/gz_cmake_vendor/lib:/opt/ros/jazzy/lib', 'HOME': '/home/csanimatronics', 'OLDPWD': '/home/csanimatronics/CS_Animatronics', 'DESKTOP_SESSION': 'ubuntu', 'ROS_PYTHON_VERSION': '3', 'GNOME_SHELL_SESSION_MODE': 'ubuntu', 'GTK_MODULES': 'gail:atk-bridge', 'SYSTEMD_EXEC_PID': '1641', 'GSM_SKIP_SSH_AGENT_WORKAROUND': 'true', 'DBUS_SESSION_BUS_ADDRESS': 'unix:path=/run/user/1002/bus', 'COLORTERM': 'truecolor', 'DEBUGINFOD_URLS': 'https://debuginfod.ubuntu.com', 'IM_CONFIG_PHASE': '1', 'WAYLAND_DISPLAY': 'wayland-0', 'ROS_DISTRO': 'jazzy', 'LOGNAME': 'csanimatronics', '_': '/usr/bin/colcon', 'ROS_VERSION': '2', 'MEMORY_PRESSURE_WATCH': '/sys/fs/cgroup/user.slice/user-1002.slice/user@1002.service/session.slice/org.gnome.Shell@wayland.service/memory.pressure', 'XDG_SESSION_CLASS': 'user', 'USERNAME': 'csanimatronics', 'TERM': 'xterm-256color', 'GNOME_DESKTOP_SESSION_ID': 'this-is-deprecated', 'PATH': '/opt/ros/jazzy/bin:/usr/local/sbin:/usr/local/bin:/usr/sbin:/usr/bin:/sbin:/bin:/usr/games:/usr/local/games:/snap/bin:/snap/bin', 'SESSION_MANAGER': 'local/csanimatronics-desktop:@/tmp/.ICE-unix/1612,unix/csanimatronics-desktop:/tmp/.ICE-unix/1612', 'XDG_MENU_PREFIX': 'gnome-', 'GNOME_TERMINAL_SCREEN': '/org/gnome/Terminal/screen/a3d1aaef_8926_4d51_8050_787570ea3a80', 'GNOME_SETUP_DISPLAY': ':1', 'XDG_RUNTIME_DIR': '/run/user/1002', 'DISPLAY': ':0', 'LANG': 'C.UTF-8', 'XDG_CURRENT_DESKTOP': 'ubuntu:GNOME', 'XMODIFIERS': '@im=ibus', 'XDG_SESSION_DESKTOP': 'ubuntu', 'XAUTHORITY': '/run/user/1002/.mutter-Xwaylandauth.N7O212', 'LS_COLORS': 'rs=0:di=01;34:ln=01;36:mh=00:pi=40;33:so=01;35:do=01;35:bd=40;33;01:cd=40;33;01:or=40;31;01:mi=00:su=37;41:sg=30;43:ca=00:tw=30;42:ow=34;42:st=37;44:ex=01;32:*.tar=01;31:*.tgz=01;31:*.arc=01;31:*.arj=01;31:*.taz=01;31:*.lha=01;31:*.lz4=01;31:*.lzh=01;31:*.lzma=01;31:*.tlz=01;31:*.txz=01;31:*.tzo=01;31:*.t7z=01;31:*.zip=01;31:*.z=01;31:*.dz=01;31:*.gz=01;31:*.lrz=01;31:*.lz=01;31:*.lzo=01;31:*.xz=01;31:*.zst=01;31:*.tzst=01;31:*.bz2=01;31:*.bz=01;31:*.tbz=01;31:*.tbz2=01;31:*.tz=01;31:*.deb=01;31:*.rpm=01;31:*.jar=01;31:*.war=01;31:*.ear=01;31:*.sar=01;31:*.rar=01;31:*.alz=01;31:*.ace=01;31:*.zoo=01;31:*.cpio=01;31:*.7z=01;31:*.rz=01;31:*.cab=01;31:*.wim=01;31:*.swm=01;31:*.dwm=01;31:*.esd=01;31:*.avif=01;35:*.jpg=01;35:*.jpeg=01;35:*.mjpg=01;35:*.mjpeg=01;35:*.gif=01;35:*.bmp=01;35:*.pbm=01;35:*.pgm=01;35:*.ppm=01;35:*.tga=01;35:*.xbm=01;35:*.xpm=01;35:*.tif=01;35:*.tiff=01;35:*.png=01;35:*.svg=01;35:*.svgz=01;35:*.mng=01;35:*.pcx=01;35:*.mov=01;35:*.mpg=01;35:*.mpeg=01;35:*.m2v=01;35:*.mkv=01;35:*.webm=01;35:*.webp=01;35:*.ogm=01;35:*.mp4=01;35:*.m4v=01;35:*.mp4v=01;35:*.vob=01;35:*.qt=01;35:*.nuv=01;35:*.wmv=01;35:*.asf=01;35:*.rm=01;35:*.rmvb=01;35:*.flc=01;35:*.avi=01;35:*.fli=01;35:*.flv=01;35:*.gl=01;35:*.dl=01;35:*.xcf=01;35:*.xwd=01;35:*.yuv=01;35:*.cgm=01;35:*.emf=01;35:*.ogv=01;35:*.ogx=01;35:*.aac=00;36:*.au=00;36:*.flac=00;36:*.m4a=00;36:*.mid=00;36:*.midi=00;36:*.mka=00;36:*.mp3=00;36:*.mpc=00;36:*.ogg=00;36:*.ra=00;36:*.wav=00;36:*.oga=00;36:*.opus=00;36:*.spx=00;36:*.xspf=00;36:*~=00;90:*#=00;90:*.bak=00;90:*.crdownload=00;90:*.dpkg-dist=00;90:*.dpkg-new=00;90:*.dpkg-old=00;90:*.dpkg-tmp=00;90:*.old=00;90:*.orig=00;90:*.part=00;90:*.rej=00;90:*.rpmnew=00;90:*.rpmorig=00;90:*.rpmsave=00;90:*.swp=00;90:*.tmp=00;90:*.ucf-dist=00;90:*.ucf-new=00;90:*.ucf-old=00;90:', 'GNOME_TERMINAL_SERVICE': ':1.103', 'SSH_AUTH_SOCK': '/run/user/1002/keyring/ssh', 'AMENT_PREFIX_PATH': '/opt/ros/jazzy', 'SHELL': '/bin/bash', 'QT_ACCESSIBILITY': '1', 'GDMSESSION': 'ubuntu', 'LESSCLOSE': '/usr/bin/lesspipe %s %s', 'ROS_AUTOMATIC_DISCOVERY_RANGE': 'SUBNET', 'QT_IM_MODULE': 'ibus', 'PWD': '/home/csanimatronics/CS_Animatronics/src/build/motor_command_msg', 'XDG_CONFIG_DIRS': '/etc/xdg/xdg-ubuntu:/etc/xdg', 'XDG_DATA_DIRS': '/usr/share/ubuntu:/usr/share/gnome:/usr/local/share/:/usr/share/:/var/lib/snapd/desktop', 'PYTHONPATH': '/opt/ros/jazzy/lib/python3.12/site-packages', 'COLCON': '1', 'MEMORY_PRESSURE_WRITE': 'c29tZSAyMDAwMDAgMjAwMDAwMAA=', 'VTE_VERSION': '7600', 'CMAKE_PREFIX_PATH': '/opt/ros/jazzy/opt/gz_math_vendor:/opt/ros/jazzy/opt/gz_utils_vendor:/opt/ros/jazzy/opt/gz_cmake_vendor:/opt/ros/jazzy'}), 'shell': False}
[0.055569] (dynamixel_sdk) JobProgress: {'identifier': 'dynamixel_sdk', 'progress': 'cmake'}
[0.056106] (dynamixel_sdk) Command: {'cmd': ['/usr/bin/cmake', '/home/csanimatronics/CS_Animatronics/src/dynamixel_sdk', '-DCMAKE_INSTALL_PREFIX=/home/csanimatronics/CS_Animatronics/src/install/dynamixel_sdk'], 'cwd': '/home/csanimatronics/CS_Animatronics/src/build/dynamixel_sdk', 'env': OrderedDict({'LESSOPEN': '| /usr/bin/lesspipe %s', 'USER': 'csanimatronics', 'XDG_SESSION_TYPE': 'wayland', 'SHLVL': '1', 'LD_LIBRARY_PATH': '/opt/ros/jazzy/opt/rviz_ogre_vendor/lib:/opt/ros/jazzy/lib/aarch64-linux-gnu:/opt/ros/jazzy/opt/gz_math_vendor/lib:/opt/ros/jazzy/opt/gz_utils_vendor/lib:/opt/ros/jazzy/opt/gz_cmake_vendor/lib:/opt/ros/jazzy/lib', 'HOME': '/home/csanimatronics', 'OLDPWD': '/home/csanimatronics/CS_Animatronics', 'DESKTOP_SESSION': 'ubuntu', 'ROS_PYTHON_VERSION': '3', 'GNOME_SHELL_SESSION_MODE': 'ubuntu', 'GTK_MODULES': 'gail:atk-bridge', 'SYSTEMD_EXEC_PID': '1641', 'GSM_SKIP_SSH_AGENT_WORKAROUND': 'true', 'DBUS_SESSION_BUS_ADDRESS': 'unix:path=/run/user/1002/bus', 'COLORTERM': 'truecolor', 'DEBUGINFOD_URLS': 'https://debuginfod.ubuntu.com', 'IM_CONFIG_PHASE': '1', 'WAYLAND_DISPLAY': 'wayland-0', 'ROS_DISTRO': 'jazzy', 'LOGNAME': 'csanimatronics', '_': '/usr/bin/colcon', 'ROS_VERSION': '2', 'MEMORY_PRESSURE_WATCH': '/sys/fs/cgroup/user.slice/user-1002.slice/user@1002.service/session.slice/org.gnome.Shell@wayland.service/memory.pressure', 'XDG_SESSION_CLASS': 'user', 'USERNAME': 'csanimatronics', 'TERM': 'xterm-256color', 'GNOME_DESKTOP_SESSION_ID': 'this-is-deprecated', 'PATH': '/opt/ros/jazzy/bin:/usr/local/sbin:/usr/local/bin:/usr/sbin:/usr/bin:/sbin:/bin:/usr/games:/usr/local/games:/snap/bin:/snap/bin', 'SESSION_MANAGER': 'local/csanimatronics-desktop:@/tmp/.ICE-unix/1612,unix/csanimatronics-desktop:/tmp/.ICE-unix/1612', 'XDG_MENU_PREFIX': 'gnome-', 'GNOME_TERMINAL_SCREEN': '/org/gnome/Terminal/screen/a3d1aaef_8926_4d51_8050_787570ea3a80', 'GNOME_SETUP_DISPLAY': ':1', 'XDG_RUNTIME_DIR': '/run/user/1002', 'DISPLAY': ':0', 'LANG': 'C.UTF-8', 'XDG_CURRENT_DESKTOP': 'ubuntu:GNOME', 'XMODIFIERS': '@im=ibus', 'XDG_SESSION_DESKTOP': 'ubuntu', 'XAUTHORITY': '/run/user/1002/.mutter-Xwaylandauth.N7O212', 'LS_COLORS': 'rs=0:di=01;34:ln=01;36:mh=00:pi=40;33:so=01;35:do=01;35:bd=40;33;01:cd=40;33;01:or=40;31;01:mi=00:su=37;41:sg=30;43:ca=00:tw=30;42:ow=34;42:st=37;44:ex=01;32:*.tar=01;31:*.tgz=01;31:*.arc=01;31:*.arj=01;31:*.taz=01;31:*.lha=01;31:*.lz4=01;31:*.lzh=01;31:*.lzma=01;31:*.tlz=01;31:*.txz=01;31:*.tzo=01;31:*.t7z=01;31:*.zip=01;31:*.z=01;31:*.dz=01;31:*.gz=01;31:*.lrz=01;31:*.lz=01;31:*.lzo=01;31:*.xz=01;31:*.zst=01;31:*.tzst=01;31:*.bz2=01;31:*.bz=01;31:*.tbz=01;31:*.tbz2=01;31:*.tz=01;31:*.deb=01;31:*.rpm=01;31:*.jar=01;31:*.war=01;31:*.ear=01;31:*.sar=01;31:*.rar=01;31:*.alz=01;31:*.ace=01;31:*.zoo=01;31:*.cpio=01;31:*.7z=01;31:*.rz=01;31:*.cab=01;31:*.wim=01;31:*.swm=01;31:*.dwm=01;31:*.esd=01;31:*.avif=01;35:*.jpg=01;35:*.jpeg=01;35:*.mjpg=01;35:*.mjpeg=01;35:*.gif=01;35:*.bmp=01;35:*.pbm=01;35:*.pgm=01;35:*.ppm=01;35:*.tga=01;35:*.xbm=01;35:*.xpm=01;35:*.tif=01;35:*.tiff=01;35:*.png=01;35:*.svg=01;35:*.svgz=01;35:*.mng=01;35:*.pcx=01;35:*.mov=01;35:*.mpg=01;35:*.mpeg=01;35:*.m2v=01;35:*.mkv=01;35:*.webm=01;35:*.webp=01;35:*.ogm=01;35:*.mp4=01;35:*.m4v=01;35:*.mp4v=01;35:*.vob=01;35:*.qt=01;35:*.nuv=01;35:*.wmv=01;35:*.asf=01;35:*.rm=01;35:*.rmvb=01;35:*.flc=01;35:*.avi=01;35:*.fli=01;35:*.flv=01;35:*.gl=01;35:*.dl=01;35:*.xcf=01;35:*.xwd=01;35:*.yuv=01;35:*.cgm=01;35:*.emf=01;35:*.ogv=01;35:*.ogx=01;35:*.aac=00;36:*.au=00;36:*.flac=00;36:*.m4a=00;36:*.mid=00;36:*.midi=00;36:*.mka=00;36:*.mp3=00;36:*.mpc=00;36:*.ogg=00;36:*.ra=00;36:*.wav=00;36:*.oga=00;36:*.opus=00;36:*.spx=00;36:*.xspf=00;36:*~=00;90:*#=00;90:*.bak=00;90:*.crdownload=00;90:*.dpkg-dist=00;90:*.dpkg-new=00;90:*.dpkg-old=00;90:*.dpkg-tmp=00;90:*.old=00;90:*.orig=00;90:*.part=00;90:*.rej=00;90:*.rpmnew=00;90:*.rpmorig=00;90:*.rpmsave=00;90:*.swp=00;90:*.tmp=00;90:*.ucf-dist=00;90:*.ucf-new=00;90:*.ucf-old=00;90:', 'GNOME_TERMINAL_SERVICE': ':1.103', 'SSH_AUTH_SOCK': '/run/user/1002/keyring/ssh', 'AMENT_PREFIX_PATH': '/opt/ros/jazzy', 'SHELL': '/bin/bash', 'QT_ACCESSIBILITY': '1', 'GDMSESSION': 'ubuntu', 'LESSCLOSE': '/usr/bin/lesspipe %s %s', 'ROS_AUTOMATIC_DISCOVERY_RANGE': 'SUBNET', 'QT_IM_MODULE': 'ibus', 'PWD': '/home/csanimatronics/CS_Animatronics/src/build/dynamixel_sdk', 'XDG_CONFIG_DIRS': '/etc/xdg/xdg-ubuntu:/etc/xdg', 'XDG_DATA_DIRS': '/usr/share/ubuntu:/usr/share/gnome:/usr/local/share/:/usr/share/:/var/lib/snapd/desktop', 'PYTHONPATH': '/opt/ros/jazzy/lib/python3.12/site-packages', 'COLCON': '1', 'MEMORY_PRESSURE_WRITE': 'c29tZSAyMDAwMDAgMjAwMDAwMAA=', 'VTE_VERSION': '7600', 'CMAKE_PREFIX_PATH': '/opt/ros/jazzy/opt/gz_math_vendor:/opt/ros/jazzy/opt/gz_utils_vendor:/opt/ros/jazzy/opt/gz_cmake_vendor:/opt/ros/jazzy'}), 'shell': False}
[0.061703] (dynamixel_sdk_custom_interfaces) JobProgress: {'identifier': 'dynamixel_sdk_custom_interfaces', 'progress': 'cmake'}
[0.062985] (dynamixel_sdk_custom_interfaces) Command: {'cmd': ['/usr/bin/cmake', '/home/csanimatronics/CS_Animatronics/src/dynamixel_sdk_custom_interfaces', '-DCMAKE_INSTALL_PREFIX=/home/csanimatronics/CS_Animatronics/src/install/dynamixel_sdk_custom_interfaces'], 'cwd': '/home/csanimatronics/CS_Animatronics/src/build/dynamixel_sdk_custom_interfaces', 'env': OrderedDict({'LESSOPEN': '| /usr/bin/lesspipe %s', 'USER': 'csanimatronics', 'XDG_SESSION_TYPE': 'wayland', 'SHLVL': '1', 'LD_LIBRARY_PATH': '/opt/ros/jazzy/opt/rviz_ogre_vendor/lib:/opt/ros/jazzy/lib/aarch64-linux-gnu:/opt/ros/jazzy/opt/gz_math_vendor/lib:/opt/ros/jazzy/opt/gz_utils_vendor/lib:/opt/ros/jazzy/opt/gz_cmake_vendor/lib:/opt/ros/jazzy/lib', 'HOME': '/home/csanimatronics', 'OLDPWD': '/home/csanimatronics/CS_Animatronics', 'DESKTOP_SESSION': 'ubuntu', 'ROS_PYTHON_VERSION': '3', 'GNOME_SHELL_SESSION_MODE': 'ubuntu', 'GTK_MODULES': 'gail:atk-bridge', 'SYSTEMD_EXEC_PID': '1641', 'GSM_SKIP_SSH_AGENT_WORKAROUND': 'true', 'DBUS_SESSION_BUS_ADDRESS': 'unix:path=/run/user/1002/bus', 'COLORTERM': 'truecolor', 'DEBUGINFOD_URLS': 'https://debuginfod.ubuntu.com', 'IM_CONFIG_PHASE': '1', 'WAYLAND_DISPLAY': 'wayland-0', 'ROS_DISTRO': 'jazzy', 'LOGNAME': 'csanimatronics', '_': '/usr/bin/colcon', 'ROS_VERSION': '2', 'MEMORY_PRESSURE_WATCH': '/sys/fs/cgroup/user.slice/user-1002.slice/user@1002.service/session.slice/org.gnome.Shell@wayland.service/memory.pressure', 'XDG_SESSION_CLASS': 'user', 'USERNAME': 'csanimatronics', 'TERM': 'xterm-256color', 'GNOME_DESKTOP_SESSION_ID': 'this-is-deprecated', 'PATH': '/opt/ros/jazzy/bin:/usr/local/sbin:/usr/local/bin:/usr/sbin:/usr/bin:/sbin:/bin:/usr/games:/usr/local/games:/snap/bin:/snap/bin', 'SESSION_MANAGER': 'local/csanimatronics-desktop:@/tmp/.ICE-unix/1612,unix/csanimatronics-desktop:/tmp/.ICE-unix/1612', 'XDG_MENU_PREFIX': 'gnome-', 'GNOME_TERMINAL_SCREEN': '/org/gnome/Terminal/screen/a3d1aaef_8926_4d51_8050_787570ea3a80', 'GNOME_SETUP_DISPLAY': ':1', 'XDG_RUNTIME_DIR': '/run/user/1002', 'DISPLAY': ':0', 'LANG': 'C.UTF-8', 'XDG_CURRENT_DESKTOP': 'ubuntu:GNOME', 'XMODIFIERS': '@im=ibus', 'XDG_SESSION_DESKTOP': 'ubuntu', 'XAUTHORITY': '/run/user/1002/.mutter-Xwaylandauth.N7O212', 'LS_COLORS': 'rs=0:di=01;34:ln=01;36:mh=00:pi=40;33:so=01;35:do=01;35:bd=40;33;01:cd=40;33;01:or=40;31;01:mi=00:su=37;41:sg=30;43:ca=00:tw=30;42:ow=34;42:st=37;44:ex=01;32:*.tar=01;31:*.tgz=01;31:*.arc=01;31:*.arj=01;31:*.taz=01;31:*.lha=01;31:*.lz4=01;31:*.lzh=01;31:*.lzma=01;31:*.tlz=01;31:*.txz=01;31:*.tzo=01;31:*.t7z=01;31:*.zip=01;31:*.z=01;31:*.dz=01;31:*.gz=01;31:*.lrz=01;31:*.lz=01;31:*.lzo=01;31:*.xz=01;31:*.zst=01;31:*.tzst=01;31:*.bz2=01;31:*.bz=01;31:*.tbz=01;31:*.tbz2=01;31:*.tz=01;31:*.deb=01;31:*.rpm=01;31:*.jar=01;31:*.war=01;31:*.ear=01;31:*.sar=01;31:*.rar=01;31:*.alz=01;31:*.ace=01;31:*.zoo=01;31:*.cpio=01;31:*.7z=01;31:*.rz=01;31:*.cab=01;31:*.wim=01;31:*.swm=01;31:*.dwm=01;31:*.esd=01;31:*.avif=01;35:*.jpg=01;35:*.jpeg=01;35:*.mjpg=01;35:*.mjpeg=01;35:*.gif=01;35:*.bmp=01;35:*.pbm=01;35:*.pgm=01;35:*.ppm=01;35:*.tga=01;35:*.xbm=01;35:*.xpm=01;35:*.tif=01;35:*.tiff=01;35:*.png=01;35:*.svg=01;35:*.svgz=01;35:*.mng=01;35:*.pcx=01;35:*.mov=01;35:*.mpg=01;35:*.mpeg=01;35:*.m2v=01;35:*.mkv=01;35:*.webm=01;35:*.webp=01;35:*.ogm=01;35:*.mp4=01;35:*.m4v=01;35:*.mp4v=01;35:*.vob=01;35:*.qt=01;35:*.nuv=01;35:*.wmv=01;35:*.asf=01;35:*.rm=01;35:*.rmvb=01;35:*.flc=01;35:*.avi=01;35:*.fli=01;35:*.flv=01;35:*.gl=01;35:*.dl=01;35:*.xcf=01;35:*.xwd=01;35:*.yuv=01;35:*.cgm=01;35:*.emf=01;35:*.ogv=01;35:*.ogx=01;35:*.aac=00;36:*.au=00;36:*.flac=00;36:*.m4a=00;36:*.mid=00;36:*.midi=00;36:*.mka=00;36:*.mp3=00;36:*.mpc=00;36:*.ogg=00;36:*.ra=00;36:*.wav=00;36:*.oga=00;36:*.opus=00;36:*.spx=00;36:*.xspf=00;36:*~=00;90:*#=00;90:*.bak=00;90:*.crdownload=00;90:*.dpkg-dist=00;90:*.dpkg-new=00;90:*.dpkg-old=00;90:*.dpkg-tmp=00;90:*.old=00;90:*.orig=00;90:*.part=00;90:*.rej=00;90:*.rpmnew=00;90:*.rpmorig=00;90:*.rpmsave=00;90:*.swp=00;90:*.tmp=00;90:*.ucf-dist=00;90:*.ucf-new=00;90:*.ucf-old=00;90:', 'GNOME_TERMINAL_SERVICE': ':1.103', 'SSH_AUTH_SOCK': '/run/user/1002/keyring/ssh', 'AMENT_PREFIX_PATH': '/opt/ros/jazzy', 'SHELL': '/bin/bash', 'QT_ACCESSIBILITY': '1', 'GDMSESSION': 'ubuntu', 'LESSCLOSE': '/usr/bin/lesspipe %s %s', 'ROS_AUTOMATIC_DISCOVERY_RANGE': 'SUBNET', 'QT_IM_MODULE': 'ibus', 'PWD': '/home/csanimatronics/CS_Animatronics/src/build/dynamixel_sdk_custom_interfaces', 'XDG_CONFIG_DIRS': '/etc/xdg/xdg-ubuntu:/etc/xdg', 'XDG_DATA_DIRS': '/usr/share/ubuntu:/usr/share/gnome:/usr/local/share/:/usr/share/:/var/lib/snapd/desktop', 'PYTHONPATH': '/opt/ros/jazzy/lib/python3.12/site-packages', 'COLCON': '1', 'MEMORY_PRESSURE_WRITE': 'c29tZSAyMDAwMDAgMjAwMDAwMAA=', 'VTE_VERSION': '7600', 'CMAKE_PREFIX_PATH': '/opt/ros/jazzy/opt/gz_math_vendor:/opt/ros/jazzy/opt/gz_utils_vendor:/opt/ros/jazzy/opt/gz_cmake_vendor:/opt/ros/jazzy'}), 'shell': False}
[0.102070] (-) TimerEvent: {}
[0.202714] (-) TimerEvent: {}
[0.272560] (motor_command_msg) StdoutLine: {'line': b'-- The C compiler identification is GNU 13.3.0\n'}
[0.284708] (dynamixel_sdk) StdoutLine: {'line': b'-- The C compiler identification is GNU 13.3.0\n'}
[0.303577] (dynamixel_sdk_custom_interfaces) StdoutLine: {'line': b'-- The C compiler identification is GNU 13.3.0\n'}
[0.303963] (-) TimerEvent: {}
[0.404539] (-) TimerEvent: {}
[0.458046] (motor_command_msg) StdoutLine: {'line': b'-- The CXX compiler identification is GNU 13.3.0\n'}
[0.486705] (dynamixel_sdk) StdoutLine: {'line': b'-- The CXX compiler identification is GNU 13.3.0\n'}
[0.504664] (-) TimerEvent: {}
[0.509785] (motor_command_msg) StdoutLine: {'line': b'-- Detecting C compiler ABI info\n'}
[0.521150] (dynamixel_sdk_custom_interfaces) StdoutLine: {'line': b'-- The CXX compiler identification is GNU 13.3.0\n'}
[0.546658] (dynamixel_sdk) StdoutLine: {'line': b'-- Detecting C compiler ABI info\n'}
[0.563273] (dynamixel_sdk_custom_interfaces) StdoutLine: {'line': b'-- Detecting C compiler ABI info\n'}
[0.604798] (-) TimerEvent: {}
[0.705291] (-) TimerEvent: {}
[0.781894] (motor_command_msg) StdoutLine: {'line': b'-- Detecting C compiler ABI info - done\n'}
[0.805462] (-) TimerEvent: {}
[0.835689] (motor_command_msg) StdoutLine: {'line': b'-- Check for working C compiler: /usr/bin/cc - skipped\n'}
[0.838876] (motor_command_msg) StdoutLine: {'line': b'-- Detecting C compile features\n'}
[0.839160] (motor_command_msg) StdoutLine: {'line': b'-- Detecting C compile features - done\n'}
[0.839451] (dynamixel_sdk_custom_interfaces) StdoutLine: {'line': b'-- Detecting C compiler ABI info - done\n'}
[0.854246] (dynamixel_sdk) StdoutLine: {'line': b'-- Detecting C compiler ABI info - done\n'}
[0.859342] (dynamixel_sdk_custom_interfaces) StdoutLine: {'line': b'-- Check for working C compiler: /usr/bin/cc - skipped\n'}
[0.859962] (motor_command_msg) StdoutLine: {'line': b'-- Detecting CXX compiler ABI info\n'}
[0.860173] (dynamixel_sdk_custom_interfaces) StdoutLine: {'line': b'-- Detecting C compile features\n'}
[0.860644] (dynamixel_sdk_custom_interfaces) StdoutLine: {'line': b'-- Detecting C compile features - done\n'}
[0.874650] (dynamixel_sdk) StdoutLine: {'line': b'-- Check for working C compiler: /usr/bin/cc - skipped\n'}
[0.876211] (dynamixel_sdk) StdoutLine: {'line': b'-- Detecting C compile features\n'}
[0.876752] (dynamixel_sdk) StdoutLine: {'line': b'-- Detecting C compile features - done\n'}
[0.883425] (dynamixel_sdk_custom_interfaces) StdoutLine: {'line': b'-- Detecting CXX compiler ABI info\n'}
[0.902883] (dynamixel_sdk) StdoutLine: {'line': b'-- Detecting CXX compiler ABI info\n'}
[0.907183] (-) TimerEvent: {}
[1.007783] (-) TimerEvent: {}
[1.111648] (-) TimerEvent: {}
[1.167963] (motor_command_msg) StdoutLine: {'line': b'-- Detecting CXX compiler ABI info - done\n'}
[1.190828] (motor_command_msg) StdoutLine: {'line': b'-- Check for working CXX compiler: /usr/bin/c++ - skipped\n'}
[1.192168] (motor_command_msg) StdoutLine: {'line': b'-- Detecting CXX compile features\n'}
[1.196466] (motor_command_msg) StdoutLine: {'line': b'-- Detecting CXX compile features - done\n'}
[1.197990] (dynamixel_sdk_custom_interfaces) StdoutLine: {'line': b'-- Detecting CXX compiler ABI info - done\n'}
[1.198453] (motor_command_msg) StdoutLine: {'line': b'-- Found ament_cmake: 2.5.3 (/opt/ros/jazzy/share/ament_cmake/cmake)\n'}
[1.200540] (dynamixel_sdk) StdoutLine: {'line': b'-- Detecting CXX compiler ABI info - done\n'}
[1.211731] (-) TimerEvent: {}
[1.216435] (dynamixel_sdk) StdoutLine: {'line': b'-- Check for working CXX compiler: /usr/bin/c++ - skipped\n'}
[1.219582] (dynamixel_sdk) StdoutLine: {'line': b'-- Detecting CXX compile features\n'}
[1.219853] (dynamixel_sdk) StdoutLine: {'line': b'-- Detecting CXX compile features - done\n'}
[1.223138] (dynamixel_sdk) StdoutLine: {'line': b'-- Found ament_cmake: 2.5.3 (/opt/ros/jazzy/share/ament_cmake/cmake)\n'}
[1.228129] (dynamixel_sdk_custom_interfaces) StdoutLine: {'line': b'-- Check for working CXX compiler: /usr/bin/c++ - skipped\n'}
[1.229551] (dynamixel_sdk_custom_interfaces) StdoutLine: {'line': b'-- Detecting CXX compile features\n'}
[1.229856] (dynamixel_sdk_custom_interfaces) StdoutLine: {'line': b'-- Detecting CXX compile features - done\n'}
[1.237025] (dynamixel_sdk_custom_interfaces) StdoutLine: {'line': b'-- Found ament_cmake: 2.5.3 (/opt/ros/jazzy/share/ament_cmake/cmake)\n'}
[1.311908] (-) TimerEvent: {}
[1.412426] (-) TimerEvent: {}
[1.512928] (-) TimerEvent: {}
[1.606756] (motor_command_msg) StdoutLine: {'line': b'-- Found Python3: /usr/bin/python3 (found version "3.12.3") found components: Interpreter \n'}
[1.613076] (-) TimerEvent: {}
[1.641163] (dynamixel_sdk) StdoutLine: {'line': b'-- Found Python3: /usr/bin/python3 (found version "3.12.3") found components: Interpreter \n'}
[1.696390] (dynamixel_sdk_custom_interfaces) StdoutLine: {'line': b'-- Found Python3: /usr/bin/python3 (found version "3.12.3") found components: Interpreter \n'}
[1.713205] (-) TimerEvent: {}
[1.813641] (-) TimerEvent: {}
[1.885077] (motor_command_msg) StdoutLine: {'line': b'-- Found builtin_interfaces: 2.0.2 (/opt/ros/jazzy/share/builtin_interfaces/cmake)\n'}
[1.913899] (-) TimerEvent: {}
[1.974514] (motor_command_msg) StdoutLine: {'line': b'-- Found rosidl_generator_c: 4.6.5 (/opt/ros/jazzy/share/rosidl_generator_c/cmake)\n'}
[1.997293] (motor_command_msg) StdoutLine: {'line': b'-- Found rosidl_generator_cpp: 4.6.5 (/opt/ros/jazzy/share/rosidl_generator_cpp/cmake)\n'}
[2.014004] (-) TimerEvent: {}
[2.031626] (dynamixel_sdk_custom_interfaces) StdoutLine: {'line': b'-- Found builtin_interfaces: 2.0.2 (/opt/ros/jazzy/share/builtin_interfaces/cmake)\n'}
[2.043495] (motor_command_msg) StdoutLine: {'line': b'-- Using all available rosidl_typesupport_c: rosidl_typesupport_fastrtps_c;rosidl_typesupport_introspection_c\n'}
[2.074725] (motor_command_msg) StdoutLine: {'line': b'-- Using all available rosidl_typesupport_cpp: rosidl_typesupport_fastrtps_cpp;rosidl_typesupport_introspection_cpp\n'}
[2.095574] (dynamixel_sdk_custom_interfaces) StdoutLine: {'line': b'-- Found rosidl_generator_c: 4.6.5 (/opt/ros/jazzy/share/rosidl_generator_c/cmake)\n'}
[2.104947] (motor_command_msg) StdoutLine: {'line': b'-- Found rosidl_default_generators: 1.6.0 (/opt/ros/jazzy/share/rosidl_default_generators/cmake)\n'}
[2.114134] (-) TimerEvent: {}
[2.132591] (dynamixel_sdk_custom_interfaces) StdoutLine: {'line': b'-- Found rosidl_generator_cpp: 4.6.5 (/opt/ros/jazzy/share/rosidl_generator_cpp/cmake)\n'}
[2.139545] (motor_command_msg) StdoutLine: {'line': b'-- Found rosidl_adapter: 4.6.5 (/opt/ros/jazzy/share/rosidl_adapter/cmake)\n'}
[2.163707] (dynamixel_sdk) StdoutLine: {'line': b'-- Configuring done (2.1s)\n'}
[2.176689] (dynamixel_sdk) StdoutLine: {'line': b'-- Generating done (0.0s)\n'}
[2.181065] (dynamixel_sdk_custom_interfaces) StdoutLine: {'line': b'-- Using all available rosidl_typesupport_c: rosidl_typesupport_fastrtps_c;rosidl_typesupport_introspection_c\n'}
[2.187867] (dynamixel_sdk) StdoutLine: {'line': b'-- Build files have been written to: /home/csanimatronics/CS_Animatronics/src/build/dynamixel_sdk\n'}
[2.211040] (dynamixel_sdk) CommandEnded: {'returncode': 0}
[2.211898] (dynamixel_sdk) JobProgress: {'identifier': 'dynamixel_sdk', 'progress': 'build'}
[2.211962] (dynamixel_sdk) Command: {'cmd': ['/usr/bin/cmake', '--build', '/home/csanimatronics/CS_Animatronics/src/build/dynamixel_sdk', '--', '-j4', '-l4'], 'cwd': '/home/csanimatronics/CS_Animatronics/src/build/dynamixel_sdk', 'env': OrderedDict({'LESSOPEN': '| /usr/bin/lesspipe %s', 'USER': 'csanimatronics', 'XDG_SESSION_TYPE': 'wayland', 'SHLVL': '1', 'LD_LIBRARY_PATH': '/opt/ros/jazzy/opt/rviz_ogre_vendor/lib:/opt/ros/jazzy/lib/aarch64-linux-gnu:/opt/ros/jazzy/opt/gz_math_vendor/lib:/opt/ros/jazzy/opt/gz_utils_vendor/lib:/opt/ros/jazzy/opt/gz_cmake_vendor/lib:/opt/ros/jazzy/lib', 'HOME': '/home/csanimatronics', 'OLDPWD': '/home/csanimatronics/CS_Animatronics', 'DESKTOP_SESSION': 'ubuntu', 'ROS_PYTHON_VERSION': '3', 'GNOME_SHELL_SESSION_MODE': 'ubuntu', 'GTK_MODULES': 'gail:atk-bridge', 'SYSTEMD_EXEC_PID': '1641', 'GSM_SKIP_SSH_AGENT_WORKAROUND': 'true', 'DBUS_SESSION_BUS_ADDRESS': 'unix:path=/run/user/1002/bus', 'COLORTERM': 'truecolor', 'DEBUGINFOD_URLS': 'https://debuginfod.ubuntu.com', 'IM_CONFIG_PHASE': '1', 'WAYLAND_DISPLAY': 'wayland-0', 'ROS_DISTRO': 'jazzy', 'LOGNAME': 'csanimatronics', '_': '/usr/bin/colcon', 'ROS_VERSION': '2', 'MEMORY_PRESSURE_WATCH': '/sys/fs/cgroup/user.slice/user-1002.slice/user@1002.service/session.slice/org.gnome.Shell@wayland.service/memory.pressure', 'XDG_SESSION_CLASS': 'user', 'USERNAME': 'csanimatronics', 'TERM': 'xterm-256color', 'GNOME_DESKTOP_SESSION_ID': 'this-is-deprecated', 'PATH': '/opt/ros/jazzy/bin:/usr/local/sbin:/usr/local/bin:/usr/sbin:/usr/bin:/sbin:/bin:/usr/games:/usr/local/games:/snap/bin:/snap/bin', 'SESSION_MANAGER': 'local/csanimatronics-desktop:@/tmp/.ICE-unix/1612,unix/csanimatronics-desktop:/tmp/.ICE-unix/1612', 'XDG_MENU_PREFIX': 'gnome-', 'GNOME_TERMINAL_SCREEN': '/org/gnome/Terminal/screen/a3d1aaef_8926_4d51_8050_787570ea3a80', 'GNOME_SETUP_DISPLAY': ':1', 'XDG_RUNTIME_DIR': '/run/user/1002', 'DISPLAY': ':0', 'LANG': 'C.UTF-8', 'XDG_CURRENT_DESKTOP': 'ubuntu:GNOME', 'XMODIFIERS': '@im=ibus', 'XDG_SESSION_DESKTOP': 'ubuntu', 'XAUTHORITY': '/run/user/1002/.mutter-Xwaylandauth.N7O212', 'LS_COLORS': 'rs=0:di=01;34:ln=01;36:mh=00:pi=40;33:so=01;35:do=01;35:bd=40;33;01:cd=40;33;01:or=40;31;01:mi=00:su=37;41:sg=30;43:ca=00:tw=30;42:ow=34;42:st=37;44:ex=01;32:*.tar=01;31:*.tgz=01;31:*.arc=01;31:*.arj=01;31:*.taz=01;31:*.lha=01;31:*.lz4=01;31:*.lzh=01;31:*.lzma=01;31:*.tlz=01;31:*.txz=01;31:*.tzo=01;31:*.t7z=01;31:*.zip=01;31:*.z=01;31:*.dz=01;31:*.gz=01;31:*.lrz=01;31:*.lz=01;31:*.lzo=01;31:*.xz=01;31:*.zst=01;31:*.tzst=01;31:*.bz2=01;31:*.bz=01;31:*.tbz=01;31:*.tbz2=01;31:*.tz=01;31:*.deb=01;31:*.rpm=01;31:*.jar=01;31:*.war=01;31:*.ear=01;31:*.sar=01;31:*.rar=01;31:*.alz=01;31:*.ace=01;31:*.zoo=01;31:*.cpio=01;31:*.7z=01;31:*.rz=01;31:*.cab=01;31:*.wim=01;31:*.swm=01;31:*.dwm=01;31:*.esd=01;31:*.avif=01;35:*.jpg=01;35:*.jpeg=01;35:*.mjpg=01;35:*.mjpeg=01;35:*.gif=01;35:*.bmp=01;35:*.pbm=01;35:*.pgm=01;35:*.ppm=01;35:*.tga=01;35:*.xbm=01;35:*.xpm=01;35:*.tif=01;35:*.tiff=01;35:*.png=01;35:*.svg=01;35:*.svgz=01;35:*.mng=01;35:*.pcx=01;35:*.mov=01;35:*.mpg=01;35:*.mpeg=01;35:*.m2v=01;35:*.mkv=01;35:*.webm=01;35:*.webp=01;35:*.ogm=01;35:*.mp4=01;35:*.m4v=01;35:*.mp4v=01;35:*.vob=01;35:*.qt=01;35:*.nuv=01;35:*.wmv=01;35:*.asf=01;35:*.rm=01;35:*.rmvb=01;35:*.flc=01;35:*.avi=01;35:*.fli=01;35:*.flv=01;35:*.gl=01;35:*.dl=01;35:*.xcf=01;35:*.xwd=01;35:*.yuv=01;35:*.cgm=01;35:*.emf=01;35:*.ogv=01;35:*.ogx=01;35:*.aac=00;36:*.au=00;36:*.flac=00;36:*.m4a=00;36:*.mid=00;36:*.midi=00;36:*.mka=00;36:*.mp3=00;36:*.mpc=00;36:*.ogg=00;36:*.ra=00;36:*.wav=00;36:*.oga=00;36:*.opus=00;36:*.spx=00;36:*.xspf=00;36:*~=00;90:*#=00;90:*.bak=00;90:*.crdownload=00;90:*.dpkg-dist=00;90:*.dpkg-new=00;90:*.dpkg-old=00;90:*.dpkg-tmp=00;90:*.old=00;90:*.orig=00;90:*.part=00;90:*.rej=00;90:*.rpmnew=00;90:*.rpmorig=00;90:*.rpmsave=00;90:*.swp=00;90:*.tmp=00;90:*.ucf-dist=00;90:*.ucf-new=00;90:*.ucf-old=00;90:', 'GNOME_TERMINAL_SERVICE': ':1.103', 'SSH_AUTH_SOCK': '/run/user/1002/keyring/ssh', 'AMENT_PREFIX_PATH': '/opt/ros/jazzy', 'SHELL': '/bin/bash', 'QT_ACCESSIBILITY': '1', 'GDMSESSION': 'ubuntu', 'LESSCLOSE': '/usr/bin/lesspipe %s %s', 'ROS_AUTOMATIC_DISCOVERY_RANGE': 'SUBNET', 'QT_IM_MODULE': 'ibus', 'PWD': '/home/csanimatronics/CS_Animatronics/src/build/dynamixel_sdk', 'XDG_CONFIG_DIRS': '/etc/xdg/xdg-ubuntu:/etc/xdg', 'XDG_DATA_DIRS': '/usr/share/ubuntu:/usr/share/gnome:/usr/local/share/:/usr/share/:/var/lib/snapd/desktop', 'PYTHONPATH': '/opt/ros/jazzy/lib/python3.12/site-packages', 'COLCON': '1', 'MEMORY_PRESSURE_WRITE': 'c29tZSAyMDAwMDAgMjAwMDAwMAA=', 'VTE_VERSION': '7600', 'CMAKE_PREFIX_PATH': '/opt/ros/jazzy/opt/gz_math_vendor:/opt/ros/jazzy/opt/gz_utils_vendor:/opt/ros/jazzy/opt/gz_cmake_vendor:/opt/ros/jazzy'}), 'shell': False}
[2.214483] (-) TimerEvent: {}
[2.242532] (dynamixel_sdk_custom_interfaces) StdoutLine: {'line': b'-- Using all available rosidl_typesupport_cpp: rosidl_typesupport_fastrtps_cpp;rosidl_typesupport_introspection_cpp\n'}
[2.277894] (dynamixel_sdk_custom_interfaces) StdoutLine: {'line': b'-- Found rosidl_default_generators: 1.6.0 (/opt/ros/jazzy/share/rosidl_default_generators/cmake)\n'}
[2.302810] (dynamixel_sdk_custom_interfaces) StdoutLine: {'line': b'-- Found rosidl_adapter: 4.6.5 (/opt/ros/jazzy/share/rosidl_adapter/cmake)\n'}
[2.314621] (-) TimerEvent: {}
[2.373477] (dynamixel_sdk) StdoutLine: {'line': b'[ 10%] \x1b[32mBuilding CXX object CMakeFiles/dynamixel_sdk.dir/src/dynamixel_sdk/packet_handler.cpp.o\x1b[0m\n'}
[2.373854] (dynamixel_sdk) StdoutLine: {'line': b'[ 20%] \x1b[32mBuilding CXX object CMakeFiles/dynamixel_sdk.dir/src/dynamixel_sdk/protocol1_packet_handler.cpp.o\x1b[0m\n'}
[2.388224] (dynamixel_sdk) StdoutLine: {'line': b'[ 30%] \x1b[32mBuilding CXX object CMakeFiles/dynamixel_sdk.dir/src/dynamixel_sdk/protocol2_packet_handler.cpp.o\x1b[0m\n'}
[2.396934] (dynamixel_sdk) StdoutLine: {'line': b'[ 40%] \x1b[32mBuilding CXX object CMakeFiles/dynamixel_sdk.dir/src/dynamixel_sdk/group_sync_read.cpp.o\x1b[0m\n'}
[2.414784] (-) TimerEvent: {}
[2.515315] (-) TimerEvent: {}
[2.621725] (-) TimerEvent: {}
[2.722510] (-) TimerEvent: {}
[2.823147] (-) TimerEvent: {}
[2.923869] (-) TimerEvent: {}
[2.990483] (controller_publisher) Command: {'cmd': ['/usr/bin/python3', '-W', 'ignore:setup.py install is deprecated', '-W', 'ignore:easy_install command is deprecated', 'setup.py', 'egg_info', '--egg-base', '../build/controller_publisher', 'build', '--build-base', '/home/csanimatronics/CS_Animatronics/src/build/controller_publisher/build', 'install', '--record', '/home/csanimatronics/CS_Animatronics/src/build/controller_publisher/install.log', '--single-version-externally-managed', 'install_data'], 'cwd': '/home/csanimatronics/CS_Animatronics/src/controller_publisher', 'env': {'LESSOPEN': '| /usr/bin/lesspipe %s', 'USER': 'csanimatronics', 'XDG_SESSION_TYPE': 'wayland', 'SHLVL': '1', 'LD_LIBRARY_PATH': '/opt/ros/jazzy/opt/rviz_ogre_vendor/lib:/opt/ros/jazzy/lib/aarch64-linux-gnu:/opt/ros/jazzy/opt/gz_math_vendor/lib:/opt/ros/jazzy/opt/gz_utils_vendor/lib:/opt/ros/jazzy/opt/gz_cmake_vendor/lib:/opt/ros/jazzy/lib', 'HOME': '/home/csanimatronics', 'OLDPWD': '/home/csanimatronics/CS_Animatronics', 'DESKTOP_SESSION': 'ubuntu', 'ROS_PYTHON_VERSION': '3', 'GNOME_SHELL_SESSION_MODE': 'ubuntu', 'GTK_MODULES': 'gail:atk-bridge', 'SYSTEMD_EXEC_PID': '1641', 'GSM_SKIP_SSH_AGENT_WORKAROUND': 'true', 'DBUS_SESSION_BUS_ADDRESS': 'unix:path=/run/user/1002/bus', 'COLORTERM': 'truecolor', 'DEBUGINFOD_URLS': 'https://debuginfod.ubuntu.com', 'IM_CONFIG_PHASE': '1', 'WAYLAND_DISPLAY': 'wayland-0', 'ROS_DISTRO': 'jazzy', 'LOGNAME': 'csanimatronics', '_': '/usr/bin/colcon', 'ROS_VERSION': '2', 'MEMORY_PRESSURE_WATCH': '/sys/fs/cgroup/user.slice/user-1002.slice/user@1002.service/session.slice/org.gnome.Shell@wayland.service/memory.pressure', 'XDG_SESSION_CLASS': 'user', 'USERNAME': 'csanimatronics', 'TERM': 'xterm-256color', 'GNOME_DESKTOP_SESSION_ID': 'this-is-deprecated', 'PATH': '/opt/ros/jazzy/bin:/usr/local/sbin:/usr/local/bin:/usr/sbin:/usr/bin:/sbin:/bin:/usr/games:/usr/local/games:/snap/bin:/snap/bin', 'SESSION_MANAGER': 'local/csanimatronics-desktop:@/tmp/.ICE-unix/1612,unix/csanimatronics-desktop:/tmp/.ICE-unix/1612', 'XDG_MENU_PREFIX': 'gnome-', 'GNOME_TERMINAL_SCREEN': '/org/gnome/Terminal/screen/a3d1aaef_8926_4d51_8050_787570ea3a80', 'GNOME_SETUP_DISPLAY': ':1', 'XDG_RUNTIME_DIR': '/run/user/1002', 'DISPLAY': ':0', 'LANG': 'C.UTF-8', 'XDG_CURRENT_DESKTOP': 'ubuntu:GNOME', 'XMODIFIERS': '@im=ibus', 'XDG_SESSION_DESKTOP': 'ubuntu', 'XAUTHORITY': '/run/user/1002/.mutter-Xwaylandauth.N7O212', 'LS_COLORS': 'rs=0:di=01;34:ln=01;36:mh=00:pi=40;33:so=01;35:do=01;35:bd=40;33;01:cd=40;33;01:or=40;31;01:mi=00:su=37;41:sg=30;43:ca=00:tw=30;42:ow=34;42:st=37;44:ex=01;32:*.tar=01;31:*.tgz=01;31:*.arc=01;31:*.arj=01;31:*.taz=01;31:*.lha=01;31:*.lz4=01;31:*.lzh=01;31:*.lzma=01;31:*.tlz=01;31:*.txz=01;31:*.tzo=01;31:*.t7z=01;31:*.zip=01;31:*.z=01;31:*.dz=01;31:*.gz=01;31:*.lrz=01;31:*.lz=01;31:*.lzo=01;31:*.xz=01;31:*.zst=01;31:*.tzst=01;31:*.bz2=01;31:*.bz=01;31:*.tbz=01;31:*.tbz2=01;31:*.tz=01;31:*.deb=01;31:*.rpm=01;31:*.jar=01;31:*.war=01;31:*.ear=01;31:*.sar=01;31:*.rar=01;31:*.alz=01;31:*.ace=01;31:*.zoo=01;31:*.cpio=01;31:*.7z=01;31:*.rz=01;31:*.cab=01;31:*.wim=01;31:*.swm=01;31:*.dwm=01;31:*.esd=01;31:*.avif=01;35:*.jpg=01;35:*.jpeg=01;35:*.mjpg=01;35:*.mjpeg=01;35:*.gif=01;35:*.bmp=01;35:*.pbm=01;35:*.pgm=01;35:*.ppm=01;35:*.tga=01;35:*.xbm=01;35:*.xpm=01;35:*.tif=01;35:*.tiff=01;35:*.png=01;35:*.svg=01;35:*.svgz=01;35:*.mng=01;35:*.pcx=01;35:*.mov=01;35:*.mpg=01;35:*.mpeg=01;35:*.m2v=01;35:*.mkv=01;35:*.webm=01;35:*.webp=01;35:*.ogm=01;35:*.mp4=01;35:*.m4v=01;35:*.mp4v=01;35:*.vob=01;35:*.qt=01;35:*.nuv=01;35:*.wmv=01;35:*.asf=01;35:*.rm=01;35:*.rmvb=01;35:*.flc=01;35:*.avi=01;35:*.fli=01;35:*.flv=01;35:*.gl=01;35:*.dl=01;35:*.xcf=01;35:*.xwd=01;35:*.yuv=01;35:*.cgm=01;35:*.emf=01;35:*.ogv=01;35:*.ogx=01;35:*.aac=00;36:*.au=00;36:*.flac=00;36:*.m4a=00;36:*.mid=00;36:*.midi=00;36:*.mka=00;36:*.mp3=00;36:*.mpc=00;36:*.ogg=00;36:*.ra=00;36:*.wav=00;36:*.oga=00;36:*.opus=00;36:*.spx=00;36:*.xspf=00;36:*~=00;90:*#=00;90:*.bak=00;90:*.crdownload=00;90:*.dpkg-dist=00;90:*.dpkg-new=00;90:*.dpkg-old=00;90:*.dpkg-tmp=00;90:*.old=00;90:*.orig=00;90:*.part=00;90:*.rej=00;90:*.rpmnew=00;90:*.rpmorig=00;90:*.rpmsave=00;90:*.swp=00;90:*.tmp=00;90:*.ucf-dist=00;90:*.ucf-new=00;90:*.ucf-old=00;90:', 'GNOME_TERMINAL_SERVICE': ':1.103', 'SSH_AUTH_SOCK': '/run/user/1002/keyring/ssh', 'AMENT_PREFIX_PATH': '/opt/ros/jazzy', 'SHELL': '/bin/bash', 'QT_ACCESSIBILITY': '1', 'GDMSESSION': 'ubuntu', 'LESSCLOSE': '/usr/bin/lesspipe %s %s', 'ROS_AUTOMATIC_DISCOVERY_RANGE': 'SUBNET', 'QT_IM_MODULE': 'ibus', 'PWD': '/home/csanimatronics/CS_Animatronics/src/build/controller_publisher', 'XDG_CONFIG_DIRS': '/etc/xdg/xdg-ubuntu:/etc/xdg', 'XDG_DATA_DIRS': '/usr/share/ubuntu:/usr/share/gnome:/usr/local/share/:/usr/share/:/var/lib/snapd/desktop', 'PYTHONPATH': '/home/csanimatronics/CS_Animatronics/src/build/controller_publisher/prefix_override:/usr/lib/python3/dist-packages/colcon_core/task/python/colcon_distutils_commands:/home/csanimatronics/CS_Animatronics/src/install/controller_publisher/lib/python3.12/site-packages:/opt/ros/jazzy/lib/python3.12/site-packages', 'COLCON': '1', 'MEMORY_PRESSURE_WRITE': 'c29tZSAyMDAwMDAgMjAwMDAwMAA=', 'VTE_VERSION': '7600', 'CMAKE_PREFIX_PATH': '/opt/ros/jazzy/opt/gz_math_vendor:/opt/ros/jazzy/opt/gz_utils_vendor:/opt/ros/jazzy/opt/gz_cmake_vendor'}, 'shell': False}
[3.026473] (-) TimerEvent: {}
[3.126924] (-) TimerEvent: {}
[3.219132] (dynamixel_sdk) StdoutLine: {'line': b'[ 50%] \x1b[32mBuilding CXX object CMakeFiles/dynamixel_sdk.dir/src/dynamixel_sdk/group_sync_write.cpp.o\x1b[0m\n'}
[3.227067] (-) TimerEvent: {}
[3.319217] (dynamixel_sdk) StdoutLine: {'line': b'[ 60%] \x1b[32mBuilding CXX object CMakeFiles/dynamixel_sdk.dir/src/dynamixel_sdk/group_bulk_read.cpp.o\x1b[0m\n'}
[3.327203] (-) TimerEvent: {}
[3.429494] (-) TimerEvent: {}
[3.530089] (-) TimerEvent: {}
[3.636527] (-) TimerEvent: {}
[3.737087] (-) TimerEvent: {}
[3.839538] (dynamixel_sdk) StdoutLine: {'line': b'[ 70%] \x1b[32mBuilding CXX object CMakeFiles/dynamixel_sdk.dir/src/dynamixel_sdk/group_bulk_write.cpp.o\x1b[0m\n'}
[3.839879] (-) TimerEvent: {}
[3.907223] (dynamixel_sdk) StdoutLine: {'line': b'[ 80%] \x1b[32mBuilding CXX object CMakeFiles/dynamixel_sdk.dir/src/dynamixel_sdk/port_handler.cpp.o\x1b[0m\n'}
[3.940035] (-) TimerEvent: {}
[4.040492] (-) TimerEvent: {}
[4.101832] (dynamixel_sdk) StdoutLine: {'line': b'[ 90%] \x1b[32mBuilding CXX object CMakeFiles/dynamixel_sdk.dir/src/dynamixel_sdk/port_handler_linux.cpp.o\x1b[0m\n'}
[4.140661] (-) TimerEvent: {}
[4.241277] (-) TimerEvent: {}
[4.341819] (-) TimerEvent: {}
[4.446501] (-) TimerEvent: {}
[4.548533] (-) TimerEvent: {}
[4.649110] (-) TimerEvent: {}
[4.711614] (controller_publisher) StdoutLine: {'line': b'running egg_info\n'}
[4.712000] (controller_publisher) StdoutLine: {'line': b'creating ../build/controller_publisher/controller_publisher.egg-info\n'}
[4.751471] (-) TimerEvent: {}
[4.766078] (controller_publisher) StdoutLine: {'line': b'writing ../build/controller_publisher/controller_publisher.egg-info/PKG-INFO\n'}
[4.767694] (controller_publisher) StdoutLine: {'line': b'writing dependency_links to ../build/controller_publisher/controller_publisher.egg-info/dependency_links.txt\n'}
[4.770526] (controller_publisher) StdoutLine: {'line': b'writing entry points to ../build/controller_publisher/controller_publisher.egg-info/entry_points.txt\n'}
[4.770945] (controller_publisher) StdoutLine: {'line': b'writing requirements to ../build/controller_publisher/controller_publisher.egg-info/requires.txt\n'}
[4.771796] (controller_publisher) StdoutLine: {'line': b'writing top-level names to ../build/controller_publisher/controller_publisher.egg-info/top_level.txt\n'}
[4.772832] (controller_publisher) StdoutLine: {'line': b"writing manifest file '../build/controller_publisher/controller_publisher.egg-info/SOURCES.txt'\n"}
[4.852461] (-) TimerEvent: {}
[4.906814] (controller_publisher) StdoutLine: {'line': b"reading manifest file '../build/controller_publisher/controller_publisher.egg-info/SOURCES.txt'\n"}
[4.908511] (controller_publisher) StdoutLine: {'line': b"writing manifest file '../build/controller_publisher/controller_publisher.egg-info/SOURCES.txt'\n"}
[4.909499] (controller_publisher) StdoutLine: {'line': b'running build\n'}
[4.910108] (controller_publisher) StdoutLine: {'line': b'running build_py\n'}
[4.910967] (controller_publisher) StdoutLine: {'line': b'creating /home/csanimatronics/CS_Animatronics/src/build/controller_publisher/build\n'}
[4.912264] (controller_publisher) StdoutLine: {'line': b'creating /home/csanimatronics/CS_Animatronics/src/build/controller_publisher/build/lib\n'}
[4.912708] (controller_publisher) StdoutLine: {'line': b'creating /home/csanimatronics/CS_Animatronics/src/build/controller_publisher/build/lib/controller_publisher\n'}
[4.914592] (controller_publisher) StdoutLine: {'line': b'copying controller_publisher/controller_publisher.py -> /home/csanimatronics/CS_Animatronics/src/build/controller_publisher/build/lib/controller_publisher\n'}
[4.914949] (controller_publisher) StdoutLine: {'line': b'copying controller_publisher/__init__.py -> /home/csanimatronics/CS_Animatronics/src/build/controller_publisher/build/lib/controller_publisher\n'}
[4.918499] (controller_publisher) StdoutLine: {'line': b'running install\n'}
[4.931029] (controller_publisher) StdoutLine: {'line': b'running install_lib\n'}
[4.952586] (-) TimerEvent: {}
[4.991084] (controller_publisher) StdoutLine: {'line': b'creating /home/csanimatronics/CS_Animatronics/src/install/controller_publisher/lib/python3.12/site-packages/controller_publisher\n'}
[4.992785] (controller_publisher) StdoutLine: {'line': b'copying /home/csanimatronics/CS_Animatronics/src/build/controller_publisher/build/lib/controller_publisher/controller_publisher.py -> /home/csanimatronics/CS_Animatronics/src/install/controller_publisher/lib/python3.12/site-packages/controller_publisher\n'}
[4.993985] (controller_publisher) StdoutLine: {'line': b'copying /home/csanimatronics/CS_Animatronics/src/build/controller_publisher/build/lib/controller_publisher/__init__.py -> /home/csanimatronics/CS_Animatronics/src/install/controller_publisher/lib/python3.12/site-packages/controller_publisher\n'}
[5.001026] (controller_publisher) StdoutLine: {'line': b'byte-compiling /home/csanimatronics/CS_Animatronics/src/install/controller_publisher/lib/python3.12/site-packages/controller_publisher/controller_publisher.py to controller_publisher.cpython-312.pyc\n'}
[5.002654] (controller_publisher) StdoutLine: {'line': b'byte-compiling /home/csanimatronics/CS_Animatronics/src/install/controller_publisher/lib/python3.12/site-packages/controller_publisher/__init__.py to __init__.cpython-312.pyc\n'}
[5.004143] (controller_publisher) StdoutLine: {'line': b'running install_data\n'}
[5.005348] (controller_publisher) StdoutLine: {'line': b'creating /home/csanimatronics/CS_Animatronics/src/install/controller_publisher/share/ament_index\n'}
[5.006342] (controller_publisher) StdoutLine: {'line': b'creating /home/csanimatronics/CS_Animatronics/src/install/controller_publisher/share/ament_index/resource_index\n'}
[5.007335] (controller_publisher) StdoutLine: {'line': b'creating /home/csanimatronics/CS_Animatronics/src/install/controller_publisher/share/ament_index/resource_index/packages\n'}
[5.008669] (controller_publisher) StdoutLine: {'line': b'copying resource/controller_publisher -> /home/csanimatronics/CS_Animatronics/src/install/controller_publisher/share/ament_index/resource_index/packages\n'}
[5.010064] (controller_publisher) StdoutLine: {'line': b'copying package.xml -> /home/csanimatronics/CS_Animatronics/src/install/controller_publisher/share/controller_publisher\n'}
[5.011314] (controller_publisher) StdoutLine: {'line': b'running install_egg_info\n'}
[5.054513] (-) TimerEvent: {}
[5.094287] (controller_publisher) StdoutLine: {'line': b'Copying ../build/controller_publisher/controller_publisher.egg-info to /home/csanimatronics/CS_Animatronics/src/install/controller_publisher/lib/python3.12/site-packages/controller_publisher-0.0.0-py3.12.egg-info\n'}
[5.097455] (controller_publisher) StdoutLine: {'line': b'running install_scripts\n'}
[5.154655] (-) TimerEvent: {}
[5.246702] (motor_command_msg) StdoutLine: {'line': b'-- Found ament_cmake_ros: 0.12.0 (/opt/ros/jazzy/share/ament_cmake_ros/cmake)\n'}
[5.254762] (-) TimerEvent: {}
[5.355140] (-) TimerEvent: {}
[5.455627] (-) TimerEvent: {}
[5.465310] (dynamixel_sdk_custom_interfaces) StdoutLine: {'line': b'-- Found ament_cmake_ros: 0.12.0 (/opt/ros/jazzy/share/ament_cmake_ros/cmake)\n'}
[5.473751] (dynamixel_sdk) StdoutLine: {'line': b'[100%] \x1b[32m\x1b[1mLinking CXX shared library libdynamixel_sdk.so\x1b[0m\n'}
[5.555785] (-) TimerEvent: {}
[5.569556] (controller_publisher) StdoutLine: {'line': b'Installing controller_publisher script to /home/csanimatronics/CS_Animatronics/src/install/controller_publisher/lib/controller_publisher\n'}
[5.570068] (controller_publisher) StdoutLine: {'line': b"writing list of installed files to '/home/csanimatronics/CS_Animatronics/src/build/controller_publisher/install.log'\n"}
[5.655944] (-) TimerEvent: {}
[5.760689] (-) TimerEvent: {}
[5.783292] (dynamixel_sdk) StdoutLine: {'line': b'[100%] Built target dynamixel_sdk\n'}
[5.816320] (controller_publisher) CommandEnded: {'returncode': 0}
[5.838319] (controller_publisher) JobEnded: {'identifier': 'controller_publisher', 'rc': 0}
[5.842304] (dynamixel_sdk) CommandEnded: {'returncode': 0}
[5.843121] (dynamixel_sdk) JobProgress: {'identifier': 'dynamixel_sdk', 'progress': 'install'}
[5.862493] (-) TimerEvent: {}
[5.887554] (dynamixel_sdk) Command: {'cmd': ['/usr/bin/cmake', '--install', '/home/csanimatronics/CS_Animatronics/src/build/dynamixel_sdk'], 'cwd': '/home/csanimatronics/CS_Animatronics/src/build/dynamixel_sdk', 'env': OrderedDict({'LESSOPEN': '| /usr/bin/lesspipe %s', 'USER': 'csanimatronics', 'XDG_SESSION_TYPE': 'wayland', 'SHLVL': '1', 'LD_LIBRARY_PATH': '/opt/ros/jazzy/opt/rviz_ogre_vendor/lib:/opt/ros/jazzy/lib/aarch64-linux-gnu:/opt/ros/jazzy/opt/gz_math_vendor/lib:/opt/ros/jazzy/opt/gz_utils_vendor/lib:/opt/ros/jazzy/opt/gz_cmake_vendor/lib:/opt/ros/jazzy/lib', 'HOME': '/home/csanimatronics', 'OLDPWD': '/home/csanimatronics/CS_Animatronics', 'DESKTOP_SESSION': 'ubuntu', 'ROS_PYTHON_VERSION': '3', 'GNOME_SHELL_SESSION_MODE': 'ubuntu', 'GTK_MODULES': 'gail:atk-bridge', 'SYSTEMD_EXEC_PID': '1641', 'GSM_SKIP_SSH_AGENT_WORKAROUND': 'true', 'DBUS_SESSION_BUS_ADDRESS': 'unix:path=/run/user/1002/bus', 'COLORTERM': 'truecolor', 'DEBUGINFOD_URLS': 'https://debuginfod.ubuntu.com', 'IM_CONFIG_PHASE': '1', 'WAYLAND_DISPLAY': 'wayland-0', 'ROS_DISTRO': 'jazzy', 'LOGNAME': 'csanimatronics', '_': '/usr/bin/colcon', 'ROS_VERSION': '2', 'MEMORY_PRESSURE_WATCH': '/sys/fs/cgroup/user.slice/user-1002.slice/user@1002.service/session.slice/org.gnome.Shell@wayland.service/memory.pressure', 'XDG_SESSION_CLASS': 'user', 'USERNAME': 'csanimatronics', 'TERM': 'xterm-256color', 'GNOME_DESKTOP_SESSION_ID': 'this-is-deprecated', 'PATH': '/opt/ros/jazzy/bin:/usr/local/sbin:/usr/local/bin:/usr/sbin:/usr/bin:/sbin:/bin:/usr/games:/usr/local/games:/snap/bin:/snap/bin', 'SESSION_MANAGER': 'local/csanimatronics-desktop:@/tmp/.ICE-unix/1612,unix/csanimatronics-desktop:/tmp/.ICE-unix/1612', 'XDG_MENU_PREFIX': 'gnome-', 'GNOME_TERMINAL_SCREEN': '/org/gnome/Terminal/screen/a3d1aaef_8926_4d51_8050_787570ea3a80', 'GNOME_SETUP_DISPLAY': ':1', 'XDG_RUNTIME_DIR': '/run/user/1002', 'DISPLAY': ':0', 'LANG': 'C.UTF-8', 'XDG_CURRENT_DESKTOP': 'ubuntu:GNOME', 'XMODIFIERS': '@im=ibus', 'XDG_SESSION_DESKTOP': 'ubuntu', 'XAUTHORITY': '/run/user/1002/.mutter-Xwaylandauth.N7O212', 'LS_COLORS': 'rs=0:di=01;34:ln=01;36:mh=00:pi=40;33:so=01;35:do=01;35:bd=40;33;01:cd=40;33;01:or=40;31;01:mi=00:su=37;41:sg=30;43:ca=00:tw=30;42:ow=34;42:st=37;44:ex=01;32:*.tar=01;31:*.tgz=01;31:*.arc=01;31:*.arj=01;31:*.taz=01;31:*.lha=01;31:*.lz4=01;31:*.lzh=01;31:*.lzma=01;31:*.tlz=01;31:*.txz=01;31:*.tzo=01;31:*.t7z=01;31:*.zip=01;31:*.z=01;31:*.dz=01;31:*.gz=01;31:*.lrz=01;31:*.lz=01;31:*.lzo=01;31:*.xz=01;31:*.zst=01;31:*.tzst=01;31:*.bz2=01;31:*.bz=01;31:*.tbz=01;31:*.tbz2=01;31:*.tz=01;31:*.deb=01;31:*.rpm=01;31:*.jar=01;31:*.war=01;31:*.ear=01;31:*.sar=01;31:*.rar=01;31:*.alz=01;31:*.ace=01;31:*.zoo=01;31:*.cpio=01;31:*.7z=01;31:*.rz=01;31:*.cab=01;31:*.wim=01;31:*.swm=01;31:*.dwm=01;31:*.esd=01;31:*.avif=01;35:*.jpg=01;35:*.jpeg=01;35:*.mjpg=01;35:*.mjpeg=01;35:*.gif=01;35:*.bmp=01;35:*.pbm=01;35:*.pgm=01;35:*.ppm=01;35:*.tga=01;35:*.xbm=01;35:*.xpm=01;35:*.tif=01;35:*.tiff=01;35:*.png=01;35:*.svg=01;35:*.svgz=01;35:*.mng=01;35:*.pcx=01;35:*.mov=01;35:*.mpg=01;35:*.mpeg=01;35:*.m2v=01;35:*.mkv=01;35:*.webm=01;35:*.webp=01;35:*.ogm=01;35:*.mp4=01;35:*.m4v=01;35:*.mp4v=01;35:*.vob=01;35:*.qt=01;35:*.nuv=01;35:*.wmv=01;35:*.asf=01;35:*.rm=01;35:*.rmvb=01;35:*.flc=01;35:*.avi=01;35:*.fli=01;35:*.flv=01;35:*.gl=01;35:*.dl=01;35:*.xcf=01;35:*.xwd=01;35:*.yuv=01;35:*.cgm=01;35:*.emf=01;35:*.ogv=01;35:*.ogx=01;35:*.aac=00;36:*.au=00;36:*.flac=00;36:*.m4a=00;36:*.mid=00;36:*.midi=00;36:*.mka=00;36:*.mp3=00;36:*.mpc=00;36:*.ogg=00;36:*.ra=00;36:*.wav=00;36:*.oga=00;36:*.opus=00;36:*.spx=00;36:*.xspf=00;36:*~=00;90:*#=00;90:*.bak=00;90:*.crdownload=00;90:*.dpkg-dist=00;90:*.dpkg-new=00;90:*.dpkg-old=00;90:*.dpkg-tmp=00;90:*.old=00;90:*.orig=00;90:*.part=00;90:*.rej=00;90:*.rpmnew=00;90:*.rpmorig=00;90:*.rpmsave=00;90:*.swp=00;90:*.tmp=00;90:*.ucf-dist=00;90:*.ucf-new=00;90:*.ucf-old=00;90:', 'GNOME_TERMINAL_SERVICE': ':1.103', 'SSH_AUTH_SOCK': '/run/user/1002/keyring/ssh', 'AMENT_PREFIX_PATH': '/opt/ros/jazzy', 'SHELL': '/bin/bash', 'QT_ACCESSIBILITY': '1', 'GDMSESSION': 'ubuntu', 'LESSCLOSE': '/usr/bin/lesspipe %s %s', 'ROS_AUTOMATIC_DISCOVERY_RANGE': 'SUBNET', 'QT_IM_MODULE': 'ibus', 'PWD': '/home/csanimatronics/CS_Animatronics/src/build/dynamixel_sdk', 'XDG_CONFIG_DIRS': '/etc/xdg/xdg-ubuntu:/etc/xdg', 'XDG_DATA_DIRS': '/usr/share/ubuntu:/usr/share/gnome:/usr/local/share/:/usr/share/:/var/lib/snapd/desktop', 'PYTHONPATH': '/opt/ros/jazzy/lib/python3.12/site-packages', 'COLCON': '1', 'MEMORY_PRESSURE_WRITE': 'c29tZSAyMDAwMDAgMjAwMDAwMAA=', 'VTE_VERSION': '7600', 'CMAKE_PREFIX_PATH': '/opt/ros/jazzy/opt/gz_math_vendor:/opt/ros/jazzy/opt/gz_utils_vendor:/opt/ros/jazzy/opt/gz_cmake_vendor:/opt/ros/jazzy'}), 'shell': False}
[5.915740] (dynamixel_sdk) StdoutLine: {'line': b'-- Install configuration: ""\n'}
[5.916294] (dynamixel_sdk) StdoutLine: {'line': b'-- Installing: /home/csanimatronics/CS_Animatronics/src/install/dynamixel_sdk/include/\n'}
[5.916569] (dynamixel_sdk) StdoutLine: {'line': b'-- Installing: /home/csanimatronics/CS_Animatronics/src/install/dynamixel_sdk/include//dynamixel_sdk\n'}
[5.916736] (dynamixel_sdk) StdoutLine: {'line': b'-- Installing: /home/csanimatronics/CS_Animatronics/src/install/dynamixel_sdk/include//dynamixel_sdk/port_handler.h\n'}
[5.916900] (dynamixel_sdk) StdoutLine: {'line': b'-- Installing: /home/csanimatronics/CS_Animatronics/src/install/dynamixel_sdk/include//dynamixel_sdk/protocol2_packet_handler.h\n'}
[5.917039] (dynamixel_sdk) StdoutLine: {'line': b'-- Installing: /home/csanimatronics/CS_Animatronics/src/install/dynamixel_sdk/include//dynamixel_sdk/group_sync_read.h\n'}
[5.924467] (dynamixel_sdk) StdoutLine: {'line': b'-- Installing: /home/csanimatronics/CS_Animatronics/src/install/dynamixel_sdk/include//dynamixel_sdk/port_handler_arduino.h\n'}
[5.924888] (dynamixel_sdk) StdoutLine: {'line': b'-- Installing: /home/csanimatronics/CS_Animatronics/src/install/dynamixel_sdk/include//dynamixel_sdk/dynamixel_sdk.h\n'}
[5.925052] (dynamixel_sdk) StdoutLine: {'line': b'-- Installing: /home/csanimatronics/CS_Animatronics/src/install/dynamixel_sdk/include//dynamixel_sdk/group_bulk_write.h\n'}
[5.925169] (dynamixel_sdk) StdoutLine: {'line': b'-- Installing: /home/csanimatronics/CS_Animatronics/src/install/dynamixel_sdk/include//dynamixel_sdk/port_handler_mac.h\n'}
[5.925276] (dynamixel_sdk) StdoutLine: {'line': b'-- Installing: /home/csanimatronics/CS_Animatronics/src/install/dynamixel_sdk/include//dynamixel_sdk/port_handler_windows.h\n'}
[5.925412] (dynamixel_sdk) StdoutLine: {'line': b'-- Installing: /home/csanimatronics/CS_Animatronics/src/install/dynamixel_sdk/include//dynamixel_sdk/packet_handler.h\n'}
[5.925548] (dynamixel_sdk) StdoutLine: {'line': b'-- Installing: /home/csanimatronics/CS_Animatronics/src/install/dynamixel_sdk/include//dynamixel_sdk/port_handler_linux.h\n'}
[5.925663] (dynamixel_sdk) StdoutLine: {'line': b'-- Installing: /home/csanimatronics/CS_Animatronics/src/install/dynamixel_sdk/include//dynamixel_sdk/group_sync_write.h\n'}
[5.925776] (dynamixel_sdk) StdoutLine: {'line': b'-- Installing: /home/csanimatronics/CS_Animatronics/src/install/dynamixel_sdk/include//dynamixel_sdk/protocol1_packet_handler.h\n'}
[5.925902] (dynamixel_sdk) StdoutLine: {'line': b'-- Installing: /home/csanimatronics/CS_Animatronics/src/install/dynamixel_sdk/include//dynamixel_sdk/group_bulk_read.h\n'}
[5.926019] (dynamixel_sdk) StdoutLine: {'line': b'-- Installing: /home/csanimatronics/CS_Animatronics/src/install/dynamixel_sdk/lib/libdynamixel_sdk.so\n'}
[5.926123] (dynamixel_sdk) StdoutLine: {'line': b'-- Installing: /home/csanimatronics/CS_Animatronics/src/install/dynamixel_sdk/share/dynamixel_sdk/environment/library_path.sh\n'}
[5.926226] (dynamixel_sdk) StdoutLine: {'line': b'-- Installing: /home/csanimatronics/CS_Animatronics/src/install/dynamixel_sdk/share/dynamixel_sdk/environment/library_path.dsv\n'}
[5.926327] (dynamixel_sdk) StdoutLine: {'line': b'-- Installing: /home/csanimatronics/CS_Animatronics/src/install/dynamixel_sdk/share/ament_index/resource_index/package_run_dependencies/dynamixel_sdk\n'}
[5.926539] (dynamixel_sdk) StdoutLine: {'line': b'-- Installing: /home/csanimatronics/CS_Animatronics/src/install/dynamixel_sdk/share/ament_index/resource_index/parent_prefix_path/dynamixel_sdk\n'}
[5.926671] (dynamixel_sdk) StdoutLine: {'line': b'-- Installing: /home/csanimatronics/CS_Animatronics/src/install/dynamixel_sdk/share/dynamixel_sdk/environment/ament_prefix_path.sh\n'}
[5.926781] (dynamixel_sdk) StdoutLine: {'line': b'-- Installing: /home/csanimatronics/CS_Animatronics/src/install/dynamixel_sdk/share/dynamixel_sdk/environment/ament_prefix_path.dsv\n'}
[5.926881] (dynamixel_sdk) StdoutLine: {'line': b'-- Installing: /home/csanimatronics/CS_Animatronics/src/install/dynamixel_sdk/share/dynamixel_sdk/environment/path.sh\n'}
[5.926998] (dynamixel_sdk) StdoutLine: {'line': b'-- Installing: /home/csanimatronics/CS_Animatronics/src/install/dynamixel_sdk/share/dynamixel_sdk/environment/path.dsv\n'}
[5.927193] (dynamixel_sdk) StdoutLine: {'line': b'-- Installing: /home/csanimatronics/CS_Animatronics/src/install/dynamixel_sdk/share/dynamixel_sdk/local_setup.bash\n'}
[5.927327] (dynamixel_sdk) StdoutLine: {'line': b'-- Installing: /home/csanimatronics/CS_Animatronics/src/install/dynamixel_sdk/share/dynamixel_sdk/local_setup.sh\n'}
[5.927629] (dynamixel_sdk) StdoutLine: {'line': b'-- Installing: /home/csanimatronics/CS_Animatronics/src/install/dynamixel_sdk/share/dynamixel_sdk/local_setup.zsh\n'}
[5.927802] (dynamixel_sdk) StdoutLine: {'line': b'-- Installing: /home/csanimatronics/CS_Animatronics/src/install/dynamixel_sdk/share/dynamixel_sdk/local_setup.dsv\n'}
[5.928000] (dynamixel_sdk) StdoutLine: {'line': b'-- Installing: /home/csanimatronics/CS_Animatronics/src/install/dynamixel_sdk/share/dynamixel_sdk/package.dsv\n'}
[5.928093] (dynamixel_sdk) StdoutLine: {'line': b'-- Installing: /home/csanimatronics/CS_Animatronics/src/install/dynamixel_sdk/share/ament_index/resource_index/packages/dynamixel_sdk\n'}
[5.928177] (dynamixel_sdk) StdoutLine: {'line': b'-- Installing: /home/csanimatronics/CS_Animatronics/src/install/dynamixel_sdk/share/dynamixel_sdk/cmake/ament_cmake_export_include_directories-extras.cmake\n'}
[5.928259] (dynamixel_sdk) StdoutLine: {'line': b'-- Installing: /home/csanimatronics/CS_Animatronics/src/install/dynamixel_sdk/share/dynamixel_sdk/cmake/ament_cmake_export_libraries-extras.cmake\n'}
[5.928350] (dynamixel_sdk) StdoutLine: {'line': b'-- Installing: /home/csanimatronics/CS_Animatronics/src/install/dynamixel_sdk/share/dynamixel_sdk/cmake/dynamixel_sdkConfig.cmake\n'}
[5.928511] (dynamixel_sdk) StdoutLine: {'line': b'-- Installing: /home/csanimatronics/CS_Animatronics/src/install/dynamixel_sdk/share/dynamixel_sdk/cmake/dynamixel_sdkConfig-version.cmake\n'}
[5.928712] (dynamixel_sdk) StdoutLine: {'line': b'-- Installing: /home/csanimatronics/CS_Animatronics/src/install/dynamixel_sdk/share/dynamixel_sdk/package.xml\n'}
[5.929583] (dynamixel_sdk) CommandEnded: {'returncode': 0}
[5.955035] (dynamixel_sdk) JobEnded: {'identifier': 'dynamixel_sdk', 'rc': 0}
[5.962963] (-) TimerEvent: {}
[6.064470] (-) TimerEvent: {}
[6.164945] (-) TimerEvent: {}
[6.265412] (-) TimerEvent: {}
[6.365784] (-) TimerEvent: {}
[6.466132] (-) TimerEvent: {}
[6.566462] (-) TimerEvent: {}
[6.666879] (-) TimerEvent: {}
[6.767305] (-) TimerEvent: {}
[6.867675] (-) TimerEvent: {}
[6.968086] (-) TimerEvent: {}
[7.000885] (motor_command_msg) StdoutLine: {'line': b'-- Using all available rosidl_typesupport_c: rosidl_typesupport_fastrtps_c;rosidl_typesupport_introspection_c\n'}
[7.068190] (-) TimerEvent: {}
[7.149071] (dynamixel_sdk_custom_interfaces) StdoutLine: {'line': b'-- Using all available rosidl_typesupport_c: rosidl_typesupport_fastrtps_c;rosidl_typesupport_introspection_c\n'}
[7.168329] (-) TimerEvent: {}
[7.268893] (-) TimerEvent: {}
[7.369397] (-) TimerEvent: {}
[7.469864] (-) TimerEvent: {}
[7.561477] (motor_command_msg) StdoutLine: {'line': b'-- Using all available rosidl_typesupport_cpp: rosidl_typesupport_fastrtps_cpp;rosidl_typesupport_introspection_cpp\n'}
[7.565187] (motor_command_msg) StdoutLine: {'line': b'-- Found python_cmake_module: 0.11.1 (/opt/ros/jazzy/share/python_cmake_module/cmake)\n'}
[7.569964] (-) TimerEvent: {}
[7.670392] (-) TimerEvent: {}
[7.726562] (dynamixel_sdk_custom_interfaces) StdoutLine: {'line': b'-- Using all available rosidl_typesupport_cpp: rosidl_typesupport_fastrtps_cpp;rosidl_typesupport_introspection_cpp\n'}
[7.730272] (dynamixel_sdk_custom_interfaces) StdoutLine: {'line': b'-- Found python_cmake_module: 0.11.1 (/opt/ros/jazzy/share/python_cmake_module/cmake)\n'}
[7.770487] (-) TimerEvent: {}
[7.848457] (motor_command_msg) StdoutLine: {'line': b'-- Found PythonExtra: /usr/bin/python3  \n'}
[7.870630] (-) TimerEvent: {}
[7.971015] (-) TimerEvent: {}
[8.021341] (dynamixel_sdk_custom_interfaces) StdoutLine: {'line': b'-- Found PythonExtra: /usr/bin/python3  \n'}
[8.071187] (-) TimerEvent: {}
[8.171712] (-) TimerEvent: {}
[8.272092] (-) TimerEvent: {}
[8.372445] (-) TimerEvent: {}
[8.472822] (-) TimerEvent: {}
[8.573264] (-) TimerEvent: {}
[8.673648] (-) TimerEvent: {}
[8.774073] (-) TimerEvent: {}
[8.819476] (motor_command_msg) StdoutLine: {'line': b'-- Found Python3: /usr/bin/python3 (found version "3.12.3") found components: Interpreter Development NumPy Development.Module Development.Embed \n'}
[8.874171] (-) TimerEvent: {}
[8.891314] (motor_command_msg) StdoutLine: {'line': b'-- Configuring done (8.8s)\n'}
[8.953721] (motor_command_msg) StdoutLine: {'line': b'-- Generating done (0.0s)\n'}
[8.959668] (dynamixel_sdk_custom_interfaces) StdoutLine: {'line': b'-- Found Python3: /usr/bin/python3 (found version "3.12.3") found components: Interpreter Development NumPy Development.Module Development.Embed \n'}
[8.971010] (motor_command_msg) StdoutLine: {'line': b'-- Build files have been written to: /home/csanimatronics/CS_Animatronics/src/build/motor_command_msg\n'}
[8.974287] (-) TimerEvent: {}
[9.002272] (motor_command_msg) CommandEnded: {'returncode': 0}
[9.003248] (motor_command_msg) JobProgress: {'identifier': 'motor_command_msg', 'progress': 'build'}
[9.003617] (motor_command_msg) Command: {'cmd': ['/usr/bin/cmake', '--build', '/home/csanimatronics/CS_Animatronics/src/build/motor_command_msg', '--', '-j4', '-l4'], 'cwd': '/home/csanimatronics/CS_Animatronics/src/build/motor_command_msg', 'env': OrderedDict({'LESSOPEN': '| /usr/bin/lesspipe %s', 'USER': 'csanimatronics', 'XDG_SESSION_TYPE': 'wayland', 'SHLVL': '1', 'LD_LIBRARY_PATH': '/opt/ros/jazzy/opt/rviz_ogre_vendor/lib:/opt/ros/jazzy/lib/aarch64-linux-gnu:/opt/ros/jazzy/opt/gz_math_vendor/lib:/opt/ros/jazzy/opt/gz_utils_vendor/lib:/opt/ros/jazzy/opt/gz_cmake_vendor/lib:/opt/ros/jazzy/lib', 'HOME': '/home/csanimatronics', 'OLDPWD': '/home/csanimatronics/CS_Animatronics', 'DESKTOP_SESSION': 'ubuntu', 'ROS_PYTHON_VERSION': '3', 'GNOME_SHELL_SESSION_MODE': 'ubuntu', 'GTK_MODULES': 'gail:atk-bridge', 'SYSTEMD_EXEC_PID': '1641', 'GSM_SKIP_SSH_AGENT_WORKAROUND': 'true', 'DBUS_SESSION_BUS_ADDRESS': 'unix:path=/run/user/1002/bus', 'COLORTERM': 'truecolor', 'DEBUGINFOD_URLS': 'https://debuginfod.ubuntu.com', 'IM_CONFIG_PHASE': '1', 'WAYLAND_DISPLAY': 'wayland-0', 'ROS_DISTRO': 'jazzy', 'LOGNAME': 'csanimatronics', '_': '/usr/bin/colcon', 'ROS_VERSION': '2', 'MEMORY_PRESSURE_WATCH': '/sys/fs/cgroup/user.slice/user-1002.slice/user@1002.service/session.slice/org.gnome.Shell@wayland.service/memory.pressure', 'XDG_SESSION_CLASS': 'user', 'USERNAME': 'csanimatronics', 'TERM': 'xterm-256color', 'GNOME_DESKTOP_SESSION_ID': 'this-is-deprecated', 'PATH': '/opt/ros/jazzy/bin:/usr/local/sbin:/usr/local/bin:/usr/sbin:/usr/bin:/sbin:/bin:/usr/games:/usr/local/games:/snap/bin:/snap/bin', 'SESSION_MANAGER': 'local/csanimatronics-desktop:@/tmp/.ICE-unix/1612,unix/csanimatronics-desktop:/tmp/.ICE-unix/1612', 'XDG_MENU_PREFIX': 'gnome-', 'GNOME_TERMINAL_SCREEN': '/org/gnome/Terminal/screen/a3d1aaef_8926_4d51_8050_787570ea3a80', 'GNOME_SETUP_DISPLAY': ':1', 'XDG_RUNTIME_DIR': '/run/user/1002', 'DISPLAY': ':0', 'LANG': 'C.UTF-8', 'XDG_CURRENT_DESKTOP': 'ubuntu:GNOME', 'XMODIFIERS': '@im=ibus', 'XDG_SESSION_DESKTOP': 'ubuntu', 'XAUTHORITY': '/run/user/1002/.mutter-Xwaylandauth.N7O212', 'LS_COLORS': 'rs=0:di=01;34:ln=01;36:mh=00:pi=40;33:so=01;35:do=01;35:bd=40;33;01:cd=40;33;01:or=40;31;01:mi=00:su=37;41:sg=30;43:ca=00:tw=30;42:ow=34;42:st=37;44:ex=01;32:*.tar=01;31:*.tgz=01;31:*.arc=01;31:*.arj=01;31:*.taz=01;31:*.lha=01;31:*.lz4=01;31:*.lzh=01;31:*.lzma=01;31:*.tlz=01;31:*.txz=01;31:*.tzo=01;31:*.t7z=01;31:*.zip=01;31:*.z=01;31:*.dz=01;31:*.gz=01;31:*.lrz=01;31:*.lz=01;31:*.lzo=01;31:*.xz=01;31:*.zst=01;31:*.tzst=01;31:*.bz2=01;31:*.bz=01;31:*.tbz=01;31:*.tbz2=01;31:*.tz=01;31:*.deb=01;31:*.rpm=01;31:*.jar=01;31:*.war=01;31:*.ear=01;31:*.sar=01;31:*.rar=01;31:*.alz=01;31:*.ace=01;31:*.zoo=01;31:*.cpio=01;31:*.7z=01;31:*.rz=01;31:*.cab=01;31:*.wim=01;31:*.swm=01;31:*.dwm=01;31:*.esd=01;31:*.avif=01;35:*.jpg=01;35:*.jpeg=01;35:*.mjpg=01;35:*.mjpeg=01;35:*.gif=01;35:*.bmp=01;35:*.pbm=01;35:*.pgm=01;35:*.ppm=01;35:*.tga=01;35:*.xbm=01;35:*.xpm=01;35:*.tif=01;35:*.tiff=01;35:*.png=01;35:*.svg=01;35:*.svgz=01;35:*.mng=01;35:*.pcx=01;35:*.mov=01;35:*.mpg=01;35:*.mpeg=01;35:*.m2v=01;35:*.mkv=01;35:*.webm=01;35:*.webp=01;35:*.ogm=01;35:*.mp4=01;35:*.m4v=01;35:*.mp4v=01;35:*.vob=01;35:*.qt=01;35:*.nuv=01;35:*.wmv=01;35:*.asf=01;35:*.rm=01;35:*.rmvb=01;35:*.flc=01;35:*.avi=01;35:*.fli=01;35:*.flv=01;35:*.gl=01;35:*.dl=01;35:*.xcf=01;35:*.xwd=01;35:*.yuv=01;35:*.cgm=01;35:*.emf=01;35:*.ogv=01;35:*.ogx=01;35:*.aac=00;36:*.au=00;36:*.flac=00;36:*.m4a=00;36:*.mid=00;36:*.midi=00;36:*.mka=00;36:*.mp3=00;36:*.mpc=00;36:*.ogg=00;36:*.ra=00;36:*.wav=00;36:*.oga=00;36:*.opus=00;36:*.spx=00;36:*.xspf=00;36:*~=00;90:*#=00;90:*.bak=00;90:*.crdownload=00;90:*.dpkg-dist=00;90:*.dpkg-new=00;90:*.dpkg-old=00;90:*.dpkg-tmp=00;90:*.old=00;90:*.orig=00;90:*.part=00;90:*.rej=00;90:*.rpmnew=00;90:*.rpmorig=00;90:*.rpmsave=00;90:*.swp=00;90:*.tmp=00;90:*.ucf-dist=00;90:*.ucf-new=00;90:*.ucf-old=00;90:', 'GNOME_TERMINAL_SERVICE': ':1.103', 'SSH_AUTH_SOCK': '/run/user/1002/keyring/ssh', 'AMENT_PREFIX_PATH': '/opt/ros/jazzy', 'SHELL': '/bin/bash', 'QT_ACCESSIBILITY': '1', 'GDMSESSION': 'ubuntu', 'LESSCLOSE': '/usr/bin/lesspipe %s %s', 'ROS_AUTOMATIC_DISCOVERY_RANGE': 'SUBNET', 'QT_IM_MODULE': 'ibus', 'PWD': '/home/csanimatronics/CS_Animatronics/src/build/motor_command_msg', 'XDG_CONFIG_DIRS': '/etc/xdg/xdg-ubuntu:/etc/xdg', 'XDG_DATA_DIRS': '/usr/share/ubuntu:/usr/share/gnome:/usr/local/share/:/usr/share/:/var/lib/snapd/desktop', 'PYTHONPATH': '/opt/ros/jazzy/lib/python3.12/site-packages', 'COLCON': '1', 'MEMORY_PRESSURE_WRITE': 'c29tZSAyMDAwMDAgMjAwMDAwMAA=', 'VTE_VERSION': '7600', 'CMAKE_PREFIX_PATH': '/opt/ros/jazzy/opt/gz_math_vendor:/opt/ros/jazzy/opt/gz_utils_vendor:/opt/ros/jazzy/opt/gz_cmake_vendor:/opt/ros/jazzy'}), 'shell': False}
[9.041042] (dynamixel_sdk_custom_interfaces) StdoutLine: {'line': b'-- Configuring done (8.9s)\n'}
[9.074449] (-) TimerEvent: {}
[9.112993] (motor_command_msg) StdoutLine: {'line': b'[  2%] \x1b[34m\x1b[1mGenerating type hashes for ROS interfaces\x1b[0m\n'}
[9.127611] (dynamixel_sdk_custom_interfaces) StdoutLine: {'line': b'-- Generating done (0.1s)\n'}
[9.128154] (motor_command_msg) StdoutLine: {'line': b'[  2%] Built target ament_cmake_python_copy_motor_command_msg\n'}
[9.151195] (dynamixel_sdk_custom_interfaces) StdoutLine: {'line': b'-- Build files have been written to: /home/csanimatronics/CS_Animatronics/src/build/dynamixel_sdk_custom_interfaces\n'}
[9.171778] (dynamixel_sdk_custom_interfaces) CommandEnded: {'returncode': 0}
[9.172834] (dynamixel_sdk_custom_interfaces) JobProgress: {'identifier': 'dynamixel_sdk_custom_interfaces', 'progress': 'build'}
[9.172929] (dynamixel_sdk_custom_interfaces) Command: {'cmd': ['/usr/bin/cmake', '--build', '/home/csanimatronics/CS_Animatronics/src/build/dynamixel_sdk_custom_interfaces', '--', '-j4', '-l4'], 'cwd': '/home/csanimatronics/CS_Animatronics/src/build/dynamixel_sdk_custom_interfaces', 'env': OrderedDict({'LESSOPEN': '| /usr/bin/lesspipe %s', 'USER': 'csanimatronics', 'XDG_SESSION_TYPE': 'wayland', 'SHLVL': '1', 'LD_LIBRARY_PATH': '/opt/ros/jazzy/opt/rviz_ogre_vendor/lib:/opt/ros/jazzy/lib/aarch64-linux-gnu:/opt/ros/jazzy/opt/gz_math_vendor/lib:/opt/ros/jazzy/opt/gz_utils_vendor/lib:/opt/ros/jazzy/opt/gz_cmake_vendor/lib:/opt/ros/jazzy/lib', 'HOME': '/home/csanimatronics', 'OLDPWD': '/home/csanimatronics/CS_Animatronics', 'DESKTOP_SESSION': 'ubuntu', 'ROS_PYTHON_VERSION': '3', 'GNOME_SHELL_SESSION_MODE': 'ubuntu', 'GTK_MODULES': 'gail:atk-bridge', 'SYSTEMD_EXEC_PID': '1641', 'GSM_SKIP_SSH_AGENT_WORKAROUND': 'true', 'DBUS_SESSION_BUS_ADDRESS': 'unix:path=/run/user/1002/bus', 'COLORTERM': 'truecolor', 'DEBUGINFOD_URLS': 'https://debuginfod.ubuntu.com', 'IM_CONFIG_PHASE': '1', 'WAYLAND_DISPLAY': 'wayland-0', 'ROS_DISTRO': 'jazzy', 'LOGNAME': 'csanimatronics', '_': '/usr/bin/colcon', 'ROS_VERSION': '2', 'MEMORY_PRESSURE_WATCH': '/sys/fs/cgroup/user.slice/user-1002.slice/user@1002.service/session.slice/org.gnome.Shell@wayland.service/memory.pressure', 'XDG_SESSION_CLASS': 'user', 'USERNAME': 'csanimatronics', 'TERM': 'xterm-256color', 'GNOME_DESKTOP_SESSION_ID': 'this-is-deprecated', 'PATH': '/opt/ros/jazzy/bin:/usr/local/sbin:/usr/local/bin:/usr/sbin:/usr/bin:/sbin:/bin:/usr/games:/usr/local/games:/snap/bin:/snap/bin', 'SESSION_MANAGER': 'local/csanimatronics-desktop:@/tmp/.ICE-unix/1612,unix/csanimatronics-desktop:/tmp/.ICE-unix/1612', 'XDG_MENU_PREFIX': 'gnome-', 'GNOME_TERMINAL_SCREEN': '/org/gnome/Terminal/screen/a3d1aaef_8926_4d51_8050_787570ea3a80', 'GNOME_SETUP_DISPLAY': ':1', 'XDG_RUNTIME_DIR': '/run/user/1002', 'DISPLAY': ':0', 'LANG': 'C.UTF-8', 'XDG_CURRENT_DESKTOP': 'ubuntu:GNOME', 'XMODIFIERS': '@im=ibus', 'XDG_SESSION_DESKTOP': 'ubuntu', 'XAUTHORITY': '/run/user/1002/.mutter-Xwaylandauth.N7O212', 'LS_COLORS': 'rs=0:di=01;34:ln=01;36:mh=00:pi=40;33:so=01;35:do=01;35:bd=40;33;01:cd=40;33;01:or=40;31;01:mi=00:su=37;41:sg=30;43:ca=00:tw=30;42:ow=34;42:st=37;44:ex=01;32:*.tar=01;31:*.tgz=01;31:*.arc=01;31:*.arj=01;31:*.taz=01;31:*.lha=01;31:*.lz4=01;31:*.lzh=01;31:*.lzma=01;31:*.tlz=01;31:*.txz=01;31:*.tzo=01;31:*.t7z=01;31:*.zip=01;31:*.z=01;31:*.dz=01;31:*.gz=01;31:*.lrz=01;31:*.lz=01;31:*.lzo=01;31:*.xz=01;31:*.zst=01;31:*.tzst=01;31:*.bz2=01;31:*.bz=01;31:*.tbz=01;31:*.tbz2=01;31:*.tz=01;31:*.deb=01;31:*.rpm=01;31:*.jar=01;31:*.war=01;31:*.ear=01;31:*.sar=01;31:*.rar=01;31:*.alz=01;31:*.ace=01;31:*.zoo=01;31:*.cpio=01;31:*.7z=01;31:*.rz=01;31:*.cab=01;31:*.wim=01;31:*.swm=01;31:*.dwm=01;31:*.esd=01;31:*.avif=01;35:*.jpg=01;35:*.jpeg=01;35:*.mjpg=01;35:*.mjpeg=01;35:*.gif=01;35:*.bmp=01;35:*.pbm=01;35:*.pgm=01;35:*.ppm=01;35:*.tga=01;35:*.xbm=01;35:*.xpm=01;35:*.tif=01;35:*.tiff=01;35:*.png=01;35:*.svg=01;35:*.svgz=01;35:*.mng=01;35:*.pcx=01;35:*.mov=01;35:*.mpg=01;35:*.mpeg=01;35:*.m2v=01;35:*.mkv=01;35:*.webm=01;35:*.webp=01;35:*.ogm=01;35:*.mp4=01;35:*.m4v=01;35:*.mp4v=01;35:*.vob=01;35:*.qt=01;35:*.nuv=01;35:*.wmv=01;35:*.asf=01;35:*.rm=01;35:*.rmvb=01;35:*.flc=01;35:*.avi=01;35:*.fli=01;35:*.flv=01;35:*.gl=01;35:*.dl=01;35:*.xcf=01;35:*.xwd=01;35:*.yuv=01;35:*.cgm=01;35:*.emf=01;35:*.ogv=01;35:*.ogx=01;35:*.aac=00;36:*.au=00;36:*.flac=00;36:*.m4a=00;36:*.mid=00;36:*.midi=00;36:*.mka=00;36:*.mp3=00;36:*.mpc=00;36:*.ogg=00;36:*.ra=00;36:*.wav=00;36:*.oga=00;36:*.opus=00;36:*.spx=00;36:*.xspf=00;36:*~=00;90:*#=00;90:*.bak=00;90:*.crdownload=00;90:*.dpkg-dist=00;90:*.dpkg-new=00;90:*.dpkg-old=00;90:*.dpkg-tmp=00;90:*.old=00;90:*.orig=00;90:*.part=00;90:*.rej=00;90:*.rpmnew=00;90:*.rpmorig=00;90:*.rpmsave=00;90:*.swp=00;90:*.tmp=00;90:*.ucf-dist=00;90:*.ucf-new=00;90:*.ucf-old=00;90:', 'GNOME_TERMINAL_SERVICE': ':1.103', 'SSH_AUTH_SOCK': '/run/user/1002/keyring/ssh', 'AMENT_PREFIX_PATH': '/opt/ros/jazzy', 'SHELL': '/bin/bash', 'QT_ACCESSIBILITY': '1', 'GDMSESSION': 'ubuntu', 'LESSCLOSE': '/usr/bin/lesspipe %s %s', 'ROS_AUTOMATIC_DISCOVERY_RANGE': 'SUBNET', 'QT_IM_MODULE': 'ibus', 'PWD': '/home/csanimatronics/CS_Animatronics/src/build/dynamixel_sdk_custom_interfaces', 'XDG_CONFIG_DIRS': '/etc/xdg/xdg-ubuntu:/etc/xdg', 'XDG_DATA_DIRS': '/usr/share/ubuntu:/usr/share/gnome:/usr/local/share/:/usr/share/:/var/lib/snapd/desktop', 'PYTHONPATH': '/opt/ros/jazzy/lib/python3.12/site-packages', 'COLCON': '1', 'MEMORY_PRESSURE_WRITE': 'c29tZSAyMDAwMDAgMjAwMDAwMAA=', 'VTE_VERSION': '7600', 'CMAKE_PREFIX_PATH': '/opt/ros/jazzy/opt/gz_math_vendor:/opt/ros/jazzy/opt/gz_utils_vendor:/opt/ros/jazzy/opt/gz_cmake_vendor:/opt/ros/jazzy'}), 'shell': False}
[9.174547] (-) TimerEvent: {}
[9.277695] (-) TimerEvent: {}
[9.304013] (dynamixel_sdk_custom_interfaces) StdoutLine: {'line': b'[  2%] \x1b[34m\x1b[1mGenerating type hashes for ROS interfaces\x1b[0m\n'}
[9.328581] (dynamixel_sdk_custom_interfaces) StdoutLine: {'line': b'[  2%] Built target ament_cmake_python_copy_dynamixel_sdk_custom_interfaces\n'}
[9.377850] (-) TimerEvent: {}
[9.478326] (-) TimerEvent: {}
[9.578764] (-) TimerEvent: {}
[9.626640] (motor_command_msg) StdoutLine: {'line': b'[  2%] Built target motor_command_msg__rosidl_generator_type_description\n'}
[9.629345] (motor_command_msg) StdoutLine: {'line': b'running egg_info\n'}
[9.631384] (motor_command_msg) StdoutLine: {'line': b'creating motor_command_msg.egg-info\n'}
[9.649145] (motor_command_msg) StdoutLine: {'line': b'[  5%] \x1b[34m\x1b[1mGenerating C code for ROS interfaces\x1b[0m\n'}
[9.668790] (motor_command_msg) StdoutLine: {'line': b'writing motor_command_msg.egg-info/PKG-INFO\n'}
[9.669066] (motor_command_msg) StdoutLine: {'line': b'writing dependency_links to motor_command_msg.egg-info/dependency_links.txt\n'}
[9.669251] (motor_command_msg) StdoutLine: {'line': b'writing top-level names to motor_command_msg.egg-info/top_level.txt\n'}
[9.669357] (motor_command_msg) StdoutLine: {'line': b"writing manifest file 'motor_command_msg.egg-info/SOURCES.txt'\n"}
[9.678867] (-) TimerEvent: {}
[9.725437] (motor_command_msg) StdoutLine: {'line': b'[  8%] \x1b[34m\x1b[1mGenerating C++ code for ROS interfaces\x1b[0m\n'}
[9.781476] (-) TimerEvent: {}
[9.835071] (motor_command_msg) StdoutLine: {'line': b"reading manifest file 'motor_command_msg.egg-info/SOURCES.txt'\n"}
[9.836014] (motor_command_msg) StdoutLine: {'line': b"writing manifest file 'motor_command_msg.egg-info/SOURCES.txt'\n"}
[9.874987] (dynamixel_sdk_custom_interfaces) StdoutLine: {'line': b'[  2%] Built target dynamixel_sdk_custom_interfaces__rosidl_generator_type_description\n'}
[9.881595] (-) TimerEvent: {}
[9.937564] (dynamixel_sdk_custom_interfaces) StdoutLine: {'line': b'running egg_info\n'}
[9.938051] (dynamixel_sdk_custom_interfaces) StdoutLine: {'line': b'creating dynamixel_sdk_custom_interfaces.egg-info\n'}
[9.950390] (dynamixel_sdk_custom_interfaces) StdoutLine: {'line': b'[  4%] \x1b[34m\x1b[1mGenerating C code for ROS interfaces\x1b[0m\n'}
[9.981712] (-) TimerEvent: {}
[9.992572] (dynamixel_sdk_custom_interfaces) StdoutLine: {'line': b'[  6%] \x1b[34m\x1b[1mGenerating C++ code for ROS interfaces\x1b[0m\n'}
[9.998899] (dynamixel_sdk_custom_interfaces) StdoutLine: {'line': b'writing dynamixel_sdk_custom_interfaces.egg-info/PKG-INFO\n'}
[10.001682] (dynamixel_sdk_custom_interfaces) StdoutLine: {'line': b'writing dependency_links to dynamixel_sdk_custom_interfaces.egg-info/dependency_links.txt\n'}
[10.002068] (dynamixel_sdk_custom_interfaces) StdoutLine: {'line': b'writing top-level names to dynamixel_sdk_custom_interfaces.egg-info/top_level.txt\n'}
[10.004482] (dynamixel_sdk_custom_interfaces) StdoutLine: {'line': b"writing manifest file 'dynamixel_sdk_custom_interfaces.egg-info/SOURCES.txt'\n"}
[10.041961] (motor_command_msg) StdoutLine: {'line': b'[  8%] Built target ament_cmake_python_build_motor_command_msg_egg\n'}
[10.083515] (-) TimerEvent: {}
[10.167545] (dynamixel_sdk_custom_interfaces) StdoutLine: {'line': b"reading manifest file 'dynamixel_sdk_custom_interfaces.egg-info/SOURCES.txt'\n"}
[10.168468] (dynamixel_sdk_custom_interfaces) StdoutLine: {'line': b"writing manifest file 'dynamixel_sdk_custom_interfaces.egg-info/SOURCES.txt'\n"}
[10.183655] (-) TimerEvent: {}
[10.286504] (-) TimerEvent: {}
[10.323640] (dynamixel_sdk_custom_interfaces) StdoutLine: {'line': b'[  6%] Built target ament_cmake_python_build_dynamixel_sdk_custom_interfaces_egg\n'}
[10.386681] (-) TimerEvent: {}
[10.487186] (-) TimerEvent: {}
[10.587688] (-) TimerEvent: {}
[10.612355] (motor_command_msg) StdoutLine: {'line': b'[  8%] Built target motor_command_msg__cpp\n'}
[10.637332] (motor_command_msg) StdoutLine: {'line': b'[ 11%] \x1b[32mBuilding C object CMakeFiles/motor_command_msg__rosidl_generator_c.dir/rosidl_generator_c/motor_command_msg/msg/detail/id_angle__description.c.o\x1b[0m\n'}
[10.647657] (motor_command_msg) StdoutLine: {'line': b'[ 14%] \x1b[32mBuilding C object CMakeFiles/motor_command_msg__rosidl_generator_c.dir/rosidl_generator_c/motor_command_msg/msg/detail/id_angle__functions.c.o\x1b[0m\n'}
[10.651159] (motor_command_msg) StdoutLine: {'line': b'[ 17%] \x1b[32mBuilding C object CMakeFiles/motor_command_msg__rosidl_generator_c.dir/rosidl_generator_c/motor_command_msg/msg/detail/id_angle__type_support.c.o\x1b[0m\n'}
[10.687824] (-) TimerEvent: {}
[10.777002] (motor_command_msg) StdoutLine: {'line': b'[ 20%] \x1b[32m\x1b[1mLinking C shared library libmotor_command_msg__rosidl_generator_c.so\x1b[0m\n'}
[10.787967] (-) TimerEvent: {}
[10.888466] (-) TimerEvent: {}
[10.920150] (motor_command_msg) StdoutLine: {'line': b'[ 20%] Built target motor_command_msg__rosidl_generator_c\n'}
[10.928228] (dynamixel_sdk_custom_interfaces) StdoutLine: {'line': b'[  6%] Built target dynamixel_sdk_custom_interfaces__cpp\n'}
[10.946476] (motor_command_msg) StdoutLine: {'line': b'[ 23%] \x1b[34m\x1b[1mGenerating C++ type support for eProsima Fast-RTPS\x1b[0m\n'}
[10.951787] (motor_command_msg) StdoutLine: {'line': b'[ 26%] \x1b[34m\x1b[1mGenerating C++ introspection for ROS interfaces\x1b[0m\n'}
[10.962474] (motor_command_msg) StdoutLine: {'line': b'[ 29%] \x1b[34m\x1b[1mGenerating C type support dispatch for ROS interfaces\x1b[0m\n'}
[10.972954] (motor_command_msg) StdoutLine: {'line': b'[ 32%] \x1b[34m\x1b[1mGenerating C introspection for ROS interfaces\x1b[0m\n'}
[10.991462] (-) TimerEvent: {}
[11.094478] (-) TimerEvent: {}
[11.194963] (-) TimerEvent: {}
[11.273309] (dynamixel_sdk_custom_interfaces) StdoutLine: {'line': b'[ 11%] \x1b[32mBuilding C object CMakeFiles/dynamixel_sdk_custom_interfaces__rosidl_generator_c.dir/rosidl_generator_c/dynamixel_sdk_custom_interfaces/msg/detail/set_position__type_support.c.o\x1b[0m\n'}
[11.273671] (dynamixel_sdk_custom_interfaces) StdoutLine: {'line': b'[ 11%] \x1b[32mBuilding C object CMakeFiles/dynamixel_sdk_custom_interfaces__rosidl_generator_c.dir/rosidl_generator_c/dynamixel_sdk_custom_interfaces/msg/detail/set_position__functions.c.o\x1b[0m\n'}
[11.273819] (dynamixel_sdk_custom_interfaces) StdoutLine: {'line': b'[ 13%] \x1b[32mBuilding C object CMakeFiles/dynamixel_sdk_custom_interfaces__rosidl_generator_c.dir/rosidl_generator_c/dynamixel_sdk_custom_interfaces/msg/detail/set_position__description.c.o\x1b[0m\n'}
[11.275540] (dynamixel_sdk_custom_interfaces) StdoutLine: {'line': b'[ 15%] \x1b[32mBuilding C object CMakeFiles/dynamixel_sdk_custom_interfaces__rosidl_generator_c.dir/rosidl_generator_c/dynamixel_sdk_custom_interfaces/srv/detail/get_position__description.c.o\x1b[0m\n'}
[11.295097] (-) TimerEvent: {}
[11.396030] (-) TimerEvent: {}
[11.468585] (dynamixel_sdk_custom_interfaces) StdoutLine: {'line': b'[ 18%] \x1b[32mBuilding C object CMakeFiles/dynamixel_sdk_custom_interfaces__rosidl_generator_c.dir/rosidl_generator_c/dynamixel_sdk_custom_interfaces/srv/detail/get_position__functions.c.o\x1b[0m\n'}
[11.498545] (dynamixel_sdk_custom_interfaces) StdoutLine: {'line': b'[ 20%] \x1b[32mBuilding C object CMakeFiles/dynamixel_sdk_custom_interfaces__rosidl_generator_c.dir/rosidl_generator_c/dynamixel_sdk_custom_interfaces/srv/detail/get_position__type_support.c.o\x1b[0m\n'}
[11.499443] (-) TimerEvent: {}
[11.602468] (-) TimerEvent: {}
[11.702914] (-) TimerEvent: {}
[11.803452] (-) TimerEvent: {}
[11.849345] (dynamixel_sdk_custom_interfaces) StdoutLine: {'line': b'[ 22%] \x1b[32m\x1b[1mLinking C shared library libdynamixel_sdk_custom_interfaces__rosidl_generator_c.so\x1b[0m\n'}
[11.874109] (motor_command_msg) StdoutLine: {'line': b'[ 35%] \x1b[32mBuilding C object CMakeFiles/motor_command_msg__rosidl_typesupport_introspection_c.dir/rosidl_typesupport_introspection_c/motor_command_msg/msg/detail/id_angle__type_support.c.o\x1b[0m\n'}
[11.898302] (motor_command_msg) StdoutLine: {'line': b'[ 38%] \x1b[32mBuilding CXX object CMakeFiles/motor_command_msg__rosidl_typesupport_fastrtps_cpp.dir/rosidl_typesupport_fastrtps_cpp/motor_command_msg/msg/detail/dds_fastrtps/id_angle__type_support.cpp.o\x1b[0m\n'}
[11.904501] (-) TimerEvent: {}
[11.921623] (motor_command_msg) StdoutLine: {'line': b'[ 41%] \x1b[32mBuilding CXX object CMakeFiles/motor_command_msg__rosidl_typesupport_c.dir/rosidl_typesupport_c/motor_command_msg/msg/id_angle__type_support.cpp.o\x1b[0m\n'}
[11.996900] (motor_command_msg) StdoutLine: {'line': b'[ 44%] \x1b[32m\x1b[1mLinking C shared library libmotor_command_msg__rosidl_typesupport_introspection_c.so\x1b[0m\n'}
[12.005498] (-) TimerEvent: {}
[12.042333] (dynamixel_sdk_custom_interfaces) StdoutLine: {'line': b'[ 22%] Built target dynamixel_sdk_custom_interfaces__rosidl_generator_c\n'}
[12.063631] (motor_command_msg) StdoutLine: {'line': b'[ 47%] \x1b[32m\x1b[1mLinking CXX shared library libmotor_command_msg__rosidl_typesupport_c.so\x1b[0m\n'}
[12.091110] (motor_command_msg) StdoutLine: {'line': b'[ 50%] \x1b[32mBuilding CXX object CMakeFiles/motor_command_msg__rosidl_typesupport_introspection_cpp.dir/rosidl_typesupport_introspection_cpp/motor_command_msg/msg/detail/id_angle__type_support.cpp.o\x1b[0m\n'}
[12.091486] (dynamixel_sdk_custom_interfaces) StdoutLine: {'line': b'[ 25%] \x1b[34m\x1b[1mGenerating C++ type support dispatch for ROS interfaces\x1b[0m\n'}
[12.104544] (dynamixel_sdk_custom_interfaces) StdoutLine: {'line': b'[ 27%] \x1b[34m\x1b[1mGenerating C++ type support for eProsima Fast-RTPS\x1b[0m\n'}
[12.105598] (-) TimerEvent: {}
[12.106819] (dynamixel_sdk_custom_interfaces) StdoutLine: {'line': b'[ 29%] \x1b[34m\x1b[1mGenerating C type support for eProsima Fast-RTPS\x1b[0m\n'}
[12.130624] (dynamixel_sdk_custom_interfaces) StdoutLine: {'line': b'[ 31%] \x1b[34m\x1b[1mGenerating C introspection for ROS interfaces\x1b[0m\n'}
[12.162570] (motor_command_msg) StdoutLine: {'line': b'[ 50%] Built target motor_command_msg__rosidl_typesupport_introspection_c\n'}
[12.206503] (-) TimerEvent: {}
[12.212358] (motor_command_msg) StdoutLine: {'line': b'[ 52%] \x1b[34m\x1b[1mGenerating C++ type support dispatch for ROS interfaces\x1b[0m\n'}
[12.306641] (-) TimerEvent: {}
[12.335167] (motor_command_msg) StdoutLine: {'line': b'[ 52%] Built target motor_command_msg__rosidl_typesupport_c\n'}
[12.402425] (motor_command_msg) StdoutLine: {'line': b'[ 55%] \x1b[34m\x1b[1mGenerating C type support for eProsima Fast-RTPS\x1b[0m\n'}
[12.406770] (-) TimerEvent: {}
[12.507670] (-) TimerEvent: {}
[12.609726] (-) TimerEvent: {}
[12.712453] (-) TimerEvent: {}
[12.814448] (-) TimerEvent: {}
[12.914861] (-) TimerEvent: {}
[13.016500] (-) TimerEvent: {}
[13.117022] (-) TimerEvent: {}
[13.222464] (-) TimerEvent: {}
[13.264220] (dynamixel_sdk_custom_interfaces) StdoutLine: {'line': b'[ 34%] \x1b[32mBuilding CXX object CMakeFiles/dynamixel_sdk_custom_interfaces__rosidl_typesupport_fastrtps_c.dir/rosidl_typesupport_fastrtps_c/dynamixel_sdk_custom_interfaces/msg/detail/set_position__type_support_c.cpp.o\x1b[0m\n'}
[13.322660] (-) TimerEvent: {}
[13.425520] (-) TimerEvent: {}
[13.515608] (motor_command_msg) StdoutLine: {'line': b'[ 58%] \x1b[32mBuilding CXX object CMakeFiles/motor_command_msg__rosidl_typesupport_cpp.dir/rosidl_typesupport_cpp/motor_command_msg/msg/id_angle__type_support.cpp.o\x1b[0m\n'}
[13.527470] (-) TimerEvent: {}
[13.613487] (dynamixel_sdk_custom_interfaces) StdoutLine: {'line': b'[ 36%] \x1b[32mBuilding CXX object CMakeFiles/dynamixel_sdk_custom_interfaces__rosidl_typesupport_cpp.dir/rosidl_typesupport_cpp/dynamixel_sdk_custom_interfaces/msg/set_position__type_support.cpp.o\x1b[0m\n'}
[13.627624] (-) TimerEvent: {}
[13.728255] (-) TimerEvent: {}
[13.831489] (-) TimerEvent: {}
[13.931986] (-) TimerEvent: {}
[13.997270] (dynamixel_sdk_custom_interfaces) StdoutLine: {'line': b'[ 38%] \x1b[32mBuilding C object CMakeFiles/dynamixel_sdk_custom_interfaces__rosidl_typesupport_introspection_c.dir/rosidl_typesupport_introspection_c/dynamixel_sdk_custom_interfaces/msg/detail/set_position__type_support.c.o\x1b[0m\n'}
[14.034500] (motor_command_msg) StdoutLine: {'line': b'[ 61%] \x1b[32m\x1b[1mLinking CXX shared library libmotor_command_msg__rosidl_typesupport_introspection_cpp.so\x1b[0m\n'}
[14.034860] (-) TimerEvent: {}
[14.079146] (motor_command_msg) StdoutLine: {'line': b'[ 64%] \x1b[32mBuilding CXX object CMakeFiles/motor_command_msg__rosidl_typesupport_fastrtps_c.dir/rosidl_typesupport_fastrtps_c/motor_command_msg/msg/detail/id_angle__type_support_c.cpp.o\x1b[0m\n'}
[14.096942] (dynamixel_sdk_custom_interfaces) StdoutLine: {'line': b'[ 40%] \x1b[32mBuilding CXX object CMakeFiles/dynamixel_sdk_custom_interfaces__rosidl_typesupport_fastrtps_cpp.dir/rosidl_typesupport_fastrtps_cpp/dynamixel_sdk_custom_interfaces/msg/detail/dds_fastrtps/set_position__type_support.cpp.o\x1b[0m\n'}
[14.137474] (-) TimerEvent: {}
[14.177633] (dynamixel_sdk_custom_interfaces) StdoutLine: {'line': b'[ 43%] \x1b[32mBuilding C object CMakeFiles/dynamixel_sdk_custom_interfaces__rosidl_typesupport_introspection_c.dir/rosidl_typesupport_introspection_c/dynamixel_sdk_custom_interfaces/srv/detail/get_position__type_support.c.o\x1b[0m\n'}
[14.240526] (-) TimerEvent: {}
[14.341052] (-) TimerEvent: {}
[14.431157] (dynamixel_sdk_custom_interfaces) StdoutLine: {'line': b'[ 45%] \x1b[32m\x1b[1mLinking C shared library libdynamixel_sdk_custom_interfaces__rosidl_typesupport_introspection_c.so\x1b[0m\n'}
[14.442656] (-) TimerEvent: {}
[14.510988] (motor_command_msg) StdoutLine: {'line': b'[ 64%] Built target motor_command_msg__rosidl_typesupport_introspection_cpp\n'}
[14.542790] (-) TimerEvent: {}
[14.617495] (dynamixel_sdk_custom_interfaces) StdoutLine: {'line': b'[ 45%] Built target dynamixel_sdk_custom_interfaces__rosidl_typesupport_introspection_c\n'}
[14.642944] (-) TimerEvent: {}
[14.677832] (dynamixel_sdk_custom_interfaces) StdoutLine: {'line': b'[ 47%] \x1b[34m\x1b[1mGenerating C type support dispatch for ROS interfaces\x1b[0m\n'}
[14.745501] (-) TimerEvent: {}
[14.832695] (motor_command_msg) StdoutLine: {'line': b'[ 67%] \x1b[32m\x1b[1mLinking CXX shared library libmotor_command_msg__rosidl_typesupport_fastrtps_cpp.so\x1b[0m\n'}
[14.845647] (-) TimerEvent: {}
[14.946154] (-) TimerEvent: {}
[15.049493] (-) TimerEvent: {}
[15.152487] (-) TimerEvent: {}
[15.252951] (-) TimerEvent: {}
[15.319586] (motor_command_msg) StdoutLine: {'line': b'[ 70%] \x1b[32m\x1b[1mLinking CXX shared library libmotor_command_msg__rosidl_typesupport_cpp.so\x1b[0m\n'}
[15.334744] (motor_command_msg) StdoutLine: {'line': b'[ 70%] Built target motor_command_msg__rosidl_typesupport_fastrtps_cpp\n'}
[15.354481] (-) TimerEvent: {}
[15.450212] (dynamixel_sdk_custom_interfaces) StdoutLine: {'line': b'[ 50%] \x1b[32mBuilding CXX object CMakeFiles/dynamixel_sdk_custom_interfaces__rosidl_typesupport_cpp.dir/rosidl_typesupport_cpp/dynamixel_sdk_custom_interfaces/srv/get_position__type_support.cpp.o\x1b[0m\n'}
[15.454603] (-) TimerEvent: {}
[15.527581] (dynamixel_sdk_custom_interfaces) StdoutLine: {'line': b'[ 52%] \x1b[32mBuilding CXX object CMakeFiles/dynamixel_sdk_custom_interfaces__rosidl_typesupport_fastrtps_c.dir/rosidl_typesupport_fastrtps_c/dynamixel_sdk_custom_interfaces/srv/detail/get_position__type_support_c.cpp.o\x1b[0m\n'}
[15.537990] (motor_command_msg) StdoutLine: {'line': b'[ 70%] Built target motor_command_msg__rosidl_typesupport_cpp\n'}
[15.554751] (-) TimerEvent: {}
[15.655231] (-) TimerEvent: {}
[15.755688] (-) TimerEvent: {}
[15.783889] (dynamixel_sdk_custom_interfaces) StdoutLine: {'line': b'[ 54%] \x1b[32mBuilding CXX object CMakeFiles/dynamixel_sdk_custom_interfaces__rosidl_typesupport_c.dir/rosidl_typesupport_c/dynamixel_sdk_custom_interfaces/msg/set_position__type_support.cpp.o\x1b[0m\n'}
[15.855865] (-) TimerEvent: {}
[15.911051] (motor_command_msg) StdoutLine: {'line': b'[ 73%] \x1b[32m\x1b[1mLinking CXX shared library libmotor_command_msg__rosidl_typesupport_fastrtps_c.so\x1b[0m\n'}
[15.938020] (dynamixel_sdk_custom_interfaces) StdoutLine: {'line': b'[ 56%] \x1b[32mBuilding CXX object CMakeFiles/dynamixel_sdk_custom_interfaces__rosidl_typesupport_fastrtps_cpp.dir/rosidl_typesupport_fastrtps_cpp/dynamixel_sdk_custom_interfaces/srv/detail/dds_fastrtps/get_position__type_support.cpp.o\x1b[0m\n'}
[15.956022] (-) TimerEvent: {}
[15.969115] (dynamixel_sdk_custom_interfaces) StdoutLine: {'line': b'[ 59%] \x1b[32mBuilding CXX object CMakeFiles/dynamixel_sdk_custom_interfaces__rosidl_typesupport_c.dir/rosidl_typesupport_c/dynamixel_sdk_custom_interfaces/srv/get_position__type_support.cpp.o\x1b[0m\n'}
[16.056220] (-) TimerEvent: {}
[16.107113] (dynamixel_sdk_custom_interfaces) StdoutLine: {'line': b'[ 61%] \x1b[32m\x1b[1mLinking CXX shared library libdynamixel_sdk_custom_interfaces__rosidl_typesupport_c.so\x1b[0m\n'}
[16.130966] (motor_command_msg) StdoutLine: {'line': b'[ 73%] Built target motor_command_msg__rosidl_typesupport_fastrtps_c\n'}
[16.158480] (-) TimerEvent: {}
[16.204842] (motor_command_msg) StdoutLine: {'line': b'[ 73%] Built target motor_command_msg\n'}
[16.258613] (-) TimerEvent: {}
[16.295453] (dynamixel_sdk_custom_interfaces) StdoutLine: {'line': b'[ 61%] Built target dynamixel_sdk_custom_interfaces__rosidl_typesupport_c\n'}
[16.308470] (motor_command_msg) StdoutLine: {'line': b'[ 76%] \x1b[34m\x1b[1mGenerating Python code for ROS interfaces\x1b[0m\n'}
[16.350711] (dynamixel_sdk_custom_interfaces) StdoutLine: {'line': b'[ 63%] \x1b[34m\x1b[1mGenerating C++ introspection for ROS interfaces\x1b[0m\n'}
[16.362504] (-) TimerEvent: {}
[16.464504] (-) TimerEvent: {}
[16.565083] (-) TimerEvent: {}
[16.597010] (dynamixel_sdk_custom_interfaces) StdoutLine: {'line': b'[ 65%] \x1b[32m\x1b[1mLinking CXX shared library libdynamixel_sdk_custom_interfaces__rosidl_typesupport_cpp.so\x1b[0m\n'}
[16.667494] (-) TimerEvent: {}
[16.767978] (-) TimerEvent: {}
[16.857053] (dynamixel_sdk_custom_interfaces) StdoutLine: {'line': b'[ 65%] Built target dynamixel_sdk_custom_interfaces__rosidl_typesupport_cpp\n'}
[16.868106] (-) TimerEvent: {}
[16.968619] (-) TimerEvent: {}
[17.027942] (dynamixel_sdk_custom_interfaces) StdoutLine: {'line': b'[ 68%] \x1b[32m\x1b[1mLinking CXX shared library libdynamixel_sdk_custom_interfaces__rosidl_typesupport_fastrtps_c.so\x1b[0m\n'}
[17.068754] (-) TimerEvent: {}
[17.172792] (-) TimerEvent: {}
[17.183542] (dynamixel_sdk_custom_interfaces) StdoutLine: {'line': b'[ 68%] Built target dynamixel_sdk_custom_interfaces__rosidl_typesupport_fastrtps_c\n'}
[17.266348] (dynamixel_sdk_custom_interfaces) StdoutLine: {'line': b'[ 70%] \x1b[32mBuilding CXX object CMakeFiles/dynamixel_sdk_custom_interfaces__rosidl_typesupport_introspection_cpp.dir/rosidl_typesupport_introspection_cpp/dynamixel_sdk_custom_interfaces/srv/detail/get_position__type_support.cpp.o\x1b[0m\n'}
[17.275512] (-) TimerEvent: {}
[17.276036] (dynamixel_sdk_custom_interfaces) StdoutLine: {'line': b'[ 72%] \x1b[32mBuilding CXX object CMakeFiles/dynamixel_sdk_custom_interfaces__rosidl_typesupport_introspection_cpp.dir/rosidl_typesupport_introspection_cpp/dynamixel_sdk_custom_interfaces/msg/detail/set_position__type_support.cpp.o\x1b[0m\n'}
[17.341051] (motor_command_msg) StdoutLine: {'line': b'[ 76%] Built target motor_command_msg__py\n'}
[17.375660] (-) TimerEvent: {}
[17.393584] (motor_command_msg) StdoutLine: {'line': b'[ 79%] \x1b[32mBuilding C object CMakeFiles/motor_command_msg__rosidl_generator_py.dir/rosidl_generator_py/motor_command_msg/msg/_id_angle_s.c.o\x1b[0m\n'}
[17.475797] (-) TimerEvent: {}
[17.578777] (-) TimerEvent: {}
[17.625957] (dynamixel_sdk_custom_interfaces) StdoutLine: {'line': b'[ 75%] \x1b[32m\x1b[1mLinking CXX shared library libdynamixel_sdk_custom_interfaces__rosidl_typesupport_fastrtps_cpp.so\x1b[0m\n'}
[17.678973] (-) TimerEvent: {}
[17.765634] (motor_command_msg) StdoutLine: {'line': b'[ 82%] \x1b[32m\x1b[1mLinking C shared library libmotor_command_msg__rosidl_generator_py.so\x1b[0m\n'}
[17.779852] (-) TimerEvent: {}
[17.876530] (dynamixel_sdk_custom_interfaces) StdoutLine: {'line': b'[ 75%] Built target dynamixel_sdk_custom_interfaces__rosidl_typesupport_fastrtps_cpp\n'}
[17.879976] (-) TimerEvent: {}
[17.917122] (motor_command_msg) StdoutLine: {'line': b'[ 82%] Built target motor_command_msg__rosidl_generator_py\n'}
[17.980773] (-) TimerEvent: {}
[17.982774] (motor_command_msg) StdoutLine: {'line': b'[ 85%] \x1b[32mBuilding C object CMakeFiles/motor_command_msg_s__rosidl_typesupport_c.dir/rosidl_generator_py/motor_command_msg/_motor_command_msg_s.ep.rosidl_typesupport_c.c.o\x1b[0m\n'}
[18.001963] (motor_command_msg) StdoutLine: {'line': b'[ 88%] \x1b[32mBuilding C object CMakeFiles/motor_command_msg_s__rosidl_typesupport_fastrtps_c.dir/rosidl_generator_py/motor_command_msg/_motor_command_msg_s.ep.rosidl_typesupport_fastrtps_c.c.o\x1b[0m\n'}
[18.024030] (motor_command_msg) StdoutLine: {'line': b'[ 91%] \x1b[32mBuilding C object CMakeFiles/motor_command_msg_s__rosidl_typesupport_introspection_c.dir/rosidl_generator_py/motor_command_msg/_motor_command_msg_s.ep.rosidl_typesupport_introspection_c.c.o\x1b[0m\n'}
[18.082493] (-) TimerEvent: {}
[18.183283] (-) TimerEvent: {}
[18.282654] (motor_command_msg) StdoutLine: {'line': b'[ 94%] \x1b[32m\x1b[1mLinking C shared module rosidl_generator_py/motor_command_msg/motor_command_msg_s__rosidl_typesupport_fastrtps_c.so\x1b[0m\n'}
[18.283340] (-) TimerEvent: {}
[18.291362] (motor_command_msg) StdoutLine: {'line': b'[ 97%] \x1b[32m\x1b[1mLinking C shared module rosidl_generator_py/motor_command_msg/motor_command_msg_s__rosidl_typesupport_c.so\x1b[0m\n'}
[18.383713] (-) TimerEvent: {}
[18.428130] (motor_command_msg) StdoutLine: {'line': b'[ 97%] Built target motor_command_msg_s__rosidl_typesupport_c\n'}
[18.428765] (motor_command_msg) StdoutLine: {'line': b'[100%] \x1b[32m\x1b[1mLinking C shared module rosidl_generator_py/motor_command_msg/motor_command_msg_s__rosidl_typesupport_introspection_c.so\x1b[0m\n'}
[18.431989] (motor_command_msg) StdoutLine: {'line': b'[100%] Built target motor_command_msg_s__rosidl_typesupport_fastrtps_c\n'}
[18.483873] (-) TimerEvent: {}
[18.489613] (motor_command_msg) StdoutLine: {'line': b'[100%] Built target motor_command_msg_s__rosidl_typesupport_introspection_c\n'}
[18.512851] (dynamixel_sdk_custom_interfaces) StdoutLine: {'line': b'[ 77%] \x1b[32m\x1b[1mLinking CXX shared library libdynamixel_sdk_custom_interfaces__rosidl_typesupport_introspection_cpp.so\x1b[0m\n'}
[18.519447] (motor_command_msg) CommandEnded: {'returncode': 0}
[18.520474] (motor_command_msg) JobProgress: {'identifier': 'motor_command_msg', 'progress': 'install'}
[18.520808] (motor_command_msg) Command: {'cmd': ['/usr/bin/cmake', '--install', '/home/csanimatronics/CS_Animatronics/src/build/motor_command_msg'], 'cwd': '/home/csanimatronics/CS_Animatronics/src/build/motor_command_msg', 'env': OrderedDict({'LESSOPEN': '| /usr/bin/lesspipe %s', 'USER': 'csanimatronics', 'XDG_SESSION_TYPE': 'wayland', 'SHLVL': '1', 'LD_LIBRARY_PATH': '/opt/ros/jazzy/opt/rviz_ogre_vendor/lib:/opt/ros/jazzy/lib/aarch64-linux-gnu:/opt/ros/jazzy/opt/gz_math_vendor/lib:/opt/ros/jazzy/opt/gz_utils_vendor/lib:/opt/ros/jazzy/opt/gz_cmake_vendor/lib:/opt/ros/jazzy/lib', 'HOME': '/home/csanimatronics', 'OLDPWD': '/home/csanimatronics/CS_Animatronics', 'DESKTOP_SESSION': 'ubuntu', 'ROS_PYTHON_VERSION': '3', 'GNOME_SHELL_SESSION_MODE': 'ubuntu', 'GTK_MODULES': 'gail:atk-bridge', 'SYSTEMD_EXEC_PID': '1641', 'GSM_SKIP_SSH_AGENT_WORKAROUND': 'true', 'DBUS_SESSION_BUS_ADDRESS': 'unix:path=/run/user/1002/bus', 'COLORTERM': 'truecolor', 'DEBUGINFOD_URLS': 'https://debuginfod.ubuntu.com', 'IM_CONFIG_PHASE': '1', 'WAYLAND_DISPLAY': 'wayland-0', 'ROS_DISTRO': 'jazzy', 'LOGNAME': 'csanimatronics', '_': '/usr/bin/colcon', 'ROS_VERSION': '2', 'MEMORY_PRESSURE_WATCH': '/sys/fs/cgroup/user.slice/user-1002.slice/user@1002.service/session.slice/org.gnome.Shell@wayland.service/memory.pressure', 'XDG_SESSION_CLASS': 'user', 'USERNAME': 'csanimatronics', 'TERM': 'xterm-256color', 'GNOME_DESKTOP_SESSION_ID': 'this-is-deprecated', 'PATH': '/opt/ros/jazzy/bin:/usr/local/sbin:/usr/local/bin:/usr/sbin:/usr/bin:/sbin:/bin:/usr/games:/usr/local/games:/snap/bin:/snap/bin', 'SESSION_MANAGER': 'local/csanimatronics-desktop:@/tmp/.ICE-unix/1612,unix/csanimatronics-desktop:/tmp/.ICE-unix/1612', 'XDG_MENU_PREFIX': 'gnome-', 'GNOME_TERMINAL_SCREEN': '/org/gnome/Terminal/screen/a3d1aaef_8926_4d51_8050_787570ea3a80', 'GNOME_SETUP_DISPLAY': ':1', 'XDG_RUNTIME_DIR': '/run/user/1002', 'DISPLAY': ':0', 'LANG': 'C.UTF-8', 'XDG_CURRENT_DESKTOP': 'ubuntu:GNOME', 'XMODIFIERS': '@im=ibus', 'XDG_SESSION_DESKTOP': 'ubuntu', 'XAUTHORITY': '/run/user/1002/.mutter-Xwaylandauth.N7O212', 'LS_COLORS': 'rs=0:di=01;34:ln=01;36:mh=00:pi=40;33:so=01;35:do=01;35:bd=40;33;01:cd=40;33;01:or=40;31;01:mi=00:su=37;41:sg=30;43:ca=00:tw=30;42:ow=34;42:st=37;44:ex=01;32:*.tar=01;31:*.tgz=01;31:*.arc=01;31:*.arj=01;31:*.taz=01;31:*.lha=01;31:*.lz4=01;31:*.lzh=01;31:*.lzma=01;31:*.tlz=01;31:*.txz=01;31:*.tzo=01;31:*.t7z=01;31:*.zip=01;31:*.z=01;31:*.dz=01;31:*.gz=01;31:*.lrz=01;31:*.lz=01;31:*.lzo=01;31:*.xz=01;31:*.zst=01;31:*.tzst=01;31:*.bz2=01;31:*.bz=01;31:*.tbz=01;31:*.tbz2=01;31:*.tz=01;31:*.deb=01;31:*.rpm=01;31:*.jar=01;31:*.war=01;31:*.ear=01;31:*.sar=01;31:*.rar=01;31:*.alz=01;31:*.ace=01;31:*.zoo=01;31:*.cpio=01;31:*.7z=01;31:*.rz=01;31:*.cab=01;31:*.wim=01;31:*.swm=01;31:*.dwm=01;31:*.esd=01;31:*.avif=01;35:*.jpg=01;35:*.jpeg=01;35:*.mjpg=01;35:*.mjpeg=01;35:*.gif=01;35:*.bmp=01;35:*.pbm=01;35:*.pgm=01;35:*.ppm=01;35:*.tga=01;35:*.xbm=01;35:*.xpm=01;35:*.tif=01;35:*.tiff=01;35:*.png=01;35:*.svg=01;35:*.svgz=01;35:*.mng=01;35:*.pcx=01;35:*.mov=01;35:*.mpg=01;35:*.mpeg=01;35:*.m2v=01;35:*.mkv=01;35:*.webm=01;35:*.webp=01;35:*.ogm=01;35:*.mp4=01;35:*.m4v=01;35:*.mp4v=01;35:*.vob=01;35:*.qt=01;35:*.nuv=01;35:*.wmv=01;35:*.asf=01;35:*.rm=01;35:*.rmvb=01;35:*.flc=01;35:*.avi=01;35:*.fli=01;35:*.flv=01;35:*.gl=01;35:*.dl=01;35:*.xcf=01;35:*.xwd=01;35:*.yuv=01;35:*.cgm=01;35:*.emf=01;35:*.ogv=01;35:*.ogx=01;35:*.aac=00;36:*.au=00;36:*.flac=00;36:*.m4a=00;36:*.mid=00;36:*.midi=00;36:*.mka=00;36:*.mp3=00;36:*.mpc=00;36:*.ogg=00;36:*.ra=00;36:*.wav=00;36:*.oga=00;36:*.opus=00;36:*.spx=00;36:*.xspf=00;36:*~=00;90:*#=00;90:*.bak=00;90:*.crdownload=00;90:*.dpkg-dist=00;90:*.dpkg-new=00;90:*.dpkg-old=00;90:*.dpkg-tmp=00;90:*.old=00;90:*.orig=00;90:*.part=00;90:*.rej=00;90:*.rpmnew=00;90:*.rpmorig=00;90:*.rpmsave=00;90:*.swp=00;90:*.tmp=00;90:*.ucf-dist=00;90:*.ucf-new=00;90:*.ucf-old=00;90:', 'GNOME_TERMINAL_SERVICE': ':1.103', 'SSH_AUTH_SOCK': '/run/user/1002/keyring/ssh', 'AMENT_PREFIX_PATH': '/opt/ros/jazzy', 'SHELL': '/bin/bash', 'QT_ACCESSIBILITY': '1', 'GDMSESSION': 'ubuntu', 'LESSCLOSE': '/usr/bin/lesspipe %s %s', 'ROS_AUTOMATIC_DISCOVERY_RANGE': 'SUBNET', 'QT_IM_MODULE': 'ibus', 'PWD': '/home/csanimatronics/CS_Animatronics/src/build/motor_command_msg', 'XDG_CONFIG_DIRS': '/etc/xdg/xdg-ubuntu:/etc/xdg', 'XDG_DATA_DIRS': '/usr/share/ubuntu:/usr/share/gnome:/usr/local/share/:/usr/share/:/var/lib/snapd/desktop', 'PYTHONPATH': '/opt/ros/jazzy/lib/python3.12/site-packages', 'COLCON': '1', 'MEMORY_PRESSURE_WRITE': 'c29tZSAyMDAwMDAgMjAwMDAwMAA=', 'VTE_VERSION': '7600', 'CMAKE_PREFIX_PATH': '/opt/ros/jazzy/opt/gz_math_vendor:/opt/ros/jazzy/opt/gz_utils_vendor:/opt/ros/jazzy/opt/gz_cmake_vendor:/opt/ros/jazzy'}), 'shell': False}
[18.537430] (motor_command_msg) StdoutLine: {'line': b'-- Install configuration: ""\n'}
[18.537833] (motor_command_msg) StdoutLine: {'line': b'-- Installing: /home/csanimatronics/CS_Animatronics/src/install/motor_command_msg/share/ament_index/resource_index/rosidl_interfaces/motor_command_msg\n'}
[18.538470] (motor_command_msg) StdoutLine: {'line': b'-- Installing: /home/csanimatronics/CS_Animatronics/src/install/motor_command_msg/share/motor_command_msg/msg/IdAngle.json\n'}
[18.538658] (motor_command_msg) StdoutLine: {'line': b'-- Installing: /home/csanimatronics/CS_Animatronics/src/install/motor_command_msg/include/motor_command_msg/motor_command_msg\n'}
[18.538792] (motor_command_msg) StdoutLine: {'line': b'-- Installing: /home/csanimatronics/CS_Animatronics/src/install/motor_command_msg/include/motor_command_msg/motor_command_msg/msg\n'}
[18.538924] (motor_command_msg) StdoutLine: {'line': b'-- Installing: /home/csanimatronics/CS_Animatronics/src/install/motor_command_msg/include/motor_command_msg/motor_command_msg/msg/rosidl_generator_c__visibility_control.h\n'}
[18.539018] (motor_command_msg) StdoutLine: {'line': b'-- Installing: /home/csanimatronics/CS_Animatronics/src/install/motor_command_msg/include/motor_command_msg/motor_command_msg/msg/detail\n'}
[18.539121] (motor_command_msg) StdoutLine: {'line': b'-- Installing: /home/csanimatronics/CS_Animatronics/src/install/motor_command_msg/include/motor_command_msg/motor_command_msg/msg/detail/id_angle__type_support.h\n'}
[18.539267] (motor_command_msg) StdoutLine: {'line': b'-- Installing: /home/csanimatronics/CS_Animatronics/src/install/motor_command_msg/include/motor_command_msg/motor_command_msg/msg/detail/id_angle__functions.h\n'}
[18.539379] (motor_command_msg) StdoutLine: {'line': b'-- Installing: /home/csanimatronics/CS_Animatronics/src/install/motor_command_msg/include/motor_command_msg/motor_command_msg/msg/detail/id_angle__functions.c\n'}
[18.539531] (motor_command_msg) StdoutLine: {'line': b'-- Installing: /home/csanimatronics/CS_Animatronics/src/install/motor_command_msg/include/motor_command_msg/motor_command_msg/msg/detail/id_angle__description.c\n'}
[18.539628] (motor_command_msg) StdoutLine: {'line': b'-- Installing: /home/csanimatronics/CS_Animatronics/src/install/motor_command_msg/include/motor_command_msg/motor_command_msg/msg/detail/id_angle__type_support.c\n'}
[18.539752] (motor_command_msg) StdoutLine: {'line': b'-- Installing: /home/csanimatronics/CS_Animatronics/src/install/motor_command_msg/include/motor_command_msg/motor_command_msg/msg/detail/id_angle__struct.h\n'}
[18.539896] (motor_command_msg) StdoutLine: {'line': b'-- Installing: /home/csanimatronics/CS_Animatronics/src/install/motor_command_msg/include/motor_command_msg/motor_command_msg/msg/id_angle.h\n'}
[18.540130] (motor_command_msg) StdoutLine: {'line': b'-- Installing: /home/csanimatronics/CS_Animatronics/src/install/motor_command_msg/share/motor_command_msg/environment/library_path.sh\n'}
[18.540329] (motor_command_msg) StdoutLine: {'line': b'-- Installing: /home/csanimatronics/CS_Animatronics/src/install/motor_command_msg/share/motor_command_msg/environment/library_path.dsv\n'}
[18.540637] (motor_command_msg) StdoutLine: {'line': b'-- Installing: /home/csanimatronics/CS_Animatronics/src/install/motor_command_msg/lib/libmotor_command_msg__rosidl_generator_c.so\n'}
[18.541424] (motor_command_msg) StdoutLine: {'line': b'-- Set non-toolchain portion of runtime path of "/home/csanimatronics/CS_Animatronics/src/install/motor_command_msg/lib/libmotor_command_msg__rosidl_generator_c.so" to ""\n'}
[18.541632] (motor_command_msg) StdoutLine: {'line': b'-- Up-to-date: /home/csanimatronics/CS_Animatronics/src/install/motor_command_msg/include/motor_command_msg/motor_command_msg\n'}
[18.541754] (motor_command_msg) StdoutLine: {'line': b'-- Up-to-date: /home/csanimatronics/CS_Animatronics/src/install/motor_command_msg/include/motor_command_msg/motor_command_msg/msg\n'}
[18.541887] (motor_command_msg) StdoutLine: {'line': b'-- Installing: /home/csanimatronics/CS_Animatronics/src/install/motor_command_msg/include/motor_command_msg/motor_command_msg/msg/rosidl_typesupport_fastrtps_c__visibility_control.h\n'}
[18.542031] (motor_command_msg) StdoutLine: {'line': b'-- Up-to-date: /home/csanimatronics/CS_Animatronics/src/install/motor_command_msg/include/motor_command_msg/motor_command_msg/msg/detail\n'}
[18.542127] (motor_command_msg) StdoutLine: {'line': b'-- Installing: /home/csanimatronics/CS_Animatronics/src/install/motor_command_msg/include/motor_command_msg/motor_command_msg/msg/detail/id_angle__rosidl_typesupport_fastrtps_c.h\n'}
[18.542258] (motor_command_msg) StdoutLine: {'line': b'-- Installing: /home/csanimatronics/CS_Animatronics/src/install/motor_command_msg/lib/libmotor_command_msg__rosidl_typesupport_fastrtps_c.so\n'}
[18.542816] (motor_command_msg) StdoutLine: {'line': b'-- Set non-toolchain portion of runtime path of "/home/csanimatronics/CS_Animatronics/src/install/motor_command_msg/lib/libmotor_command_msg__rosidl_typesupport_fastrtps_c.so" to ""\n'}
[18.542962] (motor_command_msg) StdoutLine: {'line': b'-- Up-to-date: /home/csanimatronics/CS_Animatronics/src/install/motor_command_msg/include/motor_command_msg/motor_command_msg\n'}
[18.543100] (motor_command_msg) StdoutLine: {'line': b'-- Up-to-date: /home/csanimatronics/CS_Animatronics/src/install/motor_command_msg/include/motor_command_msg/motor_command_msg/msg\n'}
[18.543211] (motor_command_msg) StdoutLine: {'line': b'-- Installing: /home/csanimatronics/CS_Animatronics/src/install/motor_command_msg/include/motor_command_msg/motor_command_msg/msg/id_angle.hpp\n'}
[18.543315] (motor_command_msg) StdoutLine: {'line': b'-- Up-to-date: /home/csanimatronics/CS_Animatronics/src/install/motor_command_msg/include/motor_command_msg/motor_command_msg/msg/detail\n'}
[18.543443] (motor_command_msg) StdoutLine: {'line': b'-- Installing: /home/csanimatronics/CS_Animatronics/src/install/motor_command_msg/include/motor_command_msg/motor_command_msg/msg/detail/id_angle__type_support.hpp\n'}
[18.543558] (motor_command_msg) StdoutLine: {'line': b'-- Installing: /home/csanimatronics/CS_Animatronics/src/install/motor_command_msg/include/motor_command_msg/motor_command_msg/msg/detail/id_angle__struct.hpp\n'}
[18.543681] (motor_command_msg) StdoutLine: {'line': b'-- Installing: /home/csanimatronics/CS_Animatronics/src/install/motor_command_msg/include/motor_command_msg/motor_command_msg/msg/detail/id_angle__builder.hpp\n'}
[18.543800] (motor_command_msg) StdoutLine: {'line': b'-- Installing: /home/csanimatronics/CS_Animatronics/src/install/motor_command_msg/include/motor_command_msg/motor_command_msg/msg/detail/id_angle__traits.hpp\n'}
[18.543921] (motor_command_msg) StdoutLine: {'line': b'-- Installing: /home/csanimatronics/CS_Animatronics/src/install/motor_command_msg/include/motor_command_msg/motor_command_msg/msg/rosidl_generator_cpp__visibility_control.hpp\n'}
[18.544096] (motor_command_msg) StdoutLine: {'line': b'-- Up-to-date: /home/csanimatronics/CS_Animatronics/src/install/motor_command_msg/include/motor_command_msg/motor_command_msg\n'}
[18.544234] (motor_command_msg) StdoutLine: {'line': b'-- Up-to-date: /home/csanimatronics/CS_Animatronics/src/install/motor_command_msg/include/motor_command_msg/motor_command_msg/msg\n'}
[18.544334] (motor_command_msg) StdoutLine: {'line': b'-- Up-to-date: /home/csanimatronics/CS_Animatronics/src/install/motor_command_msg/include/motor_command_msg/motor_command_msg/msg/detail\n'}
[18.544486] (motor_command_msg) StdoutLine: {'line': b'-- Installing: /home/csanimatronics/CS_Animatronics/src/install/motor_command_msg/include/motor_command_msg/motor_command_msg/msg/detail/dds_fastrtps\n'}
[18.544579] (motor_command_msg) StdoutLine: {'line': b'-- Installing: /home/csanimatronics/CS_Animatronics/src/install/motor_command_msg/include/motor_command_msg/motor_command_msg/msg/detail/id_angle__rosidl_typesupport_fastrtps_cpp.hpp\n'}
[18.544701] (motor_command_msg) StdoutLine: {'line': b'-- Installing: /home/csanimatronics/CS_Animatronics/src/install/motor_command_msg/include/motor_command_msg/motor_command_msg/msg/rosidl_typesupport_fastrtps_cpp__visibility_control.h\n'}
[18.544808] (motor_command_msg) StdoutLine: {'line': b'-- Installing: /home/csanimatronics/CS_Animatronics/src/install/motor_command_msg/lib/libmotor_command_msg__rosidl_typesupport_fastrtps_cpp.so\n'}
[18.545480] (motor_command_msg) StdoutLine: {'line': b'-- Set non-toolchain portion of runtime path of "/home/csanimatronics/CS_Animatronics/src/install/motor_command_msg/lib/libmotor_command_msg__rosidl_typesupport_fastrtps_cpp.so" to ""\n'}
[18.545645] (motor_command_msg) StdoutLine: {'line': b'-- Up-to-date: /home/csanimatronics/CS_Animatronics/src/install/motor_command_msg/include/motor_command_msg/motor_command_msg\n'}
[18.545792] (motor_command_msg) StdoutLine: {'line': b'-- Up-to-date: /home/csanimatronics/CS_Animatronics/src/install/motor_command_msg/include/motor_command_msg/motor_command_msg/msg\n'}
[18.545962] (motor_command_msg) StdoutLine: {'line': b'-- Up-to-date: /home/csanimatronics/CS_Animatronics/src/install/motor_command_msg/include/motor_command_msg/motor_command_msg/msg/detail\n'}
[18.546067] (motor_command_msg) StdoutLine: {'line': b'-- Installing: /home/csanimatronics/CS_Animatronics/src/install/motor_command_msg/include/motor_command_msg/motor_command_msg/msg/detail/id_angle__rosidl_typesupport_introspection_c.h\n'}
[18.546203] (motor_command_msg) StdoutLine: {'line': b'-- Installing: /home/csanimatronics/CS_Animatronics/src/install/motor_command_msg/include/motor_command_msg/motor_command_msg/msg/detail/id_angle__type_support.c\n'}
[18.546298] (motor_command_msg) StdoutLine: {'line': b'-- Installing: /home/csanimatronics/CS_Animatronics/src/install/motor_command_msg/include/motor_command_msg/motor_command_msg/msg/rosidl_typesupport_introspection_c__visibility_control.h\n'}
[18.546447] (motor_command_msg) StdoutLine: {'line': b'-- Installing: /home/csanimatronics/CS_Animatronics/src/install/motor_command_msg/lib/libmotor_command_msg__rosidl_typesupport_introspection_c.so\n'}
[18.547069] (motor_command_msg) StdoutLine: {'line': b'-- Set non-toolchain portion of runtime path of "/home/csanimatronics/CS_Animatronics/src/install/motor_command_msg/lib/libmotor_command_msg__rosidl_typesupport_introspection_c.so" to ""\n'}
[18.547211] (motor_command_msg) StdoutLine: {'line': b'-- Installing: /home/csanimatronics/CS_Animatronics/src/install/motor_command_msg/lib/libmotor_command_msg__rosidl_typesupport_c.so\n'}
[18.547797] (motor_command_msg) StdoutLine: {'line': b'-- Set non-toolchain portion of runtime path of "/home/csanimatronics/CS_Animatronics/src/install/motor_command_msg/lib/libmotor_command_msg__rosidl_typesupport_c.so" to ""\n'}
[18.547998] (motor_command_msg) StdoutLine: {'line': b'-- Up-to-date: /home/csanimatronics/CS_Animatronics/src/install/motor_command_msg/include/motor_command_msg/motor_command_msg\n'}
[18.548107] (motor_command_msg) StdoutLine: {'line': b'-- Up-to-date: /home/csanimatronics/CS_Animatronics/src/install/motor_command_msg/include/motor_command_msg/motor_command_msg/msg\n'}
[18.548208] (motor_command_msg) StdoutLine: {'line': b'-- Up-to-date: /home/csanimatronics/CS_Animatronics/src/install/motor_command_msg/include/motor_command_msg/motor_command_msg/msg/detail\n'}
[18.548339] (motor_command_msg) StdoutLine: {'line': b'-- Installing: /home/csanimatronics/CS_Animatronics/src/install/motor_command_msg/include/motor_command_msg/motor_command_msg/msg/detail/id_angle__type_support.cpp\n'}
[18.548460] (motor_command_msg) StdoutLine: {'line': b'-- Installing: /home/csanimatronics/CS_Animatronics/src/install/motor_command_msg/include/motor_command_msg/motor_command_msg/msg/detail/id_angle__rosidl_typesupport_introspection_cpp.hpp\n'}
[18.548584] (motor_command_msg) StdoutLine: {'line': b'-- Installing: /home/csanimatronics/CS_Animatronics/src/install/motor_command_msg/lib/libmotor_command_msg__rosidl_typesupport_introspection_cpp.so\n'}
[18.549097] (motor_command_msg) StdoutLine: {'line': b'-- Set non-toolchain portion of runtime path of "/home/csanimatronics/CS_Animatronics/src/install/motor_command_msg/lib/libmotor_command_msg__rosidl_typesupport_introspection_cpp.so" to ""\n'}
[18.549250] (motor_command_msg) StdoutLine: {'line': b'-- Installing: /home/csanimatronics/CS_Animatronics/src/install/motor_command_msg/lib/libmotor_command_msg__rosidl_typesupport_cpp.so\n'}
[18.549816] (motor_command_msg) StdoutLine: {'line': b'-- Set non-toolchain portion of runtime path of "/home/csanimatronics/CS_Animatronics/src/install/motor_command_msg/lib/libmotor_command_msg__rosidl_typesupport_cpp.so" to ""\n'}
[18.549973] (motor_command_msg) StdoutLine: {'line': b'-- Installing: /home/csanimatronics/CS_Animatronics/src/install/motor_command_msg/share/motor_command_msg/environment/pythonpath.sh\n'}
[18.550094] (motor_command_msg) StdoutLine: {'line': b'-- Installing: /home/csanimatronics/CS_Animatronics/src/install/motor_command_msg/share/motor_command_msg/environment/pythonpath.dsv\n'}
[18.550309] (motor_command_msg) StdoutLine: {'line': b'-- Installing: /home/csanimatronics/CS_Animatronics/src/install/motor_command_msg/lib/python3.12/site-packages/motor_command_msg-0.0.0-py3.12.egg-info\n'}
[18.550583] (motor_command_msg) StdoutLine: {'line': b'-- Installing: /home/csanimatronics/CS_Animatronics/src/install/motor_command_msg/lib/python3.12/site-packages/motor_command_msg-0.0.0-py3.12.egg-info/dependency_links.txt\n'}
[18.550769] (motor_command_msg) StdoutLine: {'line': b'-- Installing: /home/csanimatronics/CS_Animatronics/src/install/motor_command_msg/lib/python3.12/site-packages/motor_command_msg-0.0.0-py3.12.egg-info/PKG-INFO\n'}
[18.550915] (motor_command_msg) StdoutLine: {'line': b'-- Installing: /home/csanimatronics/CS_Animatronics/src/install/motor_command_msg/lib/python3.12/site-packages/motor_command_msg-0.0.0-py3.12.egg-info/top_level.txt\n'}
[18.551063] (motor_command_msg) StdoutLine: {'line': b'-- Installing: /home/csanimatronics/CS_Animatronics/src/install/motor_command_msg/lib/python3.12/site-packages/motor_command_msg-0.0.0-py3.12.egg-info/SOURCES.txt\n'}
[18.551286] (motor_command_msg) StdoutLine: {'line': b'-- Installing: /home/csanimatronics/CS_Animatronics/src/install/motor_command_msg/lib/python3.12/site-packages/motor_command_msg\n'}
[18.551443] (motor_command_msg) StdoutLine: {'line': b'-- Installing: /home/csanimatronics/CS_Animatronics/src/install/motor_command_msg/lib/python3.12/site-packages/motor_command_msg/motor_command_msg_s__rosidl_typesupport_c.so\n'}
[18.551794] (motor_command_msg) StdoutLine: {'line': b'-- Installing: /home/csanimatronics/CS_Animatronics/src/install/motor_command_msg/lib/python3.12/site-packages/motor_command_msg/_motor_command_msg_s.ep.rosidl_typesupport_c.c\n'}
[18.551954] (motor_command_msg) StdoutLine: {'line': b'-- Installing: /home/csanimatronics/CS_Animatronics/src/install/motor_command_msg/lib/python3.12/site-packages/motor_command_msg/_motor_command_msg_s.ep.rosidl_typesupport_fastrtps_c.c\n'}
[18.552100] (motor_command_msg) StdoutLine: {'line': b'-- Installing: /home/csanimatronics/CS_Animatronics/src/install/motor_command_msg/lib/python3.12/site-packages/motor_command_msg/__init__.py\n'}
[18.552216] (motor_command_msg) StdoutLine: {'line': b'-- Installing: /home/csanimatronics/CS_Animatronics/src/install/motor_command_msg/lib/python3.12/site-packages/motor_command_msg/msg\n'}
[18.552330] (motor_command_msg) StdoutLine: {'line': b'-- Installing: /home/csanimatronics/CS_Animatronics/src/install/motor_command_msg/lib/python3.12/site-packages/motor_command_msg/msg/_id_angle.py\n'}
[18.552567] (motor_command_msg) StdoutLine: {'line': b'-- Installing: /home/csanimatronics/CS_Animatronics/src/install/motor_command_msg/lib/python3.12/site-packages/motor_command_msg/msg/_id_angle_s.c\n'}
[18.552713] (motor_command_msg) StdoutLine: {'line': b'-- Installing: /home/csanimatronics/CS_Animatronics/src/install/motor_command_msg/lib/python3.12/site-packages/motor_command_msg/msg/__init__.py\n'}
[18.552847] (motor_command_msg) StdoutLine: {'line': b'-- Installing: /home/csanimatronics/CS_Animatronics/src/install/motor_command_msg/lib/python3.12/site-packages/motor_command_msg/motor_command_msg_s__rosidl_typesupport_introspection_c.so\n'}
[18.553166] (motor_command_msg) StdoutLine: {'line': b'-- Installing: /home/csanimatronics/CS_Animatronics/src/install/motor_command_msg/lib/python3.12/site-packages/motor_command_msg/motor_command_msg_s__rosidl_typesupport_fastrtps_c.so\n'}
[18.553511] (motor_command_msg) StdoutLine: {'line': b'-- Installing: /home/csanimatronics/CS_Animatronics/src/install/motor_command_msg/lib/python3.12/site-packages/motor_command_msg/_motor_command_msg_s.ep.rosidl_typesupport_introspection_c.c\n'}
[18.584001] (-) TimerEvent: {}
[18.646100] (motor_command_msg) StdoutLine: {'line': b"Listing '/home/csanimatronics/CS_Animatronics/src/install/motor_command_msg/lib/python3.12/site-packages/motor_command_msg'...\n"}
[18.646525] (motor_command_msg) StdoutLine: {'line': b"Compiling '/home/csanimatronics/CS_Animatronics/src/install/motor_command_msg/lib/python3.12/site-packages/motor_command_msg/__init__.py'...\n"}
[18.646747] (motor_command_msg) StdoutLine: {'line': b"Listing '/home/csanimatronics/CS_Animatronics/src/install/motor_command_msg/lib/python3.12/site-packages/motor_command_msg/msg'...\n"}
[18.646924] (motor_command_msg) StdoutLine: {'line': b"Compiling '/home/csanimatronics/CS_Animatronics/src/install/motor_command_msg/lib/python3.12/site-packages/motor_command_msg/msg/__init__.py'...\n"}
[18.647062] (motor_command_msg) StdoutLine: {'line': b"Compiling '/home/csanimatronics/CS_Animatronics/src/install/motor_command_msg/lib/python3.12/site-packages/motor_command_msg/msg/_id_angle.py'...\n"}
[18.661524] (motor_command_msg) StdoutLine: {'line': b'-- Installing: /home/csanimatronics/CS_Animatronics/src/install/motor_command_msg/lib/python3.12/site-packages/motor_command_msg/motor_command_msg_s__rosidl_typesupport_fastrtps_c.so\n'}
[18.662111] (motor_command_msg) StdoutLine: {'line': b'-- Set non-toolchain portion of runtime path of "/home/csanimatronics/CS_Animatronics/src/install/motor_command_msg/lib/python3.12/site-packages/motor_command_msg/motor_command_msg_s__rosidl_typesupport_fastrtps_c.so" to ""\n'}
[18.662519] (motor_command_msg) StdoutLine: {'line': b'-- Installing: /home/csanimatronics/CS_Animatronics/src/install/motor_command_msg/lib/python3.12/site-packages/motor_command_msg/motor_command_msg_s__rosidl_typesupport_introspection_c.so\n'}
[18.663122] (motor_command_msg) StdoutLine: {'line': b'-- Set non-toolchain portion of runtime path of "/home/csanimatronics/CS_Animatronics/src/install/motor_command_msg/lib/python3.12/site-packages/motor_command_msg/motor_command_msg_s__rosidl_typesupport_introspection_c.so" to ""\n'}
[18.663494] (motor_command_msg) StdoutLine: {'line': b'-- Installing: /home/csanimatronics/CS_Animatronics/src/install/motor_command_msg/lib/python3.12/site-packages/motor_command_msg/motor_command_msg_s__rosidl_typesupport_c.so\n'}
[18.664068] (motor_command_msg) StdoutLine: {'line': b'-- Set non-toolchain portion of runtime path of "/home/csanimatronics/CS_Animatronics/src/install/motor_command_msg/lib/python3.12/site-packages/motor_command_msg/motor_command_msg_s__rosidl_typesupport_c.so" to ""\n'}
[18.664223] (motor_command_msg) StdoutLine: {'line': b'-- Installing: /home/csanimatronics/CS_Animatronics/src/install/motor_command_msg/lib/libmotor_command_msg__rosidl_generator_py.so\n'}
[18.664823] (motor_command_msg) StdoutLine: {'line': b'-- Set non-toolchain portion of runtime path of "/home/csanimatronics/CS_Animatronics/src/install/motor_command_msg/lib/libmotor_command_msg__rosidl_generator_py.so" to ""\n'}
[18.664983] (motor_command_msg) StdoutLine: {'line': b'-- Installing: /home/csanimatronics/CS_Animatronics/src/install/motor_command_msg/share/motor_command_msg/msg/IdAngle.idl\n'}
[18.665130] (motor_command_msg) StdoutLine: {'line': b'-- Installing: /home/csanimatronics/CS_Animatronics/src/install/motor_command_msg/share/motor_command_msg/msg/IdAngle.msg\n'}
[18.665427] (motor_command_msg) StdoutLine: {'line': b'-- Installing: /home/csanimatronics/CS_Animatronics/src/install/motor_command_msg/share/ament_index/resource_index/package_run_dependencies/motor_command_msg\n'}
[18.665678] (motor_command_msg) StdoutLine: {'line': b'-- Installing: /home/csanimatronics/CS_Animatronics/src/install/motor_command_msg/share/ament_index/resource_index/parent_prefix_path/motor_command_msg\n'}
[18.665865] (motor_command_msg) StdoutLine: {'line': b'-- Installing: /home/csanimatronics/CS_Animatronics/src/install/motor_command_msg/share/motor_command_msg/environment/ament_prefix_path.sh\n'}
[18.666041] (motor_command_msg) StdoutLine: {'line': b'-- Installing: /home/csanimatronics/CS_Animatronics/src/install/motor_command_msg/share/motor_command_msg/environment/ament_prefix_path.dsv\n'}
[18.666209] (motor_command_msg) StdoutLine: {'line': b'-- Installing: /home/csanimatronics/CS_Animatronics/src/install/motor_command_msg/share/motor_command_msg/environment/path.sh\n'}
[18.666423] (motor_command_msg) StdoutLine: {'line': b'-- Installing: /home/csanimatronics/CS_Animatronics/src/install/motor_command_msg/share/motor_command_msg/environment/path.dsv\n'}
[18.666648] (motor_command_msg) StdoutLine: {'line': b'-- Installing: /home/csanimatronics/CS_Animatronics/src/install/motor_command_msg/share/motor_command_msg/local_setup.bash\n'}
[18.666865] (motor_command_msg) StdoutLine: {'line': b'-- Installing: /home/csanimatronics/CS_Animatronics/src/install/motor_command_msg/share/motor_command_msg/local_setup.sh\n'}
[18.667069] (motor_command_msg) StdoutLine: {'line': b'-- Installing: /home/csanimatronics/CS_Animatronics/src/install/motor_command_msg/share/motor_command_msg/local_setup.zsh\n'}
[18.667268] (motor_command_msg) StdoutLine: {'line': b'-- Installing: /home/csanimatronics/CS_Animatronics/src/install/motor_command_msg/share/motor_command_msg/local_setup.dsv\n'}
[18.667487] (motor_command_msg) StdoutLine: {'line': b'-- Installing: /home/csanimatronics/CS_Animatronics/src/install/motor_command_msg/share/motor_command_msg/package.dsv\n'}
[18.667786] (motor_command_msg) StdoutLine: {'line': b'-- Installing: /home/csanimatronics/CS_Animatronics/src/install/motor_command_msg/share/ament_index/resource_index/packages/motor_command_msg\n'}
[18.668079] (motor_command_msg) StdoutLine: {'line': b'-- Installing: /home/csanimatronics/CS_Animatronics/src/install/motor_command_msg/share/motor_command_msg/cmake/export_motor_command_msg__rosidl_generator_cExport.cmake\n'}
[18.668315] (motor_command_msg) StdoutLine: {'line': b'-- Installing: /home/csanimatronics/CS_Animatronics/src/install/motor_command_msg/share/motor_command_msg/cmake/export_motor_command_msg__rosidl_generator_cExport-noconfig.cmake\n'}
[18.668565] (motor_command_msg) StdoutLine: {'line': b'-- Installing: /home/csanimatronics/CS_Animatronics/src/install/motor_command_msg/share/motor_command_msg/cmake/export_motor_command_msg__rosidl_typesupport_fastrtps_cExport.cmake\n'}
[18.668788] (motor_command_msg) StdoutLine: {'line': b'-- Installing: /home/csanimatronics/CS_Animatronics/src/install/motor_command_msg/share/motor_command_msg/cmake/export_motor_command_msg__rosidl_typesupport_fastrtps_cExport-noconfig.cmake\n'}
[18.669015] (motor_command_msg) StdoutLine: {'line': b'-- Installing: /home/csanimatronics/CS_Animatronics/src/install/motor_command_msg/share/motor_command_msg/cmake/export_motor_command_msg__rosidl_generator_cppExport.cmake\n'}
[18.669245] (motor_command_msg) StdoutLine: {'line': b'-- Installing: /home/csanimatronics/CS_Animatronics/src/install/motor_command_msg/share/motor_command_msg/cmake/export_motor_command_msg__rosidl_typesupport_fastrtps_cppExport.cmake\n'}
[18.669492] (motor_command_msg) StdoutLine: {'line': b'-- Installing: /home/csanimatronics/CS_Animatronics/src/install/motor_command_msg/share/motor_command_msg/cmake/export_motor_command_msg__rosidl_typesupport_fastrtps_cppExport-noconfig.cmake\n'}
[18.669727] (motor_command_msg) StdoutLine: {'line': b'-- Installing: /home/csanimatronics/CS_Animatronics/src/install/motor_command_msg/share/motor_command_msg/cmake/motor_command_msg__rosidl_typesupport_introspection_cExport.cmake\n'}
[18.669946] (motor_command_msg) StdoutLine: {'line': b'-- Installing: /home/csanimatronics/CS_Animatronics/src/install/motor_command_msg/share/motor_command_msg/cmake/motor_command_msg__rosidl_typesupport_introspection_cExport-noconfig.cmake\n'}
[18.670184] (motor_command_msg) StdoutLine: {'line': b'-- Installing: /home/csanimatronics/CS_Animatronics/src/install/motor_command_msg/share/motor_command_msg/cmake/motor_command_msg__rosidl_typesupport_cExport.cmake\n'}
[18.670393] (motor_command_msg) StdoutLine: {'line': b'-- Installing: /home/csanimatronics/CS_Animatronics/src/install/motor_command_msg/share/motor_command_msg/cmake/motor_command_msg__rosidl_typesupport_cExport-noconfig.cmake\n'}
[18.670629] (motor_command_msg) StdoutLine: {'line': b'-- Installing: /home/csanimatronics/CS_Animatronics/src/install/motor_command_msg/share/motor_command_msg/cmake/motor_command_msg__rosidl_typesupport_introspection_cppExport.cmake\n'}
[18.670855] (motor_command_msg) StdoutLine: {'line': b'-- Installing: /home/csanimatronics/CS_Animatronics/src/install/motor_command_msg/share/motor_command_msg/cmake/motor_command_msg__rosidl_typesupport_introspection_cppExport-noconfig.cmake\n'}
[18.671082] (motor_command_msg) StdoutLine: {'line': b'-- Installing: /home/csanimatronics/CS_Animatronics/src/install/motor_command_msg/share/motor_command_msg/cmake/motor_command_msg__rosidl_typesupport_cppExport.cmake\n'}
[18.671300] (motor_command_msg) StdoutLine: {'line': b'-- Installing: /home/csanimatronics/CS_Animatronics/src/install/motor_command_msg/share/motor_command_msg/cmake/motor_command_msg__rosidl_typesupport_cppExport-noconfig.cmake\n'}
[18.671538] (motor_command_msg) StdoutLine: {'line': b'-- Installing: /home/csanimatronics/CS_Animatronics/src/install/motor_command_msg/share/motor_command_msg/cmake/export_motor_command_msg__rosidl_generator_pyExport.cmake\n'}
[18.671744] (motor_command_msg) StdoutLine: {'line': b'-- Installing: /home/csanimatronics/CS_Animatronics/src/install/motor_command_msg/share/motor_command_msg/cmake/export_motor_command_msg__rosidl_generator_pyExport-noconfig.cmake\n'}
[18.671952] (motor_command_msg) StdoutLine: {'line': b'-- Installing: /home/csanimatronics/CS_Animatronics/src/install/motor_command_msg/share/motor_command_msg/cmake/rosidl_cmake-extras.cmake\n'}
[18.672141] (motor_command_msg) StdoutLine: {'line': b'-- Installing: /home/csanimatronics/CS_Animatronics/src/install/motor_command_msg/share/motor_command_msg/cmake/ament_cmake_export_dependencies-extras.cmake\n'}
[18.672349] (motor_command_msg) StdoutLine: {'line': b'-- Installing: /home/csanimatronics/CS_Animatronics/src/install/motor_command_msg/share/motor_command_msg/cmake/ament_cmake_export_include_directories-extras.cmake\n'}
[18.672548] (motor_command_msg) StdoutLine: {'line': b'-- Installing: /home/csanimatronics/CS_Animatronics/src/install/motor_command_msg/share/motor_command_msg/cmake/ament_cmake_export_libraries-extras.cmake\n'}
[18.672732] (motor_command_msg) StdoutLine: {'line': b'-- Installing: /home/csanimatronics/CS_Animatronics/src/install/motor_command_msg/share/motor_command_msg/cmake/ament_cmake_export_targets-extras.cmake\n'}
[18.672924] (motor_command_msg) StdoutLine: {'line': b'-- Installing: /home/csanimatronics/CS_Animatronics/src/install/motor_command_msg/share/motor_command_msg/cmake/rosidl_cmake_export_typesupport_targets-extras.cmake\n'}
[18.673117] (motor_command_msg) StdoutLine: {'line': b'-- Installing: /home/csanimatronics/CS_Animatronics/src/install/motor_command_msg/share/motor_command_msg/cmake/rosidl_cmake_export_typesupport_libraries-extras.cmake\n'}
[18.673303] (motor_command_msg) StdoutLine: {'line': b'-- Installing: /home/csanimatronics/CS_Animatronics/src/install/motor_command_msg/share/motor_command_msg/cmake/motor_command_msgConfig.cmake\n'}
[18.673476] (motor_command_msg) StdoutLine: {'line': b'-- Installing: /home/csanimatronics/CS_Animatronics/src/install/motor_command_msg/share/motor_command_msg/cmake/motor_command_msgConfig-version.cmake\n'}
[18.673654] (motor_command_msg) StdoutLine: {'line': b'-- Installing: /home/csanimatronics/CS_Animatronics/src/install/motor_command_msg/share/motor_command_msg/package.xml\n'}
[18.677243] (motor_command_msg) CommandEnded: {'returncode': 0}
[18.684312] (-) TimerEvent: {}
[18.711958] (dynamixel_sdk_custom_interfaces) StdoutLine: {'line': b'[ 77%] Built target dynamixel_sdk_custom_interfaces__rosidl_typesupport_introspection_cpp\n'}
[18.738501] (motor_command_msg) JobEnded: {'identifier': 'motor_command_msg', 'rc': 0}
[18.739707] (motion_editor) JobStarted: {'identifier': 'motion_editor'}
[18.751488] (system_controller) JobStarted: {'identifier': 'system_controller'}
[18.777869] (dynamixel_sdk_custom_interfaces) StdoutLine: {'line': b'[ 77%] Built target dynamixel_sdk_custom_interfaces\n'}
[18.784816] (-) TimerEvent: {}
[18.846025] (dynamixel_sdk_custom_interfaces) StdoutLine: {'line': b'[ 79%] \x1b[34m\x1b[1mGenerating Python code for ROS interfaces\x1b[0m\n'}
[18.884872] (-) TimerEvent: {}
[18.985279] (-) TimerEvent: {}
[19.085700] (-) TimerEvent: {}
[19.186063] (-) TimerEvent: {}
[19.286438] (-) TimerEvent: {}
[19.389648] (-) TimerEvent: {}
[19.490042] (-) TimerEvent: {}
[19.592544] (-) TimerEvent: {}
[19.653577] (dynamixel_sdk_custom_interfaces) StdoutLine: {'line': b'[ 79%] Built target dynamixel_sdk_custom_interfaces__py\n'}
[19.692694] (-) TimerEvent: {}
[19.700716] (dynamixel_sdk_custom_interfaces) StdoutLine: {'line': b'[ 84%] \x1b[32mBuilding C object CMakeFiles/dynamixel_sdk_custom_interfaces__rosidl_generator_py.dir/rosidl_generator_py/dynamixel_sdk_custom_interfaces/msg/_set_position_s.c.o\x1b[0m\n'}
[19.701235] (dynamixel_sdk_custom_interfaces) StdoutLine: {'line': b'[ 84%] \x1b[32mBuilding C object CMakeFiles/dynamixel_sdk_custom_interfaces__rosidl_generator_py.dir/rosidl_generator_py/dynamixel_sdk_custom_interfaces/srv/_get_position_s.c.o\x1b[0m\n'}
[19.795467] (-) TimerEvent: {}
[19.895918] (-) TimerEvent: {}
[19.996342] (-) TimerEvent: {}
[20.053478] (dynamixel_sdk_custom_interfaces) StdoutLine: {'line': b'[ 86%] \x1b[32m\x1b[1mLinking C shared library libdynamixel_sdk_custom_interfaces__rosidl_generator_py.so\x1b[0m\n'}
[20.096472] (-) TimerEvent: {}
[20.154230] (dynamixel_sdk_custom_interfaces) StdoutLine: {'line': b'[ 86%] Built target dynamixel_sdk_custom_interfaces__rosidl_generator_py\n'}
[20.197772] (-) TimerEvent: {}
[20.208755] (dynamixel_sdk_custom_interfaces) StdoutLine: {'line': b'[ 88%] \x1b[32mBuilding C object CMakeFiles/dynamixel_sdk_custom_interfaces_s__rosidl_typesupport_introspection_c.dir/rosidl_generator_py/dynamixel_sdk_custom_interfaces/_dynamixel_sdk_custom_interfaces_s.ep.rosidl_typesupport_introspection_c.c.o\x1b[0m\n'}
[20.236128] (dynamixel_sdk_custom_interfaces) StdoutLine: {'line': b'[ 90%] \x1b[32mBuilding C object CMakeFiles/dynamixel_sdk_custom_interfaces_s__rosidl_typesupport_fastrtps_c.dir/rosidl_generator_py/dynamixel_sdk_custom_interfaces/_dynamixel_sdk_custom_interfaces_s.ep.rosidl_typesupport_fastrtps_c.c.o\x1b[0m\n'}
[20.249076] (dynamixel_sdk_custom_interfaces) StdoutLine: {'line': b'[ 93%] \x1b[32mBuilding C object CMakeFiles/dynamixel_sdk_custom_interfaces_s__rosidl_typesupport_c.dir/rosidl_generator_py/dynamixel_sdk_custom_interfaces/_dynamixel_sdk_custom_interfaces_s.ep.rosidl_typesupport_c.c.o\x1b[0m\n'}
[20.297891] (-) TimerEvent: {}
[20.399800] (-) TimerEvent: {}
[20.501038] (-) TimerEvent: {}
[20.513633] (dynamixel_sdk_custom_interfaces) StdoutLine: {'line': b'[ 95%] \x1b[32m\x1b[1mLinking C shared module rosidl_generator_py/dynamixel_sdk_custom_interfaces/dynamixel_sdk_custom_interfaces_s__rosidl_typesupport_introspection_c.so\x1b[0m\n'}
[20.585785] (dynamixel_sdk_custom_interfaces) StdoutLine: {'line': b'[ 97%] \x1b[32m\x1b[1mLinking C shared module rosidl_generator_py/dynamixel_sdk_custom_interfaces/dynamixel_sdk_custom_interfaces_s__rosidl_typesupport_c.so\x1b[0m\n'}
[20.601175] (-) TimerEvent: {}
[20.668514] (dynamixel_sdk_custom_interfaces) StdoutLine: {'line': b'[100%] \x1b[32m\x1b[1mLinking C shared module rosidl_generator_py/dynamixel_sdk_custom_interfaces/dynamixel_sdk_custom_interfaces_s__rosidl_typesupport_fastrtps_c.so\x1b[0m\n'}
[20.688085] (dynamixel_sdk_custom_interfaces) StdoutLine: {'line': b'[100%] Built target dynamixel_sdk_custom_interfaces_s__rosidl_typesupport_introspection_c\n'}
[20.694277] (dynamixel_sdk_custom_interfaces) StdoutLine: {'line': b'[100%] Built target dynamixel_sdk_custom_interfaces_s__rosidl_typesupport_c\n'}
[20.701282] (-) TimerEvent: {}
[20.754343] (dynamixel_sdk_custom_interfaces) StdoutLine: {'line': b'[100%] Built target dynamixel_sdk_custom_interfaces_s__rosidl_typesupport_fastrtps_c\n'}
[20.776905] (dynamixel_sdk_custom_interfaces) CommandEnded: {'returncode': 0}
[20.777834] (dynamixel_sdk_custom_interfaces) JobProgress: {'identifier': 'dynamixel_sdk_custom_interfaces', 'progress': 'install'}
[20.778156] (dynamixel_sdk_custom_interfaces) Command: {'cmd': ['/usr/bin/cmake', '--install', '/home/csanimatronics/CS_Animatronics/src/build/dynamixel_sdk_custom_interfaces'], 'cwd': '/home/csanimatronics/CS_Animatronics/src/build/dynamixel_sdk_custom_interfaces', 'env': OrderedDict({'LESSOPEN': '| /usr/bin/lesspipe %s', 'USER': 'csanimatronics', 'XDG_SESSION_TYPE': 'wayland', 'SHLVL': '1', 'LD_LIBRARY_PATH': '/opt/ros/jazzy/opt/rviz_ogre_vendor/lib:/opt/ros/jazzy/lib/aarch64-linux-gnu:/opt/ros/jazzy/opt/gz_math_vendor/lib:/opt/ros/jazzy/opt/gz_utils_vendor/lib:/opt/ros/jazzy/opt/gz_cmake_vendor/lib:/opt/ros/jazzy/lib', 'HOME': '/home/csanimatronics', 'OLDPWD': '/home/csanimatronics/CS_Animatronics', 'DESKTOP_SESSION': 'ubuntu', 'ROS_PYTHON_VERSION': '3', 'GNOME_SHELL_SESSION_MODE': 'ubuntu', 'GTK_MODULES': 'gail:atk-bridge', 'SYSTEMD_EXEC_PID': '1641', 'GSM_SKIP_SSH_AGENT_WORKAROUND': 'true', 'DBUS_SESSION_BUS_ADDRESS': 'unix:path=/run/user/1002/bus', 'COLORTERM': 'truecolor', 'DEBUGINFOD_URLS': 'https://debuginfod.ubuntu.com', 'IM_CONFIG_PHASE': '1', 'WAYLAND_DISPLAY': 'wayland-0', 'ROS_DISTRO': 'jazzy', 'LOGNAME': 'csanimatronics', '_': '/usr/bin/colcon', 'ROS_VERSION': '2', 'MEMORY_PRESSURE_WATCH': '/sys/fs/cgroup/user.slice/user-1002.slice/user@1002.service/session.slice/org.gnome.Shell@wayland.service/memory.pressure', 'XDG_SESSION_CLASS': 'user', 'USERNAME': 'csanimatronics', 'TERM': 'xterm-256color', 'GNOME_DESKTOP_SESSION_ID': 'this-is-deprecated', 'PATH': '/opt/ros/jazzy/bin:/usr/local/sbin:/usr/local/bin:/usr/sbin:/usr/bin:/sbin:/bin:/usr/games:/usr/local/games:/snap/bin:/snap/bin', 'SESSION_MANAGER': 'local/csanimatronics-desktop:@/tmp/.ICE-unix/1612,unix/csanimatronics-desktop:/tmp/.ICE-unix/1612', 'XDG_MENU_PREFIX': 'gnome-', 'GNOME_TERMINAL_SCREEN': '/org/gnome/Terminal/screen/a3d1aaef_8926_4d51_8050_787570ea3a80', 'GNOME_SETUP_DISPLAY': ':1', 'XDG_RUNTIME_DIR': '/run/user/1002', 'DISPLAY': ':0', 'LANG': 'C.UTF-8', 'XDG_CURRENT_DESKTOP': 'ubuntu:GNOME', 'XMODIFIERS': '@im=ibus', 'XDG_SESSION_DESKTOP': 'ubuntu', 'XAUTHORITY': '/run/user/1002/.mutter-Xwaylandauth.N7O212', 'LS_COLORS': 'rs=0:di=01;34:ln=01;36:mh=00:pi=40;33:so=01;35:do=01;35:bd=40;33;01:cd=40;33;01:or=40;31;01:mi=00:su=37;41:sg=30;43:ca=00:tw=30;42:ow=34;42:st=37;44:ex=01;32:*.tar=01;31:*.tgz=01;31:*.arc=01;31:*.arj=01;31:*.taz=01;31:*.lha=01;31:*.lz4=01;31:*.lzh=01;31:*.lzma=01;31:*.tlz=01;31:*.txz=01;31:*.tzo=01;31:*.t7z=01;31:*.zip=01;31:*.z=01;31:*.dz=01;31:*.gz=01;31:*.lrz=01;31:*.lz=01;31:*.lzo=01;31:*.xz=01;31:*.zst=01;31:*.tzst=01;31:*.bz2=01;31:*.bz=01;31:*.tbz=01;31:*.tbz2=01;31:*.tz=01;31:*.deb=01;31:*.rpm=01;31:*.jar=01;31:*.war=01;31:*.ear=01;31:*.sar=01;31:*.rar=01;31:*.alz=01;31:*.ace=01;31:*.zoo=01;31:*.cpio=01;31:*.7z=01;31:*.rz=01;31:*.cab=01;31:*.wim=01;31:*.swm=01;31:*.dwm=01;31:*.esd=01;31:*.avif=01;35:*.jpg=01;35:*.jpeg=01;35:*.mjpg=01;35:*.mjpeg=01;35:*.gif=01;35:*.bmp=01;35:*.pbm=01;35:*.pgm=01;35:*.ppm=01;35:*.tga=01;35:*.xbm=01;35:*.xpm=01;35:*.tif=01;35:*.tiff=01;35:*.png=01;35:*.svg=01;35:*.svgz=01;35:*.mng=01;35:*.pcx=01;35:*.mov=01;35:*.mpg=01;35:*.mpeg=01;35:*.m2v=01;35:*.mkv=01;35:*.webm=01;35:*.webp=01;35:*.ogm=01;35:*.mp4=01;35:*.m4v=01;35:*.mp4v=01;35:*.vob=01;35:*.qt=01;35:*.nuv=01;35:*.wmv=01;35:*.asf=01;35:*.rm=01;35:*.rmvb=01;35:*.flc=01;35:*.avi=01;35:*.fli=01;35:*.flv=01;35:*.gl=01;35:*.dl=01;35:*.xcf=01;35:*.xwd=01;35:*.yuv=01;35:*.cgm=01;35:*.emf=01;35:*.ogv=01;35:*.ogx=01;35:*.aac=00;36:*.au=00;36:*.flac=00;36:*.m4a=00;36:*.mid=00;36:*.midi=00;36:*.mka=00;36:*.mp3=00;36:*.mpc=00;36:*.ogg=00;36:*.ra=00;36:*.wav=00;36:*.oga=00;36:*.opus=00;36:*.spx=00;36:*.xspf=00;36:*~=00;90:*#=00;90:*.bak=00;90:*.crdownload=00;90:*.dpkg-dist=00;90:*.dpkg-new=00;90:*.dpkg-old=00;90:*.dpkg-tmp=00;90:*.old=00;90:*.orig=00;90:*.part=00;90:*.rej=00;90:*.rpmnew=00;90:*.rpmorig=00;90:*.rpmsave=00;90:*.swp=00;90:*.tmp=00;90:*.ucf-dist=00;90:*.ucf-new=00;90:*.ucf-old=00;90:', 'GNOME_TERMINAL_SERVICE': ':1.103', 'SSH_AUTH_SOCK': '/run/user/1002/keyring/ssh', 'AMENT_PREFIX_PATH': '/opt/ros/jazzy', 'SHELL': '/bin/bash', 'QT_ACCESSIBILITY': '1', 'GDMSESSION': 'ubuntu', 'LESSCLOSE': '/usr/bin/lesspipe %s %s', 'ROS_AUTOMATIC_DISCOVERY_RANGE': 'SUBNET', 'QT_IM_MODULE': 'ibus', 'PWD': '/home/csanimatronics/CS_Animatronics/src/build/dynamixel_sdk_custom_interfaces', 'XDG_CONFIG_DIRS': '/etc/xdg/xdg-ubuntu:/etc/xdg', 'XDG_DATA_DIRS': '/usr/share/ubuntu:/usr/share/gnome:/usr/local/share/:/usr/share/:/var/lib/snapd/desktop', 'PYTHONPATH': '/opt/ros/jazzy/lib/python3.12/site-packages', 'COLCON': '1', 'MEMORY_PRESSURE_WRITE': 'c29tZSAyMDAwMDAgMjAwMDAwMAA=', 'VTE_VERSION': '7600', 'CMAKE_PREFIX_PATH': '/opt/ros/jazzy/opt/gz_math_vendor:/opt/ros/jazzy/opt/gz_utils_vendor:/opt/ros/jazzy/opt/gz_cmake_vendor:/opt/ros/jazzy'}), 'shell': False}
[20.794691] (dynamixel_sdk_custom_interfaces) StdoutLine: {'line': b'-- Install configuration: ""\n'}
[20.795031] (dynamixel_sdk_custom_interfaces) StdoutLine: {'line': b'-- Installing: /home/csanimatronics/CS_Animatronics/src/install/dynamixel_sdk_custom_interfaces/share/ament_index/resource_index/rosidl_interfaces/dynamixel_sdk_custom_interfaces\n'}
[20.795401] (dynamixel_sdk_custom_interfaces) StdoutLine: {'line': b'-- Installing: /home/csanimatronics/CS_Animatronics/src/install/dynamixel_sdk_custom_interfaces/share/dynamixel_sdk_custom_interfaces/msg/SetPosition.json\n'}
[20.795687] (dynamixel_sdk_custom_interfaces) StdoutLine: {'line': b'-- Installing: /home/csanimatronics/CS_Animatronics/src/install/dynamixel_sdk_custom_interfaces/share/dynamixel_sdk_custom_interfaces/srv/GetPosition.json\n'}
[20.795929] (dynamixel_sdk_custom_interfaces) StdoutLine: {'line': b'-- Installing: /home/csanimatronics/CS_Animatronics/src/install/dynamixel_sdk_custom_interfaces/include/dynamixel_sdk_custom_interfaces/dynamixel_sdk_custom_interfaces\n'}
[20.796102] (dynamixel_sdk_custom_interfaces) StdoutLine: {'line': b'-- Installing: /home/csanimatronics/CS_Animatronics/src/install/dynamixel_sdk_custom_interfaces/include/dynamixel_sdk_custom_interfaces/dynamixel_sdk_custom_interfaces/srv\n'}
[20.796258] (dynamixel_sdk_custom_interfaces) StdoutLine: {'line': b'-- Installing: /home/csanimatronics/CS_Animatronics/src/install/dynamixel_sdk_custom_interfaces/include/dynamixel_sdk_custom_interfaces/dynamixel_sdk_custom_interfaces/srv/detail\n'}
[20.796429] (dynamixel_sdk_custom_interfaces) StdoutLine: {'line': b'-- Installing: /home/csanimatronics/CS_Animatronics/src/install/dynamixel_sdk_custom_interfaces/include/dynamixel_sdk_custom_interfaces/dynamixel_sdk_custom_interfaces/srv/detail/get_position__description.c\n'}
[20.796612] (dynamixel_sdk_custom_interfaces) StdoutLine: {'line': b'-- Installing: /home/csanimatronics/CS_Animatronics/src/install/dynamixel_sdk_custom_interfaces/include/dynamixel_sdk_custom_interfaces/dynamixel_sdk_custom_interfaces/srv/detail/get_position__functions.c\n'}
[20.796778] (dynamixel_sdk_custom_interfaces) StdoutLine: {'line': b'-- Installing: /home/csanimatronics/CS_Animatronics/src/install/dynamixel_sdk_custom_interfaces/include/dynamixel_sdk_custom_interfaces/dynamixel_sdk_custom_interfaces/srv/detail/get_position__struct.h\n'}
[20.796951] (dynamixel_sdk_custom_interfaces) StdoutLine: {'line': b'-- Installing: /home/csanimatronics/CS_Animatronics/src/install/dynamixel_sdk_custom_interfaces/include/dynamixel_sdk_custom_interfaces/dynamixel_sdk_custom_interfaces/srv/detail/get_position__type_support.c\n'}
[20.797100] (dynamixel_sdk_custom_interfaces) StdoutLine: {'line': b'-- Installing: /home/csanimatronics/CS_Animatronics/src/install/dynamixel_sdk_custom_interfaces/include/dynamixel_sdk_custom_interfaces/dynamixel_sdk_custom_interfaces/srv/detail/get_position__functions.h\n'}
[20.797277] (dynamixel_sdk_custom_interfaces) StdoutLine: {'line': b'-- Installing: /home/csanimatronics/CS_Animatronics/src/install/dynamixel_sdk_custom_interfaces/include/dynamixel_sdk_custom_interfaces/dynamixel_sdk_custom_interfaces/srv/detail/get_position__type_support.h\n'}
[20.797452] (dynamixel_sdk_custom_interfaces) StdoutLine: {'line': b'-- Installing: /home/csanimatronics/CS_Animatronics/src/install/dynamixel_sdk_custom_interfaces/include/dynamixel_sdk_custom_interfaces/dynamixel_sdk_custom_interfaces/srv/get_position.h\n'}
[20.797613] (dynamixel_sdk_custom_interfaces) StdoutLine: {'line': b'-- Installing: /home/csanimatronics/CS_Animatronics/src/install/dynamixel_sdk_custom_interfaces/include/dynamixel_sdk_custom_interfaces/dynamixel_sdk_custom_interfaces/msg\n'}
[20.797755] (dynamixel_sdk_custom_interfaces) StdoutLine: {'line': b'-- Installing: /home/csanimatronics/CS_Animatronics/src/install/dynamixel_sdk_custom_interfaces/include/dynamixel_sdk_custom_interfaces/dynamixel_sdk_custom_interfaces/msg/rosidl_generator_c__visibility_control.h\n'}
[20.797922] (dynamixel_sdk_custom_interfaces) StdoutLine: {'line': b'-- Installing: /home/csanimatronics/CS_Animatronics/src/install/dynamixel_sdk_custom_interfaces/include/dynamixel_sdk_custom_interfaces/dynamixel_sdk_custom_interfaces/msg/detail\n'}
[20.798073] (dynamixel_sdk_custom_interfaces) StdoutLine: {'line': b'-- Installing: /home/csanimatronics/CS_Animatronics/src/install/dynamixel_sdk_custom_interfaces/include/dynamixel_sdk_custom_interfaces/dynamixel_sdk_custom_interfaces/msg/detail/set_position__description.c\n'}
[20.798218] (dynamixel_sdk_custom_interfaces) StdoutLine: {'line': b'-- Installing: /home/csanimatronics/CS_Animatronics/src/install/dynamixel_sdk_custom_interfaces/include/dynamixel_sdk_custom_interfaces/dynamixel_sdk_custom_interfaces/msg/detail/set_position__type_support.h\n'}
[20.798369] (dynamixel_sdk_custom_interfaces) StdoutLine: {'line': b'-- Installing: /home/csanimatronics/CS_Animatronics/src/install/dynamixel_sdk_custom_interfaces/include/dynamixel_sdk_custom_interfaces/dynamixel_sdk_custom_interfaces/msg/detail/set_position__functions.c\n'}
[20.798545] (dynamixel_sdk_custom_interfaces) StdoutLine: {'line': b'-- Installing: /home/csanimatronics/CS_Animatronics/src/install/dynamixel_sdk_custom_interfaces/include/dynamixel_sdk_custom_interfaces/dynamixel_sdk_custom_interfaces/msg/detail/set_position__functions.h\n'}
[20.798703] (dynamixel_sdk_custom_interfaces) StdoutLine: {'line': b'-- Installing: /home/csanimatronics/CS_Animatronics/src/install/dynamixel_sdk_custom_interfaces/include/dynamixel_sdk_custom_interfaces/dynamixel_sdk_custom_interfaces/msg/detail/set_position__type_support.c\n'}
[20.798844] (dynamixel_sdk_custom_interfaces) StdoutLine: {'line': b'-- Installing: /home/csanimatronics/CS_Animatronics/src/install/dynamixel_sdk_custom_interfaces/include/dynamixel_sdk_custom_interfaces/dynamixel_sdk_custom_interfaces/msg/detail/set_position__struct.h\n'}
[20.798984] (dynamixel_sdk_custom_interfaces) StdoutLine: {'line': b'-- Installing: /home/csanimatronics/CS_Animatronics/src/install/dynamixel_sdk_custom_interfaces/include/dynamixel_sdk_custom_interfaces/dynamixel_sdk_custom_interfaces/msg/set_position.h\n'}
[20.799278] (dynamixel_sdk_custom_interfaces) StdoutLine: {'line': b'-- Installing: /home/csanimatronics/CS_Animatronics/src/install/dynamixel_sdk_custom_interfaces/share/dynamixel_sdk_custom_interfaces/environment/library_path.sh\n'}
[20.799517] (dynamixel_sdk_custom_interfaces) StdoutLine: {'line': b'-- Installing: /home/csanimatronics/CS_Animatronics/src/install/dynamixel_sdk_custom_interfaces/share/dynamixel_sdk_custom_interfaces/environment/library_path.dsv\n'}
[20.799828] (dynamixel_sdk_custom_interfaces) StdoutLine: {'line': b'-- Installing: /home/csanimatronics/CS_Animatronics/src/install/dynamixel_sdk_custom_interfaces/lib/libdynamixel_sdk_custom_interfaces__rosidl_generator_c.so\n'}
[20.800551] (dynamixel_sdk_custom_interfaces) StdoutLine: {'line': b'-- Set non-toolchain portion of runtime path of "/home/csanimatronics/CS_Animatronics/src/install/dynamixel_sdk_custom_interfaces/lib/libdynamixel_sdk_custom_interfaces__rosidl_generator_c.so" to ""\n'}
[20.800757] (dynamixel_sdk_custom_interfaces) StdoutLine: {'line': b'-- Up-to-date: /home/csanimatronics/CS_Animatronics/src/install/dynamixel_sdk_custom_interfaces/include/dynamixel_sdk_custom_interfaces/dynamixel_sdk_custom_interfaces\n'}
[20.800877] (dynamixel_sdk_custom_interfaces) StdoutLine: {'line': b'-- Up-to-date: /home/csanimatronics/CS_Animatronics/src/install/dynamixel_sdk_custom_interfaces/include/dynamixel_sdk_custom_interfaces/dynamixel_sdk_custom_interfaces/srv\n'}
[20.800991] (dynamixel_sdk_custom_interfaces) StdoutLine: {'line': b'-- Up-to-date: /home/csanimatronics/CS_Animatronics/src/install/dynamixel_sdk_custom_interfaces/include/dynamixel_sdk_custom_interfaces/dynamixel_sdk_custom_interfaces/srv/detail\n'}
[20.801157] (dynamixel_sdk_custom_interfaces) StdoutLine: {'line': b'-- Installing: /home/csanimatronics/CS_Animatronics/src/install/dynamixel_sdk_custom_interfaces/include/dynamixel_sdk_custom_interfaces/dynamixel_sdk_custom_interfaces/srv/detail/get_position__rosidl_typesupport_fastrtps_c.h\n'}
[20.801318] (-) TimerEvent: {}
[20.802358] (dynamixel_sdk_custom_interfaces) StdoutLine: {'line': b'-- Up-to-date: /home/csanimatronics/CS_Animatronics/src/install/dynamixel_sdk_custom_interfaces/include/dynamixel_sdk_custom_interfaces/dynamixel_sdk_custom_interfaces/msg\n'}
[20.802738] (dynamixel_sdk_custom_interfaces) StdoutLine: {'line': b'-- Installing: /home/csanimatronics/CS_Animatronics/src/install/dynamixel_sdk_custom_interfaces/include/dynamixel_sdk_custom_interfaces/dynamixel_sdk_custom_interfaces/msg/rosidl_typesupport_fastrtps_c__visibility_control.h\n'}
[20.802899] (dynamixel_sdk_custom_interfaces) StdoutLine: {'line': b'-- Up-to-date: /home/csanimatronics/CS_Animatronics/src/install/dynamixel_sdk_custom_interfaces/include/dynamixel_sdk_custom_interfaces/dynamixel_sdk_custom_interfaces/msg/detail\n'}
[20.803413] (dynamixel_sdk_custom_interfaces) StdoutLine: {'line': b'-- Installing: /home/csanimatronics/CS_Animatronics/src/install/dynamixel_sdk_custom_interfaces/include/dynamixel_sdk_custom_interfaces/dynamixel_sdk_custom_interfaces/msg/detail/set_position__rosidl_typesupport_fastrtps_c.h\n'}
[20.803627] (dynamixel_sdk_custom_interfaces) StdoutLine: {'line': b'-- Installing: /home/csanimatronics/CS_Animatronics/src/install/dynamixel_sdk_custom_interfaces/lib/libdynamixel_sdk_custom_interfaces__rosidl_typesupport_fastrtps_c.so\n'}
[20.804355] (dynamixel_sdk_custom_interfaces) StdoutLine: {'line': b'-- Set non-toolchain portion of runtime path of "/home/csanimatronics/CS_Animatronics/src/install/dynamixel_sdk_custom_interfaces/lib/libdynamixel_sdk_custom_interfaces__rosidl_typesupport_fastrtps_c.so" to ""\n'}
[20.804579] (dynamixel_sdk_custom_interfaces) StdoutLine: {'line': b'-- Up-to-date: /home/csanimatronics/CS_Animatronics/src/install/dynamixel_sdk_custom_interfaces/include/dynamixel_sdk_custom_interfaces/dynamixel_sdk_custom_interfaces\n'}
[20.805024] (dynamixel_sdk_custom_interfaces) StdoutLine: {'line': b'-- Up-to-date: /home/csanimatronics/CS_Animatronics/src/install/dynamixel_sdk_custom_interfaces/include/dynamixel_sdk_custom_interfaces/dynamixel_sdk_custom_interfaces/srv\n'}
[20.805206] (dynamixel_sdk_custom_interfaces) StdoutLine: {'line': b'-- Installing: /home/csanimatronics/CS_Animatronics/src/install/dynamixel_sdk_custom_interfaces/include/dynamixel_sdk_custom_interfaces/dynamixel_sdk_custom_interfaces/srv/get_position.hpp\n'}
[20.805598] (dynamixel_sdk_custom_interfaces) StdoutLine: {'line': b'-- Up-to-date: /home/csanimatronics/CS_Animatronics/src/install/dynamixel_sdk_custom_interfaces/include/dynamixel_sdk_custom_interfaces/dynamixel_sdk_custom_interfaces/srv/detail\n'}
[20.806332] (dynamixel_sdk_custom_interfaces) StdoutLine: {'line': b'-- Installing: /home/csanimatronics/CS_Animatronics/src/install/dynamixel_sdk_custom_interfaces/include/dynamixel_sdk_custom_interfaces/dynamixel_sdk_custom_interfaces/srv/detail/get_position__traits.hpp\n'}
[20.806626] (dynamixel_sdk_custom_interfaces) StdoutLine: {'line': b'-- Installing: /home/csanimatronics/CS_Animatronics/src/install/dynamixel_sdk_custom_interfaces/include/dynamixel_sdk_custom_interfaces/dynamixel_sdk_custom_interfaces/srv/detail/get_position__struct.hpp\n'}
[20.807242] (dynamixel_sdk_custom_interfaces) StdoutLine: {'line': b'-- Installing: /home/csanimatronics/CS_Animatronics/src/install/dynamixel_sdk_custom_interfaces/include/dynamixel_sdk_custom_interfaces/dynamixel_sdk_custom_interfaces/srv/detail/get_position__builder.hpp\n'}
[20.807430] (dynamixel_sdk_custom_interfaces) StdoutLine: {'line': b'-- Installing: /home/csanimatronics/CS_Animatronics/src/install/dynamixel_sdk_custom_interfaces/include/dynamixel_sdk_custom_interfaces/dynamixel_sdk_custom_interfaces/srv/detail/get_position__type_support.hpp\n'}
[20.807555] (dynamixel_sdk_custom_interfaces) StdoutLine: {'line': b'-- Up-to-date: /home/csanimatronics/CS_Animatronics/src/install/dynamixel_sdk_custom_interfaces/include/dynamixel_sdk_custom_interfaces/dynamixel_sdk_custom_interfaces/msg\n'}
[20.807655] (dynamixel_sdk_custom_interfaces) StdoutLine: {'line': b'-- Up-to-date: /home/csanimatronics/CS_Animatronics/src/install/dynamixel_sdk_custom_interfaces/include/dynamixel_sdk_custom_interfaces/dynamixel_sdk_custom_interfaces/msg/detail\n'}
[20.807751] (dynamixel_sdk_custom_interfaces) StdoutLine: {'line': b'-- Installing: /home/csanimatronics/CS_Animatronics/src/install/dynamixel_sdk_custom_interfaces/include/dynamixel_sdk_custom_interfaces/dynamixel_sdk_custom_interfaces/msg/detail/set_position__type_support.hpp\n'}
[20.807844] (dynamixel_sdk_custom_interfaces) StdoutLine: {'line': b'-- Installing: /home/csanimatronics/CS_Animatronics/src/install/dynamixel_sdk_custom_interfaces/include/dynamixel_sdk_custom_interfaces/dynamixel_sdk_custom_interfaces/msg/detail/set_position__builder.hpp\n'}
[20.807925] (dynamixel_sdk_custom_interfaces) StdoutLine: {'line': b'-- Installing: /home/csanimatronics/CS_Animatronics/src/install/dynamixel_sdk_custom_interfaces/include/dynamixel_sdk_custom_interfaces/dynamixel_sdk_custom_interfaces/msg/detail/set_position__struct.hpp\n'}
[20.808008] (dynamixel_sdk_custom_interfaces) StdoutLine: {'line': b'-- Installing: /home/csanimatronics/CS_Animatronics/src/install/dynamixel_sdk_custom_interfaces/include/dynamixel_sdk_custom_interfaces/dynamixel_sdk_custom_interfaces/msg/detail/set_position__traits.hpp\n'}
[20.808123] (dynamixel_sdk_custom_interfaces) StdoutLine: {'line': b'-- Installing: /home/csanimatronics/CS_Animatronics/src/install/dynamixel_sdk_custom_interfaces/include/dynamixel_sdk_custom_interfaces/dynamixel_sdk_custom_interfaces/msg/rosidl_generator_cpp__visibility_control.hpp\n'}
[20.809608] (dynamixel_sdk_custom_interfaces) StdoutLine: {'line': b'-- Installing: /home/csanimatronics/CS_Animatronics/src/install/dynamixel_sdk_custom_interfaces/include/dynamixel_sdk_custom_interfaces/dynamixel_sdk_custom_interfaces/msg/set_position.hpp\n'}
[20.809719] (dynamixel_sdk_custom_interfaces) StdoutLine: {'line': b'-- Up-to-date: /home/csanimatronics/CS_Animatronics/src/install/dynamixel_sdk_custom_interfaces/include/dynamixel_sdk_custom_interfaces/dynamixel_sdk_custom_interfaces\n'}
[20.809803] (dynamixel_sdk_custom_interfaces) StdoutLine: {'line': b'-- Up-to-date: /home/csanimatronics/CS_Animatronics/src/install/dynamixel_sdk_custom_interfaces/include/dynamixel_sdk_custom_interfaces/dynamixel_sdk_custom_interfaces/srv\n'}
[20.809905] (dynamixel_sdk_custom_interfaces) StdoutLine: {'line': b'-- Up-to-date: /home/csanimatronics/CS_Animatronics/src/install/dynamixel_sdk_custom_interfaces/include/dynamixel_sdk_custom_interfaces/dynamixel_sdk_custom_interfaces/srv/detail\n'}
[20.809991] (dynamixel_sdk_custom_interfaces) StdoutLine: {'line': b'-- Installing: /home/csanimatronics/CS_Animatronics/src/install/dynamixel_sdk_custom_interfaces/include/dynamixel_sdk_custom_interfaces/dynamixel_sdk_custom_interfaces/srv/detail/dds_fastrtps\n'}
[20.810071] (dynamixel_sdk_custom_interfaces) StdoutLine: {'line': b'-- Installing: /home/csanimatronics/CS_Animatronics/src/install/dynamixel_sdk_custom_interfaces/include/dynamixel_sdk_custom_interfaces/dynamixel_sdk_custom_interfaces/srv/detail/get_position__rosidl_typesupport_fastrtps_cpp.hpp\n'}
[20.810150] (dynamixel_sdk_custom_interfaces) StdoutLine: {'line': b'-- Up-to-date: /home/csanimatronics/CS_Animatronics/src/install/dynamixel_sdk_custom_interfaces/include/dynamixel_sdk_custom_interfaces/dynamixel_sdk_custom_interfaces/msg\n'}
[20.810230] (dynamixel_sdk_custom_interfaces) StdoutLine: {'line': b'-- Up-to-date: /home/csanimatronics/CS_Animatronics/src/install/dynamixel_sdk_custom_interfaces/include/dynamixel_sdk_custom_interfaces/dynamixel_sdk_custom_interfaces/msg/detail\n'}
[20.810307] (dynamixel_sdk_custom_interfaces) StdoutLine: {'line': b'-- Installing: /home/csanimatronics/CS_Animatronics/src/install/dynamixel_sdk_custom_interfaces/include/dynamixel_sdk_custom_interfaces/dynamixel_sdk_custom_interfaces/msg/detail/dds_fastrtps\n'}
[20.811684] (dynamixel_sdk_custom_interfaces) StdoutLine: {'line': b'-- Installing: /home/csanimatronics/CS_Animatronics/src/install/dynamixel_sdk_custom_interfaces/include/dynamixel_sdk_custom_interfaces/dynamixel_sdk_custom_interfaces/msg/detail/set_position__rosidl_typesupport_fastrtps_cpp.hpp\n'}
[20.811952] (dynamixel_sdk_custom_interfaces) StdoutLine: {'line': b'-- Installing: /home/csanimatronics/CS_Animatronics/src/install/dynamixel_sdk_custom_interfaces/include/dynamixel_sdk_custom_interfaces/dynamixel_sdk_custom_interfaces/msg/rosidl_typesupport_fastrtps_cpp__visibility_control.h\n'}
[20.812069] (dynamixel_sdk_custom_interfaces) StdoutLine: {'line': b'-- Installing: /home/csanimatronics/CS_Animatronics/src/install/dynamixel_sdk_custom_interfaces/lib/libdynamixel_sdk_custom_interfaces__rosidl_typesupport_fastrtps_cpp.so\n'}
[20.812158] (dynamixel_sdk_custom_interfaces) StdoutLine: {'line': b'-- Set non-toolchain portion of runtime path of "/home/csanimatronics/CS_Animatronics/src/install/dynamixel_sdk_custom_interfaces/lib/libdynamixel_sdk_custom_interfaces__rosidl_typesupport_fastrtps_cpp.so" to ""\n'}
[20.812243] (dynamixel_sdk_custom_interfaces) StdoutLine: {'line': b'-- Up-to-date: /home/csanimatronics/CS_Animatronics/src/install/dynamixel_sdk_custom_interfaces/include/dynamixel_sdk_custom_interfaces/dynamixel_sdk_custom_interfaces\n'}
[20.812322] (dynamixel_sdk_custom_interfaces) StdoutLine: {'line': b'-- Up-to-date: /home/csanimatronics/CS_Animatronics/src/install/dynamixel_sdk_custom_interfaces/include/dynamixel_sdk_custom_interfaces/dynamixel_sdk_custom_interfaces/srv\n'}
[20.813555] (dynamixel_sdk_custom_interfaces) StdoutLine: {'line': b'-- Up-to-date: /home/csanimatronics/CS_Animatronics/src/install/dynamixel_sdk_custom_interfaces/include/dynamixel_sdk_custom_interfaces/dynamixel_sdk_custom_interfaces/srv/detail\n'}
[20.814129] (dynamixel_sdk_custom_interfaces) StdoutLine: {'line': b'-- Installing: /home/csanimatronics/CS_Animatronics/src/install/dynamixel_sdk_custom_interfaces/include/dynamixel_sdk_custom_interfaces/dynamixel_sdk_custom_interfaces/srv/detail/get_position__rosidl_typesupport_introspection_c.h\n'}
[20.814299] (dynamixel_sdk_custom_interfaces) StdoutLine: {'line': b'-- Installing: /home/csanimatronics/CS_Animatronics/src/install/dynamixel_sdk_custom_interfaces/include/dynamixel_sdk_custom_interfaces/dynamixel_sdk_custom_interfaces/srv/detail/get_position__type_support.c\n'}
[20.814614] (dynamixel_sdk_custom_interfaces) StdoutLine: {'line': b'-- Up-to-date: /home/csanimatronics/CS_Animatronics/src/install/dynamixel_sdk_custom_interfaces/include/dynamixel_sdk_custom_interfaces/dynamixel_sdk_custom_interfaces/msg\n'}
[20.814785] (dynamixel_sdk_custom_interfaces) StdoutLine: {'line': b'-- Up-to-date: /home/csanimatronics/CS_Animatronics/src/install/dynamixel_sdk_custom_interfaces/include/dynamixel_sdk_custom_interfaces/dynamixel_sdk_custom_interfaces/msg/detail\n'}
[20.814888] (dynamixel_sdk_custom_interfaces) StdoutLine: {'line': b'-- Installing: /home/csanimatronics/CS_Animatronics/src/install/dynamixel_sdk_custom_interfaces/include/dynamixel_sdk_custom_interfaces/dynamixel_sdk_custom_interfaces/msg/detail/set_position__rosidl_typesupport_introspection_c.h\n'}
[20.815010] (dynamixel_sdk_custom_interfaces) StdoutLine: {'line': b'-- Installing: /home/csanimatronics/CS_Animatronics/src/install/dynamixel_sdk_custom_interfaces/include/dynamixel_sdk_custom_interfaces/dynamixel_sdk_custom_interfaces/msg/detail/set_position__type_support.c\n'}
[20.815096] (dynamixel_sdk_custom_interfaces) StdoutLine: {'line': b'-- Installing: /home/csanimatronics/CS_Animatronics/src/install/dynamixel_sdk_custom_interfaces/include/dynamixel_sdk_custom_interfaces/dynamixel_sdk_custom_interfaces/msg/rosidl_typesupport_introspection_c__visibility_control.h\n'}
[20.815179] (dynamixel_sdk_custom_interfaces) StdoutLine: {'line': b'-- Installing: /home/csanimatronics/CS_Animatronics/src/install/dynamixel_sdk_custom_interfaces/lib/libdynamixel_sdk_custom_interfaces__rosidl_typesupport_introspection_c.so\n'}
[20.815256] (dynamixel_sdk_custom_interfaces) StdoutLine: {'line': b'-- Set non-toolchain portion of runtime path of "/home/csanimatronics/CS_Animatronics/src/install/dynamixel_sdk_custom_interfaces/lib/libdynamixel_sdk_custom_interfaces__rosidl_typesupport_introspection_c.so" to ""\n'}
[20.815335] (dynamixel_sdk_custom_interfaces) StdoutLine: {'line': b'-- Installing: /home/csanimatronics/CS_Animatronics/src/install/dynamixel_sdk_custom_interfaces/lib/libdynamixel_sdk_custom_interfaces__rosidl_typesupport_c.so\n'}
[20.817772] (dynamixel_sdk_custom_interfaces) StdoutLine: {'line': b'-- Set non-toolchain portion of runtime path of "/home/csanimatronics/CS_Animatronics/src/install/dynamixel_sdk_custom_interfaces/lib/libdynamixel_sdk_custom_interfaces__rosidl_typesupport_c.so" to ""\n'}
[20.817934] (dynamixel_sdk_custom_interfaces) StdoutLine: {'line': b'-- Up-to-date: /home/csanimatronics/CS_Animatronics/src/install/dynamixel_sdk_custom_interfaces/include/dynamixel_sdk_custom_interfaces/dynamixel_sdk_custom_interfaces\n'}
[20.818050] (dynamixel_sdk_custom_interfaces) StdoutLine: {'line': b'-- Up-to-date: /home/csanimatronics/CS_Animatronics/src/install/dynamixel_sdk_custom_interfaces/include/dynamixel_sdk_custom_interfaces/dynamixel_sdk_custom_interfaces/srv\n'}
[20.818147] (dynamixel_sdk_custom_interfaces) StdoutLine: {'line': b'-- Up-to-date: /home/csanimatronics/CS_Animatronics/src/install/dynamixel_sdk_custom_interfaces/include/dynamixel_sdk_custom_interfaces/dynamixel_sdk_custom_interfaces/srv/detail\n'}
[20.818325] (dynamixel_sdk_custom_interfaces) StdoutLine: {'line': b'-- Installing: /home/csanimatronics/CS_Animatronics/src/install/dynamixel_sdk_custom_interfaces/include/dynamixel_sdk_custom_interfaces/dynamixel_sdk_custom_interfaces/srv/detail/get_position__rosidl_typesupport_introspection_cpp.hpp\n'}
[20.818487] (dynamixel_sdk_custom_interfaces) StdoutLine: {'line': b'-- Installing: /home/csanimatronics/CS_Animatronics/src/install/dynamixel_sdk_custom_interfaces/include/dynamixel_sdk_custom_interfaces/dynamixel_sdk_custom_interfaces/srv/detail/get_position__type_support.cpp\n'}
[20.818668] (dynamixel_sdk_custom_interfaces) StdoutLine: {'line': b'-- Up-to-date: /home/csanimatronics/CS_Animatronics/src/install/dynamixel_sdk_custom_interfaces/include/dynamixel_sdk_custom_interfaces/dynamixel_sdk_custom_interfaces/msg\n'}
[20.819070] (dynamixel_sdk_custom_interfaces) StdoutLine: {'line': b'-- Up-to-date: /home/csanimatronics/CS_Animatronics/src/install/dynamixel_sdk_custom_interfaces/include/dynamixel_sdk_custom_interfaces/dynamixel_sdk_custom_interfaces/msg/detail\n'}
[20.819349] (dynamixel_sdk_custom_interfaces) StdoutLine: {'line': b'-- Installing: /home/csanimatronics/CS_Animatronics/src/install/dynamixel_sdk_custom_interfaces/include/dynamixel_sdk_custom_interfaces/dynamixel_sdk_custom_interfaces/msg/detail/set_position__rosidl_typesupport_introspection_cpp.hpp\n'}
[20.819490] (dynamixel_sdk_custom_interfaces) StdoutLine: {'line': b'-- Installing: /home/csanimatronics/CS_Animatronics/src/install/dynamixel_sdk_custom_interfaces/include/dynamixel_sdk_custom_interfaces/dynamixel_sdk_custom_interfaces/msg/detail/set_position__type_support.cpp\n'}
[20.819588] (dynamixel_sdk_custom_interfaces) StdoutLine: {'line': b'-- Installing: /home/csanimatronics/CS_Animatronics/src/install/dynamixel_sdk_custom_interfaces/lib/libdynamixel_sdk_custom_interfaces__rosidl_typesupport_introspection_cpp.so\n'}
[20.820317] (dynamixel_sdk_custom_interfaces) StdoutLine: {'line': b'-- Set non-toolchain portion of runtime path of "/home/csanimatronics/CS_Animatronics/src/install/dynamixel_sdk_custom_interfaces/lib/libdynamixel_sdk_custom_interfaces__rosidl_typesupport_introspection_cpp.so" to ""\n'}
[20.820796] (dynamixel_sdk_custom_interfaces) StdoutLine: {'line': b'-- Installing: /home/csanimatronics/CS_Animatronics/src/install/dynamixel_sdk_custom_interfaces/lib/libdynamixel_sdk_custom_interfaces__rosidl_typesupport_cpp.so\n'}
[20.821244] (dynamixel_sdk_custom_interfaces) StdoutLine: {'line': b'-- Set non-toolchain portion of runtime path of "/home/csanimatronics/CS_Animatronics/src/install/dynamixel_sdk_custom_interfaces/lib/libdynamixel_sdk_custom_interfaces__rosidl_typesupport_cpp.so" to ""\n'}
[20.821689] (dynamixel_sdk_custom_interfaces) StdoutLine: {'line': b'-- Installing: /home/csanimatronics/CS_Animatronics/src/install/dynamixel_sdk_custom_interfaces/share/dynamixel_sdk_custom_interfaces/environment/pythonpath.sh\n'}
[20.822238] (dynamixel_sdk_custom_interfaces) StdoutLine: {'line': b'-- Installing: /home/csanimatronics/CS_Animatronics/src/install/dynamixel_sdk_custom_interfaces/share/dynamixel_sdk_custom_interfaces/environment/pythonpath.dsv\n'}
[20.823710] (dynamixel_sdk_custom_interfaces) StdoutLine: {'line': b'-- Installing: /home/csanimatronics/CS_Animatronics/src/install/dynamixel_sdk_custom_interfaces/lib/python3.12/site-packages/dynamixel_sdk_custom_interfaces-3.7.60-py3.12.egg-info\n'}
[20.823817] (dynamixel_sdk_custom_interfaces) StdoutLine: {'line': b'-- Installing: /home/csanimatronics/CS_Animatronics/src/install/dynamixel_sdk_custom_interfaces/lib/python3.12/site-packages/dynamixel_sdk_custom_interfaces-3.7.60-py3.12.egg-info/dependency_links.txt\n'}
[20.823927] (dynamixel_sdk_custom_interfaces) StdoutLine: {'line': b'-- Installing: /home/csanimatronics/CS_Animatronics/src/install/dynamixel_sdk_custom_interfaces/lib/python3.12/site-packages/dynamixel_sdk_custom_interfaces-3.7.60-py3.12.egg-info/PKG-INFO\n'}
[20.824042] (dynamixel_sdk_custom_interfaces) StdoutLine: {'line': b'-- Installing: /home/csanimatronics/CS_Animatronics/src/install/dynamixel_sdk_custom_interfaces/lib/python3.12/site-packages/dynamixel_sdk_custom_interfaces-3.7.60-py3.12.egg-info/top_level.txt\n'}
[20.824287] (dynamixel_sdk_custom_interfaces) StdoutLine: {'line': b'-- Installing: /home/csanimatronics/CS_Animatronics/src/install/dynamixel_sdk_custom_interfaces/lib/python3.12/site-packages/dynamixel_sdk_custom_interfaces-3.7.60-py3.12.egg-info/SOURCES.txt\n'}
[20.825869] (dynamixel_sdk_custom_interfaces) StdoutLine: {'line': b'-- Installing: /home/csanimatronics/CS_Animatronics/src/install/dynamixel_sdk_custom_interfaces/lib/python3.12/site-packages/dynamixel_sdk_custom_interfaces\n'}
[20.826467] (dynamixel_sdk_custom_interfaces) StdoutLine: {'line': b'-- Installing: /home/csanimatronics/CS_Animatronics/src/install/dynamixel_sdk_custom_interfaces/lib/python3.12/site-packages/dynamixel_sdk_custom_interfaces/dynamixel_sdk_custom_interfaces_s__rosidl_typesupport_fastrtps_c.so\n'}
[20.826622] (dynamixel_sdk_custom_interfaces) StdoutLine: {'line': b'-- Installing: /home/csanimatronics/CS_Animatronics/src/install/dynamixel_sdk_custom_interfaces/lib/python3.12/site-packages/dynamixel_sdk_custom_interfaces/_dynamixel_sdk_custom_interfaces_s.ep.rosidl_typesupport_introspection_c.c\n'}
[20.826709] (dynamixel_sdk_custom_interfaces) StdoutLine: {'line': b'-- Installing: /home/csanimatronics/CS_Animatronics/src/install/dynamixel_sdk_custom_interfaces/lib/python3.12/site-packages/dynamixel_sdk_custom_interfaces/_dynamixel_sdk_custom_interfaces_s.ep.rosidl_typesupport_fastrtps_c.c\n'}
[20.826798] (dynamixel_sdk_custom_interfaces) StdoutLine: {'line': b'-- Installing: /home/csanimatronics/CS_Animatronics/src/install/dynamixel_sdk_custom_interfaces/lib/python3.12/site-packages/dynamixel_sdk_custom_interfaces/srv\n'}
[20.826883] (dynamixel_sdk_custom_interfaces) StdoutLine: {'line': b'-- Installing: /home/csanimatronics/CS_Animatronics/src/install/dynamixel_sdk_custom_interfaces/lib/python3.12/site-packages/dynamixel_sdk_custom_interfaces/srv/_get_position.py\n'}
[20.826972] (dynamixel_sdk_custom_interfaces) StdoutLine: {'line': b'-- Installing: /home/csanimatronics/CS_Animatronics/src/install/dynamixel_sdk_custom_interfaces/lib/python3.12/site-packages/dynamixel_sdk_custom_interfaces/srv/_get_position_s.c\n'}
[20.827066] (dynamixel_sdk_custom_interfaces) StdoutLine: {'line': b'-- Installing: /home/csanimatronics/CS_Animatronics/src/install/dynamixel_sdk_custom_interfaces/lib/python3.12/site-packages/dynamixel_sdk_custom_interfaces/srv/__init__.py\n'}
[20.827149] (dynamixel_sdk_custom_interfaces) StdoutLine: {'line': b'-- Installing: /home/csanimatronics/CS_Animatronics/src/install/dynamixel_sdk_custom_interfaces/lib/python3.12/site-packages/dynamixel_sdk_custom_interfaces/_dynamixel_sdk_custom_interfaces_s.ep.rosidl_typesupport_c.c\n'}
[20.827228] (dynamixel_sdk_custom_interfaces) StdoutLine: {'line': b'-- Installing: /home/csanimatronics/CS_Animatronics/src/install/dynamixel_sdk_custom_interfaces/lib/python3.12/site-packages/dynamixel_sdk_custom_interfaces/dynamixel_sdk_custom_interfaces_s__rosidl_typesupport_c.so\n'}
[20.827305] (dynamixel_sdk_custom_interfaces) StdoutLine: {'line': b'-- Installing: /home/csanimatronics/CS_Animatronics/src/install/dynamixel_sdk_custom_interfaces/lib/python3.12/site-packages/dynamixel_sdk_custom_interfaces/__init__.py\n'}
[20.827393] (dynamixel_sdk_custom_interfaces) StdoutLine: {'line': b'-- Installing: /home/csanimatronics/CS_Animatronics/src/install/dynamixel_sdk_custom_interfaces/lib/python3.12/site-packages/dynamixel_sdk_custom_interfaces/msg\n'}
[20.827505] (dynamixel_sdk_custom_interfaces) StdoutLine: {'line': b'-- Installing: /home/csanimatronics/CS_Animatronics/src/install/dynamixel_sdk_custom_interfaces/lib/python3.12/site-packages/dynamixel_sdk_custom_interfaces/msg/_set_position_s.c\n'}
[20.827588] (dynamixel_sdk_custom_interfaces) StdoutLine: {'line': b'-- Installing: /home/csanimatronics/CS_Animatronics/src/install/dynamixel_sdk_custom_interfaces/lib/python3.12/site-packages/dynamixel_sdk_custom_interfaces/msg/_set_position.py\n'}
[20.827686] (dynamixel_sdk_custom_interfaces) StdoutLine: {'line': b'-- Installing: /home/csanimatronics/CS_Animatronics/src/install/dynamixel_sdk_custom_interfaces/lib/python3.12/site-packages/dynamixel_sdk_custom_interfaces/msg/__init__.py\n'}
[20.827762] (dynamixel_sdk_custom_interfaces) StdoutLine: {'line': b'-- Installing: /home/csanimatronics/CS_Animatronics/src/install/dynamixel_sdk_custom_interfaces/lib/python3.12/site-packages/dynamixel_sdk_custom_interfaces/dynamixel_sdk_custom_interfaces_s__rosidl_typesupport_introspection_c.so\n'}
[20.901442] (-) TimerEvent: {}
[20.928905] (dynamixel_sdk_custom_interfaces) StdoutLine: {'line': b"Listing '/home/csanimatronics/CS_Animatronics/src/install/dynamixel_sdk_custom_interfaces/lib/python3.12/site-packages/dynamixel_sdk_custom_interfaces'...\n"}
[20.929544] (dynamixel_sdk_custom_interfaces) StdoutLine: {'line': b"Compiling '/home/csanimatronics/CS_Animatronics/src/install/dynamixel_sdk_custom_interfaces/lib/python3.12/site-packages/dynamixel_sdk_custom_interfaces/__init__.py'...\n"}
[20.929818] (dynamixel_sdk_custom_interfaces) StdoutLine: {'line': b"Listing '/home/csanimatronics/CS_Animatronics/src/install/dynamixel_sdk_custom_interfaces/lib/python3.12/site-packages/dynamixel_sdk_custom_interfaces/msg'...\n"}
[20.929991] (dynamixel_sdk_custom_interfaces) StdoutLine: {'line': b"Compiling '/home/csanimatronics/CS_Animatronics/src/install/dynamixel_sdk_custom_interfaces/lib/python3.12/site-packages/dynamixel_sdk_custom_interfaces/msg/__init__.py'...\n"}
[20.930192] (dynamixel_sdk_custom_interfaces) StdoutLine: {'line': b"Compiling '/home/csanimatronics/CS_Animatronics/src/install/dynamixel_sdk_custom_interfaces/lib/python3.12/site-packages/dynamixel_sdk_custom_interfaces/msg/_set_position.py'...\n"}
[20.930367] (dynamixel_sdk_custom_interfaces) StdoutLine: {'line': b"Listing '/home/csanimatronics/CS_Animatronics/src/install/dynamixel_sdk_custom_interfaces/lib/python3.12/site-packages/dynamixel_sdk_custom_interfaces/srv'...\n"}
[20.930597] (dynamixel_sdk_custom_interfaces) StdoutLine: {'line': b"Compiling '/home/csanimatronics/CS_Animatronics/src/install/dynamixel_sdk_custom_interfaces/lib/python3.12/site-packages/dynamixel_sdk_custom_interfaces/srv/__init__.py'...\n"}
[20.930767] (dynamixel_sdk_custom_interfaces) StdoutLine: {'line': b"Compiling '/home/csanimatronics/CS_Animatronics/src/install/dynamixel_sdk_custom_interfaces/lib/python3.12/site-packages/dynamixel_sdk_custom_interfaces/srv/_get_position.py'...\n"}
[20.950499] (dynamixel_sdk_custom_interfaces) StdoutLine: {'line': b'-- Installing: /home/csanimatronics/CS_Animatronics/src/install/dynamixel_sdk_custom_interfaces/lib/python3.12/site-packages/dynamixel_sdk_custom_interfaces/dynamixel_sdk_custom_interfaces_s__rosidl_typesupport_fastrtps_c.so\n'}
[20.951177] (dynamixel_sdk_custom_interfaces) StdoutLine: {'line': b'-- Set non-toolchain portion of runtime path of "/home/csanimatronics/CS_Animatronics/src/install/dynamixel_sdk_custom_interfaces/lib/python3.12/site-packages/dynamixel_sdk_custom_interfaces/dynamixel_sdk_custom_interfaces_s__rosidl_typesupport_fastrtps_c.so" to ""\n'}
[20.951673] (dynamixel_sdk_custom_interfaces) StdoutLine: {'line': b'-- Installing: /home/csanimatronics/CS_Animatronics/src/install/dynamixel_sdk_custom_interfaces/lib/python3.12/site-packages/dynamixel_sdk_custom_interfaces/dynamixel_sdk_custom_interfaces_s__rosidl_typesupport_introspection_c.so\n'}
[20.952439] (dynamixel_sdk_custom_interfaces) StdoutLine: {'line': b'-- Set non-toolchain portion of runtime path of "/home/csanimatronics/CS_Animatronics/src/install/dynamixel_sdk_custom_interfaces/lib/python3.12/site-packages/dynamixel_sdk_custom_interfaces/dynamixel_sdk_custom_interfaces_s__rosidl_typesupport_introspection_c.so" to ""\n'}
[20.952982] (dynamixel_sdk_custom_interfaces) StdoutLine: {'line': b'-- Installing: /home/csanimatronics/CS_Animatronics/src/install/dynamixel_sdk_custom_interfaces/lib/python3.12/site-packages/dynamixel_sdk_custom_interfaces/dynamixel_sdk_custom_interfaces_s__rosidl_typesupport_c.so\n'}
[20.953803] (dynamixel_sdk_custom_interfaces) StdoutLine: {'line': b'-- Set non-toolchain portion of runtime path of "/home/csanimatronics/CS_Animatronics/src/install/dynamixel_sdk_custom_interfaces/lib/python3.12/site-packages/dynamixel_sdk_custom_interfaces/dynamixel_sdk_custom_interfaces_s__rosidl_typesupport_c.so" to ""\n'}
[20.954554] (dynamixel_sdk_custom_interfaces) StdoutLine: {'line': b'-- Installing: /home/csanimatronics/CS_Animatronics/src/install/dynamixel_sdk_custom_interfaces/lib/libdynamixel_sdk_custom_interfaces__rosidl_generator_py.so\n'}
[20.954951] (dynamixel_sdk_custom_interfaces) StdoutLine: {'line': b'-- Set non-toolchain portion of runtime path of "/home/csanimatronics/CS_Animatronics/src/install/dynamixel_sdk_custom_interfaces/lib/libdynamixel_sdk_custom_interfaces__rosidl_generator_py.so" to ""\n'}
[20.955477] (dynamixel_sdk_custom_interfaces) StdoutLine: {'line': b'-- Installing: /home/csanimatronics/CS_Animatronics/src/install/dynamixel_sdk_custom_interfaces/share/dynamixel_sdk_custom_interfaces/msg/SetPosition.idl\n'}
[20.955651] (dynamixel_sdk_custom_interfaces) StdoutLine: {'line': b'-- Installing: /home/csanimatronics/CS_Animatronics/src/install/dynamixel_sdk_custom_interfaces/share/dynamixel_sdk_custom_interfaces/srv/GetPosition.idl\n'}
[20.955849] (dynamixel_sdk_custom_interfaces) StdoutLine: {'line': b'-- Installing: /home/csanimatronics/CS_Animatronics/src/install/dynamixel_sdk_custom_interfaces/share/dynamixel_sdk_custom_interfaces/msg/SetPosition.msg\n'}
[20.956258] (dynamixel_sdk_custom_interfaces) StdoutLine: {'line': b'-- Installing: /home/csanimatronics/CS_Animatronics/src/install/dynamixel_sdk_custom_interfaces/share/dynamixel_sdk_custom_interfaces/srv/GetPosition.srv\n'}
[20.956889] (dynamixel_sdk_custom_interfaces) StdoutLine: {'line': b'-- Installing: /home/csanimatronics/CS_Animatronics/src/install/dynamixel_sdk_custom_interfaces/share/ament_index/resource_index/package_run_dependencies/dynamixel_sdk_custom_interfaces\n'}
[20.957415] (dynamixel_sdk_custom_interfaces) StdoutLine: {'line': b'-- Installing: /home/csanimatronics/CS_Animatronics/src/install/dynamixel_sdk_custom_interfaces/share/ament_index/resource_index/parent_prefix_path/dynamixel_sdk_custom_interfaces\n'}
[20.958147] (dynamixel_sdk_custom_interfaces) StdoutLine: {'line': b'-- Installing: /home/csanimatronics/CS_Animatronics/src/install/dynamixel_sdk_custom_interfaces/share/dynamixel_sdk_custom_interfaces/environment/ament_prefix_path.sh\n'}
[20.958339] (dynamixel_sdk_custom_interfaces) StdoutLine: {'line': b'-- Installing: /home/csanimatronics/CS_Animatronics/src/install/dynamixel_sdk_custom_interfaces/share/dynamixel_sdk_custom_interfaces/environment/ament_prefix_path.dsv\n'}
[20.958575] (dynamixel_sdk_custom_interfaces) StdoutLine: {'line': b'-- Installing: /home/csanimatronics/CS_Animatronics/src/install/dynamixel_sdk_custom_interfaces/share/dynamixel_sdk_custom_interfaces/environment/path.sh\n'}
[20.958996] (dynamixel_sdk_custom_interfaces) StdoutLine: {'line': b'-- Installing: /home/csanimatronics/CS_Animatronics/src/install/dynamixel_sdk_custom_interfaces/share/dynamixel_sdk_custom_interfaces/environment/path.dsv\n'}
[20.959400] (dynamixel_sdk_custom_interfaces) StdoutLine: {'line': b'-- Installing: /home/csanimatronics/CS_Animatronics/src/install/dynamixel_sdk_custom_interfaces/share/dynamixel_sdk_custom_interfaces/local_setup.bash\n'}
[20.960081] (dynamixel_sdk_custom_interfaces) StdoutLine: {'line': b'-- Installing: /home/csanimatronics/CS_Animatronics/src/install/dynamixel_sdk_custom_interfaces/share/dynamixel_sdk_custom_interfaces/local_setup.sh\n'}
[20.960268] (dynamixel_sdk_custom_interfaces) StdoutLine: {'line': b'-- Installing: /home/csanimatronics/CS_Animatronics/src/install/dynamixel_sdk_custom_interfaces/share/dynamixel_sdk_custom_interfaces/local_setup.zsh\n'}
[20.960498] (dynamixel_sdk_custom_interfaces) StdoutLine: {'line': b'-- Installing: /home/csanimatronics/CS_Animatronics/src/install/dynamixel_sdk_custom_interfaces/share/dynamixel_sdk_custom_interfaces/local_setup.dsv\n'}
[20.960894] (dynamixel_sdk_custom_interfaces) StdoutLine: {'line': b'-- Installing: /home/csanimatronics/CS_Animatronics/src/install/dynamixel_sdk_custom_interfaces/share/dynamixel_sdk_custom_interfaces/package.dsv\n'}
[20.961413] (dynamixel_sdk_custom_interfaces) StdoutLine: {'line': b'-- Installing: /home/csanimatronics/CS_Animatronics/src/install/dynamixel_sdk_custom_interfaces/share/ament_index/resource_index/packages/dynamixel_sdk_custom_interfaces\n'}
[20.962238] (dynamixel_sdk_custom_interfaces) StdoutLine: {'line': b'-- Installing: /home/csanimatronics/CS_Animatronics/src/install/dynamixel_sdk_custom_interfaces/share/dynamixel_sdk_custom_interfaces/cmake/export_dynamixel_sdk_custom_interfaces__rosidl_generator_cExport.cmake\n'}
[20.962500] (dynamixel_sdk_custom_interfaces) StdoutLine: {'line': b'-- Installing: /home/csanimatronics/CS_Animatronics/src/install/dynamixel_sdk_custom_interfaces/share/dynamixel_sdk_custom_interfaces/cmake/export_dynamixel_sdk_custom_interfaces__rosidl_generator_cExport-noconfig.cmake\n'}
[20.962719] (dynamixel_sdk_custom_interfaces) StdoutLine: {'line': b'-- Installing: /home/csanimatronics/CS_Animatronics/src/install/dynamixel_sdk_custom_interfaces/share/dynamixel_sdk_custom_interfaces/cmake/export_dynamixel_sdk_custom_interfaces__rosidl_typesupport_fastrtps_cExport.cmake\n'}
[20.963148] (dynamixel_sdk_custom_interfaces) StdoutLine: {'line': b'-- Installing: /home/csanimatronics/CS_Animatronics/src/install/dynamixel_sdk_custom_interfaces/share/dynamixel_sdk_custom_interfaces/cmake/export_dynamixel_sdk_custom_interfaces__rosidl_typesupport_fastrtps_cExport-noconfig.cmake\n'}
[20.963696] (dynamixel_sdk_custom_interfaces) StdoutLine: {'line': b'-- Installing: /home/csanimatronics/CS_Animatronics/src/install/dynamixel_sdk_custom_interfaces/share/dynamixel_sdk_custom_interfaces/cmake/export_dynamixel_sdk_custom_interfaces__rosidl_generator_cppExport.cmake\n'}
[20.964095] (dynamixel_sdk_custom_interfaces) StdoutLine: {'line': b'-- Installing: /home/csanimatronics/CS_Animatronics/src/install/dynamixel_sdk_custom_interfaces/share/dynamixel_sdk_custom_interfaces/cmake/export_dynamixel_sdk_custom_interfaces__rosidl_typesupport_fastrtps_cppExport.cmake\n'}
[20.964463] (dynamixel_sdk_custom_interfaces) StdoutLine: {'line': b'-- Installing: /home/csanimatronics/CS_Animatronics/src/install/dynamixel_sdk_custom_interfaces/share/dynamixel_sdk_custom_interfaces/cmake/export_dynamixel_sdk_custom_interfaces__rosidl_typesupport_fastrtps_cppExport-noconfig.cmake\n'}
[20.965151] (dynamixel_sdk_custom_interfaces) StdoutLine: {'line': b'-- Installing: /home/csanimatronics/CS_Animatronics/src/install/dynamixel_sdk_custom_interfaces/share/dynamixel_sdk_custom_interfaces/cmake/dynamixel_sdk_custom_interfaces__rosidl_typesupport_introspection_cExport.cmake\n'}
[20.965303] (dynamixel_sdk_custom_interfaces) StdoutLine: {'line': b'-- Installing: /home/csanimatronics/CS_Animatronics/src/install/dynamixel_sdk_custom_interfaces/share/dynamixel_sdk_custom_interfaces/cmake/dynamixel_sdk_custom_interfaces__rosidl_typesupport_introspection_cExport-noconfig.cmake\n'}
[20.965524] (dynamixel_sdk_custom_interfaces) StdoutLine: {'line': b'-- Installing: /home/csanimatronics/CS_Animatronics/src/install/dynamixel_sdk_custom_interfaces/share/dynamixel_sdk_custom_interfaces/cmake/dynamixel_sdk_custom_interfaces__rosidl_typesupport_cExport.cmake\n'}
[20.965918] (dynamixel_sdk_custom_interfaces) StdoutLine: {'line': b'-- Installing: /home/csanimatronics/CS_Animatronics/src/install/dynamixel_sdk_custom_interfaces/share/dynamixel_sdk_custom_interfaces/cmake/dynamixel_sdk_custom_interfaces__rosidl_typesupport_cExport-noconfig.cmake\n'}
[20.966317] (dynamixel_sdk_custom_interfaces) StdoutLine: {'line': b'-- Installing: /home/csanimatronics/CS_Animatronics/src/install/dynamixel_sdk_custom_interfaces/share/dynamixel_sdk_custom_interfaces/cmake/dynamixel_sdk_custom_interfaces__rosidl_typesupport_introspection_cppExport.cmake\n'}
[20.966753] (dynamixel_sdk_custom_interfaces) StdoutLine: {'line': b'-- Installing: /home/csanimatronics/CS_Animatronics/src/install/dynamixel_sdk_custom_interfaces/share/dynamixel_sdk_custom_interfaces/cmake/dynamixel_sdk_custom_interfaces__rosidl_typesupport_introspection_cppExport-noconfig.cmake\n'}
[20.967565] (dynamixel_sdk_custom_interfaces) StdoutLine: {'line': b'-- Installing: /home/csanimatronics/CS_Animatronics/src/install/dynamixel_sdk_custom_interfaces/share/dynamixel_sdk_custom_interfaces/cmake/dynamixel_sdk_custom_interfaces__rosidl_typesupport_cppExport.cmake\n'}
[20.967842] (dynamixel_sdk_custom_interfaces) StdoutLine: {'line': b'-- Installing: /home/csanimatronics/CS_Animatronics/src/install/dynamixel_sdk_custom_interfaces/share/dynamixel_sdk_custom_interfaces/cmake/dynamixel_sdk_custom_interfaces__rosidl_typesupport_cppExport-noconfig.cmake\n'}
[20.968085] (dynamixel_sdk_custom_interfaces) StdoutLine: {'line': b'-- Installing: /home/csanimatronics/CS_Animatronics/src/install/dynamixel_sdk_custom_interfaces/share/dynamixel_sdk_custom_interfaces/cmake/export_dynamixel_sdk_custom_interfaces__rosidl_generator_pyExport.cmake\n'}
[20.968603] (dynamixel_sdk_custom_interfaces) StdoutLine: {'line': b'-- Installing: /home/csanimatronics/CS_Animatronics/src/install/dynamixel_sdk_custom_interfaces/share/dynamixel_sdk_custom_interfaces/cmake/export_dynamixel_sdk_custom_interfaces__rosidl_generator_pyExport-noconfig.cmake\n'}
[20.969027] (dynamixel_sdk_custom_interfaces) StdoutLine: {'line': b'-- Installing: /home/csanimatronics/CS_Animatronics/src/install/dynamixel_sdk_custom_interfaces/share/dynamixel_sdk_custom_interfaces/cmake/rosidl_cmake-extras.cmake\n'}
[20.969467] (dynamixel_sdk_custom_interfaces) StdoutLine: {'line': b'-- Installing: /home/csanimatronics/CS_Animatronics/src/install/dynamixel_sdk_custom_interfaces/share/dynamixel_sdk_custom_interfaces/cmake/ament_cmake_export_dependencies-extras.cmake\n'}
[20.970244] (dynamixel_sdk_custom_interfaces) StdoutLine: {'line': b'-- Installing: /home/csanimatronics/CS_Animatronics/src/install/dynamixel_sdk_custom_interfaces/share/dynamixel_sdk_custom_interfaces/cmake/ament_cmake_export_include_directories-extras.cmake\n'}
[20.970501] (dynamixel_sdk_custom_interfaces) StdoutLine: {'line': b'-- Installing: /home/csanimatronics/CS_Animatronics/src/install/dynamixel_sdk_custom_interfaces/share/dynamixel_sdk_custom_interfaces/cmake/ament_cmake_export_libraries-extras.cmake\n'}
[20.970808] (dynamixel_sdk_custom_interfaces) StdoutLine: {'line': b'-- Installing: /home/csanimatronics/CS_Animatronics/src/install/dynamixel_sdk_custom_interfaces/share/dynamixel_sdk_custom_interfaces/cmake/ament_cmake_export_targets-extras.cmake\n'}
[20.971153] (dynamixel_sdk_custom_interfaces) StdoutLine: {'line': b'-- Installing: /home/csanimatronics/CS_Animatronics/src/install/dynamixel_sdk_custom_interfaces/share/dynamixel_sdk_custom_interfaces/cmake/rosidl_cmake_export_typesupport_targets-extras.cmake\n'}
[20.971616] (dynamixel_sdk_custom_interfaces) StdoutLine: {'line': b'-- Installing: /home/csanimatronics/CS_Animatronics/src/install/dynamixel_sdk_custom_interfaces/share/dynamixel_sdk_custom_interfaces/cmake/rosidl_cmake_export_typesupport_libraries-extras.cmake\n'}
[20.971942] (dynamixel_sdk_custom_interfaces) StdoutLine: {'line': b'-- Installing: /home/csanimatronics/CS_Animatronics/src/install/dynamixel_sdk_custom_interfaces/share/dynamixel_sdk_custom_interfaces/cmake/dynamixel_sdk_custom_interfacesConfig.cmake\n'}
[20.972561] (dynamixel_sdk_custom_interfaces) StdoutLine: {'line': b'-- Installing: /home/csanimatronics/CS_Animatronics/src/install/dynamixel_sdk_custom_interfaces/share/dynamixel_sdk_custom_interfaces/cmake/dynamixel_sdk_custom_interfacesConfig-version.cmake\n'}
[20.972777] (dynamixel_sdk_custom_interfaces) StdoutLine: {'line': b'-- Installing: /home/csanimatronics/CS_Animatronics/src/install/dynamixel_sdk_custom_interfaces/share/dynamixel_sdk_custom_interfaces/package.xml\n'}
[20.980492] (dynamixel_sdk_custom_interfaces) CommandEnded: {'returncode': 0}
[21.001683] (-) TimerEvent: {}
[21.032519] (dynamixel_sdk_custom_interfaces) JobEnded: {'identifier': 'dynamixel_sdk_custom_interfaces', 'rc': 0}
[21.034294] (motor_controller) JobStarted: {'identifier': 'motor_controller'}
[21.101827] (-) TimerEvent: {}
[21.202210] (-) TimerEvent: {}
[21.302574] (-) TimerEvent: {}
[21.402974] (-) TimerEvent: {}
[21.492290] (motion_editor) Command: {'cmd': ['/usr/bin/python3', '-W', 'ignore:setup.py install is deprecated', '-W', 'ignore:easy_install command is deprecated', 'setup.py', 'egg_info', '--egg-base', '../build/motion_editor', 'build', '--build-base', '/home/csanimatronics/CS_Animatronics/src/build/motion_editor/build', 'install', '--record', '/home/csanimatronics/CS_Animatronics/src/build/motion_editor/install.log', '--single-version-externally-managed', 'install_data'], 'cwd': '/home/csanimatronics/CS_Animatronics/src/motion_editor', 'env': {'LESSOPEN': '| /usr/bin/lesspipe %s', 'USER': 'csanimatronics', 'XDG_SESSION_TYPE': 'wayland', 'SHLVL': '1', 'LD_LIBRARY_PATH': '/home/csanimatronics/CS_Animatronics/src/install/motor_command_msg/lib:/opt/ros/jazzy/opt/rviz_ogre_vendor/lib:/opt/ros/jazzy/lib/aarch64-linux-gnu:/opt/ros/jazzy/opt/gz_math_vendor/lib:/opt/ros/jazzy/opt/gz_utils_vendor/lib:/opt/ros/jazzy/opt/gz_cmake_vendor/lib:/opt/ros/jazzy/lib', 'HOME': '/home/csanimatronics', 'OLDPWD': '/home/csanimatronics/CS_Animatronics', 'DESKTOP_SESSION': 'ubuntu', 'ROS_PYTHON_VERSION': '3', 'GNOME_SHELL_SESSION_MODE': 'ubuntu', 'GTK_MODULES': 'gail:atk-bridge', 'SYSTEMD_EXEC_PID': '1641', 'GSM_SKIP_SSH_AGENT_WORKAROUND': 'true', 'DBUS_SESSION_BUS_ADDRESS': 'unix:path=/run/user/1002/bus', 'COLORTERM': 'truecolor', 'DEBUGINFOD_URLS': 'https://debuginfod.ubuntu.com', 'IM_CONFIG_PHASE': '1', 'WAYLAND_DISPLAY': 'wayland-0', 'ROS_DISTRO': 'jazzy', 'LOGNAME': 'csanimatronics', '_': '/usr/bin/colcon', 'ROS_VERSION': '2', 'MEMORY_PRESSURE_WATCH': '/sys/fs/cgroup/user.slice/user-1002.slice/user@1002.service/session.slice/org.gnome.Shell@wayland.service/memory.pressure', 'XDG_SESSION_CLASS': 'user', 'USERNAME': 'csanimatronics', 'TERM': 'xterm-256color', 'GNOME_DESKTOP_SESSION_ID': 'this-is-deprecated', 'PATH': '/opt/ros/jazzy/bin:/usr/local/sbin:/usr/local/bin:/usr/sbin:/usr/bin:/sbin:/bin:/usr/games:/usr/local/games:/snap/bin:/snap/bin', 'SESSION_MANAGER': 'local/csanimatronics-desktop:@/tmp/.ICE-unix/1612,unix/csanimatronics-desktop:/tmp/.ICE-unix/1612', 'XDG_MENU_PREFIX': 'gnome-', 'GNOME_TERMINAL_SCREEN': '/org/gnome/Terminal/screen/a3d1aaef_8926_4d51_8050_787570ea3a80', 'GNOME_SETUP_DISPLAY': ':1', 'XDG_RUNTIME_DIR': '/run/user/1002', 'DISPLAY': ':0', 'LANG': 'C.UTF-8', 'XDG_CURRENT_DESKTOP': 'ubuntu:GNOME', 'XMODIFIERS': '@im=ibus', 'XDG_SESSION_DESKTOP': 'ubuntu', 'XAUTHORITY': '/run/user/1002/.mutter-Xwaylandauth.N7O212', 'LS_COLORS': 'rs=0:di=01;34:ln=01;36:mh=00:pi=40;33:so=01;35:do=01;35:bd=40;33;01:cd=40;33;01:or=40;31;01:mi=00:su=37;41:sg=30;43:ca=00:tw=30;42:ow=34;42:st=37;44:ex=01;32:*.tar=01;31:*.tgz=01;31:*.arc=01;31:*.arj=01;31:*.taz=01;31:*.lha=01;31:*.lz4=01;31:*.lzh=01;31:*.lzma=01;31:*.tlz=01;31:*.txz=01;31:*.tzo=01;31:*.t7z=01;31:*.zip=01;31:*.z=01;31:*.dz=01;31:*.gz=01;31:*.lrz=01;31:*.lz=01;31:*.lzo=01;31:*.xz=01;31:*.zst=01;31:*.tzst=01;31:*.bz2=01;31:*.bz=01;31:*.tbz=01;31:*.tbz2=01;31:*.tz=01;31:*.deb=01;31:*.rpm=01;31:*.jar=01;31:*.war=01;31:*.ear=01;31:*.sar=01;31:*.rar=01;31:*.alz=01;31:*.ace=01;31:*.zoo=01;31:*.cpio=01;31:*.7z=01;31:*.rz=01;31:*.cab=01;31:*.wim=01;31:*.swm=01;31:*.dwm=01;31:*.esd=01;31:*.avif=01;35:*.jpg=01;35:*.jpeg=01;35:*.mjpg=01;35:*.mjpeg=01;35:*.gif=01;35:*.bmp=01;35:*.pbm=01;35:*.pgm=01;35:*.ppm=01;35:*.tga=01;35:*.xbm=01;35:*.xpm=01;35:*.tif=01;35:*.tiff=01;35:*.png=01;35:*.svg=01;35:*.svgz=01;35:*.mng=01;35:*.pcx=01;35:*.mov=01;35:*.mpg=01;35:*.mpeg=01;35:*.m2v=01;35:*.mkv=01;35:*.webm=01;35:*.webp=01;35:*.ogm=01;35:*.mp4=01;35:*.m4v=01;35:*.mp4v=01;35:*.vob=01;35:*.qt=01;35:*.nuv=01;35:*.wmv=01;35:*.asf=01;35:*.rm=01;35:*.rmvb=01;35:*.flc=01;35:*.avi=01;35:*.fli=01;35:*.flv=01;35:*.gl=01;35:*.dl=01;35:*.xcf=01;35:*.xwd=01;35:*.yuv=01;35:*.cgm=01;35:*.emf=01;35:*.ogv=01;35:*.ogx=01;35:*.aac=00;36:*.au=00;36:*.flac=00;36:*.m4a=00;36:*.mid=00;36:*.midi=00;36:*.mka=00;36:*.mp3=00;36:*.mpc=00;36:*.ogg=00;36:*.ra=00;36:*.wav=00;36:*.oga=00;36:*.opus=00;36:*.spx=00;36:*.xspf=00;36:*~=00;90:*#=00;90:*.bak=00;90:*.crdownload=00;90:*.dpkg-dist=00;90:*.dpkg-new=00;90:*.dpkg-old=00;90:*.dpkg-tmp=00;90:*.old=00;90:*.orig=00;90:*.part=00;90:*.rej=00;90:*.rpmnew=00;90:*.rpmorig=00;90:*.rpmsave=00;90:*.swp=00;90:*.tmp=00;90:*.ucf-dist=00;90:*.ucf-new=00;90:*.ucf-old=00;90:', 'GNOME_TERMINAL_SERVICE': ':1.103', 'SSH_AUTH_SOCK': '/run/user/1002/keyring/ssh', 'AMENT_PREFIX_PATH': '/home/csanimatronics/CS_Animatronics/src/install/motor_command_msg:/opt/ros/jazzy', 'SHELL': '/bin/bash', 'QT_ACCESSIBILITY': '1', 'GDMSESSION': 'ubuntu', 'LESSCLOSE': '/usr/bin/lesspipe %s %s', 'ROS_AUTOMATIC_DISCOVERY_RANGE': 'SUBNET', 'QT_IM_MODULE': 'ibus', 'PWD': '/home/csanimatronics/CS_Animatronics/src/build/motion_editor', 'XDG_CONFIG_DIRS': '/etc/xdg/xdg-ubuntu:/etc/xdg', 'XDG_DATA_DIRS': '/usr/share/ubuntu:/usr/share/gnome:/usr/local/share/:/usr/share/:/var/lib/snapd/desktop', 'PYTHONPATH': '/home/csanimatronics/CS_Animatronics/src/build/motion_editor/prefix_override:/usr/lib/python3/dist-packages/colcon_core/task/python/colcon_distutils_commands:/home/csanimatronics/CS_Animatronics/src/install/motion_editor/lib/python3.12/site-packages:/home/csanimatronics/CS_Animatronics/src/install/motor_command_msg/lib/python3.12/site-packages:/opt/ros/jazzy/lib/python3.12/site-packages', 'COLCON': '1', 'MEMORY_PRESSURE_WRITE': 'c29tZSAyMDAwMDAgMjAwMDAwMAA=', 'VTE_VERSION': '7600', 'CMAKE_PREFIX_PATH': '/home/csanimatronics/CS_Animatronics/src/install/motor_command_msg:/opt/ros/jazzy/opt/gz_math_vendor:/opt/ros/jazzy/opt/gz_utils_vendor:/opt/ros/jazzy/opt/gz_cmake_vendor'}, 'shell': False}
[21.496498] (system_controller) Command: {'cmd': ['/usr/bin/python3', '-W', 'ignore:setup.py install is deprecated', '-W', 'ignore:easy_install command is deprecated', 'setup.py', 'egg_info', '--egg-base', '../build/system_controller', 'build', '--build-base', '/home/csanimatronics/CS_Animatronics/src/build/system_controller/build', 'install', '--record', '/home/csanimatronics/CS_Animatronics/src/build/system_controller/install.log', '--single-version-externally-managed', 'install_data'], 'cwd': '/home/csanimatronics/CS_Animatronics/src/system_controller', 'env': {'LESSOPEN': '| /usr/bin/lesspipe %s', 'USER': 'csanimatronics', 'XDG_SESSION_TYPE': 'wayland', 'SHLVL': '1', 'LD_LIBRARY_PATH': '/home/csanimatronics/CS_Animatronics/src/install/motor_command_msg/lib:/opt/ros/jazzy/opt/rviz_ogre_vendor/lib:/opt/ros/jazzy/lib/aarch64-linux-gnu:/opt/ros/jazzy/opt/gz_math_vendor/lib:/opt/ros/jazzy/opt/gz_utils_vendor/lib:/opt/ros/jazzy/opt/gz_cmake_vendor/lib:/opt/ros/jazzy/lib', 'HOME': '/home/csanimatronics', 'OLDPWD': '/home/csanimatronics/CS_Animatronics', 'DESKTOP_SESSION': 'ubuntu', 'ROS_PYTHON_VERSION': '3', 'GNOME_SHELL_SESSION_MODE': 'ubuntu', 'GTK_MODULES': 'gail:atk-bridge', 'SYSTEMD_EXEC_PID': '1641', 'GSM_SKIP_SSH_AGENT_WORKAROUND': 'true', 'DBUS_SESSION_BUS_ADDRESS': 'unix:path=/run/user/1002/bus', 'COLORTERM': 'truecolor', 'DEBUGINFOD_URLS': 'https://debuginfod.ubuntu.com', 'IM_CONFIG_PHASE': '1', 'WAYLAND_DISPLAY': 'wayland-0', 'ROS_DISTRO': 'jazzy', 'LOGNAME': 'csanimatronics', '_': '/usr/bin/colcon', 'ROS_VERSION': '2', 'MEMORY_PRESSURE_WATCH': '/sys/fs/cgroup/user.slice/user-1002.slice/user@1002.service/session.slice/org.gnome.Shell@wayland.service/memory.pressure', 'XDG_SESSION_CLASS': 'user', 'USERNAME': 'csanimatronics', 'TERM': 'xterm-256color', 'GNOME_DESKTOP_SESSION_ID': 'this-is-deprecated', 'PATH': '/opt/ros/jazzy/bin:/usr/local/sbin:/usr/local/bin:/usr/sbin:/usr/bin:/sbin:/bin:/usr/games:/usr/local/games:/snap/bin:/snap/bin', 'SESSION_MANAGER': 'local/csanimatronics-desktop:@/tmp/.ICE-unix/1612,unix/csanimatronics-desktop:/tmp/.ICE-unix/1612', 'XDG_MENU_PREFIX': 'gnome-', 'GNOME_TERMINAL_SCREEN': '/org/gnome/Terminal/screen/a3d1aaef_8926_4d51_8050_787570ea3a80', 'GNOME_SETUP_DISPLAY': ':1', 'XDG_RUNTIME_DIR': '/run/user/1002', 'DISPLAY': ':0', 'LANG': 'C.UTF-8', 'XDG_CURRENT_DESKTOP': 'ubuntu:GNOME', 'XMODIFIERS': '@im=ibus', 'XDG_SESSION_DESKTOP': 'ubuntu', 'XAUTHORITY': '/run/user/1002/.mutter-Xwaylandauth.N7O212', 'LS_COLORS': 'rs=0:di=01;34:ln=01;36:mh=00:pi=40;33:so=01;35:do=01;35:bd=40;33;01:cd=40;33;01:or=40;31;01:mi=00:su=37;41:sg=30;43:ca=00:tw=30;42:ow=34;42:st=37;44:ex=01;32:*.tar=01;31:*.tgz=01;31:*.arc=01;31:*.arj=01;31:*.taz=01;31:*.lha=01;31:*.lz4=01;31:*.lzh=01;31:*.lzma=01;31:*.tlz=01;31:*.txz=01;31:*.tzo=01;31:*.t7z=01;31:*.zip=01;31:*.z=01;31:*.dz=01;31:*.gz=01;31:*.lrz=01;31:*.lz=01;31:*.lzo=01;31:*.xz=01;31:*.zst=01;31:*.tzst=01;31:*.bz2=01;31:*.bz=01;31:*.tbz=01;31:*.tbz2=01;31:*.tz=01;31:*.deb=01;31:*.rpm=01;31:*.jar=01;31:*.war=01;31:*.ear=01;31:*.sar=01;31:*.rar=01;31:*.alz=01;31:*.ace=01;31:*.zoo=01;31:*.cpio=01;31:*.7z=01;31:*.rz=01;31:*.cab=01;31:*.wim=01;31:*.swm=01;31:*.dwm=01;31:*.esd=01;31:*.avif=01;35:*.jpg=01;35:*.jpeg=01;35:*.mjpg=01;35:*.mjpeg=01;35:*.gif=01;35:*.bmp=01;35:*.pbm=01;35:*.pgm=01;35:*.ppm=01;35:*.tga=01;35:*.xbm=01;35:*.xpm=01;35:*.tif=01;35:*.tiff=01;35:*.png=01;35:*.svg=01;35:*.svgz=01;35:*.mng=01;35:*.pcx=01;35:*.mov=01;35:*.mpg=01;35:*.mpeg=01;35:*.m2v=01;35:*.mkv=01;35:*.webm=01;35:*.webp=01;35:*.ogm=01;35:*.mp4=01;35:*.m4v=01;35:*.mp4v=01;35:*.vob=01;35:*.qt=01;35:*.nuv=01;35:*.wmv=01;35:*.asf=01;35:*.rm=01;35:*.rmvb=01;35:*.flc=01;35:*.avi=01;35:*.fli=01;35:*.flv=01;35:*.gl=01;35:*.dl=01;35:*.xcf=01;35:*.xwd=01;35:*.yuv=01;35:*.cgm=01;35:*.emf=01;35:*.ogv=01;35:*.ogx=01;35:*.aac=00;36:*.au=00;36:*.flac=00;36:*.m4a=00;36:*.mid=00;36:*.midi=00;36:*.mka=00;36:*.mp3=00;36:*.mpc=00;36:*.ogg=00;36:*.ra=00;36:*.wav=00;36:*.oga=00;36:*.opus=00;36:*.spx=00;36:*.xspf=00;36:*~=00;90:*#=00;90:*.bak=00;90:*.crdownload=00;90:*.dpkg-dist=00;90:*.dpkg-new=00;90:*.dpkg-old=00;90:*.dpkg-tmp=00;90:*.old=00;90:*.orig=00;90:*.part=00;90:*.rej=00;90:*.rpmnew=00;90:*.rpmorig=00;90:*.rpmsave=00;90:*.swp=00;90:*.tmp=00;90:*.ucf-dist=00;90:*.ucf-new=00;90:*.ucf-old=00;90:', 'GNOME_TERMINAL_SERVICE': ':1.103', 'SSH_AUTH_SOCK': '/run/user/1002/keyring/ssh', 'AMENT_PREFIX_PATH': '/home/csanimatronics/CS_Animatronics/src/install/motor_command_msg:/opt/ros/jazzy', 'SHELL': '/bin/bash', 'QT_ACCESSIBILITY': '1', 'GDMSESSION': 'ubuntu', 'LESSCLOSE': '/usr/bin/lesspipe %s %s', 'ROS_AUTOMATIC_DISCOVERY_RANGE': 'SUBNET', 'QT_IM_MODULE': 'ibus', 'PWD': '/home/csanimatronics/CS_Animatronics/src/build/system_controller', 'XDG_CONFIG_DIRS': '/etc/xdg/xdg-ubuntu:/etc/xdg', 'XDG_DATA_DIRS': '/usr/share/ubuntu:/usr/share/gnome:/usr/local/share/:/usr/share/:/var/lib/snapd/desktop', 'PYTHONPATH': '/home/csanimatronics/CS_Animatronics/src/build/system_controller/prefix_override:/usr/lib/python3/dist-packages/colcon_core/task/python/colcon_distutils_commands:/home/csanimatronics/CS_Animatronics/src/install/system_controller/lib/python3.12/site-packages:/home/csanimatronics/CS_Animatronics/src/install/motor_command_msg/lib/python3.12/site-packages:/opt/ros/jazzy/lib/python3.12/site-packages', 'COLCON': '1', 'MEMORY_PRESSURE_WRITE': 'c29tZSAyMDAwMDAgMjAwMDAwMAA=', 'VTE_VERSION': '7600', 'CMAKE_PREFIX_PATH': '/home/csanimatronics/CS_Animatronics/src/install/motor_command_msg:/opt/ros/jazzy/opt/gz_math_vendor:/opt/ros/jazzy/opt/gz_utils_vendor:/opt/ros/jazzy/opt/gz_cmake_vendor'}, 'shell': False}
[21.503100] (-) TimerEvent: {}
[21.607145] (-) TimerEvent: {}
[21.707853] (-) TimerEvent: {}
[21.808195] (-) TimerEvent: {}
[21.908580] (-) TimerEvent: {}
[21.985905] (system_controller) StdoutLine: {'line': b'running egg_info\n'}
[21.986330] (motion_editor) StdoutLine: {'line': b'running egg_info\n'}
[21.986634] (system_controller) StdoutLine: {'line': b'creating ../build/system_controller/system_controller.egg-info\n'}
[21.986821] (motion_editor) StdoutLine: {'line': b'creating ../build/motion_editor/motion_editor.egg-info\n'}
[22.008657] (-) TimerEvent: {}
[22.019403] (motion_editor) StdoutLine: {'line': b'writing ../build/motion_editor/motion_editor.egg-info/PKG-INFO\n'}
[22.019800] (motion_editor) StdoutLine: {'line': b'writing dependency_links to ../build/motion_editor/motion_editor.egg-info/dependency_links.txt\n'}
[22.020111] (motion_editor) StdoutLine: {'line': b'writing entry points to ../build/motion_editor/motion_editor.egg-info/entry_points.txt\n'}
[22.020348] (system_controller) StdoutLine: {'line': b'writing ../build/system_controller/system_controller.egg-info/PKG-INFO\n'}
[22.020496] (system_controller) StdoutLine: {'line': b'writing dependency_links to ../build/system_controller/system_controller.egg-info/dependency_links.txt\n'}
[22.020593] (system_controller) StdoutLine: {'line': b'writing entry points to ../build/system_controller/system_controller.egg-info/entry_points.txt\n'}
[22.020675] (system_controller) StdoutLine: {'line': b'writing requirements to ../build/system_controller/system_controller.egg-info/requires.txt\n'}
[22.020755] (system_controller) StdoutLine: {'line': b'writing top-level names to ../build/system_controller/system_controller.egg-info/top_level.txt\n'}
[22.020834] (motion_editor) StdoutLine: {'line': b'writing requirements to ../build/motion_editor/motion_editor.egg-info/requires.txt\n'}
[22.020941] (motion_editor) StdoutLine: {'line': b'writing top-level names to ../build/motion_editor/motion_editor.egg-info/top_level.txt\n'}
[22.021023] (motion_editor) StdoutLine: {'line': b"writing manifest file '../build/motion_editor/motion_editor.egg-info/SOURCES.txt'\n"}
[22.021104] (system_controller) StdoutLine: {'line': b"writing manifest file '../build/system_controller/system_controller.egg-info/SOURCES.txt'\n"}
[22.078919] (system_controller) StdoutLine: {'line': b"reading manifest file '../build/system_controller/system_controller.egg-info/SOURCES.txt'\n"}
[22.079183] (motion_editor) StdoutLine: {'line': b"reading manifest file '../build/motion_editor/motion_editor.egg-info/SOURCES.txt'\n"}
[22.079984] (motion_editor) StdoutLine: {'line': b"writing manifest file '../build/motion_editor/motion_editor.egg-info/SOURCES.txt'\n"}
[22.080238] (system_controller) StdoutLine: {'line': b"writing manifest file '../build/system_controller/system_controller.egg-info/SOURCES.txt'\n"}
[22.080456] (system_controller) StdoutLine: {'line': b'running build\n'}
[22.080777] (system_controller) StdoutLine: {'line': b'running build_py\n'}
[22.081056] (motion_editor) StdoutLine: {'line': b'running build\n'}
[22.081226] (motion_editor) StdoutLine: {'line': b'running build_py\n'}
[22.081323] (system_controller) StdoutLine: {'line': b'creating /home/csanimatronics/CS_Animatronics/src/build/system_controller/build\n'}
[22.081456] (motion_editor) StdoutLine: {'line': b'creating /home/csanimatronics/CS_Animatronics/src/build/motion_editor/build\n'}
[22.081649] (motion_editor) StdoutLine: {'line': b'creating /home/csanimatronics/CS_Animatronics/src/build/motion_editor/build/lib\n'}
[22.081734] (system_controller) StdoutLine: {'line': b'creating /home/csanimatronics/CS_Animatronics/src/build/system_controller/build/lib\n'}
[22.081824] (system_controller) StdoutLine: {'line': b'creating /home/csanimatronics/CS_Animatronics/src/build/system_controller/build/lib/system_controller\n'}
[22.081903] (motion_editor) StdoutLine: {'line': b'creating /home/csanimatronics/CS_Animatronics/src/build/motion_editor/build/lib/motion_editor\n'}
[22.081984] (motion_editor) StdoutLine: {'line': b'copying motion_editor/motion_editor.py -> /home/csanimatronics/CS_Animatronics/src/build/motion_editor/build/lib/motion_editor\n'}
[22.082061] (system_controller) StdoutLine: {'line': b'copying system_controller/system_controller.py -> /home/csanimatronics/CS_Animatronics/src/build/system_controller/build/lib/system_controller\n'}
[22.082181] (system_controller) StdoutLine: {'line': b'copying system_controller/__init__.py -> /home/csanimatronics/CS_Animatronics/src/build/system_controller/build/lib/system_controller\n'}
[22.082276] (motion_editor) StdoutLine: {'line': b'copying motion_editor/__init__.py -> /home/csanimatronics/CS_Animatronics/src/build/motion_editor/build/lib/motion_editor\n'}
[22.082358] (motion_editor) StdoutLine: {'line': b'running install\n'}
[22.082564] (system_controller) StdoutLine: {'line': b'running install\n'}
[22.093116] (system_controller) StdoutLine: {'line': b'running install_lib\n'}
[22.093616] (motion_editor) StdoutLine: {'line': b'running install_lib\n'}
[22.108769] (-) TimerEvent: {}
[22.136816] (system_controller) StdoutLine: {'line': b'creating /home/csanimatronics/CS_Animatronics/src/install/system_controller/lib/python3.12/site-packages/system_controller\n'}
[22.137510] (system_controller) StdoutLine: {'line': b'copying /home/csanimatronics/CS_Animatronics/src/build/system_controller/build/lib/system_controller/system_controller.py -> /home/csanimatronics/CS_Animatronics/src/install/system_controller/lib/python3.12/site-packages/system_controller\n'}
[22.137775] (system_controller) StdoutLine: {'line': b'copying /home/csanimatronics/CS_Animatronics/src/build/system_controller/build/lib/system_controller/__init__.py -> /home/csanimatronics/CS_Animatronics/src/install/system_controller/lib/python3.12/site-packages/system_controller\n'}
[22.137930] (motion_editor) StdoutLine: {'line': b'creating /home/csanimatronics/CS_Animatronics/src/install/motion_editor/lib/python3.12/site-packages/motion_editor\n'}
[22.138068] (motion_editor) StdoutLine: {'line': b'copying /home/csanimatronics/CS_Animatronics/src/build/motion_editor/build/lib/motion_editor/motion_editor.py -> /home/csanimatronics/CS_Animatronics/src/install/motion_editor/lib/python3.12/site-packages/motion_editor\n'}
[22.138173] (motion_editor) StdoutLine: {'line': b'copying /home/csanimatronics/CS_Animatronics/src/build/motion_editor/build/lib/motion_editor/__init__.py -> /home/csanimatronics/CS_Animatronics/src/install/motion_editor/lib/python3.12/site-packages/motion_editor\n'}
[22.138808] (system_controller) StdoutLine: {'line': b'byte-compiling /home/csanimatronics/CS_Animatronics/src/install/system_controller/lib/python3.12/site-packages/system_controller/system_controller.py to system_controller.cpython-312.pyc\n'}
[22.139098] (motion_editor) StdoutLine: {'line': b'byte-compiling /home/csanimatronics/CS_Animatronics/src/install/motion_editor/lib/python3.12/site-packages/motion_editor/motion_editor.py to motion_editor.cpython-312.pyc\n'}
[22.144233] (system_controller) StdoutLine: {'line': b'byte-compiling /home/csanimatronics/CS_Animatronics/src/install/system_controller/lib/python3.12/site-packages/system_controller/__init__.py to __init__.cpython-312.pyc\n'}
[22.144585] (system_controller) StdoutLine: {'line': b'running install_data\n'}
[22.144801] (system_controller) StdoutLine: {'line': b'creating /home/csanimatronics/CS_Animatronics/src/install/system_controller/share/ament_index\n'}
[22.145021] (system_controller) StdoutLine: {'line': b'creating /home/csanimatronics/CS_Animatronics/src/install/system_controller/share/ament_index/resource_index\n'}
[22.145171] (system_controller) StdoutLine: {'line': b'creating /home/csanimatronics/CS_Animatronics/src/install/system_controller/share/ament_index/resource_index/packages\n'}
[22.145468] (motion_editor) StdoutLine: {'line': b'byte-compiling /home/csanimatronics/CS_Animatronics/src/install/motion_editor/lib/python3.12/site-packages/motion_editor/__init__.py to __init__.cpython-312.pyc\n'}
[22.145769] (system_controller) StdoutLine: {'line': b'copying resource/system_controller -> /home/csanimatronics/CS_Animatronics/src/install/system_controller/share/ament_index/resource_index/packages\n'}
[22.145995] (system_controller) StdoutLine: {'line': b'copying package.xml -> /home/csanimatronics/CS_Animatronics/src/install/system_controller/share/system_controller\n'}
[22.146148] (system_controller) StdoutLine: {'line': b'creating /home/csanimatronics/CS_Animatronics/src/install/system_controller/share/system_controller/msg\n'}
[22.146240] (system_controller) StdoutLine: {'line': b'running install_egg_info\n'}
[22.146390] (motion_editor) StdoutLine: {'line': b'running install_data\n'}
[22.146519] (motion_editor) StdoutLine: {'line': b'creating /home/csanimatronics/CS_Animatronics/src/install/motion_editor/share/ament_index\n'}
[22.146604] (motion_editor) StdoutLine: {'line': b'creating /home/csanimatronics/CS_Animatronics/src/install/motion_editor/share/ament_index/resource_index\n'}
[22.146708] (motion_editor) StdoutLine: {'line': b'creating /home/csanimatronics/CS_Animatronics/src/install/motion_editor/share/ament_index/resource_index/packages\n'}
[22.146786] (motion_editor) StdoutLine: {'line': b'copying resource/motion_editor -> /home/csanimatronics/CS_Animatronics/src/install/motion_editor/share/ament_index/resource_index/packages\n'}
[22.146880] (motion_editor) StdoutLine: {'line': b'copying package.xml -> /home/csanimatronics/CS_Animatronics/src/install/motion_editor/share/motion_editor\n'}
[22.147041] (motion_editor) StdoutLine: {'line': b'running install_egg_info\n'}
[22.174421] (system_controller) StdoutLine: {'line': b'Copying ../build/system_controller/system_controller.egg-info to /home/csanimatronics/CS_Animatronics/src/install/system_controller/lib/python3.12/site-packages/system_controller-0.0.0-py3.12.egg-info\n'}
[22.175008] (motion_editor) StdoutLine: {'line': b'Copying ../build/motion_editor/motion_editor.egg-info to /home/csanimatronics/CS_Animatronics/src/install/motion_editor/lib/python3.12/site-packages/motion_editor-0.0.0-py3.12.egg-info\n'}
[22.175769] (system_controller) StdoutLine: {'line': b'running install_scripts\n'}
[22.176274] (motion_editor) StdoutLine: {'line': b'running install_scripts\n'}
[22.208868] (-) TimerEvent: {}
[22.309246] (-) TimerEvent: {}
[22.394256] (system_controller) StdoutLine: {'line': b'Installing controller_publisher script to /home/csanimatronics/CS_Animatronics/src/install/system_controller/lib/system_controller\n'}
[22.394635] (system_controller) StdoutLine: {'line': b'Installing system_controller script to /home/csanimatronics/CS_Animatronics/src/install/system_controller/lib/system_controller\n'}
[22.395164] (system_controller) StdoutLine: {'line': b"writing list of installed files to '/home/csanimatronics/CS_Animatronics/src/build/system_controller/install.log'\n"}
[22.395883] (motion_editor) StdoutLine: {'line': b'Installing motion_editor script to /home/csanimatronics/CS_Animatronics/src/install/motion_editor/lib/motion_editor\n'}
[22.396309] (motion_editor) StdoutLine: {'line': b'Installing system_controller script to /home/csanimatronics/CS_Animatronics/src/install/motion_editor/lib/motion_editor\n'}
[22.396984] (motion_editor) StdoutLine: {'line': b"writing list of installed files to '/home/csanimatronics/CS_Animatronics/src/build/motion_editor/install.log'\n"}
[22.409434] (-) TimerEvent: {}
[22.510053] (-) TimerEvent: {}
[22.558101] (system_controller) CommandEnded: {'returncode': 0}
[22.567933] (system_controller) JobEnded: {'identifier': 'system_controller', 'rc': 0}
[22.570644] (motion_editor) CommandEnded: {'returncode': 0}
[22.595814] (motion_editor) JobEnded: {'identifier': 'motion_editor', 'rc': 0}
[22.610285] (-) TimerEvent: {}
[22.694922] (motor_controller) Command: {'cmd': ['/usr/bin/python3', '-W', 'ignore:setup.py install is deprecated', '-W', 'ignore:easy_install command is deprecated', 'setup.py', 'egg_info', '--egg-base', '../build/motor_controller', 'build', '--build-base', '/home/csanimatronics/CS_Animatronics/src/build/motor_controller/build', 'install', '--record', '/home/csanimatronics/CS_Animatronics/src/build/motor_controller/install.log', '--single-version-externally-managed', 'install_data'], 'cwd': '/home/csanimatronics/CS_Animatronics/src/motor_controller', 'env': {'LESSOPEN': '| /usr/bin/lesspipe %s', 'USER': 'csanimatronics', 'XDG_SESSION_TYPE': 'wayland', 'SHLVL': '1', 'LD_LIBRARY_PATH': '/home/csanimatronics/CS_Animatronics/src/install/dynamixel_sdk_custom_interfaces/lib:/home/csanimatronics/CS_Animatronics/src/install/dynamixel_sdk/lib:/opt/ros/jazzy/opt/rviz_ogre_vendor/lib:/opt/ros/jazzy/lib/aarch64-linux-gnu:/opt/ros/jazzy/opt/gz_math_vendor/lib:/opt/ros/jazzy/opt/gz_utils_vendor/lib:/opt/ros/jazzy/opt/gz_cmake_vendor/lib:/opt/ros/jazzy/lib', 'HOME': '/home/csanimatronics', 'OLDPWD': '/home/csanimatronics/CS_Animatronics', 'DESKTOP_SESSION': 'ubuntu', 'ROS_PYTHON_VERSION': '3', 'GNOME_SHELL_SESSION_MODE': 'ubuntu', 'GTK_MODULES': 'gail:atk-bridge', 'SYSTEMD_EXEC_PID': '1641', 'GSM_SKIP_SSH_AGENT_WORKAROUND': 'true', 'DBUS_SESSION_BUS_ADDRESS': 'unix:path=/run/user/1002/bus', 'COLORTERM': 'truecolor', 'DEBUGINFOD_URLS': 'https://debuginfod.ubuntu.com', 'IM_CONFIG_PHASE': '1', 'WAYLAND_DISPLAY': 'wayland-0', 'ROS_DISTRO': 'jazzy', 'LOGNAME': 'csanimatronics', '_': '/usr/bin/colcon', 'ROS_VERSION': '2', 'MEMORY_PRESSURE_WATCH': '/sys/fs/cgroup/user.slice/user-1002.slice/user@1002.service/session.slice/org.gnome.Shell@wayland.service/memory.pressure', 'XDG_SESSION_CLASS': 'user', 'USERNAME': 'csanimatronics', 'TERM': 'xterm-256color', 'GNOME_DESKTOP_SESSION_ID': 'this-is-deprecated', 'PATH': '/opt/ros/jazzy/bin:/usr/local/sbin:/usr/local/bin:/usr/sbin:/usr/bin:/sbin:/bin:/usr/games:/usr/local/games:/snap/bin:/snap/bin', 'SESSION_MANAGER': 'local/csanimatronics-desktop:@/tmp/.ICE-unix/1612,unix/csanimatronics-desktop:/tmp/.ICE-unix/1612', 'XDG_MENU_PREFIX': 'gnome-', 'GNOME_TERMINAL_SCREEN': '/org/gnome/Terminal/screen/a3d1aaef_8926_4d51_8050_787570ea3a80', 'GNOME_SETUP_DISPLAY': ':1', 'XDG_RUNTIME_DIR': '/run/user/1002', 'DISPLAY': ':0', 'LANG': 'C.UTF-8', 'XDG_CURRENT_DESKTOP': 'ubuntu:GNOME', 'XMODIFIERS': '@im=ibus', 'XDG_SESSION_DESKTOP': 'ubuntu', 'XAUTHORITY': '/run/user/1002/.mutter-Xwaylandauth.N7O212', 'LS_COLORS': 'rs=0:di=01;34:ln=01;36:mh=00:pi=40;33:so=01;35:do=01;35:bd=40;33;01:cd=40;33;01:or=40;31;01:mi=00:su=37;41:sg=30;43:ca=00:tw=30;42:ow=34;42:st=37;44:ex=01;32:*.tar=01;31:*.tgz=01;31:*.arc=01;31:*.arj=01;31:*.taz=01;31:*.lha=01;31:*.lz4=01;31:*.lzh=01;31:*.lzma=01;31:*.tlz=01;31:*.txz=01;31:*.tzo=01;31:*.t7z=01;31:*.zip=01;31:*.z=01;31:*.dz=01;31:*.gz=01;31:*.lrz=01;31:*.lz=01;31:*.lzo=01;31:*.xz=01;31:*.zst=01;31:*.tzst=01;31:*.bz2=01;31:*.bz=01;31:*.tbz=01;31:*.tbz2=01;31:*.tz=01;31:*.deb=01;31:*.rpm=01;31:*.jar=01;31:*.war=01;31:*.ear=01;31:*.sar=01;31:*.rar=01;31:*.alz=01;31:*.ace=01;31:*.zoo=01;31:*.cpio=01;31:*.7z=01;31:*.rz=01;31:*.cab=01;31:*.wim=01;31:*.swm=01;31:*.dwm=01;31:*.esd=01;31:*.avif=01;35:*.jpg=01;35:*.jpeg=01;35:*.mjpg=01;35:*.mjpeg=01;35:*.gif=01;35:*.bmp=01;35:*.pbm=01;35:*.pgm=01;35:*.ppm=01;35:*.tga=01;35:*.xbm=01;35:*.xpm=01;35:*.tif=01;35:*.tiff=01;35:*.png=01;35:*.svg=01;35:*.svgz=01;35:*.mng=01;35:*.pcx=01;35:*.mov=01;35:*.mpg=01;35:*.mpeg=01;35:*.m2v=01;35:*.mkv=01;35:*.webm=01;35:*.webp=01;35:*.ogm=01;35:*.mp4=01;35:*.m4v=01;35:*.mp4v=01;35:*.vob=01;35:*.qt=01;35:*.nuv=01;35:*.wmv=01;35:*.asf=01;35:*.rm=01;35:*.rmvb=01;35:*.flc=01;35:*.avi=01;35:*.fli=01;35:*.flv=01;35:*.gl=01;35:*.dl=01;35:*.xcf=01;35:*.xwd=01;35:*.yuv=01;35:*.cgm=01;35:*.emf=01;35:*.ogv=01;35:*.ogx=01;35:*.aac=00;36:*.au=00;36:*.flac=00;36:*.m4a=00;36:*.mid=00;36:*.midi=00;36:*.mka=00;36:*.mp3=00;36:*.mpc=00;36:*.ogg=00;36:*.ra=00;36:*.wav=00;36:*.oga=00;36:*.opus=00;36:*.spx=00;36:*.xspf=00;36:*~=00;90:*#=00;90:*.bak=00;90:*.crdownload=00;90:*.dpkg-dist=00;90:*.dpkg-new=00;90:*.dpkg-old=00;90:*.dpkg-tmp=00;90:*.old=00;90:*.orig=00;90:*.part=00;90:*.rej=00;90:*.rpmnew=00;90:*.rpmorig=00;90:*.rpmsave=00;90:*.swp=00;90:*.tmp=00;90:*.ucf-dist=00;90:*.ucf-new=00;90:*.ucf-old=00;90:', 'GNOME_TERMINAL_SERVICE': ':1.103', 'SSH_AUTH_SOCK': '/run/user/1002/keyring/ssh', 'AMENT_PREFIX_PATH': '/home/csanimatronics/CS_Animatronics/src/install/dynamixel_sdk_custom_interfaces:/home/csanimatronics/CS_Animatronics/src/install/dynamixel_sdk:/opt/ros/jazzy', 'SHELL': '/bin/bash', 'QT_ACCESSIBILITY': '1', 'GDMSESSION': 'ubuntu', 'LESSCLOSE': '/usr/bin/lesspipe %s %s', 'ROS_AUTOMATIC_DISCOVERY_RANGE': 'SUBNET', 'QT_IM_MODULE': 'ibus', 'PWD': '/home/csanimatronics/CS_Animatronics/src/build/motor_controller', 'XDG_CONFIG_DIRS': '/etc/xdg/xdg-ubuntu:/etc/xdg', 'XDG_DATA_DIRS': '/usr/share/ubuntu:/usr/share/gnome:/usr/local/share/:/usr/share/:/var/lib/snapd/desktop', 'PYTHONPATH': '/home/csanimatronics/CS_Animatronics/src/build/motor_controller/prefix_override:/usr/lib/python3/dist-packages/colcon_core/task/python/colcon_distutils_commands:/home/csanimatronics/CS_Animatronics/src/install/motor_controller/lib/python3.12/site-packages:/home/csanimatronics/CS_Animatronics/src/install/dynamixel_sdk_custom_interfaces/lib/python3.12/site-packages:/opt/ros/jazzy/lib/python3.12/site-packages', 'COLCON': '1', 'MEMORY_PRESSURE_WRITE': 'c29tZSAyMDAwMDAgMjAwMDAwMAA=', 'VTE_VERSION': '7600', 'CMAKE_PREFIX_PATH': '/home/csanimatronics/CS_Animatronics/src/install/dynamixel_sdk_custom_interfaces:/home/csanimatronics/CS_Animatronics/src/install/dynamixel_sdk:/opt/ros/jazzy/opt/gz_math_vendor:/opt/ros/jazzy/opt/gz_utils_vendor:/opt/ros/jazzy/opt/gz_cmake_vendor'}, 'shell': False}
[22.710313] (-) TimerEvent: {}
[22.810605] (-) TimerEvent: {}
[22.910872] (-) TimerEvent: {}
[23.011140] (-) TimerEvent: {}
[23.097259] (motor_controller) StdoutLine: {'line': b'running egg_info\n'}
[23.097736] (motor_controller) StdoutLine: {'line': b'creating ../build/motor_controller/motor_controller.egg-info\n'}
[23.111201] (-) TimerEvent: {}
[23.129795] (motor_controller) StdoutLine: {'line': b'writing ../build/motor_controller/motor_controller.egg-info/PKG-INFO\n'}
[23.130523] (motor_controller) StdoutLine: {'line': b'writing dependency_links to ../build/motor_controller/motor_controller.egg-info/dependency_links.txt\n'}
[23.130844] (motor_controller) StdoutLine: {'line': b'writing entry points to ../build/motor_controller/motor_controller.egg-info/entry_points.txt\n'}
[23.131011] (motor_controller) StdoutLine: {'line': b'writing requirements to ../build/motor_controller/motor_controller.egg-info/requires.txt\n'}
[23.131114] (motor_controller) StdoutLine: {'line': b'writing top-level names to ../build/motor_controller/motor_controller.egg-info/top_level.txt\n'}
[23.131287] (motor_controller) StdoutLine: {'line': b"writing manifest file '../build/motor_controller/motor_controller.egg-info/SOURCES.txt'\n"}
[23.182148] (motor_controller) StdoutLine: {'line': b"reading manifest file '../build/motor_controller/motor_controller.egg-info/SOURCES.txt'\n"}
[23.183062] (motor_controller) StdoutLine: {'line': b"writing manifest file '../build/motor_controller/motor_controller.egg-info/SOURCES.txt'\n"}
[23.183271] (motor_controller) StdoutLine: {'line': b'running build\n'}
[23.183423] (motor_controller) StdoutLine: {'line': b'running build_py\n'}
[23.183636] (motor_controller) StdoutLine: {'line': b'creating /home/csanimatronics/CS_Animatronics/src/build/motor_controller/build\n'}
[23.183785] (motor_controller) StdoutLine: {'line': b'creating /home/csanimatronics/CS_Animatronics/src/build/motor_controller/build/lib\n'}
[23.183900] (motor_controller) StdoutLine: {'line': b'creating /home/csanimatronics/CS_Animatronics/src/build/motor_controller/build/lib/motor_controller\n'}
[23.184004] (motor_controller) StdoutLine: {'line': b'copying motor_controller/motor_controller.py -> /home/csanimatronics/CS_Animatronics/src/build/motor_controller/build/lib/motor_controller\n'}
[23.184215] (motor_controller) StdoutLine: {'line': b'copying motor_controller/__init__.py -> /home/csanimatronics/CS_Animatronics/src/build/motor_controller/build/lib/motor_controller\n'}
[23.184495] (motor_controller) StdoutLine: {'line': b'running install\n'}
[23.193825] (motor_controller) StdoutLine: {'line': b'running install_lib\n'}
[23.211271] (-) TimerEvent: {}
[23.228555] (motor_controller) StdoutLine: {'line': b'creating /home/csanimatronics/CS_Animatronics/src/install/motor_controller/lib/python3.12/site-packages/motor_controller\n'}
[23.229104] (motor_controller) StdoutLine: {'line': b'copying /home/csanimatronics/CS_Animatronics/src/build/motor_controller/build/lib/motor_controller/motor_controller.py -> /home/csanimatronics/CS_Animatronics/src/install/motor_controller/lib/python3.12/site-packages/motor_controller\n'}
[23.229292] (motor_controller) StdoutLine: {'line': b'copying /home/csanimatronics/CS_Animatronics/src/build/motor_controller/build/lib/motor_controller/__init__.py -> /home/csanimatronics/CS_Animatronics/src/install/motor_controller/lib/python3.12/site-packages/motor_controller\n'}
[23.230667] (motor_controller) StdoutLine: {'line': b'byte-compiling /home/csanimatronics/CS_Animatronics/src/install/motor_controller/lib/python3.12/site-packages/motor_controller/motor_controller.py to motor_controller.cpython-312.pyc\n'}
[23.235514] (motor_controller) StdoutLine: {'line': b'byte-compiling /home/csanimatronics/CS_Animatronics/src/install/motor_controller/lib/python3.12/site-packages/motor_controller/__init__.py to __init__.cpython-312.pyc\n'}
[23.235799] (motor_controller) StdoutLine: {'line': b'running install_data\n'}
[23.235943] (motor_controller) StdoutLine: {'line': b'creating /home/csanimatronics/CS_Animatronics/src/install/motor_controller/share/ament_index\n'}
[23.236049] (motor_controller) StdoutLine: {'line': b'creating /home/csanimatronics/CS_Animatronics/src/install/motor_controller/share/ament_index/resource_index\n'}
[23.236160] (motor_controller) StdoutLine: {'line': b'creating /home/csanimatronics/CS_Animatronics/src/install/motor_controller/share/ament_index/resource_index/packages\n'}
[23.236267] (motor_controller) StdoutLine: {'line': b'copying resource/motor_controller -> /home/csanimatronics/CS_Animatronics/src/install/motor_controller/share/ament_index/resource_index/packages\n'}
[23.236413] (motor_controller) StdoutLine: {'line': b'copying package.xml -> /home/csanimatronics/CS_Animatronics/src/install/motor_controller/share/motor_controller\n'}
[23.236594] (motor_controller) StdoutLine: {'line': b'creating /home/csanimatronics/CS_Animatronics/src/install/motor_controller/share/motor_controller/msg\n'}
[23.236698] (motor_controller) StdoutLine: {'line': b'creating /home/csanimatronics/CS_Animatronics/src/install/motor_controller/share/motor_controller/srv\n'}
[23.236802] (motor_controller) StdoutLine: {'line': b'running install_egg_info\n'}
[23.263739] (motor_controller) StdoutLine: {'line': b'Copying ../build/motor_controller/motor_controller.egg-info to /home/csanimatronics/CS_Animatronics/src/install/motor_controller/lib/python3.12/site-packages/motor_controller-0.0.0-py3.12.egg-info\n'}
[23.264919] (motor_controller) StdoutLine: {'line': b'running install_scripts\n'}
[23.311352] (-) TimerEvent: {}
[23.411621] (-) TimerEvent: {}
[23.458894] (motor_controller) StdoutLine: {'line': b'Installing motion_editor script to /home/csanimatronics/CS_Animatronics/src/install/motor_controller/lib/motor_controller\n'}
[23.459171] (motor_controller) StdoutLine: {'line': b'Installing motor_controller script to /home/csanimatronics/CS_Animatronics/src/install/motor_controller/lib/motor_controller\n'}
[23.459282] (motor_controller) StdoutLine: {'line': b'Installing system_controller script to /home/csanimatronics/CS_Animatronics/src/install/motor_controller/lib/motor_controller\n'}
[23.459671] (motor_controller) StdoutLine: {'line': b"writing list of installed files to '/home/csanimatronics/CS_Animatronics/src/build/motor_controller/install.log'\n"}
[23.511705] (-) TimerEvent: {}
[23.555656] (motor_controller) CommandEnded: {'returncode': 0}
[23.563157] (motor_controller) JobEnded: {'identifier': 'motor_controller', 'rc': 0}
[23.564145] (-) EventReactorShutdown: {}
