[0.143s] DEBUG:colcon:Command line arguments: ['/usr/bin/colcon', 'build']
[0.144s] DEBUG:colcon:Parsed command line arguments: Namespace(log_base=None, log_level=None, verb_name='build', build_base='build', install_base='install', merge_install=False, symlink_install=False, test_result_base=None, continue_on_error=False, executor='parallel', parallel_workers=4, event_handlers=None, ignore_user_meta=False, metas=['./colcon.meta'], base_paths=['.'], packages_ignore=None, packages_ignore_regex=None, paths=None, packages_up_to=None, packages_up_to_regex=None, packages_above=None, packages_above_and_dependencies=None, packages_above_depth=None, packages_select_by_dep=None, packages_skip_by_dep=None, packages_skip_up_to=None, packages_select_build_failed=False, packages_skip_build_finished=False, packages_select_test_failures=False, packages_skip_test_passed=False, packages_select=None, packages_skip=None, packages_select_regex=None, packages_skip_regex=None, packages_start=None, packages_end=None, allow_overriding=[], cmake_args=None, cmake_target=None, cmake_target_skip_unavailable=False, cmake_clean_cache=False, cmake_clean_first=False, cmake_force_configure=False, ament_cmake_args=None, catkin_cmake_args=None, catkin_skip_building_tests=False, mixin_files=None, mixin=None, verb_parser=<colcon_mixin.mixin.mixin_argument.MixinArgumentDecorator object at 0xffffa57cb350>, verb_extension=<colcon_core.verb.build.BuildVerb object at 0xffffa59b4740>, main=<bound method BuildVerb.main of <colcon_core.verb.build.BuildVerb object at 0xffffa59b4740>>, mixin_verb=('build',))
[0.199s] Level 1:colcon.colcon_core.package_discovery:discover_packages(colcon_meta) check parameters
[0.199s] Level 1:colcon.colcon_core.package_discovery:discover_packages(recursive) check parameters
[0.200s] Level 1:colcon.colcon_core.package_discovery:discover_packages(ignore) check parameters
[0.200s] Level 1:colcon.colcon_core.package_discovery:discover_packages(path) check parameters
[0.200s] Level 1:colcon.colcon_core.package_discovery:discover_packages(colcon_meta) discover
[0.200s] Level 1:colcon.colcon_core.package_discovery:discover_packages(recursive) discover
[0.200s] INFO:colcon.colcon_core.package_discovery:Crawling recursively for packages in '/home/csanimatronics/CS_Animatronics/src'
[0.200s] Level 1:colcon.colcon_core.package_identification:_identify(.) by extensions ['ignore', 'ignore_ament_install']
[0.200s] Level 1:colcon.colcon_core.package_identification:_identify(.) by extension 'ignore'
[0.200s] Level 1:colcon.colcon_core.package_identification:_identify(.) by extension 'ignore_ament_install'
[0.200s] Level 1:colcon.colcon_core.package_identification:_identify(.) by extensions ['colcon_pkg']
[0.200s] Level 1:colcon.colcon_core.package_identification:_identify(.) by extension 'colcon_pkg'
[0.200s] Level 1:colcon.colcon_core.package_identification:_identify(.) by extensions ['colcon_meta']
[0.200s] Level 1:colcon.colcon_core.package_identification:_identify(.) by extension 'colcon_meta'
[0.200s] Level 1:colcon.colcon_core.package_identification:_identify(.) by extensions ['ros']
[0.200s] Level 1:colcon.colcon_core.package_identification:_identify(.) by extension 'ros'
[0.238s] Level 1:colcon.colcon_core.package_identification:_identify(.) by extensions ['cmake', 'python']
[0.238s] Level 1:colcon.colcon_core.package_identification:_identify(.) by extension 'cmake'
[0.238s] Level 1:colcon.colcon_core.package_identification:_identify(.) by extension 'python'
[0.238s] Level 1:colcon.colcon_core.package_identification:_identify(.) by extensions ['python_setup_py']
[0.238s] Level 1:colcon.colcon_core.package_identification:_identify(.) by extension 'python_setup_py'
[0.238s] Level 1:colcon.colcon_core.package_identification:_identify(DeepLabCut) by extensions ['ignore', 'ignore_ament_install']
[0.238s] Level 1:colcon.colcon_core.package_identification:_identify(DeepLabCut) by extension 'ignore'
[0.238s] Level 1:colcon.colcon_core.package_identification:_identify(DeepLabCut) by extension 'ignore_ament_install'
[0.238s] Level 1:colcon.colcon_core.package_identification:_identify(DeepLabCut) by extensions ['colcon_pkg']
[0.238s] Level 1:colcon.colcon_core.package_identification:_identify(DeepLabCut) by extension 'colcon_pkg'
[0.238s] Level 1:colcon.colcon_core.package_identification:_identify(DeepLabCut) by extensions ['colcon_meta']
[0.238s] Level 1:colcon.colcon_core.package_identification:_identify(DeepLabCut) by extension 'colcon_meta'
[0.238s] Level 1:colcon.colcon_core.package_identification:_identify(DeepLabCut) by extensions ['ros']
[0.238s] Level 1:colcon.colcon_core.package_identification:_identify(DeepLabCut) by extension 'ros'
[0.239s] Level 1:colcon.colcon_core.package_identification:_identify(DeepLabCut) by extensions ['cmake', 'python']
[0.239s] Level 1:colcon.colcon_core.package_identification:_identify(DeepLabCut) by extension 'cmake'
[0.239s] Level 1:colcon.colcon_core.package_identification:_identify(DeepLabCut) by extension 'python'
[0.239s] Level 1:colcon.colcon_core.package_identification:_identify(DeepLabCut) by extensions ['python_setup_py']
[0.239s] Level 1:colcon.colcon_core.package_identification:_identify(DeepLabCut) by extension 'python_setup_py'
[0.239s] Level 1:colcon.colcon_core.package_identification:_identify(DeepLabCut/Animatronics-Ryo-2024-12-17) by extensions ['ignore', 'ignore_ament_install']
[0.239s] Level 1:colcon.colcon_core.package_identification:_identify(DeepLabCut/Animatronics-Ryo-2024-12-17) by extension 'ignore'
[0.239s] Level 1:colcon.colcon_core.package_identification:_identify(DeepLabCut/Animatronics-Ryo-2024-12-17) by extension 'ignore_ament_install'
[0.239s] Level 1:colcon.colcon_core.package_identification:_identify(DeepLabCut/Animatronics-Ryo-2024-12-17) by extensions ['colcon_pkg']
[0.239s] Level 1:colcon.colcon_core.package_identification:_identify(DeepLabCut/Animatronics-Ryo-2024-12-17) by extension 'colcon_pkg'
[0.239s] Level 1:colcon.colcon_core.package_identification:_identify(DeepLabCut/Animatronics-Ryo-2024-12-17) by extensions ['colcon_meta']
[0.239s] Level 1:colcon.colcon_core.package_identification:_identify(DeepLabCut/Animatronics-Ryo-2024-12-17) by extension 'colcon_meta'
[0.239s] Level 1:colcon.colcon_core.package_identification:_identify(DeepLabCut/Animatronics-Ryo-2024-12-17) by extensions ['ros']
[0.239s] Level 1:colcon.colcon_core.package_identification:_identify(DeepLabCut/Animatronics-Ryo-2024-12-17) by extension 'ros'
[0.239s] Level 1:colcon.colcon_core.package_identification:_identify(DeepLabCut/Animatronics-Ryo-2024-12-17) by extensions ['cmake', 'python']
[0.239s] Level 1:colcon.colcon_core.package_identification:_identify(DeepLabCut/Animatronics-Ryo-2024-12-17) by extension 'cmake'
[0.239s] Level 1:colcon.colcon_core.package_identification:_identify(DeepLabCut/Animatronics-Ryo-2024-12-17) by extension 'python'
[0.239s] Level 1:colcon.colcon_core.package_identification:_identify(DeepLabCut/Animatronics-Ryo-2024-12-17) by extensions ['python_setup_py']
[0.239s] Level 1:colcon.colcon_core.package_identification:_identify(DeepLabCut/Animatronics-Ryo-2024-12-17) by extension 'python_setup_py'
[0.239s] Level 1:colcon.colcon_core.package_identification:_identify(DeepLabCut/Animatronics-Ryo-2024-12-17/dlc-models-pytorch) by extensions ['ignore', 'ignore_ament_install']
[0.240s] Level 1:colcon.colcon_core.package_identification:_identify(DeepLabCut/Animatronics-Ryo-2024-12-17/dlc-models-pytorch) by extension 'ignore'
[0.240s] Level 1:colcon.colcon_core.package_identification:_identify(DeepLabCut/Animatronics-Ryo-2024-12-17/dlc-models-pytorch) by extension 'ignore_ament_install'
[0.240s] Level 1:colcon.colcon_core.package_identification:_identify(DeepLabCut/Animatronics-Ryo-2024-12-17/dlc-models-pytorch) by extensions ['colcon_pkg']
[0.240s] Level 1:colcon.colcon_core.package_identification:_identify(DeepLabCut/Animatronics-Ryo-2024-12-17/dlc-models-pytorch) by extension 'colcon_pkg'
[0.240s] Level 1:colcon.colcon_core.package_identification:_identify(DeepLabCut/Animatronics-Ryo-2024-12-17/dlc-models-pytorch) by extensions ['colcon_meta']
[0.240s] Level 1:colcon.colcon_core.package_identification:_identify(DeepLabCut/Animatronics-Ryo-2024-12-17/dlc-models-pytorch) by extension 'colcon_meta'
[0.240s] Level 1:colcon.colcon_core.package_identification:_identify(DeepLabCut/Animatronics-Ryo-2024-12-17/dlc-models-pytorch) by extensions ['ros']
[0.240s] Level 1:colcon.colcon_core.package_identification:_identify(DeepLabCut/Animatronics-Ryo-2024-12-17/dlc-models-pytorch) by extension 'ros'
[0.240s] Level 1:colcon.colcon_core.package_identification:_identify(DeepLabCut/Animatronics-Ryo-2024-12-17/dlc-models-pytorch) by extensions ['cmake', 'python']
[0.240s] Level 1:colcon.colcon_core.package_identification:_identify(DeepLabCut/Animatronics-Ryo-2024-12-17/dlc-models-pytorch) by extension 'cmake'
[0.240s] Level 1:colcon.colcon_core.package_identification:_identify(DeepLabCut/Animatronics-Ryo-2024-12-17/dlc-models-pytorch) by extension 'python'
[0.240s] Level 1:colcon.colcon_core.package_identification:_identify(DeepLabCut/Animatronics-Ryo-2024-12-17/dlc-models-pytorch) by extensions ['python_setup_py']
[0.240s] Level 1:colcon.colcon_core.package_identification:_identify(DeepLabCut/Animatronics-Ryo-2024-12-17/dlc-models-pytorch) by extension 'python_setup_py'
[0.240s] Level 1:colcon.colcon_core.package_identification:_identify(DeepLabCut/Animatronics-Ryo-2024-12-17/dlc-models-pytorch/iteration-0) by extensions ['ignore', 'ignore_ament_install']
[0.240s] Level 1:colcon.colcon_core.package_identification:_identify(DeepLabCut/Animatronics-Ryo-2024-12-17/dlc-models-pytorch/iteration-0) by extension 'ignore'
[0.240s] Level 1:colcon.colcon_core.package_identification:_identify(DeepLabCut/Animatronics-Ryo-2024-12-17/dlc-models-pytorch/iteration-0) by extension 'ignore_ament_install'
[0.240s] Level 1:colcon.colcon_core.package_identification:_identify(DeepLabCut/Animatronics-Ryo-2024-12-17/dlc-models-pytorch/iteration-0) by extensions ['colcon_pkg']
[0.240s] Level 1:colcon.colcon_core.package_identification:_identify(DeepLabCut/Animatronics-Ryo-2024-12-17/dlc-models-pytorch/iteration-0) by extension 'colcon_pkg'
[0.240s] Level 1:colcon.colcon_core.package_identification:_identify(DeepLabCut/Animatronics-Ryo-2024-12-17/dlc-models-pytorch/iteration-0) by extensions ['colcon_meta']
[0.240s] Level 1:colcon.colcon_core.package_identification:_identify(DeepLabCut/Animatronics-Ryo-2024-12-17/dlc-models-pytorch/iteration-0) by extension 'colcon_meta'
[0.241s] Level 1:colcon.colcon_core.package_identification:_identify(DeepLabCut/Animatronics-Ryo-2024-12-17/dlc-models-pytorch/iteration-0) by extensions ['ros']
[0.241s] Level 1:colcon.colcon_core.package_identification:_identify(DeepLabCut/Animatronics-Ryo-2024-12-17/dlc-models-pytorch/iteration-0) by extension 'ros'
[0.241s] Level 1:colcon.colcon_core.package_identification:_identify(DeepLabCut/Animatronics-Ryo-2024-12-17/dlc-models-pytorch/iteration-0) by extensions ['cmake', 'python']
[0.241s] Level 1:colcon.colcon_core.package_identification:_identify(DeepLabCut/Animatronics-Ryo-2024-12-17/dlc-models-pytorch/iteration-0) by extension 'cmake'
[0.241s] Level 1:colcon.colcon_core.package_identification:_identify(DeepLabCut/Animatronics-Ryo-2024-12-17/dlc-models-pytorch/iteration-0) by extension 'python'
[0.241s] Level 1:colcon.colcon_core.package_identification:_identify(DeepLabCut/Animatronics-Ryo-2024-12-17/dlc-models-pytorch/iteration-0) by extensions ['python_setup_py']
[0.241s] Level 1:colcon.colcon_core.package_identification:_identify(DeepLabCut/Animatronics-Ryo-2024-12-17/dlc-models-pytorch/iteration-0) by extension 'python_setup_py'
[0.241s] Level 1:colcon.colcon_core.package_identification:_identify(DeepLabCut/Animatronics-Ryo-2024-12-17/dlc-models-pytorch/iteration-0/AnimatronicsDec17-trainset95shuffle1) by extensions ['ignore', 'ignore_ament_install']
[0.241s] Level 1:colcon.colcon_core.package_identification:_identify(DeepLabCut/Animatronics-Ryo-2024-12-17/dlc-models-pytorch/iteration-0/AnimatronicsDec17-trainset95shuffle1) by extension 'ignore'
[0.241s] Level 1:colcon.colcon_core.package_identification:_identify(DeepLabCut/Animatronics-Ryo-2024-12-17/dlc-models-pytorch/iteration-0/AnimatronicsDec17-trainset95shuffle1) by extension 'ignore_ament_install'
[0.241s] Level 1:colcon.colcon_core.package_identification:_identify(DeepLabCut/Animatronics-Ryo-2024-12-17/dlc-models-pytorch/iteration-0/AnimatronicsDec17-trainset95shuffle1) by extensions ['colcon_pkg']
[0.241s] Level 1:colcon.colcon_core.package_identification:_identify(DeepLabCut/Animatronics-Ryo-2024-12-17/dlc-models-pytorch/iteration-0/AnimatronicsDec17-trainset95shuffle1) by extension 'colcon_pkg'
[0.241s] Level 1:colcon.colcon_core.package_identification:_identify(DeepLabCut/Animatronics-Ryo-2024-12-17/dlc-models-pytorch/iteration-0/AnimatronicsDec17-trainset95shuffle1) by extensions ['colcon_meta']
[0.241s] Level 1:colcon.colcon_core.package_identification:_identify(DeepLabCut/Animatronics-Ryo-2024-12-17/dlc-models-pytorch/iteration-0/AnimatronicsDec17-trainset95shuffle1) by extension 'colcon_meta'
[0.241s] Level 1:colcon.colcon_core.package_identification:_identify(DeepLabCut/Animatronics-Ryo-2024-12-17/dlc-models-pytorch/iteration-0/AnimatronicsDec17-trainset95shuffle1) by extensions ['ros']
[0.241s] Level 1:colcon.colcon_core.package_identification:_identify(DeepLabCut/Animatronics-Ryo-2024-12-17/dlc-models-pytorch/iteration-0/AnimatronicsDec17-trainset95shuffle1) by extension 'ros'
[0.241s] Level 1:colcon.colcon_core.package_identification:_identify(DeepLabCut/Animatronics-Ryo-2024-12-17/dlc-models-pytorch/iteration-0/AnimatronicsDec17-trainset95shuffle1) by extensions ['cmake', 'python']
[0.241s] Level 1:colcon.colcon_core.package_identification:_identify(DeepLabCut/Animatronics-Ryo-2024-12-17/dlc-models-pytorch/iteration-0/AnimatronicsDec17-trainset95shuffle1) by extension 'cmake'
[0.241s] Level 1:colcon.colcon_core.package_identification:_identify(DeepLabCut/Animatronics-Ryo-2024-12-17/dlc-models-pytorch/iteration-0/AnimatronicsDec17-trainset95shuffle1) by extension 'python'
[0.241s] Level 1:colcon.colcon_core.package_identification:_identify(DeepLabCut/Animatronics-Ryo-2024-12-17/dlc-models-pytorch/iteration-0/AnimatronicsDec17-trainset95shuffle1) by extensions ['python_setup_py']
[0.242s] Level 1:colcon.colcon_core.package_identification:_identify(DeepLabCut/Animatronics-Ryo-2024-12-17/dlc-models-pytorch/iteration-0/AnimatronicsDec17-trainset95shuffle1) by extension 'python_setup_py'
[0.242s] Level 1:colcon.colcon_core.package_identification:_identify(DeepLabCut/Animatronics-Ryo-2024-12-17/dlc-models-pytorch/iteration-0/AnimatronicsDec17-trainset95shuffle1/test) by extensions ['ignore', 'ignore_ament_install']
[0.242s] Level 1:colcon.colcon_core.package_identification:_identify(DeepLabCut/Animatronics-Ryo-2024-12-17/dlc-models-pytorch/iteration-0/AnimatronicsDec17-trainset95shuffle1/test) by extension 'ignore'
[0.242s] Level 1:colcon.colcon_core.package_identification:_identify(DeepLabCut/Animatronics-Ryo-2024-12-17/dlc-models-pytorch/iteration-0/AnimatronicsDec17-trainset95shuffle1/test) by extension 'ignore_ament_install'
[0.242s] Level 1:colcon.colcon_core.package_identification:_identify(DeepLabCut/Animatronics-Ryo-2024-12-17/dlc-models-pytorch/iteration-0/AnimatronicsDec17-trainset95shuffle1/test) by extensions ['colcon_pkg']
[0.242s] Level 1:colcon.colcon_core.package_identification:_identify(DeepLabCut/Animatronics-Ryo-2024-12-17/dlc-models-pytorch/iteration-0/AnimatronicsDec17-trainset95shuffle1/test) by extension 'colcon_pkg'
[0.242s] Level 1:colcon.colcon_core.package_identification:_identify(DeepLabCut/Animatronics-Ryo-2024-12-17/dlc-models-pytorch/iteration-0/AnimatronicsDec17-trainset95shuffle1/test) by extensions ['colcon_meta']
[0.242s] Level 1:colcon.colcon_core.package_identification:_identify(DeepLabCut/Animatronics-Ryo-2024-12-17/dlc-models-pytorch/iteration-0/AnimatronicsDec17-trainset95shuffle1/test) by extension 'colcon_meta'
[0.242s] Level 1:colcon.colcon_core.package_identification:_identify(DeepLabCut/Animatronics-Ryo-2024-12-17/dlc-models-pytorch/iteration-0/AnimatronicsDec17-trainset95shuffle1/test) by extensions ['ros']
[0.242s] Level 1:colcon.colcon_core.package_identification:_identify(DeepLabCut/Animatronics-Ryo-2024-12-17/dlc-models-pytorch/iteration-0/AnimatronicsDec17-trainset95shuffle1/test) by extension 'ros'
[0.242s] Level 1:colcon.colcon_core.package_identification:_identify(DeepLabCut/Animatronics-Ryo-2024-12-17/dlc-models-pytorch/iteration-0/AnimatronicsDec17-trainset95shuffle1/test) by extensions ['cmake', 'python']
[0.242s] Level 1:colcon.colcon_core.package_identification:_identify(DeepLabCut/Animatronics-Ryo-2024-12-17/dlc-models-pytorch/iteration-0/AnimatronicsDec17-trainset95shuffle1/test) by extension 'cmake'
[0.242s] Level 1:colcon.colcon_core.package_identification:_identify(DeepLabCut/Animatronics-Ryo-2024-12-17/dlc-models-pytorch/iteration-0/AnimatronicsDec17-trainset95shuffle1/test) by extension 'python'
[0.242s] Level 1:colcon.colcon_core.package_identification:_identify(DeepLabCut/Animatronics-Ryo-2024-12-17/dlc-models-pytorch/iteration-0/AnimatronicsDec17-trainset95shuffle1/test) by extensions ['python_setup_py']
[0.242s] Level 1:colcon.colcon_core.package_identification:_identify(DeepLabCut/Animatronics-Ryo-2024-12-17/dlc-models-pytorch/iteration-0/AnimatronicsDec17-trainset95shuffle1/test) by extension 'python_setup_py'
[0.242s] Level 1:colcon.colcon_core.package_identification:_identify(DeepLabCut/Animatronics-Ryo-2024-12-17/dlc-models-pytorch/iteration-0/AnimatronicsDec17-trainset95shuffle1/train) by extensions ['ignore', 'ignore_ament_install']
[0.242s] Level 1:colcon.colcon_core.package_identification:_identify(DeepLabCut/Animatronics-Ryo-2024-12-17/dlc-models-pytorch/iteration-0/AnimatronicsDec17-trainset95shuffle1/train) by extension 'ignore'
[0.243s] Level 1:colcon.colcon_core.package_identification:_identify(DeepLabCut/Animatronics-Ryo-2024-12-17/dlc-models-pytorch/iteration-0/AnimatronicsDec17-trainset95shuffle1/train) by extension 'ignore_ament_install'
[0.243s] Level 1:colcon.colcon_core.package_identification:_identify(DeepLabCut/Animatronics-Ryo-2024-12-17/dlc-models-pytorch/iteration-0/AnimatronicsDec17-trainset95shuffle1/train) by extensions ['colcon_pkg']
[0.243s] Level 1:colcon.colcon_core.package_identification:_identify(DeepLabCut/Animatronics-Ryo-2024-12-17/dlc-models-pytorch/iteration-0/AnimatronicsDec17-trainset95shuffle1/train) by extension 'colcon_pkg'
[0.243s] Level 1:colcon.colcon_core.package_identification:_identify(DeepLabCut/Animatronics-Ryo-2024-12-17/dlc-models-pytorch/iteration-0/AnimatronicsDec17-trainset95shuffle1/train) by extensions ['colcon_meta']
[0.243s] Level 1:colcon.colcon_core.package_identification:_identify(DeepLabCut/Animatronics-Ryo-2024-12-17/dlc-models-pytorch/iteration-0/AnimatronicsDec17-trainset95shuffle1/train) by extension 'colcon_meta'
[0.243s] Level 1:colcon.colcon_core.package_identification:_identify(DeepLabCut/Animatronics-Ryo-2024-12-17/dlc-models-pytorch/iteration-0/AnimatronicsDec17-trainset95shuffle1/train) by extensions ['ros']
[0.243s] Level 1:colcon.colcon_core.package_identification:_identify(DeepLabCut/Animatronics-Ryo-2024-12-17/dlc-models-pytorch/iteration-0/AnimatronicsDec17-trainset95shuffle1/train) by extension 'ros'
[0.243s] Level 1:colcon.colcon_core.package_identification:_identify(DeepLabCut/Animatronics-Ryo-2024-12-17/dlc-models-pytorch/iteration-0/AnimatronicsDec17-trainset95shuffle1/train) by extensions ['cmake', 'python']
[0.243s] Level 1:colcon.colcon_core.package_identification:_identify(DeepLabCut/Animatronics-Ryo-2024-12-17/dlc-models-pytorch/iteration-0/AnimatronicsDec17-trainset95shuffle1/train) by extension 'cmake'
[0.243s] Level 1:colcon.colcon_core.package_identification:_identify(DeepLabCut/Animatronics-Ryo-2024-12-17/dlc-models-pytorch/iteration-0/AnimatronicsDec17-trainset95shuffle1/train) by extension 'python'
[0.243s] Level 1:colcon.colcon_core.package_identification:_identify(DeepLabCut/Animatronics-Ryo-2024-12-17/dlc-models-pytorch/iteration-0/AnimatronicsDec17-trainset95shuffle1/train) by extensions ['python_setup_py']
[0.243s] Level 1:colcon.colcon_core.package_identification:_identify(DeepLabCut/Animatronics-Ryo-2024-12-17/dlc-models-pytorch/iteration-0/AnimatronicsDec17-trainset95shuffle1/train) by extension 'python_setup_py'
[0.243s] Level 1:colcon.colcon_core.package_identification:_identify(DeepLabCut/Animatronics-Ryo-2024-12-17/evaluation-results-pytorch) by extensions ['ignore', 'ignore_ament_install']
[0.243s] Level 1:colcon.colcon_core.package_identification:_identify(DeepLabCut/Animatronics-Ryo-2024-12-17/evaluation-results-pytorch) by extension 'ignore'
[0.243s] Level 1:colcon.colcon_core.package_identification:_identify(DeepLabCut/Animatronics-Ryo-2024-12-17/evaluation-results-pytorch) by extension 'ignore_ament_install'
[0.243s] Level 1:colcon.colcon_core.package_identification:_identify(DeepLabCut/Animatronics-Ryo-2024-12-17/evaluation-results-pytorch) by extensions ['colcon_pkg']
[0.243s] Level 1:colcon.colcon_core.package_identification:_identify(DeepLabCut/Animatronics-Ryo-2024-12-17/evaluation-results-pytorch) by extension 'colcon_pkg'
[0.243s] Level 1:colcon.colcon_core.package_identification:_identify(DeepLabCut/Animatronics-Ryo-2024-12-17/evaluation-results-pytorch) by extensions ['colcon_meta']
[0.243s] Level 1:colcon.colcon_core.package_identification:_identify(DeepLabCut/Animatronics-Ryo-2024-12-17/evaluation-results-pytorch) by extension 'colcon_meta'
[0.243s] Level 1:colcon.colcon_core.package_identification:_identify(DeepLabCut/Animatronics-Ryo-2024-12-17/evaluation-results-pytorch) by extensions ['ros']
[0.243s] Level 1:colcon.colcon_core.package_identification:_identify(DeepLabCut/Animatronics-Ryo-2024-12-17/evaluation-results-pytorch) by extension 'ros'
[0.244s] Level 1:colcon.colcon_core.package_identification:_identify(DeepLabCut/Animatronics-Ryo-2024-12-17/evaluation-results-pytorch) by extensions ['cmake', 'python']
[0.244s] Level 1:colcon.colcon_core.package_identification:_identify(DeepLabCut/Animatronics-Ryo-2024-12-17/evaluation-results-pytorch) by extension 'cmake'
[0.244s] Level 1:colcon.colcon_core.package_identification:_identify(DeepLabCut/Animatronics-Ryo-2024-12-17/evaluation-results-pytorch) by extension 'python'
[0.244s] Level 1:colcon.colcon_core.package_identification:_identify(DeepLabCut/Animatronics-Ryo-2024-12-17/evaluation-results-pytorch) by extensions ['python_setup_py']
[0.244s] Level 1:colcon.colcon_core.package_identification:_identify(DeepLabCut/Animatronics-Ryo-2024-12-17/evaluation-results-pytorch) by extension 'python_setup_py'
[0.244s] Level 1:colcon.colcon_core.package_identification:_identify(DeepLabCut/Animatronics-Ryo-2024-12-17/evaluation-results-pytorch/iteration-0) by extensions ['ignore', 'ignore_ament_install']
[0.244s] Level 1:colcon.colcon_core.package_identification:_identify(DeepLabCut/Animatronics-Ryo-2024-12-17/evaluation-results-pytorch/iteration-0) by extension 'ignore'
[0.244s] Level 1:colcon.colcon_core.package_identification:_identify(DeepLabCut/Animatronics-Ryo-2024-12-17/evaluation-results-pytorch/iteration-0) by extension 'ignore_ament_install'
[0.244s] Level 1:colcon.colcon_core.package_identification:_identify(DeepLabCut/Animatronics-Ryo-2024-12-17/evaluation-results-pytorch/iteration-0) by extensions ['colcon_pkg']
[0.244s] Level 1:colcon.colcon_core.package_identification:_identify(DeepLabCut/Animatronics-Ryo-2024-12-17/evaluation-results-pytorch/iteration-0) by extension 'colcon_pkg'
[0.244s] Level 1:colcon.colcon_core.package_identification:_identify(DeepLabCut/Animatronics-Ryo-2024-12-17/evaluation-results-pytorch/iteration-0) by extensions ['colcon_meta']
[0.244s] Level 1:colcon.colcon_core.package_identification:_identify(DeepLabCut/Animatronics-Ryo-2024-12-17/evaluation-results-pytorch/iteration-0) by extension 'colcon_meta'
[0.244s] Level 1:colcon.colcon_core.package_identification:_identify(DeepLabCut/Animatronics-Ryo-2024-12-17/evaluation-results-pytorch/iteration-0) by extensions ['ros']
[0.244s] Level 1:colcon.colcon_core.package_identification:_identify(DeepLabCut/Animatronics-Ryo-2024-12-17/evaluation-results-pytorch/iteration-0) by extension 'ros'
[0.244s] Level 1:colcon.colcon_core.package_identification:_identify(DeepLabCut/Animatronics-Ryo-2024-12-17/evaluation-results-pytorch/iteration-0) by extensions ['cmake', 'python']
[0.244s] Level 1:colcon.colcon_core.package_identification:_identify(DeepLabCut/Animatronics-Ryo-2024-12-17/evaluation-results-pytorch/iteration-0) by extension 'cmake'
[0.244s] Level 1:colcon.colcon_core.package_identification:_identify(DeepLabCut/Animatronics-Ryo-2024-12-17/evaluation-results-pytorch/iteration-0) by extension 'python'
[0.244s] Level 1:colcon.colcon_core.package_identification:_identify(DeepLabCut/Animatronics-Ryo-2024-12-17/evaluation-results-pytorch/iteration-0) by extensions ['python_setup_py']
[0.244s] Level 1:colcon.colcon_core.package_identification:_identify(DeepLabCut/Animatronics-Ryo-2024-12-17/evaluation-results-pytorch/iteration-0) by extension 'python_setup_py'
[0.244s] Level 1:colcon.colcon_core.package_identification:_identify(DeepLabCut/Animatronics-Ryo-2024-12-17/evaluation-results-pytorch/iteration-0/AnimatronicsDec17-trainset95shuffle1) by extensions ['ignore', 'ignore_ament_install']
[0.245s] Level 1:colcon.colcon_core.package_identification:_identify(DeepLabCut/Animatronics-Ryo-2024-12-17/evaluation-results-pytorch/iteration-0/AnimatronicsDec17-trainset95shuffle1) by extension 'ignore'
[0.245s] Level 1:colcon.colcon_core.package_identification:_identify(DeepLabCut/Animatronics-Ryo-2024-12-17/evaluation-results-pytorch/iteration-0/AnimatronicsDec17-trainset95shuffle1) by extension 'ignore_ament_install'
[0.245s] Level 1:colcon.colcon_core.package_identification:_identify(DeepLabCut/Animatronics-Ryo-2024-12-17/evaluation-results-pytorch/iteration-0/AnimatronicsDec17-trainset95shuffle1) by extensions ['colcon_pkg']
[0.245s] Level 1:colcon.colcon_core.package_identification:_identify(DeepLabCut/Animatronics-Ryo-2024-12-17/evaluation-results-pytorch/iteration-0/AnimatronicsDec17-trainset95shuffle1) by extension 'colcon_pkg'
[0.245s] Level 1:colcon.colcon_core.package_identification:_identify(DeepLabCut/Animatronics-Ryo-2024-12-17/evaluation-results-pytorch/iteration-0/AnimatronicsDec17-trainset95shuffle1) by extensions ['colcon_meta']
[0.245s] Level 1:colcon.colcon_core.package_identification:_identify(DeepLabCut/Animatronics-Ryo-2024-12-17/evaluation-results-pytorch/iteration-0/AnimatronicsDec17-trainset95shuffle1) by extension 'colcon_meta'
[0.245s] Level 1:colcon.colcon_core.package_identification:_identify(DeepLabCut/Animatronics-Ryo-2024-12-17/evaluation-results-pytorch/iteration-0/AnimatronicsDec17-trainset95shuffle1) by extensions ['ros']
[0.245s] Level 1:colcon.colcon_core.package_identification:_identify(DeepLabCut/Animatronics-Ryo-2024-12-17/evaluation-results-pytorch/iteration-0/AnimatronicsDec17-trainset95shuffle1) by extension 'ros'
[0.245s] Level 1:colcon.colcon_core.package_identification:_identify(DeepLabCut/Animatronics-Ryo-2024-12-17/evaluation-results-pytorch/iteration-0/AnimatronicsDec17-trainset95shuffle1) by extensions ['cmake', 'python']
[0.245s] Level 1:colcon.colcon_core.package_identification:_identify(DeepLabCut/Animatronics-Ryo-2024-12-17/evaluation-results-pytorch/iteration-0/AnimatronicsDec17-trainset95shuffle1) by extension 'cmake'
[0.245s] Level 1:colcon.colcon_core.package_identification:_identify(DeepLabCut/Animatronics-Ryo-2024-12-17/evaluation-results-pytorch/iteration-0/AnimatronicsDec17-trainset95shuffle1) by extension 'python'
[0.245s] Level 1:colcon.colcon_core.package_identification:_identify(DeepLabCut/Animatronics-Ryo-2024-12-17/evaluation-results-pytorch/iteration-0/AnimatronicsDec17-trainset95shuffle1) by extensions ['python_setup_py']
[0.245s] Level 1:colcon.colcon_core.package_identification:_identify(DeepLabCut/Animatronics-Ryo-2024-12-17/evaluation-results-pytorch/iteration-0/AnimatronicsDec17-trainset95shuffle1) by extension 'python_setup_py'
[0.245s] Level 1:colcon.colcon_core.package_identification:_identify(DeepLabCut/Animatronics-Ryo-2024-12-17/labeled-data) by extensions ['ignore', 'ignore_ament_install']
[0.245s] Level 1:colcon.colcon_core.package_identification:_identify(DeepLabCut/Animatronics-Ryo-2024-12-17/labeled-data) by extension 'ignore'
[0.245s] Level 1:colcon.colcon_core.package_identification:_identify(DeepLabCut/Animatronics-Ryo-2024-12-17/labeled-data) by extension 'ignore_ament_install'
[0.245s] Level 1:colcon.colcon_core.package_identification:_identify(DeepLabCut/Animatronics-Ryo-2024-12-17/labeled-data) by extensions ['colcon_pkg']
[0.245s] Level 1:colcon.colcon_core.package_identification:_identify(DeepLabCut/Animatronics-Ryo-2024-12-17/labeled-data) by extension 'colcon_pkg'
[0.245s] Level 1:colcon.colcon_core.package_identification:_identify(DeepLabCut/Animatronics-Ryo-2024-12-17/labeled-data) by extensions ['colcon_meta']
[0.245s] Level 1:colcon.colcon_core.package_identification:_identify(DeepLabCut/Animatronics-Ryo-2024-12-17/labeled-data) by extension 'colcon_meta'
[0.246s] Level 1:colcon.colcon_core.package_identification:_identify(DeepLabCut/Animatronics-Ryo-2024-12-17/labeled-data) by extensions ['ros']
[0.246s] Level 1:colcon.colcon_core.package_identification:_identify(DeepLabCut/Animatronics-Ryo-2024-12-17/labeled-data) by extension 'ros'
[0.246s] Level 1:colcon.colcon_core.package_identification:_identify(DeepLabCut/Animatronics-Ryo-2024-12-17/labeled-data) by extensions ['cmake', 'python']
[0.246s] Level 1:colcon.colcon_core.package_identification:_identify(DeepLabCut/Animatronics-Ryo-2024-12-17/labeled-data) by extension 'cmake'
[0.246s] Level 1:colcon.colcon_core.package_identification:_identify(DeepLabCut/Animatronics-Ryo-2024-12-17/labeled-data) by extension 'python'
[0.246s] Level 1:colcon.colcon_core.package_identification:_identify(DeepLabCut/Animatronics-Ryo-2024-12-17/labeled-data) by extensions ['python_setup_py']
[0.246s] Level 1:colcon.colcon_core.package_identification:_identify(DeepLabCut/Animatronics-Ryo-2024-12-17/labeled-data) by extension 'python_setup_py'
[0.246s] Level 1:colcon.colcon_core.package_identification:_identify(DeepLabCut/Animatronics-Ryo-2024-12-17/labeled-data/Raptor1) by extensions ['ignore', 'ignore_ament_install']
[0.246s] Level 1:colcon.colcon_core.package_identification:_identify(DeepLabCut/Animatronics-Ryo-2024-12-17/labeled-data/Raptor1) by extension 'ignore'
[0.246s] Level 1:colcon.colcon_core.package_identification:_identify(DeepLabCut/Animatronics-Ryo-2024-12-17/labeled-data/Raptor1) by extension 'ignore_ament_install'
[0.246s] Level 1:colcon.colcon_core.package_identification:_identify(DeepLabCut/Animatronics-Ryo-2024-12-17/labeled-data/Raptor1) by extensions ['colcon_pkg']
[0.246s] Level 1:colcon.colcon_core.package_identification:_identify(DeepLabCut/Animatronics-Ryo-2024-12-17/labeled-data/Raptor1) by extension 'colcon_pkg'
[0.246s] Level 1:colcon.colcon_core.package_identification:_identify(DeepLabCut/Animatronics-Ryo-2024-12-17/labeled-data/Raptor1) by extensions ['colcon_meta']
[0.246s] Level 1:colcon.colcon_core.package_identification:_identify(DeepLabCut/Animatronics-Ryo-2024-12-17/labeled-data/Raptor1) by extension 'colcon_meta'
[0.246s] Level 1:colcon.colcon_core.package_identification:_identify(DeepLabCut/Animatronics-Ryo-2024-12-17/labeled-data/Raptor1) by extensions ['ros']
[0.246s] Level 1:colcon.colcon_core.package_identification:_identify(DeepLabCut/Animatronics-Ryo-2024-12-17/labeled-data/Raptor1) by extension 'ros'
[0.246s] Level 1:colcon.colcon_core.package_identification:_identify(DeepLabCut/Animatronics-Ryo-2024-12-17/labeled-data/Raptor1) by extensions ['cmake', 'python']
[0.246s] Level 1:colcon.colcon_core.package_identification:_identify(DeepLabCut/Animatronics-Ryo-2024-12-17/labeled-data/Raptor1) by extension 'cmake'
[0.246s] Level 1:colcon.colcon_core.package_identification:_identify(DeepLabCut/Animatronics-Ryo-2024-12-17/labeled-data/Raptor1) by extension 'python'
[0.246s] Level 1:colcon.colcon_core.package_identification:_identify(DeepLabCut/Animatronics-Ryo-2024-12-17/labeled-data/Raptor1) by extensions ['python_setup_py']
[0.246s] Level 1:colcon.colcon_core.package_identification:_identify(DeepLabCut/Animatronics-Ryo-2024-12-17/labeled-data/Raptor1) by extension 'python_setup_py'
[0.247s] Level 1:colcon.colcon_core.package_identification:_identify(DeepLabCut/Animatronics-Ryo-2024-12-17/labeled-data/Raptor1_labeled) by extensions ['ignore', 'ignore_ament_install']
[0.247s] Level 1:colcon.colcon_core.package_identification:_identify(DeepLabCut/Animatronics-Ryo-2024-12-17/labeled-data/Raptor1_labeled) by extension 'ignore'
[0.247s] Level 1:colcon.colcon_core.package_identification:_identify(DeepLabCut/Animatronics-Ryo-2024-12-17/labeled-data/Raptor1_labeled) by extension 'ignore_ament_install'
[0.247s] Level 1:colcon.colcon_core.package_identification:_identify(DeepLabCut/Animatronics-Ryo-2024-12-17/labeled-data/Raptor1_labeled) by extensions ['colcon_pkg']
[0.247s] Level 1:colcon.colcon_core.package_identification:_identify(DeepLabCut/Animatronics-Ryo-2024-12-17/labeled-data/Raptor1_labeled) by extension 'colcon_pkg'
[0.247s] Level 1:colcon.colcon_core.package_identification:_identify(DeepLabCut/Animatronics-Ryo-2024-12-17/labeled-data/Raptor1_labeled) by extensions ['colcon_meta']
[0.247s] Level 1:colcon.colcon_core.package_identification:_identify(DeepLabCut/Animatronics-Ryo-2024-12-17/labeled-data/Raptor1_labeled) by extension 'colcon_meta'
[0.247s] Level 1:colcon.colcon_core.package_identification:_identify(DeepLabCut/Animatronics-Ryo-2024-12-17/labeled-data/Raptor1_labeled) by extensions ['ros']
[0.247s] Level 1:colcon.colcon_core.package_identification:_identify(DeepLabCut/Animatronics-Ryo-2024-12-17/labeled-data/Raptor1_labeled) by extension 'ros'
[0.247s] Level 1:colcon.colcon_core.package_identification:_identify(DeepLabCut/Animatronics-Ryo-2024-12-17/labeled-data/Raptor1_labeled) by extensions ['cmake', 'python']
[0.247s] Level 1:colcon.colcon_core.package_identification:_identify(DeepLabCut/Animatronics-Ryo-2024-12-17/labeled-data/Raptor1_labeled) by extension 'cmake'
[0.247s] Level 1:colcon.colcon_core.package_identification:_identify(DeepLabCut/Animatronics-Ryo-2024-12-17/labeled-data/Raptor1_labeled) by extension 'python'
[0.247s] Level 1:colcon.colcon_core.package_identification:_identify(DeepLabCut/Animatronics-Ryo-2024-12-17/labeled-data/Raptor1_labeled) by extensions ['python_setup_py']
[0.247s] Level 1:colcon.colcon_core.package_identification:_identify(DeepLabCut/Animatronics-Ryo-2024-12-17/labeled-data/Raptor1_labeled) by extension 'python_setup_py'
[0.247s] Level 1:colcon.colcon_core.package_identification:_identify(DeepLabCut/Animatronics-Ryo-2024-12-17/training-datasets) by extensions ['ignore', 'ignore_ament_install']
[0.247s] Level 1:colcon.colcon_core.package_identification:_identify(DeepLabCut/Animatronics-Ryo-2024-12-17/training-datasets) by extension 'ignore'
[0.247s] Level 1:colcon.colcon_core.package_identification:_identify(DeepLabCut/Animatronics-Ryo-2024-12-17/training-datasets) by extension 'ignore_ament_install'
[0.247s] Level 1:colcon.colcon_core.package_identification:_identify(DeepLabCut/Animatronics-Ryo-2024-12-17/training-datasets) by extensions ['colcon_pkg']
[0.247s] Level 1:colcon.colcon_core.package_identification:_identify(DeepLabCut/Animatronics-Ryo-2024-12-17/training-datasets) by extension 'colcon_pkg'
[0.248s] Level 1:colcon.colcon_core.package_identification:_identify(DeepLabCut/Animatronics-Ryo-2024-12-17/training-datasets) by extensions ['colcon_meta']
[0.248s] Level 1:colcon.colcon_core.package_identification:_identify(DeepLabCut/Animatronics-Ryo-2024-12-17/training-datasets) by extension 'colcon_meta'
[0.248s] Level 1:colcon.colcon_core.package_identification:_identify(DeepLabCut/Animatronics-Ryo-2024-12-17/training-datasets) by extensions ['ros']
[0.248s] Level 1:colcon.colcon_core.package_identification:_identify(DeepLabCut/Animatronics-Ryo-2024-12-17/training-datasets) by extension 'ros'
[0.248s] Level 1:colcon.colcon_core.package_identification:_identify(DeepLabCut/Animatronics-Ryo-2024-12-17/training-datasets) by extensions ['cmake', 'python']
[0.248s] Level 1:colcon.colcon_core.package_identification:_identify(DeepLabCut/Animatronics-Ryo-2024-12-17/training-datasets) by extension 'cmake'
[0.248s] Level 1:colcon.colcon_core.package_identification:_identify(DeepLabCut/Animatronics-Ryo-2024-12-17/training-datasets) by extension 'python'
[0.248s] Level 1:colcon.colcon_core.package_identification:_identify(DeepLabCut/Animatronics-Ryo-2024-12-17/training-datasets) by extensions ['python_setup_py']
[0.248s] Level 1:colcon.colcon_core.package_identification:_identify(DeepLabCut/Animatronics-Ryo-2024-12-17/training-datasets) by extension 'python_setup_py'
[0.248s] Level 1:colcon.colcon_core.package_identification:_identify(DeepLabCut/Animatronics-Ryo-2024-12-17/training-datasets/iteration-0) by extensions ['ignore', 'ignore_ament_install']
[0.248s] Level 1:colcon.colcon_core.package_identification:_identify(DeepLabCut/Animatronics-Ryo-2024-12-17/training-datasets/iteration-0) by extension 'ignore'
[0.248s] Level 1:colcon.colcon_core.package_identification:_identify(DeepLabCut/Animatronics-Ryo-2024-12-17/training-datasets/iteration-0) by extension 'ignore_ament_install'
[0.248s] Level 1:colcon.colcon_core.package_identification:_identify(DeepLabCut/Animatronics-Ryo-2024-12-17/training-datasets/iteration-0) by extensions ['colcon_pkg']
[0.248s] Level 1:colcon.colcon_core.package_identification:_identify(DeepLabCut/Animatronics-Ryo-2024-12-17/training-datasets/iteration-0) by extension 'colcon_pkg'
[0.248s] Level 1:colcon.colcon_core.package_identification:_identify(DeepLabCut/Animatronics-Ryo-2024-12-17/training-datasets/iteration-0) by extensions ['colcon_meta']
[0.248s] Level 1:colcon.colcon_core.package_identification:_identify(DeepLabCut/Animatronics-Ryo-2024-12-17/training-datasets/iteration-0) by extension 'colcon_meta'
[0.248s] Level 1:colcon.colcon_core.package_identification:_identify(DeepLabCut/Animatronics-Ryo-2024-12-17/training-datasets/iteration-0) by extensions ['ros']
[0.248s] Level 1:colcon.colcon_core.package_identification:_identify(DeepLabCut/Animatronics-Ryo-2024-12-17/training-datasets/iteration-0) by extension 'ros'
[0.248s] Level 1:colcon.colcon_core.package_identification:_identify(DeepLabCut/Animatronics-Ryo-2024-12-17/training-datasets/iteration-0) by extensions ['cmake', 'python']
[0.248s] Level 1:colcon.colcon_core.package_identification:_identify(DeepLabCut/Animatronics-Ryo-2024-12-17/training-datasets/iteration-0) by extension 'cmake'
[0.248s] Level 1:colcon.colcon_core.package_identification:_identify(DeepLabCut/Animatronics-Ryo-2024-12-17/training-datasets/iteration-0) by extension 'python'
[0.248s] Level 1:colcon.colcon_core.package_identification:_identify(DeepLabCut/Animatronics-Ryo-2024-12-17/training-datasets/iteration-0) by extensions ['python_setup_py']
[0.249s] Level 1:colcon.colcon_core.package_identification:_identify(DeepLabCut/Animatronics-Ryo-2024-12-17/training-datasets/iteration-0) by extension 'python_setup_py'
[0.249s] Level 1:colcon.colcon_core.package_identification:_identify(DeepLabCut/Animatronics-Ryo-2024-12-17/training-datasets/iteration-0/UnaugmentedDataSet_AnimatronicsDec17) by extensions ['ignore', 'ignore_ament_install']
[0.249s] Level 1:colcon.colcon_core.package_identification:_identify(DeepLabCut/Animatronics-Ryo-2024-12-17/training-datasets/iteration-0/UnaugmentedDataSet_AnimatronicsDec17) by extension 'ignore'
[0.249s] Level 1:colcon.colcon_core.package_identification:_identify(DeepLabCut/Animatronics-Ryo-2024-12-17/training-datasets/iteration-0/UnaugmentedDataSet_AnimatronicsDec17) by extension 'ignore_ament_install'
[0.249s] Level 1:colcon.colcon_core.package_identification:_identify(DeepLabCut/Animatronics-Ryo-2024-12-17/training-datasets/iteration-0/UnaugmentedDataSet_AnimatronicsDec17) by extensions ['colcon_pkg']
[0.249s] Level 1:colcon.colcon_core.package_identification:_identify(DeepLabCut/Animatronics-Ryo-2024-12-17/training-datasets/iteration-0/UnaugmentedDataSet_AnimatronicsDec17) by extension 'colcon_pkg'
[0.249s] Level 1:colcon.colcon_core.package_identification:_identify(DeepLabCut/Animatronics-Ryo-2024-12-17/training-datasets/iteration-0/UnaugmentedDataSet_AnimatronicsDec17) by extensions ['colcon_meta']
[0.249s] Level 1:colcon.colcon_core.package_identification:_identify(DeepLabCut/Animatronics-Ryo-2024-12-17/training-datasets/iteration-0/UnaugmentedDataSet_AnimatronicsDec17) by extension 'colcon_meta'
[0.249s] Level 1:colcon.colcon_core.package_identification:_identify(DeepLabCut/Animatronics-Ryo-2024-12-17/training-datasets/iteration-0/UnaugmentedDataSet_AnimatronicsDec17) by extensions ['ros']
[0.249s] Level 1:colcon.colcon_core.package_identification:_identify(DeepLabCut/Animatronics-Ryo-2024-12-17/training-datasets/iteration-0/UnaugmentedDataSet_AnimatronicsDec17) by extension 'ros'
[0.249s] Level 1:colcon.colcon_core.package_identification:_identify(DeepLabCut/Animatronics-Ryo-2024-12-17/training-datasets/iteration-0/UnaugmentedDataSet_AnimatronicsDec17) by extensions ['cmake', 'python']
[0.249s] Level 1:colcon.colcon_core.package_identification:_identify(DeepLabCut/Animatronics-Ryo-2024-12-17/training-datasets/iteration-0/UnaugmentedDataSet_AnimatronicsDec17) by extension 'cmake'
[0.249s] Level 1:colcon.colcon_core.package_identification:_identify(DeepLabCut/Animatronics-Ryo-2024-12-17/training-datasets/iteration-0/UnaugmentedDataSet_AnimatronicsDec17) by extension 'python'
[0.249s] Level 1:colcon.colcon_core.package_identification:_identify(DeepLabCut/Animatronics-Ryo-2024-12-17/training-datasets/iteration-0/UnaugmentedDataSet_AnimatronicsDec17) by extensions ['python_setup_py']
[0.249s] Level 1:colcon.colcon_core.package_identification:_identify(DeepLabCut/Animatronics-Ryo-2024-12-17/training-datasets/iteration-0/UnaugmentedDataSet_AnimatronicsDec17) by extension 'python_setup_py'
[0.249s] Level 1:colcon.colcon_core.package_identification:_identify(DeepLabCut/Animatronics-Ryo-2024-12-17/videos) by extensions ['ignore', 'ignore_ament_install']
[0.249s] Level 1:colcon.colcon_core.package_identification:_identify(DeepLabCut/Animatronics-Ryo-2024-12-17/videos) by extension 'ignore'
[0.249s] Level 1:colcon.colcon_core.package_identification:_identify(DeepLabCut/Animatronics-Ryo-2024-12-17/videos) by extension 'ignore_ament_install'
[0.250s] Level 1:colcon.colcon_core.package_identification:_identify(DeepLabCut/Animatronics-Ryo-2024-12-17/videos) by extensions ['colcon_pkg']
[0.250s] Level 1:colcon.colcon_core.package_identification:_identify(DeepLabCut/Animatronics-Ryo-2024-12-17/videos) by extension 'colcon_pkg'
[0.250s] Level 1:colcon.colcon_core.package_identification:_identify(DeepLabCut/Animatronics-Ryo-2024-12-17/videos) by extensions ['colcon_meta']
[0.250s] Level 1:colcon.colcon_core.package_identification:_identify(DeepLabCut/Animatronics-Ryo-2024-12-17/videos) by extension 'colcon_meta'
[0.250s] Level 1:colcon.colcon_core.package_identification:_identify(DeepLabCut/Animatronics-Ryo-2024-12-17/videos) by extensions ['ros']
[0.250s] Level 1:colcon.colcon_core.package_identification:_identify(DeepLabCut/Animatronics-Ryo-2024-12-17/videos) by extension 'ros'
[0.250s] Level 1:colcon.colcon_core.package_identification:_identify(DeepLabCut/Animatronics-Ryo-2024-12-17/videos) by extensions ['cmake', 'python']
[0.250s] Level 1:colcon.colcon_core.package_identification:_identify(DeepLabCut/Animatronics-Ryo-2024-12-17/videos) by extension 'cmake'
[0.250s] Level 1:colcon.colcon_core.package_identification:_identify(DeepLabCut/Animatronics-Ryo-2024-12-17/videos) by extension 'python'
[0.250s] Level 1:colcon.colcon_core.package_identification:_identify(DeepLabCut/Animatronics-Ryo-2024-12-17/videos) by extensions ['python_setup_py']
[0.250s] Level 1:colcon.colcon_core.package_identification:_identify(DeepLabCut/Animatronics-Ryo-2024-12-17/videos) by extension 'python_setup_py'
[0.250s] Level 1:colcon.colcon_core.package_identification:_identify(DeepLabCut/Videos) by extensions ['ignore', 'ignore_ament_install']
[0.250s] Level 1:colcon.colcon_core.package_identification:_identify(DeepLabCut/Videos) by extension 'ignore'
[0.250s] Level 1:colcon.colcon_core.package_identification:_identify(DeepLabCut/Videos) by extension 'ignore_ament_install'
[0.250s] Level 1:colcon.colcon_core.package_identification:_identify(DeepLabCut/Videos) by extensions ['colcon_pkg']
[0.250s] Level 1:colcon.colcon_core.package_identification:_identify(DeepLabCut/Videos) by extension 'colcon_pkg'
[0.250s] Level 1:colcon.colcon_core.package_identification:_identify(DeepLabCut/Videos) by extensions ['colcon_meta']
[0.250s] Level 1:colcon.colcon_core.package_identification:_identify(DeepLabCut/Videos) by extension 'colcon_meta'
[0.250s] Level 1:colcon.colcon_core.package_identification:_identify(DeepLabCut/Videos) by extensions ['ros']
[0.250s] Level 1:colcon.colcon_core.package_identification:_identify(DeepLabCut/Videos) by extension 'ros'
[0.250s] Level 1:colcon.colcon_core.package_identification:_identify(DeepLabCut/Videos) by extensions ['cmake', 'python']
[0.251s] Level 1:colcon.colcon_core.package_identification:_identify(DeepLabCut/Videos) by extension 'cmake'
[0.251s] Level 1:colcon.colcon_core.package_identification:_identify(DeepLabCut/Videos) by extension 'python'
[0.251s] Level 1:colcon.colcon_core.package_identification:_identify(DeepLabCut/Videos) by extensions ['python_setup_py']
[0.251s] Level 1:colcon.colcon_core.package_identification:_identify(DeepLabCut/Videos) by extension 'python_setup_py'
[0.251s] Level 1:colcon.colcon_core.package_identification:_identify(DeepLabCut/__pycache__) by extensions ['ignore', 'ignore_ament_install']
[0.251s] Level 1:colcon.colcon_core.package_identification:_identify(DeepLabCut/__pycache__) by extension 'ignore'
[0.251s] Level 1:colcon.colcon_core.package_identification:_identify(DeepLabCut/__pycache__) by extension 'ignore_ament_install'
[0.251s] Level 1:colcon.colcon_core.package_identification:_identify(DeepLabCut/__pycache__) by extensions ['colcon_pkg']
[0.251s] Level 1:colcon.colcon_core.package_identification:_identify(DeepLabCut/__pycache__) by extension 'colcon_pkg'
[0.251s] Level 1:colcon.colcon_core.package_identification:_identify(DeepLabCut/__pycache__) by extensions ['colcon_meta']
[0.251s] Level 1:colcon.colcon_core.package_identification:_identify(DeepLabCut/__pycache__) by extension 'colcon_meta'
[0.251s] Level 1:colcon.colcon_core.package_identification:_identify(DeepLabCut/__pycache__) by extensions ['ros']
[0.251s] Level 1:colcon.colcon_core.package_identification:_identify(DeepLabCut/__pycache__) by extension 'ros'
[0.251s] Level 1:colcon.colcon_core.package_identification:_identify(DeepLabCut/__pycache__) by extensions ['cmake', 'python']
[0.251s] Level 1:colcon.colcon_core.package_identification:_identify(DeepLabCut/__pycache__) by extension 'cmake'
[0.251s] Level 1:colcon.colcon_core.package_identification:_identify(DeepLabCut/__pycache__) by extension 'python'
[0.251s] Level 1:colcon.colcon_core.package_identification:_identify(DeepLabCut/__pycache__) by extensions ['python_setup_py']
[0.251s] Level 1:colcon.colcon_core.package_identification:_identify(DeepLabCut/__pycache__) by extension 'python_setup_py'
[0.251s] Level 1:colcon.colcon_core.package_identification:_identify(DeepLabCut/animatronics-ryo-2024-12-18) by extensions ['ignore', 'ignore_ament_install']
[0.251s] Level 1:colcon.colcon_core.package_identification:_identify(DeepLabCut/animatronics-ryo-2024-12-18) by extension 'ignore'
[0.251s] Level 1:colcon.colcon_core.package_identification:_identify(DeepLabCut/animatronics-ryo-2024-12-18) by extension 'ignore_ament_install'
[0.252s] Level 1:colcon.colcon_core.package_identification:_identify(DeepLabCut/animatronics-ryo-2024-12-18) by extensions ['colcon_pkg']
[0.252s] Level 1:colcon.colcon_core.package_identification:_identify(DeepLabCut/animatronics-ryo-2024-12-18) by extension 'colcon_pkg'
[0.252s] Level 1:colcon.colcon_core.package_identification:_identify(DeepLabCut/animatronics-ryo-2024-12-18) by extensions ['colcon_meta']
[0.252s] Level 1:colcon.colcon_core.package_identification:_identify(DeepLabCut/animatronics-ryo-2024-12-18) by extension 'colcon_meta'
[0.252s] Level 1:colcon.colcon_core.package_identification:_identify(DeepLabCut/animatronics-ryo-2024-12-18) by extensions ['ros']
[0.252s] Level 1:colcon.colcon_core.package_identification:_identify(DeepLabCut/animatronics-ryo-2024-12-18) by extension 'ros'
[0.252s] Level 1:colcon.colcon_core.package_identification:_identify(DeepLabCut/animatronics-ryo-2024-12-18) by extensions ['cmake', 'python']
[0.252s] Level 1:colcon.colcon_core.package_identification:_identify(DeepLabCut/animatronics-ryo-2024-12-18) by extension 'cmake'
[0.252s] Level 1:colcon.colcon_core.package_identification:_identify(DeepLabCut/animatronics-ryo-2024-12-18) by extension 'python'
[0.252s] Level 1:colcon.colcon_core.package_identification:_identify(DeepLabCut/animatronics-ryo-2024-12-18) by extensions ['python_setup_py']
[0.252s] Level 1:colcon.colcon_core.package_identification:_identify(DeepLabCut/animatronics-ryo-2024-12-18) by extension 'python_setup_py'
[0.252s] Level 1:colcon.colcon_core.package_identification:_identify(DeepLabCut/animatronics-ryo-2024-12-18/dlc-models-pytorch) by extensions ['ignore', 'ignore_ament_install']
[0.252s] Level 1:colcon.colcon_core.package_identification:_identify(DeepLabCut/animatronics-ryo-2024-12-18/dlc-models-pytorch) by extension 'ignore'
[0.252s] Level 1:colcon.colcon_core.package_identification:_identify(DeepLabCut/animatronics-ryo-2024-12-18/dlc-models-pytorch) by extension 'ignore_ament_install'
[0.252s] Level 1:colcon.colcon_core.package_identification:_identify(DeepLabCut/animatronics-ryo-2024-12-18/dlc-models-pytorch) by extensions ['colcon_pkg']
[0.252s] Level 1:colcon.colcon_core.package_identification:_identify(DeepLabCut/animatronics-ryo-2024-12-18/dlc-models-pytorch) by extension 'colcon_pkg'
[0.252s] Level 1:colcon.colcon_core.package_identification:_identify(DeepLabCut/animatronics-ryo-2024-12-18/dlc-models-pytorch) by extensions ['colcon_meta']
[0.252s] Level 1:colcon.colcon_core.package_identification:_identify(DeepLabCut/animatronics-ryo-2024-12-18/dlc-models-pytorch) by extension 'colcon_meta'
[0.252s] Level 1:colcon.colcon_core.package_identification:_identify(DeepLabCut/animatronics-ryo-2024-12-18/dlc-models-pytorch) by extensions ['ros']
[0.252s] Level 1:colcon.colcon_core.package_identification:_identify(DeepLabCut/animatronics-ryo-2024-12-18/dlc-models-pytorch) by extension 'ros'
[0.252s] Level 1:colcon.colcon_core.package_identification:_identify(DeepLabCut/animatronics-ryo-2024-12-18/dlc-models-pytorch) by extensions ['cmake', 'python']
[0.252s] Level 1:colcon.colcon_core.package_identification:_identify(DeepLabCut/animatronics-ryo-2024-12-18/dlc-models-pytorch) by extension 'cmake'
[0.253s] Level 1:colcon.colcon_core.package_identification:_identify(DeepLabCut/animatronics-ryo-2024-12-18/dlc-models-pytorch) by extension 'python'
[0.253s] Level 1:colcon.colcon_core.package_identification:_identify(DeepLabCut/animatronics-ryo-2024-12-18/dlc-models-pytorch) by extensions ['python_setup_py']
[0.253s] Level 1:colcon.colcon_core.package_identification:_identify(DeepLabCut/animatronics-ryo-2024-12-18/dlc-models-pytorch) by extension 'python_setup_py'
[0.253s] Level 1:colcon.colcon_core.package_identification:_identify(DeepLabCut/animatronics-ryo-2024-12-18/dlc-models-pytorch/iteration-0) by extensions ['ignore', 'ignore_ament_install']
[0.253s] Level 1:colcon.colcon_core.package_identification:_identify(DeepLabCut/animatronics-ryo-2024-12-18/dlc-models-pytorch/iteration-0) by extension 'ignore'
[0.253s] Level 1:colcon.colcon_core.package_identification:_identify(DeepLabCut/animatronics-ryo-2024-12-18/dlc-models-pytorch/iteration-0) by extension 'ignore_ament_install'
[0.253s] Level 1:colcon.colcon_core.package_identification:_identify(DeepLabCut/animatronics-ryo-2024-12-18/dlc-models-pytorch/iteration-0) by extensions ['colcon_pkg']
[0.253s] Level 1:colcon.colcon_core.package_identification:_identify(DeepLabCut/animatronics-ryo-2024-12-18/dlc-models-pytorch/iteration-0) by extension 'colcon_pkg'
[0.253s] Level 1:colcon.colcon_core.package_identification:_identify(DeepLabCut/animatronics-ryo-2024-12-18/dlc-models-pytorch/iteration-0) by extensions ['colcon_meta']
[0.253s] Level 1:colcon.colcon_core.package_identification:_identify(DeepLabCut/animatronics-ryo-2024-12-18/dlc-models-pytorch/iteration-0) by extension 'colcon_meta'
[0.253s] Level 1:colcon.colcon_core.package_identification:_identify(DeepLabCut/animatronics-ryo-2024-12-18/dlc-models-pytorch/iteration-0) by extensions ['ros']
[0.253s] Level 1:colcon.colcon_core.package_identification:_identify(DeepLabCut/animatronics-ryo-2024-12-18/dlc-models-pytorch/iteration-0) by extension 'ros'
[0.253s] Level 1:colcon.colcon_core.package_identification:_identify(DeepLabCut/animatronics-ryo-2024-12-18/dlc-models-pytorch/iteration-0) by extensions ['cmake', 'python']
[0.253s] Level 1:colcon.colcon_core.package_identification:_identify(DeepLabCut/animatronics-ryo-2024-12-18/dlc-models-pytorch/iteration-0) by extension 'cmake'
[0.253s] Level 1:colcon.colcon_core.package_identification:_identify(DeepLabCut/animatronics-ryo-2024-12-18/dlc-models-pytorch/iteration-0) by extension 'python'
[0.253s] Level 1:colcon.colcon_core.package_identification:_identify(DeepLabCut/animatronics-ryo-2024-12-18/dlc-models-pytorch/iteration-0) by extensions ['python_setup_py']
[0.253s] Level 1:colcon.colcon_core.package_identification:_identify(DeepLabCut/animatronics-ryo-2024-12-18/dlc-models-pytorch/iteration-0) by extension 'python_setup_py'
[0.253s] Level 1:colcon.colcon_core.package_identification:_identify(DeepLabCut/animatronics-ryo-2024-12-18/dlc-models-pytorch/iteration-0/animatronicsDec18-trainset95shuffle1) by extensions ['ignore', 'ignore_ament_install']
[0.253s] Level 1:colcon.colcon_core.package_identification:_identify(DeepLabCut/animatronics-ryo-2024-12-18/dlc-models-pytorch/iteration-0/animatronicsDec18-trainset95shuffle1) by extension 'ignore'
[0.253s] Level 1:colcon.colcon_core.package_identification:_identify(DeepLabCut/animatronics-ryo-2024-12-18/dlc-models-pytorch/iteration-0/animatronicsDec18-trainset95shuffle1) by extension 'ignore_ament_install'
[0.254s] Level 1:colcon.colcon_core.package_identification:_identify(DeepLabCut/animatronics-ryo-2024-12-18/dlc-models-pytorch/iteration-0/animatronicsDec18-trainset95shuffle1) by extensions ['colcon_pkg']
[0.254s] Level 1:colcon.colcon_core.package_identification:_identify(DeepLabCut/animatronics-ryo-2024-12-18/dlc-models-pytorch/iteration-0/animatronicsDec18-trainset95shuffle1) by extension 'colcon_pkg'
[0.254s] Level 1:colcon.colcon_core.package_identification:_identify(DeepLabCut/animatronics-ryo-2024-12-18/dlc-models-pytorch/iteration-0/animatronicsDec18-trainset95shuffle1) by extensions ['colcon_meta']
[0.254s] Level 1:colcon.colcon_core.package_identification:_identify(DeepLabCut/animatronics-ryo-2024-12-18/dlc-models-pytorch/iteration-0/animatronicsDec18-trainset95shuffle1) by extension 'colcon_meta'
[0.254s] Level 1:colcon.colcon_core.package_identification:_identify(DeepLabCut/animatronics-ryo-2024-12-18/dlc-models-pytorch/iteration-0/animatronicsDec18-trainset95shuffle1) by extensions ['ros']
[0.254s] Level 1:colcon.colcon_core.package_identification:_identify(DeepLabCut/animatronics-ryo-2024-12-18/dlc-models-pytorch/iteration-0/animatronicsDec18-trainset95shuffle1) by extension 'ros'
[0.254s] Level 1:colcon.colcon_core.package_identification:_identify(DeepLabCut/animatronics-ryo-2024-12-18/dlc-models-pytorch/iteration-0/animatronicsDec18-trainset95shuffle1) by extensions ['cmake', 'python']
[0.254s] Level 1:colcon.colcon_core.package_identification:_identify(DeepLabCut/animatronics-ryo-2024-12-18/dlc-models-pytorch/iteration-0/animatronicsDec18-trainset95shuffle1) by extension 'cmake'
[0.254s] Level 1:colcon.colcon_core.package_identification:_identify(DeepLabCut/animatronics-ryo-2024-12-18/dlc-models-pytorch/iteration-0/animatronicsDec18-trainset95shuffle1) by extension 'python'
[0.254s] Level 1:colcon.colcon_core.package_identification:_identify(DeepLabCut/animatronics-ryo-2024-12-18/dlc-models-pytorch/iteration-0/animatronicsDec18-trainset95shuffle1) by extensions ['python_setup_py']
[0.254s] Level 1:colcon.colcon_core.package_identification:_identify(DeepLabCut/animatronics-ryo-2024-12-18/dlc-models-pytorch/iteration-0/animatronicsDec18-trainset95shuffle1) by extension 'python_setup_py'
[0.254s] Level 1:colcon.colcon_core.package_identification:_identify(DeepLabCut/animatronics-ryo-2024-12-18/dlc-models-pytorch/iteration-0/animatronicsDec18-trainset95shuffle1/test) by extensions ['ignore', 'ignore_ament_install']
[0.254s] Level 1:colcon.colcon_core.package_identification:_identify(DeepLabCut/animatronics-ryo-2024-12-18/dlc-models-pytorch/iteration-0/animatronicsDec18-trainset95shuffle1/test) by extension 'ignore'
[0.254s] Level 1:colcon.colcon_core.package_identification:_identify(DeepLabCut/animatronics-ryo-2024-12-18/dlc-models-pytorch/iteration-0/animatronicsDec18-trainset95shuffle1/test) by extension 'ignore_ament_install'
[0.254s] Level 1:colcon.colcon_core.package_identification:_identify(DeepLabCut/animatronics-ryo-2024-12-18/dlc-models-pytorch/iteration-0/animatronicsDec18-trainset95shuffle1/test) by extensions ['colcon_pkg']
[0.254s] Level 1:colcon.colcon_core.package_identification:_identify(DeepLabCut/animatronics-ryo-2024-12-18/dlc-models-pytorch/iteration-0/animatronicsDec18-trainset95shuffle1/test) by extension 'colcon_pkg'
[0.254s] Level 1:colcon.colcon_core.package_identification:_identify(DeepLabCut/animatronics-ryo-2024-12-18/dlc-models-pytorch/iteration-0/animatronicsDec18-trainset95shuffle1/test) by extensions ['colcon_meta']
[0.254s] Level 1:colcon.colcon_core.package_identification:_identify(DeepLabCut/animatronics-ryo-2024-12-18/dlc-models-pytorch/iteration-0/animatronicsDec18-trainset95shuffle1/test) by extension 'colcon_meta'
[0.254s] Level 1:colcon.colcon_core.package_identification:_identify(DeepLabCut/animatronics-ryo-2024-12-18/dlc-models-pytorch/iteration-0/animatronicsDec18-trainset95shuffle1/test) by extensions ['ros']
[0.254s] Level 1:colcon.colcon_core.package_identification:_identify(DeepLabCut/animatronics-ryo-2024-12-18/dlc-models-pytorch/iteration-0/animatronicsDec18-trainset95shuffle1/test) by extension 'ros'
[0.255s] Level 1:colcon.colcon_core.package_identification:_identify(DeepLabCut/animatronics-ryo-2024-12-18/dlc-models-pytorch/iteration-0/animatronicsDec18-trainset95shuffle1/test) by extensions ['cmake', 'python']
[0.255s] Level 1:colcon.colcon_core.package_identification:_identify(DeepLabCut/animatronics-ryo-2024-12-18/dlc-models-pytorch/iteration-0/animatronicsDec18-trainset95shuffle1/test) by extension 'cmake'
[0.255s] Level 1:colcon.colcon_core.package_identification:_identify(DeepLabCut/animatronics-ryo-2024-12-18/dlc-models-pytorch/iteration-0/animatronicsDec18-trainset95shuffle1/test) by extension 'python'
[0.255s] Level 1:colcon.colcon_core.package_identification:_identify(DeepLabCut/animatronics-ryo-2024-12-18/dlc-models-pytorch/iteration-0/animatronicsDec18-trainset95shuffle1/test) by extensions ['python_setup_py']
[0.255s] Level 1:colcon.colcon_core.package_identification:_identify(DeepLabCut/animatronics-ryo-2024-12-18/dlc-models-pytorch/iteration-0/animatronicsDec18-trainset95shuffle1/test) by extension 'python_setup_py'
[0.255s] Level 1:colcon.colcon_core.package_identification:_identify(DeepLabCut/animatronics-ryo-2024-12-18/dlc-models-pytorch/iteration-0/animatronicsDec18-trainset95shuffle1/train) by extensions ['ignore', 'ignore_ament_install']
[0.255s] Level 1:colcon.colcon_core.package_identification:_identify(DeepLabCut/animatronics-ryo-2024-12-18/dlc-models-pytorch/iteration-0/animatronicsDec18-trainset95shuffle1/train) by extension 'ignore'
[0.255s] Level 1:colcon.colcon_core.package_identification:_identify(DeepLabCut/animatronics-ryo-2024-12-18/dlc-models-pytorch/iteration-0/animatronicsDec18-trainset95shuffle1/train) by extension 'ignore_ament_install'
[0.255s] Level 1:colcon.colcon_core.package_identification:_identify(DeepLabCut/animatronics-ryo-2024-12-18/dlc-models-pytorch/iteration-0/animatronicsDec18-trainset95shuffle1/train) by extensions ['colcon_pkg']
[0.255s] Level 1:colcon.colcon_core.package_identification:_identify(DeepLabCut/animatronics-ryo-2024-12-18/dlc-models-pytorch/iteration-0/animatronicsDec18-trainset95shuffle1/train) by extension 'colcon_pkg'
[0.255s] Level 1:colcon.colcon_core.package_identification:_identify(DeepLabCut/animatronics-ryo-2024-12-18/dlc-models-pytorch/iteration-0/animatronicsDec18-trainset95shuffle1/train) by extensions ['colcon_meta']
[0.255s] Level 1:colcon.colcon_core.package_identification:_identify(DeepLabCut/animatronics-ryo-2024-12-18/dlc-models-pytorch/iteration-0/animatronicsDec18-trainset95shuffle1/train) by extension 'colcon_meta'
[0.255s] Level 1:colcon.colcon_core.package_identification:_identify(DeepLabCut/animatronics-ryo-2024-12-18/dlc-models-pytorch/iteration-0/animatronicsDec18-trainset95shuffle1/train) by extensions ['ros']
[0.255s] Level 1:colcon.colcon_core.package_identification:_identify(DeepLabCut/animatronics-ryo-2024-12-18/dlc-models-pytorch/iteration-0/animatronicsDec18-trainset95shuffle1/train) by extension 'ros'
[0.255s] Level 1:colcon.colcon_core.package_identification:_identify(DeepLabCut/animatronics-ryo-2024-12-18/dlc-models-pytorch/iteration-0/animatronicsDec18-trainset95shuffle1/train) by extensions ['cmake', 'python']
[0.255s] Level 1:colcon.colcon_core.package_identification:_identify(DeepLabCut/animatronics-ryo-2024-12-18/dlc-models-pytorch/iteration-0/animatronicsDec18-trainset95shuffle1/train) by extension 'cmake'
[0.255s] Level 1:colcon.colcon_core.package_identification:_identify(DeepLabCut/animatronics-ryo-2024-12-18/dlc-models-pytorch/iteration-0/animatronicsDec18-trainset95shuffle1/train) by extension 'python'
[0.255s] Level 1:colcon.colcon_core.package_identification:_identify(DeepLabCut/animatronics-ryo-2024-12-18/dlc-models-pytorch/iteration-0/animatronicsDec18-trainset95shuffle1/train) by extensions ['python_setup_py']
[0.255s] Level 1:colcon.colcon_core.package_identification:_identify(DeepLabCut/animatronics-ryo-2024-12-18/dlc-models-pytorch/iteration-0/animatronicsDec18-trainset95shuffle1/train) by extension 'python_setup_py'
[0.255s] Level 1:colcon.colcon_core.package_identification:_identify(DeepLabCut/animatronics-ryo-2024-12-18/evaluation-results-pytorch) by extensions ['ignore', 'ignore_ament_install']
[0.256s] Level 1:colcon.colcon_core.package_identification:_identify(DeepLabCut/animatronics-ryo-2024-12-18/evaluation-results-pytorch) by extension 'ignore'
[0.256s] Level 1:colcon.colcon_core.package_identification:_identify(DeepLabCut/animatronics-ryo-2024-12-18/evaluation-results-pytorch) by extension 'ignore_ament_install'
[0.256s] Level 1:colcon.colcon_core.package_identification:_identify(DeepLabCut/animatronics-ryo-2024-12-18/evaluation-results-pytorch) by extensions ['colcon_pkg']
[0.256s] Level 1:colcon.colcon_core.package_identification:_identify(DeepLabCut/animatronics-ryo-2024-12-18/evaluation-results-pytorch) by extension 'colcon_pkg'
[0.256s] Level 1:colcon.colcon_core.package_identification:_identify(DeepLabCut/animatronics-ryo-2024-12-18/evaluation-results-pytorch) by extensions ['colcon_meta']
[0.256s] Level 1:colcon.colcon_core.package_identification:_identify(DeepLabCut/animatronics-ryo-2024-12-18/evaluation-results-pytorch) by extension 'colcon_meta'
[0.256s] Level 1:colcon.colcon_core.package_identification:_identify(DeepLabCut/animatronics-ryo-2024-12-18/evaluation-results-pytorch) by extensions ['ros']
[0.256s] Level 1:colcon.colcon_core.package_identification:_identify(DeepLabCut/animatronics-ryo-2024-12-18/evaluation-results-pytorch) by extension 'ros'
[0.256s] Level 1:colcon.colcon_core.package_identification:_identify(DeepLabCut/animatronics-ryo-2024-12-18/evaluation-results-pytorch) by extensions ['cmake', 'python']
[0.256s] Level 1:colcon.colcon_core.package_identification:_identify(DeepLabCut/animatronics-ryo-2024-12-18/evaluation-results-pytorch) by extension 'cmake'
[0.256s] Level 1:colcon.colcon_core.package_identification:_identify(DeepLabCut/animatronics-ryo-2024-12-18/evaluation-results-pytorch) by extension 'python'
[0.256s] Level 1:colcon.colcon_core.package_identification:_identify(DeepLabCut/animatronics-ryo-2024-12-18/evaluation-results-pytorch) by extensions ['python_setup_py']
[0.256s] Level 1:colcon.colcon_core.package_identification:_identify(DeepLabCut/animatronics-ryo-2024-12-18/evaluation-results-pytorch) by extension 'python_setup_py'
[0.256s] Level 1:colcon.colcon_core.package_identification:_identify(DeepLabCut/animatronics-ryo-2024-12-18/evaluation-results-pytorch/iteration-0) by extensions ['ignore', 'ignore_ament_install']
[0.256s] Level 1:colcon.colcon_core.package_identification:_identify(DeepLabCut/animatronics-ryo-2024-12-18/evaluation-results-pytorch/iteration-0) by extension 'ignore'
[0.256s] Level 1:colcon.colcon_core.package_identification:_identify(DeepLabCut/animatronics-ryo-2024-12-18/evaluation-results-pytorch/iteration-0) by extension 'ignore_ament_install'
[0.256s] Level 1:colcon.colcon_core.package_identification:_identify(DeepLabCut/animatronics-ryo-2024-12-18/evaluation-results-pytorch/iteration-0) by extensions ['colcon_pkg']
[0.256s] Level 1:colcon.colcon_core.package_identification:_identify(DeepLabCut/animatronics-ryo-2024-12-18/evaluation-results-pytorch/iteration-0) by extension 'colcon_pkg'
[0.256s] Level 1:colcon.colcon_core.package_identification:_identify(DeepLabCut/animatronics-ryo-2024-12-18/evaluation-results-pytorch/iteration-0) by extensions ['colcon_meta']
[0.256s] Level 1:colcon.colcon_core.package_identification:_identify(DeepLabCut/animatronics-ryo-2024-12-18/evaluation-results-pytorch/iteration-0) by extension 'colcon_meta'
[0.256s] Level 1:colcon.colcon_core.package_identification:_identify(DeepLabCut/animatronics-ryo-2024-12-18/evaluation-results-pytorch/iteration-0) by extensions ['ros']
[0.257s] Level 1:colcon.colcon_core.package_identification:_identify(DeepLabCut/animatronics-ryo-2024-12-18/evaluation-results-pytorch/iteration-0) by extension 'ros'
[0.257s] Level 1:colcon.colcon_core.package_identification:_identify(DeepLabCut/animatronics-ryo-2024-12-18/evaluation-results-pytorch/iteration-0) by extensions ['cmake', 'python']
[0.257s] Level 1:colcon.colcon_core.package_identification:_identify(DeepLabCut/animatronics-ryo-2024-12-18/evaluation-results-pytorch/iteration-0) by extension 'cmake'
[0.257s] Level 1:colcon.colcon_core.package_identification:_identify(DeepLabCut/animatronics-ryo-2024-12-18/evaluation-results-pytorch/iteration-0) by extension 'python'
[0.257s] Level 1:colcon.colcon_core.package_identification:_identify(DeepLabCut/animatronics-ryo-2024-12-18/evaluation-results-pytorch/iteration-0) by extensions ['python_setup_py']
[0.257s] Level 1:colcon.colcon_core.package_identification:_identify(DeepLabCut/animatronics-ryo-2024-12-18/evaluation-results-pytorch/iteration-0) by extension 'python_setup_py'
[0.257s] Level 1:colcon.colcon_core.package_identification:_identify(DeepLabCut/animatronics-ryo-2024-12-18/evaluation-results-pytorch/iteration-0/animatronicsDec18-trainset95shuffle1) by extensions ['ignore', 'ignore_ament_install']
[0.257s] Level 1:colcon.colcon_core.package_identification:_identify(DeepLabCut/animatronics-ryo-2024-12-18/evaluation-results-pytorch/iteration-0/animatronicsDec18-trainset95shuffle1) by extension 'ignore'
[0.257s] Level 1:colcon.colcon_core.package_identification:_identify(DeepLabCut/animatronics-ryo-2024-12-18/evaluation-results-pytorch/iteration-0/animatronicsDec18-trainset95shuffle1) by extension 'ignore_ament_install'
[0.257s] Level 1:colcon.colcon_core.package_identification:_identify(DeepLabCut/animatronics-ryo-2024-12-18/evaluation-results-pytorch/iteration-0/animatronicsDec18-trainset95shuffle1) by extensions ['colcon_pkg']
[0.257s] Level 1:colcon.colcon_core.package_identification:_identify(DeepLabCut/animatronics-ryo-2024-12-18/evaluation-results-pytorch/iteration-0/animatronicsDec18-trainset95shuffle1) by extension 'colcon_pkg'
[0.257s] Level 1:colcon.colcon_core.package_identification:_identify(DeepLabCut/animatronics-ryo-2024-12-18/evaluation-results-pytorch/iteration-0/animatronicsDec18-trainset95shuffle1) by extensions ['colcon_meta']
[0.257s] Level 1:colcon.colcon_core.package_identification:_identify(DeepLabCut/animatronics-ryo-2024-12-18/evaluation-results-pytorch/iteration-0/animatronicsDec18-trainset95shuffle1) by extension 'colcon_meta'
[0.257s] Level 1:colcon.colcon_core.package_identification:_identify(DeepLabCut/animatronics-ryo-2024-12-18/evaluation-results-pytorch/iteration-0/animatronicsDec18-trainset95shuffle1) by extensions ['ros']
[0.257s] Level 1:colcon.colcon_core.package_identification:_identify(DeepLabCut/animatronics-ryo-2024-12-18/evaluation-results-pytorch/iteration-0/animatronicsDec18-trainset95shuffle1) by extension 'ros'
[0.257s] Level 1:colcon.colcon_core.package_identification:_identify(DeepLabCut/animatronics-ryo-2024-12-18/evaluation-results-pytorch/iteration-0/animatronicsDec18-trainset95shuffle1) by extensions ['cmake', 'python']
[0.257s] Level 1:colcon.colcon_core.package_identification:_identify(DeepLabCut/animatronics-ryo-2024-12-18/evaluation-results-pytorch/iteration-0/animatronicsDec18-trainset95shuffle1) by extension 'cmake'
[0.257s] Level 1:colcon.colcon_core.package_identification:_identify(DeepLabCut/animatronics-ryo-2024-12-18/evaluation-results-pytorch/iteration-0/animatronicsDec18-trainset95shuffle1) by extension 'python'
[0.257s] Level 1:colcon.colcon_core.package_identification:_identify(DeepLabCut/animatronics-ryo-2024-12-18/evaluation-results-pytorch/iteration-0/animatronicsDec18-trainset95shuffle1) by extensions ['python_setup_py']
[0.257s] Level 1:colcon.colcon_core.package_identification:_identify(DeepLabCut/animatronics-ryo-2024-12-18/evaluation-results-pytorch/iteration-0/animatronicsDec18-trainset95shuffle1) by extension 'python_setup_py'
[0.258s] Level 1:colcon.colcon_core.package_identification:_identify(DeepLabCut/animatronics-ryo-2024-12-18/labeled-data) by extensions ['ignore', 'ignore_ament_install']
[0.258s] Level 1:colcon.colcon_core.package_identification:_identify(DeepLabCut/animatronics-ryo-2024-12-18/labeled-data) by extension 'ignore'
[0.258s] Level 1:colcon.colcon_core.package_identification:_identify(DeepLabCut/animatronics-ryo-2024-12-18/labeled-data) by extension 'ignore_ament_install'
[0.258s] Level 1:colcon.colcon_core.package_identification:_identify(DeepLabCut/animatronics-ryo-2024-12-18/labeled-data) by extensions ['colcon_pkg']
[0.258s] Level 1:colcon.colcon_core.package_identification:_identify(DeepLabCut/animatronics-ryo-2024-12-18/labeled-data) by extension 'colcon_pkg'
[0.258s] Level 1:colcon.colcon_core.package_identification:_identify(DeepLabCut/animatronics-ryo-2024-12-18/labeled-data) by extensions ['colcon_meta']
[0.258s] Level 1:colcon.colcon_core.package_identification:_identify(DeepLabCut/animatronics-ryo-2024-12-18/labeled-data) by extension 'colcon_meta'
[0.258s] Level 1:colcon.colcon_core.package_identification:_identify(DeepLabCut/animatronics-ryo-2024-12-18/labeled-data) by extensions ['ros']
[0.258s] Level 1:colcon.colcon_core.package_identification:_identify(DeepLabCut/animatronics-ryo-2024-12-18/labeled-data) by extension 'ros'
[0.258s] Level 1:colcon.colcon_core.package_identification:_identify(DeepLabCut/animatronics-ryo-2024-12-18/labeled-data) by extensions ['cmake', 'python']
[0.258s] Level 1:colcon.colcon_core.package_identification:_identify(DeepLabCut/animatronics-ryo-2024-12-18/labeled-data) by extension 'cmake'
[0.258s] Level 1:colcon.colcon_core.package_identification:_identify(DeepLabCut/animatronics-ryo-2024-12-18/labeled-data) by extension 'python'
[0.258s] Level 1:colcon.colcon_core.package_identification:_identify(DeepLabCut/animatronics-ryo-2024-12-18/labeled-data) by extensions ['python_setup_py']
[0.258s] Level 1:colcon.colcon_core.package_identification:_identify(DeepLabCut/animatronics-ryo-2024-12-18/labeled-data) by extension 'python_setup_py'
[0.258s] Level 1:colcon.colcon_core.package_identification:_identify(DeepLabCut/animatronics-ryo-2024-12-18/labeled-data/4B0CCEC3-B219-4C7F-A07C-F0ACDF82976E Copy) by extensions ['ignore', 'ignore_ament_install']
[0.258s] Level 1:colcon.colcon_core.package_identification:_identify(DeepLabCut/animatronics-ryo-2024-12-18/labeled-data/4B0CCEC3-B219-4C7F-A07C-F0ACDF82976E Copy) by extension 'ignore'
[0.258s] Level 1:colcon.colcon_core.package_identification:_identify(DeepLabCut/animatronics-ryo-2024-12-18/labeled-data/4B0CCEC3-B219-4C7F-A07C-F0ACDF82976E Copy) by extension 'ignore_ament_install'
[0.258s] Level 1:colcon.colcon_core.package_identification:_identify(DeepLabCut/animatronics-ryo-2024-12-18/labeled-data/4B0CCEC3-B219-4C7F-A07C-F0ACDF82976E Copy) by extensions ['colcon_pkg']
[0.259s] Level 1:colcon.colcon_core.package_identification:_identify(DeepLabCut/animatronics-ryo-2024-12-18/labeled-data/4B0CCEC3-B219-4C7F-A07C-F0ACDF82976E Copy) by extension 'colcon_pkg'
[0.259s] Level 1:colcon.colcon_core.package_identification:_identify(DeepLabCut/animatronics-ryo-2024-12-18/labeled-data/4B0CCEC3-B219-4C7F-A07C-F0ACDF82976E Copy) by extensions ['colcon_meta']
[0.259s] Level 1:colcon.colcon_core.package_identification:_identify(DeepLabCut/animatronics-ryo-2024-12-18/labeled-data/4B0CCEC3-B219-4C7F-A07C-F0ACDF82976E Copy) by extension 'colcon_meta'
[0.259s] Level 1:colcon.colcon_core.package_identification:_identify(DeepLabCut/animatronics-ryo-2024-12-18/labeled-data/4B0CCEC3-B219-4C7F-A07C-F0ACDF82976E Copy) by extensions ['ros']
[0.259s] Level 1:colcon.colcon_core.package_identification:_identify(DeepLabCut/animatronics-ryo-2024-12-18/labeled-data/4B0CCEC3-B219-4C7F-A07C-F0ACDF82976E Copy) by extension 'ros'
[0.259s] Level 1:colcon.colcon_core.package_identification:_identify(DeepLabCut/animatronics-ryo-2024-12-18/labeled-data/4B0CCEC3-B219-4C7F-A07C-F0ACDF82976E Copy) by extensions ['cmake', 'python']
[0.259s] Level 1:colcon.colcon_core.package_identification:_identify(DeepLabCut/animatronics-ryo-2024-12-18/labeled-data/4B0CCEC3-B219-4C7F-A07C-F0ACDF82976E Copy) by extension 'cmake'
[0.259s] Level 1:colcon.colcon_core.package_identification:_identify(DeepLabCut/animatronics-ryo-2024-12-18/labeled-data/4B0CCEC3-B219-4C7F-A07C-F0ACDF82976E Copy) by extension 'python'
[0.259s] Level 1:colcon.colcon_core.package_identification:_identify(DeepLabCut/animatronics-ryo-2024-12-18/labeled-data/4B0CCEC3-B219-4C7F-A07C-F0ACDF82976E Copy) by extensions ['python_setup_py']
[0.259s] Level 1:colcon.colcon_core.package_identification:_identify(DeepLabCut/animatronics-ryo-2024-12-18/labeled-data/4B0CCEC3-B219-4C7F-A07C-F0ACDF82976E Copy) by extension 'python_setup_py'
[0.259s] Level 1:colcon.colcon_core.package_identification:_identify(DeepLabCut/animatronics-ryo-2024-12-18/labeled-data/4B0CCEC3-B219-4C7F-A07C-F0ACDF82976E Copy_labeled) by extensions ['ignore', 'ignore_ament_install']
[0.259s] Level 1:colcon.colcon_core.package_identification:_identify(DeepLabCut/animatronics-ryo-2024-12-18/labeled-data/4B0CCEC3-B219-4C7F-A07C-F0ACDF82976E Copy_labeled) by extension 'ignore'
[0.259s] Level 1:colcon.colcon_core.package_identification:_identify(DeepLabCut/animatronics-ryo-2024-12-18/labeled-data/4B0CCEC3-B219-4C7F-A07C-F0ACDF82976E Copy_labeled) by extension 'ignore_ament_install'
[0.259s] Level 1:colcon.colcon_core.package_identification:_identify(DeepLabCut/animatronics-ryo-2024-12-18/labeled-data/4B0CCEC3-B219-4C7F-A07C-F0ACDF82976E Copy_labeled) by extensions ['colcon_pkg']
[0.259s] Level 1:colcon.colcon_core.package_identification:_identify(DeepLabCut/animatronics-ryo-2024-12-18/labeled-data/4B0CCEC3-B219-4C7F-A07C-F0ACDF82976E Copy_labeled) by extension 'colcon_pkg'
[0.259s] Level 1:colcon.colcon_core.package_identification:_identify(DeepLabCut/animatronics-ryo-2024-12-18/labeled-data/4B0CCEC3-B219-4C7F-A07C-F0ACDF82976E Copy_labeled) by extensions ['colcon_meta']
[0.259s] Level 1:colcon.colcon_core.package_identification:_identify(DeepLabCut/animatronics-ryo-2024-12-18/labeled-data/4B0CCEC3-B219-4C7F-A07C-F0ACDF82976E Copy_labeled) by extension 'colcon_meta'
[0.259s] Level 1:colcon.colcon_core.package_identification:_identify(DeepLabCut/animatronics-ryo-2024-12-18/labeled-data/4B0CCEC3-B219-4C7F-A07C-F0ACDF82976E Copy_labeled) by extensions ['ros']
[0.259s] Level 1:colcon.colcon_core.package_identification:_identify(DeepLabCut/animatronics-ryo-2024-12-18/labeled-data/4B0CCEC3-B219-4C7F-A07C-F0ACDF82976E Copy_labeled) by extension 'ros'
[0.259s] Level 1:colcon.colcon_core.package_identification:_identify(DeepLabCut/animatronics-ryo-2024-12-18/labeled-data/4B0CCEC3-B219-4C7F-A07C-F0ACDF82976E Copy_labeled) by extensions ['cmake', 'python']
[0.259s] Level 1:colcon.colcon_core.package_identification:_identify(DeepLabCut/animatronics-ryo-2024-12-18/labeled-data/4B0CCEC3-B219-4C7F-A07C-F0ACDF82976E Copy_labeled) by extension 'cmake'
[0.260s] Level 1:colcon.colcon_core.package_identification:_identify(DeepLabCut/animatronics-ryo-2024-12-18/labeled-data/4B0CCEC3-B219-4C7F-A07C-F0ACDF82976E Copy_labeled) by extension 'python'
[0.260s] Level 1:colcon.colcon_core.package_identification:_identify(DeepLabCut/animatronics-ryo-2024-12-18/labeled-data/4B0CCEC3-B219-4C7F-A07C-F0ACDF82976E Copy_labeled) by extensions ['python_setup_py']
[0.260s] Level 1:colcon.colcon_core.package_identification:_identify(DeepLabCut/animatronics-ryo-2024-12-18/labeled-data/4B0CCEC3-B219-4C7F-A07C-F0ACDF82976E Copy_labeled) by extension 'python_setup_py'
[0.260s] Level 1:colcon.colcon_core.package_identification:_identify(DeepLabCut/animatronics-ryo-2024-12-18/labeled-data/Raptor1) by extensions ['ignore', 'ignore_ament_install']
[0.260s] Level 1:colcon.colcon_core.package_identification:_identify(DeepLabCut/animatronics-ryo-2024-12-18/labeled-data/Raptor1) by extension 'ignore'
[0.260s] Level 1:colcon.colcon_core.package_identification:_identify(DeepLabCut/animatronics-ryo-2024-12-18/labeled-data/Raptor1) by extension 'ignore_ament_install'
[0.260s] Level 1:colcon.colcon_core.package_identification:_identify(DeepLabCut/animatronics-ryo-2024-12-18/labeled-data/Raptor1) by extensions ['colcon_pkg']
[0.260s] Level 1:colcon.colcon_core.package_identification:_identify(DeepLabCut/animatronics-ryo-2024-12-18/labeled-data/Raptor1) by extension 'colcon_pkg'
[0.260s] Level 1:colcon.colcon_core.package_identification:_identify(DeepLabCut/animatronics-ryo-2024-12-18/labeled-data/Raptor1) by extensions ['colcon_meta']
[0.260s] Level 1:colcon.colcon_core.package_identification:_identify(DeepLabCut/animatronics-ryo-2024-12-18/labeled-data/Raptor1) by extension 'colcon_meta'
[0.260s] Level 1:colcon.colcon_core.package_identification:_identify(DeepLabCut/animatronics-ryo-2024-12-18/labeled-data/Raptor1) by extensions ['ros']
[0.260s] Level 1:colcon.colcon_core.package_identification:_identify(DeepLabCut/animatronics-ryo-2024-12-18/labeled-data/Raptor1) by extension 'ros'
[0.260s] Level 1:colcon.colcon_core.package_identification:_identify(DeepLabCut/animatronics-ryo-2024-12-18/labeled-data/Raptor1) by extensions ['cmake', 'python']
[0.260s] Level 1:colcon.colcon_core.package_identification:_identify(DeepLabCut/animatronics-ryo-2024-12-18/labeled-data/Raptor1) by extension 'cmake'
[0.260s] Level 1:colcon.colcon_core.package_identification:_identify(DeepLabCut/animatronics-ryo-2024-12-18/labeled-data/Raptor1) by extension 'python'
[0.260s] Level 1:colcon.colcon_core.package_identification:_identify(DeepLabCut/animatronics-ryo-2024-12-18/labeled-data/Raptor1) by extensions ['python_setup_py']
[0.260s] Level 1:colcon.colcon_core.package_identification:_identify(DeepLabCut/animatronics-ryo-2024-12-18/labeled-data/Raptor1) by extension 'python_setup_py'
[0.260s] Level 1:colcon.colcon_core.package_identification:_identify(DeepLabCut/animatronics-ryo-2024-12-18/training-datasets) by extensions ['ignore', 'ignore_ament_install']
[0.260s] Level 1:colcon.colcon_core.package_identification:_identify(DeepLabCut/animatronics-ryo-2024-12-18/training-datasets) by extension 'ignore'
[0.261s] Level 1:colcon.colcon_core.package_identification:_identify(DeepLabCut/animatronics-ryo-2024-12-18/training-datasets) by extension 'ignore_ament_install'
[0.261s] Level 1:colcon.colcon_core.package_identification:_identify(DeepLabCut/animatronics-ryo-2024-12-18/training-datasets) by extensions ['colcon_pkg']
[0.261s] Level 1:colcon.colcon_core.package_identification:_identify(DeepLabCut/animatronics-ryo-2024-12-18/training-datasets) by extension 'colcon_pkg'
[0.261s] Level 1:colcon.colcon_core.package_identification:_identify(DeepLabCut/animatronics-ryo-2024-12-18/training-datasets) by extensions ['colcon_meta']
[0.261s] Level 1:colcon.colcon_core.package_identification:_identify(DeepLabCut/animatronics-ryo-2024-12-18/training-datasets) by extension 'colcon_meta'
[0.261s] Level 1:colcon.colcon_core.package_identification:_identify(DeepLabCut/animatronics-ryo-2024-12-18/training-datasets) by extensions ['ros']
[0.261s] Level 1:colcon.colcon_core.package_identification:_identify(DeepLabCut/animatronics-ryo-2024-12-18/training-datasets) by extension 'ros'
[0.261s] Level 1:colcon.colcon_core.package_identification:_identify(DeepLabCut/animatronics-ryo-2024-12-18/training-datasets) by extensions ['cmake', 'python']
[0.261s] Level 1:colcon.colcon_core.package_identification:_identify(DeepLabCut/animatronics-ryo-2024-12-18/training-datasets) by extension 'cmake'
[0.261s] Level 1:colcon.colcon_core.package_identification:_identify(DeepLabCut/animatronics-ryo-2024-12-18/training-datasets) by extension 'python'
[0.261s] Level 1:colcon.colcon_core.package_identification:_identify(DeepLabCut/animatronics-ryo-2024-12-18/training-datasets) by extensions ['python_setup_py']
[0.261s] Level 1:colcon.colcon_core.package_identification:_identify(DeepLabCut/animatronics-ryo-2024-12-18/training-datasets) by extension 'python_setup_py'
[0.261s] Level 1:colcon.colcon_core.package_identification:_identify(DeepLabCut/animatronics-ryo-2024-12-18/training-datasets/iteration-0) by extensions ['ignore', 'ignore_ament_install']
[0.261s] Level 1:colcon.colcon_core.package_identification:_identify(DeepLabCut/animatronics-ryo-2024-12-18/training-datasets/iteration-0) by extension 'ignore'
[0.261s] Level 1:colcon.colcon_core.package_identification:_identify(DeepLabCut/animatronics-ryo-2024-12-18/training-datasets/iteration-0) by extension 'ignore_ament_install'
[0.261s] Level 1:colcon.colcon_core.package_identification:_identify(DeepLabCut/animatronics-ryo-2024-12-18/training-datasets/iteration-0) by extensions ['colcon_pkg']
[0.261s] Level 1:colcon.colcon_core.package_identification:_identify(DeepLabCut/animatronics-ryo-2024-12-18/training-datasets/iteration-0) by extension 'colcon_pkg'
[0.261s] Level 1:colcon.colcon_core.package_identification:_identify(DeepLabCut/animatronics-ryo-2024-12-18/training-datasets/iteration-0) by extensions ['colcon_meta']
[0.261s] Level 1:colcon.colcon_core.package_identification:_identify(DeepLabCut/animatronics-ryo-2024-12-18/training-datasets/iteration-0) by extension 'colcon_meta'
[0.261s] Level 1:colcon.colcon_core.package_identification:_identify(DeepLabCut/animatronics-ryo-2024-12-18/training-datasets/iteration-0) by extensions ['ros']
[0.261s] Level 1:colcon.colcon_core.package_identification:_identify(DeepLabCut/animatronics-ryo-2024-12-18/training-datasets/iteration-0) by extension 'ros'
[0.262s] Level 1:colcon.colcon_core.package_identification:_identify(DeepLabCut/animatronics-ryo-2024-12-18/training-datasets/iteration-0) by extensions ['cmake', 'python']
[0.262s] Level 1:colcon.colcon_core.package_identification:_identify(DeepLabCut/animatronics-ryo-2024-12-18/training-datasets/iteration-0) by extension 'cmake'
[0.262s] Level 1:colcon.colcon_core.package_identification:_identify(DeepLabCut/animatronics-ryo-2024-12-18/training-datasets/iteration-0) by extension 'python'
[0.262s] Level 1:colcon.colcon_core.package_identification:_identify(DeepLabCut/animatronics-ryo-2024-12-18/training-datasets/iteration-0) by extensions ['python_setup_py']
[0.262s] Level 1:colcon.colcon_core.package_identification:_identify(DeepLabCut/animatronics-ryo-2024-12-18/training-datasets/iteration-0) by extension 'python_setup_py'
[0.262s] Level 1:colcon.colcon_core.package_identification:_identify(DeepLabCut/animatronics-ryo-2024-12-18/training-datasets/iteration-0/UnaugmentedDataSet_animatronicsDec18) by extensions ['ignore', 'ignore_ament_install']
[0.262s] Level 1:colcon.colcon_core.package_identification:_identify(DeepLabCut/animatronics-ryo-2024-12-18/training-datasets/iteration-0/UnaugmentedDataSet_animatronicsDec18) by extension 'ignore'
[0.262s] Level 1:colcon.colcon_core.package_identification:_identify(DeepLabCut/animatronics-ryo-2024-12-18/training-datasets/iteration-0/UnaugmentedDataSet_animatronicsDec18) by extension 'ignore_ament_install'
[0.262s] Level 1:colcon.colcon_core.package_identification:_identify(DeepLabCut/animatronics-ryo-2024-12-18/training-datasets/iteration-0/UnaugmentedDataSet_animatronicsDec18) by extensions ['colcon_pkg']
[0.262s] Level 1:colcon.colcon_core.package_identification:_identify(DeepLabCut/animatronics-ryo-2024-12-18/training-datasets/iteration-0/UnaugmentedDataSet_animatronicsDec18) by extension 'colcon_pkg'
[0.262s] Level 1:colcon.colcon_core.package_identification:_identify(DeepLabCut/animatronics-ryo-2024-12-18/training-datasets/iteration-0/UnaugmentedDataSet_animatronicsDec18) by extensions ['colcon_meta']
[0.262s] Level 1:colcon.colcon_core.package_identification:_identify(DeepLabCut/animatronics-ryo-2024-12-18/training-datasets/iteration-0/UnaugmentedDataSet_animatronicsDec18) by extension 'colcon_meta'
[0.262s] Level 1:colcon.colcon_core.package_identification:_identify(DeepLabCut/animatronics-ryo-2024-12-18/training-datasets/iteration-0/UnaugmentedDataSet_animatronicsDec18) by extensions ['ros']
[0.262s] Level 1:colcon.colcon_core.package_identification:_identify(DeepLabCut/animatronics-ryo-2024-12-18/training-datasets/iteration-0/UnaugmentedDataSet_animatronicsDec18) by extension 'ros'
[0.262s] Level 1:colcon.colcon_core.package_identification:_identify(DeepLabCut/animatronics-ryo-2024-12-18/training-datasets/iteration-0/UnaugmentedDataSet_animatronicsDec18) by extensions ['cmake', 'python']
[0.262s] Level 1:colcon.colcon_core.package_identification:_identify(DeepLabCut/animatronics-ryo-2024-12-18/training-datasets/iteration-0/UnaugmentedDataSet_animatronicsDec18) by extension 'cmake'
[0.262s] Level 1:colcon.colcon_core.package_identification:_identify(DeepLabCut/animatronics-ryo-2024-12-18/training-datasets/iteration-0/UnaugmentedDataSet_animatronicsDec18) by extension 'python'
[0.262s] Level 1:colcon.colcon_core.package_identification:_identify(DeepLabCut/animatronics-ryo-2024-12-18/training-datasets/iteration-0/UnaugmentedDataSet_animatronicsDec18) by extensions ['python_setup_py']
[0.262s] Level 1:colcon.colcon_core.package_identification:_identify(DeepLabCut/animatronics-ryo-2024-12-18/training-datasets/iteration-0/UnaugmentedDataSet_animatronicsDec18) by extension 'python_setup_py'
[0.262s] Level 1:colcon.colcon_core.package_identification:_identify(DeepLabCut/animatronics-ryo-2024-12-18/videos) by extensions ['ignore', 'ignore_ament_install']
[0.263s] Level 1:colcon.colcon_core.package_identification:_identify(DeepLabCut/animatronics-ryo-2024-12-18/videos) by extension 'ignore'
[0.263s] Level 1:colcon.colcon_core.package_identification:_identify(DeepLabCut/animatronics-ryo-2024-12-18/videos) by extension 'ignore_ament_install'
[0.263s] Level 1:colcon.colcon_core.package_identification:_identify(DeepLabCut/animatronics-ryo-2024-12-18/videos) by extensions ['colcon_pkg']
[0.263s] Level 1:colcon.colcon_core.package_identification:_identify(DeepLabCut/animatronics-ryo-2024-12-18/videos) by extension 'colcon_pkg'
[0.263s] Level 1:colcon.colcon_core.package_identification:_identify(DeepLabCut/animatronics-ryo-2024-12-18/videos) by extensions ['colcon_meta']
[0.263s] Level 1:colcon.colcon_core.package_identification:_identify(DeepLabCut/animatronics-ryo-2024-12-18/videos) by extension 'colcon_meta'
[0.263s] Level 1:colcon.colcon_core.package_identification:_identify(DeepLabCut/animatronics-ryo-2024-12-18/videos) by extensions ['ros']
[0.263s] Level 1:colcon.colcon_core.package_identification:_identify(DeepLabCut/animatronics-ryo-2024-12-18/videos) by extension 'ros'
[0.263s] Level 1:colcon.colcon_core.package_identification:_identify(DeepLabCut/animatronics-ryo-2024-12-18/videos) by extensions ['cmake', 'python']
[0.263s] Level 1:colcon.colcon_core.package_identification:_identify(DeepLabCut/animatronics-ryo-2024-12-18/videos) by extension 'cmake'
[0.263s] Level 1:colcon.colcon_core.package_identification:_identify(DeepLabCut/animatronics-ryo-2024-12-18/videos) by extension 'python'
[0.263s] Level 1:colcon.colcon_core.package_identification:_identify(DeepLabCut/animatronics-ryo-2024-12-18/videos) by extensions ['python_setup_py']
[0.263s] Level 1:colcon.colcon_core.package_identification:_identify(DeepLabCut/animatronics-ryo-2024-12-18/videos) by extension 'python_setup_py'
[0.263s] Level 1:colcon.colcon_core.package_identification:_identify(build) by extensions ['ignore', 'ignore_ament_install']
[0.263s] Level 1:colcon.colcon_core.package_identification:_identify(build) by extension 'ignore'
[0.263s] Level 1:colcon.colcon_core.package_identification:_identify(build) ignored
[0.263s] Level 1:colcon.colcon_core.package_identification:_identify(controller_publisher) by extensions ['ignore', 'ignore_ament_install']
[0.263s] Level 1:colcon.colcon_core.package_identification:_identify(controller_publisher) by extension 'ignore'
[0.264s] Level 1:colcon.colcon_core.package_identification:_identify(controller_publisher) by extension 'ignore_ament_install'
[0.264s] Level 1:colcon.colcon_core.package_identification:_identify(controller_publisher) by extensions ['colcon_pkg']
[0.264s] Level 1:colcon.colcon_core.package_identification:_identify(controller_publisher) by extension 'colcon_pkg'
[0.264s] Level 1:colcon.colcon_core.package_identification:_identify(controller_publisher) by extensions ['colcon_meta']
[0.264s] Level 1:colcon.colcon_core.package_identification:_identify(controller_publisher) by extension 'colcon_meta'
[0.264s] Level 1:colcon.colcon_core.package_identification:_identify(controller_publisher) by extensions ['ros']
[0.264s] Level 1:colcon.colcon_core.package_identification:_identify(controller_publisher) by extension 'ros'
[0.267s] DEBUG:colcon.colcon_core.package_identification:Package 'controller_publisher' with type 'ros.ament_python' and name 'controller_publisher'
[0.267s] Level 1:colcon.colcon_core.package_identification:_identify(dynamixel_sdk) by extensions ['ignore', 'ignore_ament_install']
[0.267s] Level 1:colcon.colcon_core.package_identification:_identify(dynamixel_sdk) by extension 'ignore'
[0.267s] Level 1:colcon.colcon_core.package_identification:_identify(dynamixel_sdk) by extension 'ignore_ament_install'
[0.267s] Level 1:colcon.colcon_core.package_identification:_identify(dynamixel_sdk) by extensions ['colcon_pkg']
[0.267s] Level 1:colcon.colcon_core.package_identification:_identify(dynamixel_sdk) by extension 'colcon_pkg'
[0.267s] Level 1:colcon.colcon_core.package_identification:_identify(dynamixel_sdk) by extensions ['colcon_meta']
[0.267s] Level 1:colcon.colcon_core.package_identification:_identify(dynamixel_sdk) by extension 'colcon_meta'
[0.268s] Level 1:colcon.colcon_core.package_identification:_identify(dynamixel_sdk) by extensions ['ros']
[0.268s] Level 1:colcon.colcon_core.package_identification:_identify(dynamixel_sdk) by extension 'ros'
[0.268s] DEBUG:colcon.colcon_core.package_identification:Package 'dynamixel_sdk' with type 'ros.ament_cmake' and name 'dynamixel_sdk'
[0.268s] Level 1:colcon.colcon_core.package_identification:_identify(dynamixel_sdk_custom_interfaces) by extensions ['ignore', 'ignore_ament_install']
[0.268s] Level 1:colcon.colcon_core.package_identification:_identify(dynamixel_sdk_custom_interfaces) by extension 'ignore'
[0.268s] Level 1:colcon.colcon_core.package_identification:_identify(dynamixel_sdk_custom_interfaces) by extension 'ignore_ament_install'
[0.269s] Level 1:colcon.colcon_core.package_identification:_identify(dynamixel_sdk_custom_interfaces) by extensions ['colcon_pkg']
[0.269s] Level 1:colcon.colcon_core.package_identification:_identify(dynamixel_sdk_custom_interfaces) by extension 'colcon_pkg'
[0.269s] Level 1:colcon.colcon_core.package_identification:_identify(dynamixel_sdk_custom_interfaces) by extensions ['colcon_meta']
[0.269s] Level 1:colcon.colcon_core.package_identification:_identify(dynamixel_sdk_custom_interfaces) by extension 'colcon_meta'
[0.269s] Level 1:colcon.colcon_core.package_identification:_identify(dynamixel_sdk_custom_interfaces) by extensions ['ros']
[0.269s] Level 1:colcon.colcon_core.package_identification:_identify(dynamixel_sdk_custom_interfaces) by extension 'ros'
[0.269s] DEBUG:colcon.colcon_core.package_identification:Package 'dynamixel_sdk_custom_interfaces' with type 'ros.ament_cmake' and name 'dynamixel_sdk_custom_interfaces'
[0.269s] Level 1:colcon.colcon_core.package_identification:_identify(install) by extensions ['ignore', 'ignore_ament_install']
[0.270s] Level 1:colcon.colcon_core.package_identification:_identify(install) by extension 'ignore'
[0.270s] Level 1:colcon.colcon_core.package_identification:_identify(install) ignored
[0.270s] Level 1:colcon.colcon_core.package_identification:_identify(log) by extensions ['ignore', 'ignore_ament_install']
[0.270s] Level 1:colcon.colcon_core.package_identification:_identify(log) by extension 'ignore'
[0.270s] Level 1:colcon.colcon_core.package_identification:_identify(log) ignored
[0.270s] Level 1:colcon.colcon_core.package_identification:_identify(motion_editor) by extensions ['ignore', 'ignore_ament_install']
[0.270s] Level 1:colcon.colcon_core.package_identification:_identify(motion_editor) by extension 'ignore'
[0.270s] Level 1:colcon.colcon_core.package_identification:_identify(motion_editor) by extension 'ignore_ament_install'
[0.270s] Level 1:colcon.colcon_core.package_identification:_identify(motion_editor) by extensions ['colcon_pkg']
[0.270s] Level 1:colcon.colcon_core.package_identification:_identify(motion_editor) by extension 'colcon_pkg'
[0.270s] Level 1:colcon.colcon_core.package_identification:_identify(motion_editor) by extensions ['colcon_meta']
[0.270s] Level 1:colcon.colcon_core.package_identification:_identify(motion_editor) by extension 'colcon_meta'
[0.270s] Level 1:colcon.colcon_core.package_identification:_identify(motion_editor) by extensions ['ros']
[0.270s] Level 1:colcon.colcon_core.package_identification:_identify(motion_editor) by extension 'ros'
[0.271s] DEBUG:colcon.colcon_core.package_identification:Package 'motion_editor' with type 'ros.ament_python' and name 'motion_editor'
[0.271s] Level 1:colcon.colcon_core.package_identification:_identify(motor_commands) by extensions ['ignore', 'ignore_ament_install']
[0.271s] Level 1:colcon.colcon_core.package_identification:_identify(motor_commands) by extension 'ignore'
[0.271s] Level 1:colcon.colcon_core.package_identification:_identify(motor_commands) by extension 'ignore_ament_install'
[0.271s] Level 1:colcon.colcon_core.package_identification:_identify(motor_commands) by extensions ['colcon_pkg']
[0.271s] Level 1:colcon.colcon_core.package_identification:_identify(motor_commands) by extension 'colcon_pkg'
[0.271s] Level 1:colcon.colcon_core.package_identification:_identify(motor_commands) by extensions ['colcon_meta']
[0.271s] Level 1:colcon.colcon_core.package_identification:_identify(motor_commands) by extension 'colcon_meta'
[0.271s] Level 1:colcon.colcon_core.package_identification:_identify(motor_commands) by extensions ['ros']
[0.271s] Level 1:colcon.colcon_core.package_identification:_identify(motor_commands) by extension 'ros'
[0.272s] DEBUG:colcon.colcon_core.package_identification:Package 'motor_commands' with type 'ros.ament_cmake' and name 'motor_command_msg'
[0.272s] Level 1:colcon.colcon_core.package_identification:_identify(motor_controller) by extensions ['ignore', 'ignore_ament_install']
[0.272s] Level 1:colcon.colcon_core.package_identification:_identify(motor_controller) by extension 'ignore'
[0.272s] Level 1:colcon.colcon_core.package_identification:_identify(motor_controller) by extension 'ignore_ament_install'
[0.272s] Level 1:colcon.colcon_core.package_identification:_identify(motor_controller) by extensions ['colcon_pkg']
[0.272s] Level 1:colcon.colcon_core.package_identification:_identify(motor_controller) by extension 'colcon_pkg'
[0.272s] Level 1:colcon.colcon_core.package_identification:_identify(motor_controller) by extensions ['colcon_meta']
[0.272s] Level 1:colcon.colcon_core.package_identification:_identify(motor_controller) by extension 'colcon_meta'
[0.272s] Level 1:colcon.colcon_core.package_identification:_identify(motor_controller) by extensions ['ros']
[0.272s] Level 1:colcon.colcon_core.package_identification:_identify(motor_controller) by extension 'ros'
[0.273s] DEBUG:colcon.colcon_core.package_identification:Package 'motor_controller' with type 'ros.ament_python' and name 'motor_controller'
[0.273s] Level 1:colcon.colcon_core.package_identification:_identify(system_controller) by extensions ['ignore', 'ignore_ament_install']
[0.273s] Level 1:colcon.colcon_core.package_identification:_identify(system_controller) by extension 'ignore'
[0.273s] Level 1:colcon.colcon_core.package_identification:_identify(system_controller) by extension 'ignore_ament_install'
[0.273s] Level 1:colcon.colcon_core.package_identification:_identify(system_controller) by extensions ['colcon_pkg']
[0.273s] Level 1:colcon.colcon_core.package_identification:_identify(system_controller) by extension 'colcon_pkg'
[0.273s] Level 1:colcon.colcon_core.package_identification:_identify(system_controller) by extensions ['colcon_meta']
[0.274s] Level 1:colcon.colcon_core.package_identification:_identify(system_controller) by extension 'colcon_meta'
[0.274s] Level 1:colcon.colcon_core.package_identification:_identify(system_controller) by extensions ['ros']
[0.274s] Level 1:colcon.colcon_core.package_identification:_identify(system_controller) by extension 'ros'
[0.274s] DEBUG:colcon.colcon_core.package_identification:Package 'system_controller' with type 'ros.ament_python' and name 'system_controller'
[0.274s] Level 1:colcon.colcon_core.package_discovery:discover_packages(recursive) using defaults
[0.274s] Level 1:colcon.colcon_core.package_discovery:discover_packages(ignore) discover
[0.274s] Level 1:colcon.colcon_core.package_discovery:discover_packages(ignore) using defaults
[0.274s] Level 1:colcon.colcon_core.package_discovery:discover_packages(path) discover
[0.274s] Level 1:colcon.colcon_core.package_discovery:discover_packages(path) using defaults
[0.299s] Level 1:colcon.colcon_core.package_discovery:discover_packages(prefix_path) check parameters
[0.299s] Level 1:colcon.colcon_core.package_discovery:discover_packages(prefix_path) discover
[0.302s] DEBUG:colcon.colcon_installed_package_information.package_discovery:Found 285 installed packages in /opt/ros/jazzy
[0.304s] Level 1:colcon.colcon_core.package_discovery:discover_packages(prefix_path) using defaults
[0.362s] Level 5:colcon.colcon_core.verb:set package 'controller_publisher' build argument 'cmake_args' from command line to 'None'
[0.363s] Level 5:colcon.colcon_core.verb:set package 'controller_publisher' build argument 'cmake_target' from command line to 'None'
[0.363s] Level 5:colcon.colcon_core.verb:set package 'controller_publisher' build argument 'cmake_target_skip_unavailable' from command line to 'False'
[0.363s] Level 5:colcon.colcon_core.verb:set package 'controller_publisher' build argument 'cmake_clean_cache' from command line to 'False'
[0.363s] Level 5:colcon.colcon_core.verb:set package 'controller_publisher' build argument 'cmake_clean_first' from command line to 'False'
[0.363s] Level 5:colcon.colcon_core.verb:set package 'controller_publisher' build argument 'cmake_force_configure' from command line to 'False'
[0.363s] Level 5:colcon.colcon_core.verb:set package 'controller_publisher' build argument 'ament_cmake_args' from command line to 'None'
[0.363s] Level 5:colcon.colcon_core.verb:set package 'controller_publisher' build argument 'catkin_cmake_args' from command line to 'None'
[0.363s] Level 5:colcon.colcon_core.verb:set package 'controller_publisher' build argument 'catkin_skip_building_tests' from command line to 'False'
[0.363s] DEBUG:colcon.colcon_core.verb:Building package 'controller_publisher' with the following arguments: {'ament_cmake_args': None, 'build_base': '/home/csanimatronics/CS_Animatronics/src/build/controller_publisher', 'catkin_cmake_args': None, 'catkin_skip_building_tests': False, 'cmake_args': None, 'cmake_clean_cache': False, 'cmake_clean_first': False, 'cmake_force_configure': False, 'cmake_target': None, 'cmake_target_skip_unavailable': False, 'install_base': '/home/csanimatronics/CS_Animatronics/src/install/controller_publisher', 'merge_install': False, 'path': '/home/csanimatronics/CS_Animatronics/src/controller_publisher', 'symlink_install': False, 'test_result_base': None}
[0.363s] Level 5:colcon.colcon_core.verb:set package 'dynamixel_sdk' build argument 'cmake_args' from command line to 'None'
[0.363s] Level 5:colcon.colcon_core.verb:set package 'dynamixel_sdk' build argument 'cmake_target' from command line to 'None'
[0.363s] Level 5:colcon.colcon_core.verb:set package 'dynamixel_sdk' build argument 'cmake_target_skip_unavailable' from command line to 'False'
[0.363s] Level 5:colcon.colcon_core.verb:set package 'dynamixel_sdk' build argument 'cmake_clean_cache' from command line to 'False'
[0.363s] Level 5:colcon.colcon_core.verb:set package 'dynamixel_sdk' build argument 'cmake_clean_first' from command line to 'False'
[0.363s] Level 5:colcon.colcon_core.verb:set package 'dynamixel_sdk' build argument 'cmake_force_configure' from command line to 'False'
[0.363s] Level 5:colcon.colcon_core.verb:set package 'dynamixel_sdk' build argument 'ament_cmake_args' from command line to 'None'
[0.363s] Level 5:colcon.colcon_core.verb:set package 'dynamixel_sdk' build argument 'catkin_cmake_args' from command line to 'None'
[0.363s] Level 5:colcon.colcon_core.verb:set package 'dynamixel_sdk' build argument 'catkin_skip_building_tests' from command line to 'False'
[0.363s] DEBUG:colcon.colcon_core.verb:Building package 'dynamixel_sdk' with the following arguments: {'ament_cmake_args': None, 'build_base': '/home/csanimatronics/CS_Animatronics/src/build/dynamixel_sdk', 'catkin_cmake_args': None, 'catkin_skip_building_tests': False, 'cmake_args': None, 'cmake_clean_cache': False, 'cmake_clean_first': False, 'cmake_force_configure': False, 'cmake_target': None, 'cmake_target_skip_unavailable': False, 'install_base': '/home/csanimatronics/CS_Animatronics/src/install/dynamixel_sdk', 'merge_install': False, 'path': '/home/csanimatronics/CS_Animatronics/src/dynamixel_sdk', 'symlink_install': False, 'test_result_base': None}
[0.364s] Level 5:colcon.colcon_core.verb:set package 'dynamixel_sdk_custom_interfaces' build argument 'cmake_args' from command line to 'None'
[0.364s] Level 5:colcon.colcon_core.verb:set package 'dynamixel_sdk_custom_interfaces' build argument 'cmake_target' from command line to 'None'
[0.364s] Level 5:colcon.colcon_core.verb:set package 'dynamixel_sdk_custom_interfaces' build argument 'cmake_target_skip_unavailable' from command line to 'False'
[0.364s] Level 5:colcon.colcon_core.verb:set package 'dynamixel_sdk_custom_interfaces' build argument 'cmake_clean_cache' from command line to 'False'
[0.364s] Level 5:colcon.colcon_core.verb:set package 'dynamixel_sdk_custom_interfaces' build argument 'cmake_clean_first' from command line to 'False'
[0.364s] Level 5:colcon.colcon_core.verb:set package 'dynamixel_sdk_custom_interfaces' build argument 'cmake_force_configure' from command line to 'False'
[0.364s] Level 5:colcon.colcon_core.verb:set package 'dynamixel_sdk_custom_interfaces' build argument 'ament_cmake_args' from command line to 'None'
[0.364s] Level 5:colcon.colcon_core.verb:set package 'dynamixel_sdk_custom_interfaces' build argument 'catkin_cmake_args' from command line to 'None'
[0.364s] Level 5:colcon.colcon_core.verb:set package 'dynamixel_sdk_custom_interfaces' build argument 'catkin_skip_building_tests' from command line to 'False'
[0.364s] DEBUG:colcon.colcon_core.verb:Building package 'dynamixel_sdk_custom_interfaces' with the following arguments: {'ament_cmake_args': None, 'build_base': '/home/csanimatronics/CS_Animatronics/src/build/dynamixel_sdk_custom_interfaces', 'catkin_cmake_args': None, 'catkin_skip_building_tests': False, 'cmake_args': None, 'cmake_clean_cache': False, 'cmake_clean_first': False, 'cmake_force_configure': False, 'cmake_target': None, 'cmake_target_skip_unavailable': False, 'install_base': '/home/csanimatronics/CS_Animatronics/src/install/dynamixel_sdk_custom_interfaces', 'merge_install': False, 'path': '/home/csanimatronics/CS_Animatronics/src/dynamixel_sdk_custom_interfaces', 'symlink_install': False, 'test_result_base': None}
[0.364s] Level 5:colcon.colcon_core.verb:set package 'motor_command_msg' build argument 'cmake_args' from command line to 'None'
[0.364s] Level 5:colcon.colcon_core.verb:set package 'motor_command_msg' build argument 'cmake_target' from command line to 'None'
[0.364s] Level 5:colcon.colcon_core.verb:set package 'motor_command_msg' build argument 'cmake_target_skip_unavailable' from command line to 'False'
[0.364s] Level 5:colcon.colcon_core.verb:set package 'motor_command_msg' build argument 'cmake_clean_cache' from command line to 'False'
[0.364s] Level 5:colcon.colcon_core.verb:set package 'motor_command_msg' build argument 'cmake_clean_first' from command line to 'False'
[0.364s] Level 5:colcon.colcon_core.verb:set package 'motor_command_msg' build argument 'cmake_force_configure' from command line to 'False'
[0.364s] Level 5:colcon.colcon_core.verb:set package 'motor_command_msg' build argument 'ament_cmake_args' from command line to 'None'
[0.364s] Level 5:colcon.colcon_core.verb:set package 'motor_command_msg' build argument 'catkin_cmake_args' from command line to 'None'
[0.364s] Level 5:colcon.colcon_core.verb:set package 'motor_command_msg' build argument 'catkin_skip_building_tests' from command line to 'False'
[0.364s] DEBUG:colcon.colcon_core.verb:Building package 'motor_command_msg' with the following arguments: {'ament_cmake_args': None, 'build_base': '/home/csanimatronics/CS_Animatronics/src/build/motor_command_msg', 'catkin_cmake_args': None, 'catkin_skip_building_tests': False, 'cmake_args': None, 'cmake_clean_cache': False, 'cmake_clean_first': False, 'cmake_force_configure': False, 'cmake_target': None, 'cmake_target_skip_unavailable': False, 'install_base': '/home/csanimatronics/CS_Animatronics/src/install/motor_command_msg', 'merge_install': False, 'path': '/home/csanimatronics/CS_Animatronics/src/motor_commands', 'symlink_install': False, 'test_result_base': None}
[0.365s] Level 5:colcon.colcon_core.verb:set package 'motion_editor' build argument 'cmake_args' from command line to 'None'
[0.365s] Level 5:colcon.colcon_core.verb:set package 'motion_editor' build argument 'cmake_target' from command line to 'None'
[0.365s] Level 5:colcon.colcon_core.verb:set package 'motion_editor' build argument 'cmake_target_skip_unavailable' from command line to 'False'
[0.365s] Level 5:colcon.colcon_core.verb:set package 'motion_editor' build argument 'cmake_clean_cache' from command line to 'False'
[0.365s] Level 5:colcon.colcon_core.verb:set package 'motion_editor' build argument 'cmake_clean_first' from command line to 'False'
[0.365s] Level 5:colcon.colcon_core.verb:set package 'motion_editor' build argument 'cmake_force_configure' from command line to 'False'
[0.365s] Level 5:colcon.colcon_core.verb:set package 'motion_editor' build argument 'ament_cmake_args' from command line to 'None'
[0.365s] Level 5:colcon.colcon_core.verb:set package 'motion_editor' build argument 'catkin_cmake_args' from command line to 'None'
[0.365s] Level 5:colcon.colcon_core.verb:set package 'motion_editor' build argument 'catkin_skip_building_tests' from command line to 'False'
[0.365s] DEBUG:colcon.colcon_core.verb:Building package 'motion_editor' with the following arguments: {'ament_cmake_args': None, 'build_base': '/home/csanimatronics/CS_Animatronics/src/build/motion_editor', 'catkin_cmake_args': None, 'catkin_skip_building_tests': False, 'cmake_args': None, 'cmake_clean_cache': False, 'cmake_clean_first': False, 'cmake_force_configure': False, 'cmake_target': None, 'cmake_target_skip_unavailable': False, 'install_base': '/home/csanimatronics/CS_Animatronics/src/install/motion_editor', 'merge_install': False, 'path': '/home/csanimatronics/CS_Animatronics/src/motion_editor', 'symlink_install': False, 'test_result_base': None}
[0.365s] Level 5:colcon.colcon_core.verb:set package 'motor_controller' build argument 'cmake_args' from command line to 'None'
[0.365s] Level 5:colcon.colcon_core.verb:set package 'motor_controller' build argument 'cmake_target' from command line to 'None'
[0.365s] Level 5:colcon.colcon_core.verb:set package 'motor_controller' build argument 'cmake_target_skip_unavailable' from command line to 'False'
[0.365s] Level 5:colcon.colcon_core.verb:set package 'motor_controller' build argument 'cmake_clean_cache' from command line to 'False'
[0.365s] Level 5:colcon.colcon_core.verb:set package 'motor_controller' build argument 'cmake_clean_first' from command line to 'False'
[0.365s] Level 5:colcon.colcon_core.verb:set package 'motor_controller' build argument 'cmake_force_configure' from command line to 'False'
[0.365s] Level 5:colcon.colcon_core.verb:set package 'motor_controller' build argument 'ament_cmake_args' from command line to 'None'
[0.365s] Level 5:colcon.colcon_core.verb:set package 'motor_controller' build argument 'catkin_cmake_args' from command line to 'None'
[0.365s] Level 5:colcon.colcon_core.verb:set package 'motor_controller' build argument 'catkin_skip_building_tests' from command line to 'False'
[0.365s] DEBUG:colcon.colcon_core.verb:Building package 'motor_controller' with the following arguments: {'ament_cmake_args': None, 'build_base': '/home/csanimatronics/CS_Animatronics/src/build/motor_controller', 'catkin_cmake_args': None, 'catkin_skip_building_tests': False, 'cmake_args': None, 'cmake_clean_cache': False, 'cmake_clean_first': False, 'cmake_force_configure': False, 'cmake_target': None, 'cmake_target_skip_unavailable': False, 'install_base': '/home/csanimatronics/CS_Animatronics/src/install/motor_controller', 'merge_install': False, 'path': '/home/csanimatronics/CS_Animatronics/src/motor_controller', 'symlink_install': False, 'test_result_base': None}
[0.366s] Level 5:colcon.colcon_core.verb:set package 'system_controller' build argument 'cmake_args' from command line to 'None'
[0.366s] Level 5:colcon.colcon_core.verb:set package 'system_controller' build argument 'cmake_target' from command line to 'None'
[0.366s] Level 5:colcon.colcon_core.verb:set package 'system_controller' build argument 'cmake_target_skip_unavailable' from command line to 'False'
[0.366s] Level 5:colcon.colcon_core.verb:set package 'system_controller' build argument 'cmake_clean_cache' from command line to 'False'
[0.366s] Level 5:colcon.colcon_core.verb:set package 'system_controller' build argument 'cmake_clean_first' from command line to 'False'
[0.366s] Level 5:colcon.colcon_core.verb:set package 'system_controller' build argument 'cmake_force_configure' from command line to 'False'
[0.366s] Level 5:colcon.colcon_core.verb:set package 'system_controller' build argument 'ament_cmake_args' from command line to 'None'
[0.366s] Level 5:colcon.colcon_core.verb:set package 'system_controller' build argument 'catkin_cmake_args' from command line to 'None'
[0.366s] Level 5:colcon.colcon_core.verb:set package 'system_controller' build argument 'catkin_skip_building_tests' from command line to 'False'
[0.366s] DEBUG:colcon.colcon_core.verb:Building package 'system_controller' with the following arguments: {'ament_cmake_args': None, 'build_base': '/home/csanimatronics/CS_Animatronics/src/build/system_controller', 'catkin_cmake_args': None, 'catkin_skip_building_tests': False, 'cmake_args': None, 'cmake_clean_cache': False, 'cmake_clean_first': False, 'cmake_force_configure': False, 'cmake_target': None, 'cmake_target_skip_unavailable': False, 'install_base': '/home/csanimatronics/CS_Animatronics/src/install/system_controller', 'merge_install': False, 'path': '/home/csanimatronics/CS_Animatronics/src/system_controller', 'symlink_install': False, 'test_result_base': None}
[0.366s] INFO:colcon.colcon_core.executor:Executing jobs using 'parallel' executor
[0.367s] DEBUG:colcon.colcon_parallel_executor.executor.parallel:run_until_complete
[0.368s] INFO:colcon.colcon_ros.task.ament_cmake.build:Building ROS package in '/home/csanimatronics/CS_Animatronics/src/motor_commands' with build type 'ament_cmake'
[0.368s] INFO:colcon.colcon_cmake.task.cmake.build:Building CMake package in '/home/csanimatronics/CS_Animatronics/src/motor_commands'
[0.376s] INFO:colcon.colcon_core.plugin_system:Skipping extension 'colcon_core.shell.bat': Not used on non-Windows systems
[0.377s] INFO:colcon.colcon_core.shell:Skip shell extension 'powershell' for command environment: Not usable outside of PowerShell
[0.377s] DEBUG:colcon.colcon_core.shell:Skip shell extension 'dsv' for command environment
[0.385s] INFO:colcon.colcon_ros.task.ament_cmake.build:Building ROS package in '/home/csanimatronics/CS_Animatronics/src/dynamixel_sdk' with build type 'ament_cmake'
[0.386s] INFO:colcon.colcon_cmake.task.cmake.build:Building CMake package in '/home/csanimatronics/CS_Animatronics/src/dynamixel_sdk'
[0.387s] INFO:colcon.colcon_core.shell:Skip shell extension 'powershell' for command environment: Not usable outside of PowerShell
[0.387s] DEBUG:colcon.colcon_core.shell:Skip shell extension 'dsv' for command environment
[0.392s] INFO:colcon.colcon_ros.task.ament_cmake.build:Building ROS package in '/home/csanimatronics/CS_Animatronics/src/dynamixel_sdk_custom_interfaces' with build type 'ament_cmake'
[0.394s] INFO:colcon.colcon_cmake.task.cmake.build:Building CMake package in '/home/csanimatronics/CS_Animatronics/src/dynamixel_sdk_custom_interfaces'
[0.395s] INFO:colcon.colcon_core.shell:Skip shell extension 'powershell' for command environment: Not usable outside of PowerShell
[0.395s] DEBUG:colcon.colcon_core.shell:Skip shell extension 'dsv' for command environment
[0.403s] INFO:colcon.colcon_ros.task.ament_python.build:Building ROS package in '/home/csanimatronics/CS_Animatronics/src/controller_publisher' with build type 'ament_python'
[0.404s] Level 1:colcon.colcon_core.shell:create_environment_hook('controller_publisher', 'ament_prefix_path')
[0.404s] INFO:colcon.colcon_core.shell:Creating environment hook '/home/csanimatronics/CS_Animatronics/src/install/controller_publisher/share/controller_publisher/hook/ament_prefix_path.ps1'
[0.406s] INFO:colcon.colcon_core.shell:Creating environment descriptor '/home/csanimatronics/CS_Animatronics/src/install/controller_publisher/share/controller_publisher/hook/ament_prefix_path.dsv'
[0.406s] INFO:colcon.colcon_core.shell:Creating environment hook '/home/csanimatronics/CS_Animatronics/src/install/controller_publisher/share/controller_publisher/hook/ament_prefix_path.sh'
[0.408s] INFO:colcon.colcon_core.shell:Skip shell extension 'powershell' for command environment: Not usable outside of PowerShell
[0.408s] DEBUG:colcon.colcon_core.shell:Skip shell extension 'dsv' for command environment
[0.422s] DEBUG:colcon.colcon_core.event_handler.log_command:Invoking command in '/home/csanimatronics/CS_Animatronics/src/build/motor_command_msg': CMAKE_PREFIX_PATH=${CMAKE_PREFIX_PATH}:/opt/ros/jazzy DEBUGINFOD_URLS=https://debuginfod.ubuntu.com /usr/bin/cmake /home/csanimatronics/CS_Animatronics/src/motor_commands -DCMAKE_INSTALL_PREFIX=/home/csanimatronics/CS_Animatronics/src/install/motor_command_msg
[0.425s] DEBUG:colcon.colcon_core.event_handler.log_command:Invoking command in '/home/csanimatronics/CS_Animatronics/src/build/dynamixel_sdk': CMAKE_PREFIX_PATH=${CMAKE_PREFIX_PATH}:/opt/ros/jazzy DEBUGINFOD_URLS=https://debuginfod.ubuntu.com /usr/bin/cmake /home/csanimatronics/CS_Animatronics/src/dynamixel_sdk -DCMAKE_INSTALL_PREFIX=/home/csanimatronics/CS_Animatronics/src/install/dynamixel_sdk
[0.437s] DEBUG:colcon.colcon_core.event_handler.log_command:Invoking command in '/home/csanimatronics/CS_Animatronics/src/build/dynamixel_sdk_custom_interfaces': CMAKE_PREFIX_PATH=${CMAKE_PREFIX_PATH}:/opt/ros/jazzy DEBUGINFOD_URLS=https://debuginfod.ubuntu.com /usr/bin/cmake /home/csanimatronics/CS_Animatronics/src/dynamixel_sdk_custom_interfaces -DCMAKE_INSTALL_PREFIX=/home/csanimatronics/CS_Animatronics/src/install/dynamixel_sdk_custom_interfaces
[1.258s] INFO:colcon.colcon_core.task.python.build:Building Python package in '/home/csanimatronics/CS_Animatronics/src/controller_publisher'
[1.259s] INFO:colcon.colcon_core.shell:Skip shell extension 'powershell' for command environment: Not usable outside of PowerShell
[1.259s] DEBUG:colcon.colcon_core.shell:Skip shell extension 'dsv' for command environment
[2.579s] DEBUG:colcon.colcon_core.event_handler.log_command:Invoked command in '/home/csanimatronics/CS_Animatronics/src/build/dynamixel_sdk' returned '0': CMAKE_PREFIX_PATH=${CMAKE_PREFIX_PATH}:/opt/ros/jazzy DEBUGINFOD_URLS=https://debuginfod.ubuntu.com /usr/bin/cmake /home/csanimatronics/CS_Animatronics/src/dynamixel_sdk -DCMAKE_INSTALL_PREFIX=/home/csanimatronics/CS_Animatronics/src/install/dynamixel_sdk
[2.579s] DEBUG:colcon.colcon_core.event_handler.log_command:Invoking command in '/home/csanimatronics/CS_Animatronics/src/build/dynamixel_sdk': CMAKE_PREFIX_PATH=${CMAKE_PREFIX_PATH}:/opt/ros/jazzy DEBUGINFOD_URLS=https://debuginfod.ubuntu.com /usr/bin/cmake --build /home/csanimatronics/CS_Animatronics/src/build/dynamixel_sdk -- -j4 -l4
[3.359s] DEBUG:colcon.colcon_core.event_handler.log_command:Invoking command in '/home/csanimatronics/CS_Animatronics/src/controller_publisher': DEBUGINFOD_URLS=https://debuginfod.ubuntu.com PYTHONPATH=/home/csanimatronics/CS_Animatronics/src/build/controller_publisher/prefix_override:/usr/lib/python3/dist-packages/colcon_core/task/python/colcon_distutils_commands:/home/csanimatronics/CS_Animatronics/src/install/controller_publisher/lib/python3.12/site-packages:${PYTHONPATH} /usr/bin/python3 -W ignore:setup.py install is deprecated -W ignore:easy_install command is deprecated setup.py egg_info --egg-base ../build/controller_publisher build --build-base /home/csanimatronics/CS_Animatronics/src/build/controller_publisher/build install --record /home/csanimatronics/CS_Animatronics/src/build/controller_publisher/install.log --single-version-externally-managed install_data
[6.184s] DEBUG:colcon.colcon_core.event_handler.log_command:Invoked command in '/home/csanimatronics/CS_Animatronics/src/controller_publisher' returned '0': DEBUGINFOD_URLS=https://debuginfod.ubuntu.com PYTHONPATH=/home/csanimatronics/CS_Animatronics/src/build/controller_publisher/prefix_override:/usr/lib/python3/dist-packages/colcon_core/task/python/colcon_distutils_commands:/home/csanimatronics/CS_Animatronics/src/install/controller_publisher/lib/python3.12/site-packages:${PYTHONPATH} /usr/bin/python3 -W ignore:setup.py install is deprecated -W ignore:easy_install command is deprecated setup.py egg_info --egg-base ../build/controller_publisher build --build-base /home/csanimatronics/CS_Animatronics/src/build/controller_publisher/build install --record /home/csanimatronics/CS_Animatronics/src/build/controller_publisher/install.log --single-version-externally-managed install_data
[6.189s] Level 1:colcon.colcon_core.environment:checking '/home/csanimatronics/CS_Animatronics/src/install/controller_publisher' for CMake module files
[6.190s] Level 1:colcon.colcon_core.environment:checking '/home/csanimatronics/CS_Animatronics/src/install/controller_publisher' for CMake config files
[6.191s] Level 1:colcon.colcon_core.environment:checking '/home/csanimatronics/CS_Animatronics/src/install/controller_publisher/lib'
[6.191s] Level 1:colcon.colcon_core.environment:checking '/home/csanimatronics/CS_Animatronics/src/install/controller_publisher/bin'
[6.191s] Level 1:colcon.colcon_core.environment:checking '/home/csanimatronics/CS_Animatronics/src/install/controller_publisher/lib/pkgconfig/controller_publisher.pc'
[6.191s] Level 1:colcon.colcon_core.environment:checking '/home/csanimatronics/CS_Animatronics/src/install/controller_publisher/lib/python3.12/site-packages'
[6.193s] Level 1:colcon.colcon_core.shell:create_environment_hook('controller_publisher', 'pythonpath')
[6.193s] INFO:colcon.colcon_core.shell:Creating environment hook '/home/csanimatronics/CS_Animatronics/src/install/controller_publisher/share/controller_publisher/hook/pythonpath.ps1'
[6.195s] INFO:colcon.colcon_core.shell:Creating environment descriptor '/home/csanimatronics/CS_Animatronics/src/install/controller_publisher/share/controller_publisher/hook/pythonpath.dsv'
[6.196s] INFO:colcon.colcon_core.shell:Creating environment hook '/home/csanimatronics/CS_Animatronics/src/install/controller_publisher/share/controller_publisher/hook/pythonpath.sh'
[6.197s] Level 1:colcon.colcon_core.environment:checking '/home/csanimatronics/CS_Animatronics/src/install/controller_publisher/bin'
[6.197s] Level 1:colcon.colcon_core.environment:create_environment_scripts_only(controller_publisher)
[6.198s] INFO:colcon.colcon_core.shell:Creating package script '/home/csanimatronics/CS_Animatronics/src/install/controller_publisher/share/controller_publisher/package.ps1'
[6.199s] INFO:colcon.colcon_core.shell:Creating package descriptor '/home/csanimatronics/CS_Animatronics/src/install/controller_publisher/share/controller_publisher/package.dsv'
[6.201s] INFO:colcon.colcon_core.shell:Creating package script '/home/csanimatronics/CS_Animatronics/src/install/controller_publisher/share/controller_publisher/package.sh'
[6.203s] INFO:colcon.colcon_core.shell:Creating package script '/home/csanimatronics/CS_Animatronics/src/install/controller_publisher/share/controller_publisher/package.bash'
[6.204s] INFO:colcon.colcon_core.shell:Creating package script '/home/csanimatronics/CS_Animatronics/src/install/controller_publisher/share/controller_publisher/package.zsh'
[6.205s] Level 1:colcon.colcon_core.environment:create_file_with_runtime_dependencies(/home/csanimatronics/CS_Animatronics/src/install/controller_publisher/share/colcon-core/packages/controller_publisher)
[6.210s] DEBUG:colcon.colcon_core.event_handler.log_command:Invoked command in '/home/csanimatronics/CS_Animatronics/src/build/dynamixel_sdk' returned '0': CMAKE_PREFIX_PATH=${CMAKE_PREFIX_PATH}:/opt/ros/jazzy DEBUGINFOD_URLS=https://debuginfod.ubuntu.com /usr/bin/cmake --build /home/csanimatronics/CS_Animatronics/src/build/dynamixel_sdk -- -j4 -l4
[6.256s] DEBUG:colcon.colcon_core.event_handler.log_command:Invoking command in '/home/csanimatronics/CS_Animatronics/src/build/dynamixel_sdk': CMAKE_PREFIX_PATH=${CMAKE_PREFIX_PATH}:/opt/ros/jazzy DEBUGINFOD_URLS=https://debuginfod.ubuntu.com /usr/bin/cmake --install /home/csanimatronics/CS_Animatronics/src/build/dynamixel_sdk
[6.297s] Level 1:colcon.colcon_core.environment:create_environment_scripts_only(dynamixel_sdk)
[6.297s] Level 1:colcon.colcon_core.environment:checking '/home/csanimatronics/CS_Animatronics/src/install/dynamixel_sdk' for CMake module files
[6.298s] DEBUG:colcon.colcon_core.event_handler.log_command:Invoked command in '/home/csanimatronics/CS_Animatronics/src/build/dynamixel_sdk' returned '0': CMAKE_PREFIX_PATH=${CMAKE_PREFIX_PATH}:/opt/ros/jazzy DEBUGINFOD_URLS=https://debuginfod.ubuntu.com /usr/bin/cmake --install /home/csanimatronics/CS_Animatronics/src/build/dynamixel_sdk
[6.298s] Level 1:colcon.colcon_core.environment:checking '/home/csanimatronics/CS_Animatronics/src/install/dynamixel_sdk' for CMake config files
[6.299s] Level 1:colcon.colcon_core.shell:create_environment_hook('dynamixel_sdk', 'cmake_prefix_path')
[6.299s] INFO:colcon.colcon_core.shell:Creating environment hook '/home/csanimatronics/CS_Animatronics/src/install/dynamixel_sdk/share/dynamixel_sdk/hook/cmake_prefix_path.ps1'
[6.300s] INFO:colcon.colcon_core.shell:Creating environment descriptor '/home/csanimatronics/CS_Animatronics/src/install/dynamixel_sdk/share/dynamixel_sdk/hook/cmake_prefix_path.dsv'
[6.300s] INFO:colcon.colcon_core.shell:Creating environment hook '/home/csanimatronics/CS_Animatronics/src/install/dynamixel_sdk/share/dynamixel_sdk/hook/cmake_prefix_path.sh'
[6.301s] Level 1:colcon.colcon_core.environment:checking '/home/csanimatronics/CS_Animatronics/src/install/dynamixel_sdk/lib'
[6.301s] Level 1:colcon.colcon_core.shell:create_environment_hook('dynamixel_sdk', 'ld_library_path_lib')
[6.301s] INFO:colcon.colcon_core.shell:Creating environment hook '/home/csanimatronics/CS_Animatronics/src/install/dynamixel_sdk/share/dynamixel_sdk/hook/ld_library_path_lib.ps1'
[6.302s] INFO:colcon.colcon_core.shell:Creating environment descriptor '/home/csanimatronics/CS_Animatronics/src/install/dynamixel_sdk/share/dynamixel_sdk/hook/ld_library_path_lib.dsv'
[6.302s] INFO:colcon.colcon_core.shell:Creating environment hook '/home/csanimatronics/CS_Animatronics/src/install/dynamixel_sdk/share/dynamixel_sdk/hook/ld_library_path_lib.sh'
[6.303s] Level 1:colcon.colcon_core.environment:checking '/home/csanimatronics/CS_Animatronics/src/install/dynamixel_sdk/bin'
[6.303s] Level 1:colcon.colcon_core.environment:checking '/home/csanimatronics/CS_Animatronics/src/install/dynamixel_sdk/lib/pkgconfig/dynamixel_sdk.pc'
[6.303s] Level 1:colcon.colcon_core.environment:checking '/home/csanimatronics/CS_Animatronics/src/install/dynamixel_sdk/lib/python3.12/site-packages'
[6.304s] Level 1:colcon.colcon_core.environment:checking '/home/csanimatronics/CS_Animatronics/src/install/dynamixel_sdk/bin'
[6.304s] INFO:colcon.colcon_core.shell:Creating package script '/home/csanimatronics/CS_Animatronics/src/install/dynamixel_sdk/share/dynamixel_sdk/package.ps1'
[6.305s] INFO:colcon.colcon_core.shell:Creating package descriptor '/home/csanimatronics/CS_Animatronics/src/install/dynamixel_sdk/share/dynamixel_sdk/package.dsv'
[6.306s] INFO:colcon.colcon_core.shell:Creating package script '/home/csanimatronics/CS_Animatronics/src/install/dynamixel_sdk/share/dynamixel_sdk/package.sh'
[6.306s] INFO:colcon.colcon_core.shell:Creating package script '/home/csanimatronics/CS_Animatronics/src/install/dynamixel_sdk/share/dynamixel_sdk/package.bash'
[6.307s] INFO:colcon.colcon_core.shell:Creating package script '/home/csanimatronics/CS_Animatronics/src/install/dynamixel_sdk/share/dynamixel_sdk/package.zsh'
[6.307s] Level 1:colcon.colcon_core.environment:create_file_with_runtime_dependencies(/home/csanimatronics/CS_Animatronics/src/install/dynamixel_sdk/share/colcon-core/packages/dynamixel_sdk)
[6.308s] Level 1:colcon.colcon_core.environment:create_environment_scripts_only(dynamixel_sdk)
[6.308s] Level 1:colcon.colcon_core.environment:checking '/home/csanimatronics/CS_Animatronics/src/install/dynamixel_sdk' for CMake module files
[6.309s] Level 1:colcon.colcon_core.environment:checking '/home/csanimatronics/CS_Animatronics/src/install/dynamixel_sdk' for CMake config files
[6.310s] Level 1:colcon.colcon_core.shell:create_environment_hook('dynamixel_sdk', 'cmake_prefix_path')
[6.310s] INFO:colcon.colcon_core.shell:Creating environment hook '/home/csanimatronics/CS_Animatronics/src/install/dynamixel_sdk/share/dynamixel_sdk/hook/cmake_prefix_path.ps1'
[6.311s] INFO:colcon.colcon_core.shell:Creating environment descriptor '/home/csanimatronics/CS_Animatronics/src/install/dynamixel_sdk/share/dynamixel_sdk/hook/cmake_prefix_path.dsv'
[6.311s] INFO:colcon.colcon_core.shell:Creating environment hook '/home/csanimatronics/CS_Animatronics/src/install/dynamixel_sdk/share/dynamixel_sdk/hook/cmake_prefix_path.sh'
[6.312s] Level 1:colcon.colcon_core.environment:checking '/home/csanimatronics/CS_Animatronics/src/install/dynamixel_sdk/lib'
[6.312s] Level 1:colcon.colcon_core.shell:create_environment_hook('dynamixel_sdk', 'ld_library_path_lib')
[6.313s] INFO:colcon.colcon_core.shell:Creating environment hook '/home/csanimatronics/CS_Animatronics/src/install/dynamixel_sdk/share/dynamixel_sdk/hook/ld_library_path_lib.ps1'
[6.314s] INFO:colcon.colcon_core.shell:Creating environment descriptor '/home/csanimatronics/CS_Animatronics/src/install/dynamixel_sdk/share/dynamixel_sdk/hook/ld_library_path_lib.dsv'
[6.314s] INFO:colcon.colcon_core.shell:Creating environment hook '/home/csanimatronics/CS_Animatronics/src/install/dynamixel_sdk/share/dynamixel_sdk/hook/ld_library_path_lib.sh'
[6.315s] Level 1:colcon.colcon_core.environment:checking '/home/csanimatronics/CS_Animatronics/src/install/dynamixel_sdk/bin'
[6.316s] Level 1:colcon.colcon_core.environment:checking '/home/csanimatronics/CS_Animatronics/src/install/dynamixel_sdk/lib/pkgconfig/dynamixel_sdk.pc'
[6.316s] Level 1:colcon.colcon_core.environment:checking '/home/csanimatronics/CS_Animatronics/src/install/dynamixel_sdk/lib/python3.12/site-packages'
[6.316s] Level 1:colcon.colcon_core.environment:checking '/home/csanimatronics/CS_Animatronics/src/install/dynamixel_sdk/bin'
[6.317s] INFO:colcon.colcon_core.shell:Creating package script '/home/csanimatronics/CS_Animatronics/src/install/dynamixel_sdk/share/dynamixel_sdk/package.ps1'
[6.318s] INFO:colcon.colcon_core.shell:Creating package descriptor '/home/csanimatronics/CS_Animatronics/src/install/dynamixel_sdk/share/dynamixel_sdk/package.dsv'
[6.319s] INFO:colcon.colcon_core.shell:Creating package script '/home/csanimatronics/CS_Animatronics/src/install/dynamixel_sdk/share/dynamixel_sdk/package.sh'
[6.320s] INFO:colcon.colcon_core.shell:Creating package script '/home/csanimatronics/CS_Animatronics/src/install/dynamixel_sdk/share/dynamixel_sdk/package.bash'
[6.321s] INFO:colcon.colcon_core.shell:Creating package script '/home/csanimatronics/CS_Animatronics/src/install/dynamixel_sdk/share/dynamixel_sdk/package.zsh'
[6.322s] Level 1:colcon.colcon_core.environment:create_file_with_runtime_dependencies(/home/csanimatronics/CS_Animatronics/src/install/dynamixel_sdk/share/colcon-core/packages/dynamixel_sdk)
[9.370s] DEBUG:colcon.colcon_core.event_handler.log_command:Invoked command in '/home/csanimatronics/CS_Animatronics/src/build/motor_command_msg' returned '0': CMAKE_PREFIX_PATH=${CMAKE_PREFIX_PATH}:/opt/ros/jazzy DEBUGINFOD_URLS=https://debuginfod.ubuntu.com /usr/bin/cmake /home/csanimatronics/CS_Animatronics/src/motor_commands -DCMAKE_INSTALL_PREFIX=/home/csanimatronics/CS_Animatronics/src/install/motor_command_msg
[9.372s] DEBUG:colcon.colcon_core.event_handler.log_command:Invoking command in '/home/csanimatronics/CS_Animatronics/src/build/motor_command_msg': CMAKE_PREFIX_PATH=${CMAKE_PREFIX_PATH}:/opt/ros/jazzy DEBUGINFOD_URLS=https://debuginfod.ubuntu.com /usr/bin/cmake --build /home/csanimatronics/CS_Animatronics/src/build/motor_command_msg -- -j4 -l4
[9.539s] DEBUG:colcon.colcon_core.event_handler.log_command:Invoked command in '/home/csanimatronics/CS_Animatronics/src/build/dynamixel_sdk_custom_interfaces' returned '0': CMAKE_PREFIX_PATH=${CMAKE_PREFIX_PATH}:/opt/ros/jazzy DEBUGINFOD_URLS=https://debuginfod.ubuntu.com /usr/bin/cmake /home/csanimatronics/CS_Animatronics/src/dynamixel_sdk_custom_interfaces -DCMAKE_INSTALL_PREFIX=/home/csanimatronics/CS_Animatronics/src/install/dynamixel_sdk_custom_interfaces
[9.540s] DEBUG:colcon.colcon_core.event_handler.log_command:Invoking command in '/home/csanimatronics/CS_Animatronics/src/build/dynamixel_sdk_custom_interfaces': CMAKE_PREFIX_PATH=${CMAKE_PREFIX_PATH}:/opt/ros/jazzy DEBUGINFOD_URLS=https://debuginfod.ubuntu.com /usr/bin/cmake --build /home/csanimatronics/CS_Animatronics/src/build/dynamixel_sdk_custom_interfaces -- -j4 -l4
[18.887s] DEBUG:colcon.colcon_core.event_handler.log_command:Invoked command in '/home/csanimatronics/CS_Animatronics/src/build/motor_command_msg' returned '0': CMAKE_PREFIX_PATH=${CMAKE_PREFIX_PATH}:/opt/ros/jazzy DEBUGINFOD_URLS=https://debuginfod.ubuntu.com /usr/bin/cmake --build /home/csanimatronics/CS_Animatronics/src/build/motor_command_msg -- -j4 -l4
[18.890s] DEBUG:colcon.colcon_core.event_handler.log_command:Invoking command in '/home/csanimatronics/CS_Animatronics/src/build/motor_command_msg': CMAKE_PREFIX_PATH=${CMAKE_PREFIX_PATH}:/opt/ros/jazzy DEBUGINFOD_URLS=https://debuginfod.ubuntu.com /usr/bin/cmake --install /home/csanimatronics/CS_Animatronics/src/build/motor_command_msg
[19.044s] Level 1:colcon.colcon_core.environment:create_environment_scripts_only(motor_command_msg)
[19.045s] Level 1:colcon.colcon_core.environment:checking '/home/csanimatronics/CS_Animatronics/src/install/motor_command_msg' for CMake module files
[19.045s] DEBUG:colcon.colcon_core.event_handler.log_command:Invoked command in '/home/csanimatronics/CS_Animatronics/src/build/motor_command_msg' returned '0': CMAKE_PREFIX_PATH=${CMAKE_PREFIX_PATH}:/opt/ros/jazzy DEBUGINFOD_URLS=https://debuginfod.ubuntu.com /usr/bin/cmake --install /home/csanimatronics/CS_Animatronics/src/build/motor_command_msg
[19.046s] Level 1:colcon.colcon_core.environment:checking '/home/csanimatronics/CS_Animatronics/src/install/motor_command_msg' for CMake config files
[19.047s] Level 1:colcon.colcon_core.shell:create_environment_hook('motor_command_msg', 'cmake_prefix_path')
[19.047s] INFO:colcon.colcon_core.shell:Creating environment hook '/home/csanimatronics/CS_Animatronics/src/install/motor_command_msg/share/motor_command_msg/hook/cmake_prefix_path.ps1'
[19.048s] INFO:colcon.colcon_core.shell:Creating environment descriptor '/home/csanimatronics/CS_Animatronics/src/install/motor_command_msg/share/motor_command_msg/hook/cmake_prefix_path.dsv'
[19.048s] INFO:colcon.colcon_core.shell:Creating environment hook '/home/csanimatronics/CS_Animatronics/src/install/motor_command_msg/share/motor_command_msg/hook/cmake_prefix_path.sh'
[19.049s] Level 1:colcon.colcon_core.environment:checking '/home/csanimatronics/CS_Animatronics/src/install/motor_command_msg/lib'
[19.049s] Level 1:colcon.colcon_core.shell:create_environment_hook('motor_command_msg', 'ld_library_path_lib')
[19.049s] INFO:colcon.colcon_core.shell:Creating environment hook '/home/csanimatronics/CS_Animatronics/src/install/motor_command_msg/share/motor_command_msg/hook/ld_library_path_lib.ps1'
[19.050s] INFO:colcon.colcon_core.shell:Creating environment descriptor '/home/csanimatronics/CS_Animatronics/src/install/motor_command_msg/share/motor_command_msg/hook/ld_library_path_lib.dsv'
[19.050s] INFO:colcon.colcon_core.shell:Creating environment hook '/home/csanimatronics/CS_Animatronics/src/install/motor_command_msg/share/motor_command_msg/hook/ld_library_path_lib.sh'
[19.050s] Level 1:colcon.colcon_core.environment:checking '/home/csanimatronics/CS_Animatronics/src/install/motor_command_msg/bin'
[19.051s] Level 1:colcon.colcon_core.environment:checking '/home/csanimatronics/CS_Animatronics/src/install/motor_command_msg/lib/pkgconfig/motor_command_msg.pc'
[19.051s] Level 1:colcon.colcon_core.environment:checking '/home/csanimatronics/CS_Animatronics/src/install/motor_command_msg/lib/python3.12/site-packages'
[19.051s] Level 1:colcon.colcon_core.shell:create_environment_hook('motor_command_msg', 'pythonpath')
[19.051s] INFO:colcon.colcon_core.shell:Creating environment hook '/home/csanimatronics/CS_Animatronics/src/install/motor_command_msg/share/motor_command_msg/hook/pythonpath.ps1'
[19.052s] INFO:colcon.colcon_core.shell:Creating environment descriptor '/home/csanimatronics/CS_Animatronics/src/install/motor_command_msg/share/motor_command_msg/hook/pythonpath.dsv'
[19.054s] INFO:colcon.colcon_core.shell:Creating environment hook '/home/csanimatronics/CS_Animatronics/src/install/motor_command_msg/share/motor_command_msg/hook/pythonpath.sh'
[19.058s] Level 1:colcon.colcon_core.environment:checking '/home/csanimatronics/CS_Animatronics/src/install/motor_command_msg/bin'
[19.061s] INFO:colcon.colcon_core.shell:Creating package script '/home/csanimatronics/CS_Animatronics/src/install/motor_command_msg/share/motor_command_msg/package.ps1'
[19.064s] INFO:colcon.colcon_core.shell:Creating package descriptor '/home/csanimatronics/CS_Animatronics/src/install/motor_command_msg/share/motor_command_msg/package.dsv'
[19.065s] INFO:colcon.colcon_core.shell:Creating package script '/home/csanimatronics/CS_Animatronics/src/install/motor_command_msg/share/motor_command_msg/package.sh'
[19.066s] INFO:colcon.colcon_core.shell:Creating package script '/home/csanimatronics/CS_Animatronics/src/install/motor_command_msg/share/motor_command_msg/package.bash'
[19.069s] INFO:colcon.colcon_core.shell:Creating package script '/home/csanimatronics/CS_Animatronics/src/install/motor_command_msg/share/motor_command_msg/package.zsh'
[19.071s] Level 1:colcon.colcon_core.environment:create_file_with_runtime_dependencies(/home/csanimatronics/CS_Animatronics/src/install/motor_command_msg/share/colcon-core/packages/motor_command_msg)
[19.072s] Level 1:colcon.colcon_core.environment:create_environment_scripts_only(motor_command_msg)
[19.073s] Level 1:colcon.colcon_core.environment:checking '/home/csanimatronics/CS_Animatronics/src/install/motor_command_msg' for CMake module files
[19.074s] Level 1:colcon.colcon_core.environment:checking '/home/csanimatronics/CS_Animatronics/src/install/motor_command_msg' for CMake config files
[19.076s] Level 1:colcon.colcon_core.shell:create_environment_hook('motor_command_msg', 'cmake_prefix_path')
[19.078s] INFO:colcon.colcon_core.shell:Creating environment hook '/home/csanimatronics/CS_Animatronics/src/install/motor_command_msg/share/motor_command_msg/hook/cmake_prefix_path.ps1'
[19.085s] INFO:colcon.colcon_core.shell:Creating environment descriptor '/home/csanimatronics/CS_Animatronics/src/install/motor_command_msg/share/motor_command_msg/hook/cmake_prefix_path.dsv'
[19.086s] INFO:colcon.colcon_core.shell:Creating environment hook '/home/csanimatronics/CS_Animatronics/src/install/motor_command_msg/share/motor_command_msg/hook/cmake_prefix_path.sh'
[19.088s] Level 1:colcon.colcon_core.environment:checking '/home/csanimatronics/CS_Animatronics/src/install/motor_command_msg/lib'
[19.088s] Level 1:colcon.colcon_core.shell:create_environment_hook('motor_command_msg', 'ld_library_path_lib')
[19.089s] INFO:colcon.colcon_core.shell:Creating environment hook '/home/csanimatronics/CS_Animatronics/src/install/motor_command_msg/share/motor_command_msg/hook/ld_library_path_lib.ps1'
[19.093s] INFO:colcon.colcon_core.shell:Creating environment descriptor '/home/csanimatronics/CS_Animatronics/src/install/motor_command_msg/share/motor_command_msg/hook/ld_library_path_lib.dsv'
[19.096s] INFO:colcon.colcon_core.shell:Creating environment hook '/home/csanimatronics/CS_Animatronics/src/install/motor_command_msg/share/motor_command_msg/hook/ld_library_path_lib.sh'
[19.097s] Level 1:colcon.colcon_core.environment:checking '/home/csanimatronics/CS_Animatronics/src/install/motor_command_msg/bin'
[19.097s] Level 1:colcon.colcon_core.environment:checking '/home/csanimatronics/CS_Animatronics/src/install/motor_command_msg/lib/pkgconfig/motor_command_msg.pc'
[19.098s] Level 1:colcon.colcon_core.environment:checking '/home/csanimatronics/CS_Animatronics/src/install/motor_command_msg/lib/python3.12/site-packages'
[19.098s] Level 1:colcon.colcon_core.shell:create_environment_hook('motor_command_msg', 'pythonpath')
[19.099s] INFO:colcon.colcon_core.shell:Creating environment hook '/home/csanimatronics/CS_Animatronics/src/install/motor_command_msg/share/motor_command_msg/hook/pythonpath.ps1'
[19.099s] INFO:colcon.colcon_core.shell:Creating environment descriptor '/home/csanimatronics/CS_Animatronics/src/install/motor_command_msg/share/motor_command_msg/hook/pythonpath.dsv'
[19.100s] INFO:colcon.colcon_core.shell:Creating environment hook '/home/csanimatronics/CS_Animatronics/src/install/motor_command_msg/share/motor_command_msg/hook/pythonpath.sh'
[19.101s] Level 1:colcon.colcon_core.environment:checking '/home/csanimatronics/CS_Animatronics/src/install/motor_command_msg/bin'
[19.101s] INFO:colcon.colcon_core.shell:Creating package script '/home/csanimatronics/CS_Animatronics/src/install/motor_command_msg/share/motor_command_msg/package.ps1'
[19.102s] INFO:colcon.colcon_core.shell:Creating package descriptor '/home/csanimatronics/CS_Animatronics/src/install/motor_command_msg/share/motor_command_msg/package.dsv'
[19.103s] INFO:colcon.colcon_core.shell:Creating package script '/home/csanimatronics/CS_Animatronics/src/install/motor_command_msg/share/motor_command_msg/package.sh'
[19.104s] INFO:colcon.colcon_core.shell:Creating package script '/home/csanimatronics/CS_Animatronics/src/install/motor_command_msg/share/motor_command_msg/package.bash'
[19.104s] INFO:colcon.colcon_core.shell:Creating package script '/home/csanimatronics/CS_Animatronics/src/install/motor_command_msg/share/motor_command_msg/package.zsh'
[19.105s] Level 1:colcon.colcon_core.environment:create_file_with_runtime_dependencies(/home/csanimatronics/CS_Animatronics/src/install/motor_command_msg/share/colcon-core/packages/motor_command_msg)
[19.105s] INFO:colcon.colcon_ros.task.ament_python.build:Building ROS package in '/home/csanimatronics/CS_Animatronics/src/motion_editor' with build type 'ament_python'
[19.106s] Level 1:colcon.colcon_core.shell:create_environment_hook('motion_editor', 'ament_prefix_path')
[19.106s] INFO:colcon.colcon_core.shell:Creating environment hook '/home/csanimatronics/CS_Animatronics/src/install/motion_editor/share/motion_editor/hook/ament_prefix_path.ps1'
[19.107s] INFO:colcon.colcon_core.shell:Creating environment descriptor '/home/csanimatronics/CS_Animatronics/src/install/motion_editor/share/motion_editor/hook/ament_prefix_path.dsv'
[19.108s] INFO:colcon.colcon_core.shell:Creating environment hook '/home/csanimatronics/CS_Animatronics/src/install/motion_editor/share/motion_editor/hook/ament_prefix_path.sh'
[19.109s] INFO:colcon.colcon_core.shell:Skip shell extension 'powershell' for command environment: Not usable outside of PowerShell
[19.109s] DEBUG:colcon.colcon_core.shell:Skip shell extension 'dsv' for command environment
[19.117s] INFO:colcon.colcon_ros.task.ament_python.build:Building ROS package in '/home/csanimatronics/CS_Animatronics/src/system_controller' with build type 'ament_python'
[19.118s] Level 1:colcon.colcon_core.shell:create_environment_hook('system_controller', 'ament_prefix_path')
[19.121s] INFO:colcon.colcon_core.shell:Creating environment hook '/home/csanimatronics/CS_Animatronics/src/install/system_controller/share/system_controller/hook/ament_prefix_path.ps1'
[19.123s] INFO:colcon.colcon_core.shell:Creating environment descriptor '/home/csanimatronics/CS_Animatronics/src/install/system_controller/share/system_controller/hook/ament_prefix_path.dsv'
[19.124s] INFO:colcon.colcon_core.shell:Creating environment hook '/home/csanimatronics/CS_Animatronics/src/install/system_controller/share/system_controller/hook/ament_prefix_path.sh'
[19.126s] INFO:colcon.colcon_core.shell:Skip shell extension 'powershell' for command environment: Not usable outside of PowerShell
[19.126s] DEBUG:colcon.colcon_core.shell:Skip shell extension 'dsv' for command environment
[19.573s] INFO:colcon.colcon_core.task.python.build:Building Python package in '/home/csanimatronics/CS_Animatronics/src/motion_editor'
[19.574s] INFO:colcon.colcon_core.shell:Skip shell extension 'powershell' for command environment: Not usable outside of PowerShell
[19.574s] DEBUG:colcon.colcon_core.shell:Skip shell extension 'dsv' for command environment
[20.001s] INFO:colcon.colcon_core.task.python.build:Building Python package in '/home/csanimatronics/CS_Animatronics/src/system_controller'
[20.002s] INFO:colcon.colcon_core.shell:Skip shell extension 'powershell' for command environment: Not usable outside of PowerShell
[20.002s] DEBUG:colcon.colcon_core.shell:Skip shell extension 'dsv' for command environment
[21.144s] DEBUG:colcon.colcon_core.event_handler.log_command:Invoked command in '/home/csanimatronics/CS_Animatronics/src/build/dynamixel_sdk_custom_interfaces' returned '0': CMAKE_PREFIX_PATH=${CMAKE_PREFIX_PATH}:/opt/ros/jazzy DEBUGINFOD_URLS=https://debuginfod.ubuntu.com /usr/bin/cmake --build /home/csanimatronics/CS_Animatronics/src/build/dynamixel_sdk_custom_interfaces -- -j4 -l4
[21.146s] DEBUG:colcon.colcon_core.event_handler.log_command:Invoking command in '/home/csanimatronics/CS_Animatronics/src/build/dynamixel_sdk_custom_interfaces': CMAKE_PREFIX_PATH=${CMAKE_PREFIX_PATH}:/opt/ros/jazzy DEBUGINFOD_URLS=https://debuginfod.ubuntu.com /usr/bin/cmake --install /home/csanimatronics/CS_Animatronics/src/build/dynamixel_sdk_custom_interfaces
[21.344s] Level 1:colcon.colcon_core.environment:create_environment_scripts_only(dynamixel_sdk_custom_interfaces)
[21.345s] Level 1:colcon.colcon_core.environment:checking '/home/csanimatronics/CS_Animatronics/src/install/dynamixel_sdk_custom_interfaces' for CMake module files
[21.346s] Level 1:colcon.colcon_core.environment:checking '/home/csanimatronics/CS_Animatronics/src/install/dynamixel_sdk_custom_interfaces' for CMake config files
[21.347s] Level 1:colcon.colcon_core.shell:create_environment_hook('dynamixel_sdk_custom_interfaces', 'cmake_prefix_path')
[21.347s] INFO:colcon.colcon_core.shell:Creating environment hook '/home/csanimatronics/CS_Animatronics/src/install/dynamixel_sdk_custom_interfaces/share/dynamixel_sdk_custom_interfaces/hook/cmake_prefix_path.ps1'
[21.348s] DEBUG:colcon.colcon_core.event_handler.log_command:Invoked command in '/home/csanimatronics/CS_Animatronics/src/build/dynamixel_sdk_custom_interfaces' returned '0': CMAKE_PREFIX_PATH=${CMAKE_PREFIX_PATH}:/opt/ros/jazzy DEBUGINFOD_URLS=https://debuginfod.ubuntu.com /usr/bin/cmake --install /home/csanimatronics/CS_Animatronics/src/build/dynamixel_sdk_custom_interfaces
[21.349s] INFO:colcon.colcon_core.shell:Creating environment descriptor '/home/csanimatronics/CS_Animatronics/src/install/dynamixel_sdk_custom_interfaces/share/dynamixel_sdk_custom_interfaces/hook/cmake_prefix_path.dsv'
[21.349s] INFO:colcon.colcon_core.shell:Creating environment hook '/home/csanimatronics/CS_Animatronics/src/install/dynamixel_sdk_custom_interfaces/share/dynamixel_sdk_custom_interfaces/hook/cmake_prefix_path.sh'
[21.350s] Level 1:colcon.colcon_core.environment:checking '/home/csanimatronics/CS_Animatronics/src/install/dynamixel_sdk_custom_interfaces/lib'
[21.350s] Level 1:colcon.colcon_core.shell:create_environment_hook('dynamixel_sdk_custom_interfaces', 'ld_library_path_lib')
[21.351s] INFO:colcon.colcon_core.shell:Creating environment hook '/home/csanimatronics/CS_Animatronics/src/install/dynamixel_sdk_custom_interfaces/share/dynamixel_sdk_custom_interfaces/hook/ld_library_path_lib.ps1'
[21.351s] INFO:colcon.colcon_core.shell:Creating environment descriptor '/home/csanimatronics/CS_Animatronics/src/install/dynamixel_sdk_custom_interfaces/share/dynamixel_sdk_custom_interfaces/hook/ld_library_path_lib.dsv'
[21.352s] INFO:colcon.colcon_core.shell:Creating environment hook '/home/csanimatronics/CS_Animatronics/src/install/dynamixel_sdk_custom_interfaces/share/dynamixel_sdk_custom_interfaces/hook/ld_library_path_lib.sh'
[21.353s] Level 1:colcon.colcon_core.environment:checking '/home/csanimatronics/CS_Animatronics/src/install/dynamixel_sdk_custom_interfaces/bin'
[21.353s] Level 1:colcon.colcon_core.environment:checking '/home/csanimatronics/CS_Animatronics/src/install/dynamixel_sdk_custom_interfaces/lib/pkgconfig/dynamixel_sdk_custom_interfaces.pc'
[21.354s] Level 1:colcon.colcon_core.environment:checking '/home/csanimatronics/CS_Animatronics/src/install/dynamixel_sdk_custom_interfaces/lib/python3.12/site-packages'
[21.354s] Level 1:colcon.colcon_core.shell:create_environment_hook('dynamixel_sdk_custom_interfaces', 'pythonpath')
[21.354s] INFO:colcon.colcon_core.shell:Creating environment hook '/home/csanimatronics/CS_Animatronics/src/install/dynamixel_sdk_custom_interfaces/share/dynamixel_sdk_custom_interfaces/hook/pythonpath.ps1'
[21.355s] INFO:colcon.colcon_core.shell:Creating environment descriptor '/home/csanimatronics/CS_Animatronics/src/install/dynamixel_sdk_custom_interfaces/share/dynamixel_sdk_custom_interfaces/hook/pythonpath.dsv'
[21.356s] INFO:colcon.colcon_core.shell:Creating environment hook '/home/csanimatronics/CS_Animatronics/src/install/dynamixel_sdk_custom_interfaces/share/dynamixel_sdk_custom_interfaces/hook/pythonpath.sh'
[21.356s] Level 1:colcon.colcon_core.environment:checking '/home/csanimatronics/CS_Animatronics/src/install/dynamixel_sdk_custom_interfaces/bin'
[21.357s] INFO:colcon.colcon_core.shell:Creating package script '/home/csanimatronics/CS_Animatronics/src/install/dynamixel_sdk_custom_interfaces/share/dynamixel_sdk_custom_interfaces/package.ps1'
[21.358s] INFO:colcon.colcon_core.shell:Creating package descriptor '/home/csanimatronics/CS_Animatronics/src/install/dynamixel_sdk_custom_interfaces/share/dynamixel_sdk_custom_interfaces/package.dsv'
[21.359s] INFO:colcon.colcon_core.shell:Creating package script '/home/csanimatronics/CS_Animatronics/src/install/dynamixel_sdk_custom_interfaces/share/dynamixel_sdk_custom_interfaces/package.sh'
[21.360s] INFO:colcon.colcon_core.shell:Creating package script '/home/csanimatronics/CS_Animatronics/src/install/dynamixel_sdk_custom_interfaces/share/dynamixel_sdk_custom_interfaces/package.bash'
[21.360s] INFO:colcon.colcon_core.shell:Creating package script '/home/csanimatronics/CS_Animatronics/src/install/dynamixel_sdk_custom_interfaces/share/dynamixel_sdk_custom_interfaces/package.zsh'
[21.361s] Level 1:colcon.colcon_core.environment:create_file_with_runtime_dependencies(/home/csanimatronics/CS_Animatronics/src/install/dynamixel_sdk_custom_interfaces/share/colcon-core/packages/dynamixel_sdk_custom_interfaces)
[21.362s] Level 1:colcon.colcon_core.environment:create_environment_scripts_only(dynamixel_sdk_custom_interfaces)
[21.362s] Level 1:colcon.colcon_core.environment:checking '/home/csanimatronics/CS_Animatronics/src/install/dynamixel_sdk_custom_interfaces' for CMake module files
[21.363s] Level 1:colcon.colcon_core.environment:checking '/home/csanimatronics/CS_Animatronics/src/install/dynamixel_sdk_custom_interfaces' for CMake config files
[21.364s] Level 1:colcon.colcon_core.shell:create_environment_hook('dynamixel_sdk_custom_interfaces', 'cmake_prefix_path')
[21.365s] INFO:colcon.colcon_core.shell:Creating environment hook '/home/csanimatronics/CS_Animatronics/src/install/dynamixel_sdk_custom_interfaces/share/dynamixel_sdk_custom_interfaces/hook/cmake_prefix_path.ps1'
[21.366s] INFO:colcon.colcon_core.shell:Creating environment descriptor '/home/csanimatronics/CS_Animatronics/src/install/dynamixel_sdk_custom_interfaces/share/dynamixel_sdk_custom_interfaces/hook/cmake_prefix_path.dsv'
[21.366s] INFO:colcon.colcon_core.shell:Creating environment hook '/home/csanimatronics/CS_Animatronics/src/install/dynamixel_sdk_custom_interfaces/share/dynamixel_sdk_custom_interfaces/hook/cmake_prefix_path.sh'
[21.368s] Level 1:colcon.colcon_core.environment:checking '/home/csanimatronics/CS_Animatronics/src/install/dynamixel_sdk_custom_interfaces/lib'
[21.368s] Level 1:colcon.colcon_core.shell:create_environment_hook('dynamixel_sdk_custom_interfaces', 'ld_library_path_lib')
[21.368s] INFO:colcon.colcon_core.shell:Creating environment hook '/home/csanimatronics/CS_Animatronics/src/install/dynamixel_sdk_custom_interfaces/share/dynamixel_sdk_custom_interfaces/hook/ld_library_path_lib.ps1'
[21.372s] INFO:colcon.colcon_core.shell:Creating environment descriptor '/home/csanimatronics/CS_Animatronics/src/install/dynamixel_sdk_custom_interfaces/share/dynamixel_sdk_custom_interfaces/hook/ld_library_path_lib.dsv'
[21.373s] INFO:colcon.colcon_core.shell:Creating environment hook '/home/csanimatronics/CS_Animatronics/src/install/dynamixel_sdk_custom_interfaces/share/dynamixel_sdk_custom_interfaces/hook/ld_library_path_lib.sh'
[21.374s] Level 1:colcon.colcon_core.environment:checking '/home/csanimatronics/CS_Animatronics/src/install/dynamixel_sdk_custom_interfaces/bin'
[21.374s] Level 1:colcon.colcon_core.environment:checking '/home/csanimatronics/CS_Animatronics/src/install/dynamixel_sdk_custom_interfaces/lib/pkgconfig/dynamixel_sdk_custom_interfaces.pc'
[21.378s] Level 1:colcon.colcon_core.environment:checking '/home/csanimatronics/CS_Animatronics/src/install/dynamixel_sdk_custom_interfaces/lib/python3.12/site-packages'
[21.379s] Level 1:colcon.colcon_core.shell:create_environment_hook('dynamixel_sdk_custom_interfaces', 'pythonpath')
[21.379s] INFO:colcon.colcon_core.shell:Creating environment hook '/home/csanimatronics/CS_Animatronics/src/install/dynamixel_sdk_custom_interfaces/share/dynamixel_sdk_custom_interfaces/hook/pythonpath.ps1'
[21.380s] INFO:colcon.colcon_core.shell:Creating environment descriptor '/home/csanimatronics/CS_Animatronics/src/install/dynamixel_sdk_custom_interfaces/share/dynamixel_sdk_custom_interfaces/hook/pythonpath.dsv'
[21.381s] INFO:colcon.colcon_core.shell:Creating environment hook '/home/csanimatronics/CS_Animatronics/src/install/dynamixel_sdk_custom_interfaces/share/dynamixel_sdk_custom_interfaces/hook/pythonpath.sh'
[21.385s] Level 1:colcon.colcon_core.environment:checking '/home/csanimatronics/CS_Animatronics/src/install/dynamixel_sdk_custom_interfaces/bin'
[21.386s] INFO:colcon.colcon_core.shell:Creating package script '/home/csanimatronics/CS_Animatronics/src/install/dynamixel_sdk_custom_interfaces/share/dynamixel_sdk_custom_interfaces/package.ps1'
[21.388s] INFO:colcon.colcon_core.shell:Creating package descriptor '/home/csanimatronics/CS_Animatronics/src/install/dynamixel_sdk_custom_interfaces/share/dynamixel_sdk_custom_interfaces/package.dsv'
[21.393s] INFO:colcon.colcon_core.shell:Creating package script '/home/csanimatronics/CS_Animatronics/src/install/dynamixel_sdk_custom_interfaces/share/dynamixel_sdk_custom_interfaces/package.sh'
[21.395s] INFO:colcon.colcon_core.shell:Creating package script '/home/csanimatronics/CS_Animatronics/src/install/dynamixel_sdk_custom_interfaces/share/dynamixel_sdk_custom_interfaces/package.bash'
[21.397s] INFO:colcon.colcon_core.shell:Creating package script '/home/csanimatronics/CS_Animatronics/src/install/dynamixel_sdk_custom_interfaces/share/dynamixel_sdk_custom_interfaces/package.zsh'
[21.399s] Level 1:colcon.colcon_core.environment:create_file_with_runtime_dependencies(/home/csanimatronics/CS_Animatronics/src/install/dynamixel_sdk_custom_interfaces/share/colcon-core/packages/dynamixel_sdk_custom_interfaces)
[21.399s] INFO:colcon.colcon_ros.task.ament_python.build:Building ROS package in '/home/csanimatronics/CS_Animatronics/src/motor_controller' with build type 'ament_python'
[21.400s] Level 1:colcon.colcon_core.shell:create_environment_hook('motor_controller', 'ament_prefix_path')
[21.400s] INFO:colcon.colcon_core.shell:Creating environment hook '/home/csanimatronics/CS_Animatronics/src/install/motor_controller/share/motor_controller/hook/ament_prefix_path.ps1'
[21.402s] INFO:colcon.colcon_core.shell:Creating environment descriptor '/home/csanimatronics/CS_Animatronics/src/install/motor_controller/share/motor_controller/hook/ament_prefix_path.dsv'
[21.402s] INFO:colcon.colcon_core.shell:Creating environment hook '/home/csanimatronics/CS_Animatronics/src/install/motor_controller/share/motor_controller/hook/ament_prefix_path.sh'
[21.403s] INFO:colcon.colcon_core.shell:Skip shell extension 'powershell' for command environment: Not usable outside of PowerShell
[21.403s] DEBUG:colcon.colcon_core.shell:Skip shell extension 'dsv' for command environment
[21.853s] INFO:colcon.colcon_core.task.python.build:Building Python package in '/home/csanimatronics/CS_Animatronics/src/motor_controller'
[21.853s] INFO:colcon.colcon_core.shell:Skip shell extension 'powershell' for command environment: Not usable outside of PowerShell
[21.853s] DEBUG:colcon.colcon_core.shell:Skip shell extension 'dsv' for command environment
[21.863s] DEBUG:colcon.colcon_core.event_handler.log_command:Invoking command in '/home/csanimatronics/CS_Animatronics/src/motion_editor': AMENT_PREFIX_PATH=/home/csanimatronics/CS_Animatronics/src/install/motor_command_msg:${AMENT_PREFIX_PATH} CMAKE_PREFIX_PATH=/home/csanimatronics/CS_Animatronics/src/install/motor_command_msg:${CMAKE_PREFIX_PATH} DEBUGINFOD_URLS=https://debuginfod.ubuntu.com LD_LIBRARY_PATH=/home/csanimatronics/CS_Animatronics/src/install/motor_command_msg/lib:${LD_LIBRARY_PATH} PYTHONPATH=/home/csanimatronics/CS_Animatronics/src/build/motion_editor/prefix_override:/usr/lib/python3/dist-packages/colcon_core/task/python/colcon_distutils_commands:/home/csanimatronics/CS_Animatronics/src/install/motion_editor/lib/python3.12/site-packages:/home/csanimatronics/CS_Animatronics/src/install/motor_command_msg/lib/python3.12/site-packages:${PYTHONPATH} /usr/bin/python3 -W ignore:setup.py install is deprecated -W ignore:easy_install command is deprecated setup.py egg_info --egg-base ../build/motion_editor build --build-base /home/csanimatronics/CS_Animatronics/src/build/motion_editor/build install --record /home/csanimatronics/CS_Animatronics/src/build/motion_editor/install.log --single-version-externally-managed install_data
[21.866s] DEBUG:colcon.colcon_core.event_handler.log_command:Invoking command in '/home/csanimatronics/CS_Animatronics/src/system_controller': AMENT_PREFIX_PATH=/home/csanimatronics/CS_Animatronics/src/install/motor_command_msg:${AMENT_PREFIX_PATH} CMAKE_PREFIX_PATH=/home/csanimatronics/CS_Animatronics/src/install/motor_command_msg:${CMAKE_PREFIX_PATH} DEBUGINFOD_URLS=https://debuginfod.ubuntu.com LD_LIBRARY_PATH=/home/csanimatronics/CS_Animatronics/src/install/motor_command_msg/lib:${LD_LIBRARY_PATH} PYTHONPATH=/home/csanimatronics/CS_Animatronics/src/build/system_controller/prefix_override:/usr/lib/python3/dist-packages/colcon_core/task/python/colcon_distutils_commands:/home/csanimatronics/CS_Animatronics/src/install/system_controller/lib/python3.12/site-packages:/home/csanimatronics/CS_Animatronics/src/install/motor_command_msg/lib/python3.12/site-packages:${PYTHONPATH} /usr/bin/python3 -W ignore:setup.py install is deprecated -W ignore:easy_install command is deprecated setup.py egg_info --egg-base ../build/system_controller build --build-base /home/csanimatronics/CS_Animatronics/src/build/system_controller/build install --record /home/csanimatronics/CS_Animatronics/src/build/system_controller/install.log --single-version-externally-managed install_data
[22.925s] Level 1:colcon.colcon_core.environment:checking '/home/csanimatronics/CS_Animatronics/src/install/system_controller' for CMake module files
[22.926s] DEBUG:colcon.colcon_core.event_handler.log_command:Invoked command in '/home/csanimatronics/CS_Animatronics/src/system_controller' returned '0': AMENT_PREFIX_PATH=/home/csanimatronics/CS_Animatronics/src/install/motor_command_msg:${AMENT_PREFIX_PATH} CMAKE_PREFIX_PATH=/home/csanimatronics/CS_Animatronics/src/install/motor_command_msg:${CMAKE_PREFIX_PATH} DEBUGINFOD_URLS=https://debuginfod.ubuntu.com LD_LIBRARY_PATH=/home/csanimatronics/CS_Animatronics/src/install/motor_command_msg/lib:${LD_LIBRARY_PATH} PYTHONPATH=/home/csanimatronics/CS_Animatronics/src/build/system_controller/prefix_override:/usr/lib/python3/dist-packages/colcon_core/task/python/colcon_distutils_commands:/home/csanimatronics/CS_Animatronics/src/install/system_controller/lib/python3.12/site-packages:/home/csanimatronics/CS_Animatronics/src/install/motor_command_msg/lib/python3.12/site-packages:${PYTHONPATH} /usr/bin/python3 -W ignore:setup.py install is deprecated -W ignore:easy_install command is deprecated setup.py egg_info --egg-base ../build/system_controller build --build-base /home/csanimatronics/CS_Animatronics/src/build/system_controller/build install --record /home/csanimatronics/CS_Animatronics/src/build/system_controller/install.log --single-version-externally-managed install_data
[22.927s] Level 1:colcon.colcon_core.environment:checking '/home/csanimatronics/CS_Animatronics/src/install/system_controller' for CMake config files
[22.928s] Level 1:colcon.colcon_core.environment:checking '/home/csanimatronics/CS_Animatronics/src/install/system_controller/lib'
[22.928s] Level 1:colcon.colcon_core.environment:checking '/home/csanimatronics/CS_Animatronics/src/install/system_controller/bin'
[22.928s] Level 1:colcon.colcon_core.environment:checking '/home/csanimatronics/CS_Animatronics/src/install/system_controller/lib/pkgconfig/system_controller.pc'
[22.928s] Level 1:colcon.colcon_core.environment:checking '/home/csanimatronics/CS_Animatronics/src/install/system_controller/lib/python3.12/site-packages'
[22.928s] Level 1:colcon.colcon_core.shell:create_environment_hook('system_controller', 'pythonpath')
[22.929s] INFO:colcon.colcon_core.shell:Creating environment hook '/home/csanimatronics/CS_Animatronics/src/install/system_controller/share/system_controller/hook/pythonpath.ps1'
[22.930s] INFO:colcon.colcon_core.shell:Creating environment descriptor '/home/csanimatronics/CS_Animatronics/src/install/system_controller/share/system_controller/hook/pythonpath.dsv'
[22.930s] INFO:colcon.colcon_core.shell:Creating environment hook '/home/csanimatronics/CS_Animatronics/src/install/system_controller/share/system_controller/hook/pythonpath.sh'
[22.931s] Level 1:colcon.colcon_core.environment:checking '/home/csanimatronics/CS_Animatronics/src/install/system_controller/bin'
[22.931s] Level 1:colcon.colcon_core.environment:create_environment_scripts_only(system_controller)
[22.931s] INFO:colcon.colcon_core.shell:Creating package script '/home/csanimatronics/CS_Animatronics/src/install/system_controller/share/system_controller/package.ps1'
[22.932s] INFO:colcon.colcon_core.shell:Creating package descriptor '/home/csanimatronics/CS_Animatronics/src/install/system_controller/share/system_controller/package.dsv'
[22.933s] INFO:colcon.colcon_core.shell:Creating package script '/home/csanimatronics/CS_Animatronics/src/install/system_controller/share/system_controller/package.sh'
[22.934s] INFO:colcon.colcon_core.shell:Creating package script '/home/csanimatronics/CS_Animatronics/src/install/system_controller/share/system_controller/package.bash'
[22.934s] INFO:colcon.colcon_core.shell:Creating package script '/home/csanimatronics/CS_Animatronics/src/install/system_controller/share/system_controller/package.zsh'
[22.935s] Level 1:colcon.colcon_core.environment:create_file_with_runtime_dependencies(/home/csanimatronics/CS_Animatronics/src/install/system_controller/share/colcon-core/packages/system_controller)
[22.937s] Level 1:colcon.colcon_core.environment:checking '/home/csanimatronics/CS_Animatronics/src/install/motion_editor' for CMake module files
[22.940s] DEBUG:colcon.colcon_core.event_handler.log_command:Invoked command in '/home/csanimatronics/CS_Animatronics/src/motion_editor' returned '0': AMENT_PREFIX_PATH=/home/csanimatronics/CS_Animatronics/src/install/motor_command_msg:${AMENT_PREFIX_PATH} CMAKE_PREFIX_PATH=/home/csanimatronics/CS_Animatronics/src/install/motor_command_msg:${CMAKE_PREFIX_PATH} DEBUGINFOD_URLS=https://debuginfod.ubuntu.com LD_LIBRARY_PATH=/home/csanimatronics/CS_Animatronics/src/install/motor_command_msg/lib:${LD_LIBRARY_PATH} PYTHONPATH=/home/csanimatronics/CS_Animatronics/src/build/motion_editor/prefix_override:/usr/lib/python3/dist-packages/colcon_core/task/python/colcon_distutils_commands:/home/csanimatronics/CS_Animatronics/src/install/motion_editor/lib/python3.12/site-packages:/home/csanimatronics/CS_Animatronics/src/install/motor_command_msg/lib/python3.12/site-packages:${PYTHONPATH} /usr/bin/python3 -W ignore:setup.py install is deprecated -W ignore:easy_install command is deprecated setup.py egg_info --egg-base ../build/motion_editor build --build-base /home/csanimatronics/CS_Animatronics/src/build/motion_editor/build install --record /home/csanimatronics/CS_Animatronics/src/build/motion_editor/install.log --single-version-externally-managed install_data
[22.943s] Level 1:colcon.colcon_core.environment:checking '/home/csanimatronics/CS_Animatronics/src/install/motion_editor' for CMake config files
[22.947s] Level 1:colcon.colcon_core.environment:checking '/home/csanimatronics/CS_Animatronics/src/install/motion_editor/lib'
[22.948s] Level 1:colcon.colcon_core.environment:checking '/home/csanimatronics/CS_Animatronics/src/install/motion_editor/bin'
[22.948s] Level 1:colcon.colcon_core.environment:checking '/home/csanimatronics/CS_Animatronics/src/install/motion_editor/lib/pkgconfig/motion_editor.pc'
[22.948s] Level 1:colcon.colcon_core.environment:checking '/home/csanimatronics/CS_Animatronics/src/install/motion_editor/lib/python3.12/site-packages'
[22.948s] Level 1:colcon.colcon_core.shell:create_environment_hook('motion_editor', 'pythonpath')
[22.949s] INFO:colcon.colcon_core.shell:Creating environment hook '/home/csanimatronics/CS_Animatronics/src/install/motion_editor/share/motion_editor/hook/pythonpath.ps1'
[22.953s] INFO:colcon.colcon_core.shell:Creating environment descriptor '/home/csanimatronics/CS_Animatronics/src/install/motion_editor/share/motion_editor/hook/pythonpath.dsv'
[22.954s] INFO:colcon.colcon_core.shell:Creating environment hook '/home/csanimatronics/CS_Animatronics/src/install/motion_editor/share/motion_editor/hook/pythonpath.sh'
[22.955s] Level 1:colcon.colcon_core.environment:checking '/home/csanimatronics/CS_Animatronics/src/install/motion_editor/bin'
[22.955s] Level 1:colcon.colcon_core.environment:create_environment_scripts_only(motion_editor)
[22.955s] INFO:colcon.colcon_core.shell:Creating package script '/home/csanimatronics/CS_Animatronics/src/install/motion_editor/share/motion_editor/package.ps1'
[22.960s] INFO:colcon.colcon_core.shell:Creating package descriptor '/home/csanimatronics/CS_Animatronics/src/install/motion_editor/share/motion_editor/package.dsv'
[22.961s] INFO:colcon.colcon_core.shell:Creating package script '/home/csanimatronics/CS_Animatronics/src/install/motion_editor/share/motion_editor/package.sh'
[22.962s] INFO:colcon.colcon_core.shell:Creating package script '/home/csanimatronics/CS_Animatronics/src/install/motion_editor/share/motion_editor/package.bash'
[22.962s] INFO:colcon.colcon_core.shell:Creating package script '/home/csanimatronics/CS_Animatronics/src/install/motion_editor/share/motion_editor/package.zsh'
[22.962s] Level 1:colcon.colcon_core.environment:create_file_with_runtime_dependencies(/home/csanimatronics/CS_Animatronics/src/install/motion_editor/share/colcon-core/packages/motion_editor)
[23.064s] DEBUG:colcon.colcon_core.event_handler.log_command:Invoking command in '/home/csanimatronics/CS_Animatronics/src/motor_controller': AMENT_PREFIX_PATH=/home/csanimatronics/CS_Animatronics/src/install/dynamixel_sdk_custom_interfaces:/home/csanimatronics/CS_Animatronics/src/install/dynamixel_sdk:${AMENT_PREFIX_PATH} CMAKE_PREFIX_PATH=/home/csanimatronics/CS_Animatronics/src/install/dynamixel_sdk_custom_interfaces:/home/csanimatronics/CS_Animatronics/src/install/dynamixel_sdk:${CMAKE_PREFIX_PATH} DEBUGINFOD_URLS=https://debuginfod.ubuntu.com LD_LIBRARY_PATH=/home/csanimatronics/CS_Animatronics/src/install/dynamixel_sdk_custom_interfaces/lib:/home/csanimatronics/CS_Animatronics/src/install/dynamixel_sdk/lib:${LD_LIBRARY_PATH} PYTHONPATH=/home/csanimatronics/CS_Animatronics/src/build/motor_controller/prefix_override:/usr/lib/python3/dist-packages/colcon_core/task/python/colcon_distutils_commands:/home/csanimatronics/CS_Animatronics/src/install/motor_controller/lib/python3.12/site-packages:/home/csanimatronics/CS_Animatronics/src/install/dynamixel_sdk_custom_interfaces/lib/python3.12/site-packages:${PYTHONPATH} /usr/bin/python3 -W ignore:setup.py install is deprecated -W ignore:easy_install command is deprecated setup.py egg_info --egg-base ../build/motor_controller build --build-base /home/csanimatronics/CS_Animatronics/src/build/motor_controller/build install --record /home/csanimatronics/CS_Animatronics/src/build/motor_controller/install.log --single-version-externally-managed install_data
[23.923s] Level 1:colcon.colcon_core.environment:checking '/home/csanimatronics/CS_Animatronics/src/install/motor_controller' for CMake module files
[23.923s] DEBUG:colcon.colcon_core.event_handler.log_command:Invoked command in '/home/csanimatronics/CS_Animatronics/src/motor_controller' returned '0': AMENT_PREFIX_PATH=/home/csanimatronics/CS_Animatronics/src/install/dynamixel_sdk_custom_interfaces:/home/csanimatronics/CS_Animatronics/src/install/dynamixel_sdk:${AMENT_PREFIX_PATH} CMAKE_PREFIX_PATH=/home/csanimatronics/CS_Animatronics/src/install/dynamixel_sdk_custom_interfaces:/home/csanimatronics/CS_Animatronics/src/install/dynamixel_sdk:${CMAKE_PREFIX_PATH} DEBUGINFOD_URLS=https://debuginfod.ubuntu.com LD_LIBRARY_PATH=/home/csanimatronics/CS_Animatronics/src/install/dynamixel_sdk_custom_interfaces/lib:/home/csanimatronics/CS_Animatronics/src/install/dynamixel_sdk/lib:${LD_LIBRARY_PATH} PYTHONPATH=/home/csanimatronics/CS_Animatronics/src/build/motor_controller/prefix_override:/usr/lib/python3/dist-packages/colcon_core/task/python/colcon_distutils_commands:/home/csanimatronics/CS_Animatronics/src/install/motor_controller/lib/python3.12/site-packages:/home/csanimatronics/CS_Animatronics/src/install/dynamixel_sdk_custom_interfaces/lib/python3.12/site-packages:${PYTHONPATH} /usr/bin/python3 -W ignore:setup.py install is deprecated -W ignore:easy_install command is deprecated setup.py egg_info --egg-base ../build/motor_controller build --build-base /home/csanimatronics/CS_Animatronics/src/build/motor_controller/build install --record /home/csanimatronics/CS_Animatronics/src/build/motor_controller/install.log --single-version-externally-managed install_data
[23.924s] Level 1:colcon.colcon_core.environment:checking '/home/csanimatronics/CS_Animatronics/src/install/motor_controller' for CMake config files
[23.925s] Level 1:colcon.colcon_core.environment:checking '/home/csanimatronics/CS_Animatronics/src/install/motor_controller/lib'
[23.925s] Level 1:colcon.colcon_core.environment:checking '/home/csanimatronics/CS_Animatronics/src/install/motor_controller/bin'
[23.925s] Level 1:colcon.colcon_core.environment:checking '/home/csanimatronics/CS_Animatronics/src/install/motor_controller/lib/pkgconfig/motor_controller.pc'
[23.925s] Level 1:colcon.colcon_core.environment:checking '/home/csanimatronics/CS_Animatronics/src/install/motor_controller/lib/python3.12/site-packages'
[23.925s] Level 1:colcon.colcon_core.shell:create_environment_hook('motor_controller', 'pythonpath')
[23.925s] INFO:colcon.colcon_core.shell:Creating environment hook '/home/csanimatronics/CS_Animatronics/src/install/motor_controller/share/motor_controller/hook/pythonpath.ps1'
[23.926s] INFO:colcon.colcon_core.shell:Creating environment descriptor '/home/csanimatronics/CS_Animatronics/src/install/motor_controller/share/motor_controller/hook/pythonpath.dsv'
[23.926s] INFO:colcon.colcon_core.shell:Creating environment hook '/home/csanimatronics/CS_Animatronics/src/install/motor_controller/share/motor_controller/hook/pythonpath.sh'
[23.927s] Level 1:colcon.colcon_core.environment:checking '/home/csanimatronics/CS_Animatronics/src/install/motor_controller/bin'
[23.927s] Level 1:colcon.colcon_core.environment:create_environment_scripts_only(motor_controller)
[23.928s] INFO:colcon.colcon_core.shell:Creating package script '/home/csanimatronics/CS_Animatronics/src/install/motor_controller/share/motor_controller/package.ps1'
[23.928s] INFO:colcon.colcon_core.shell:Creating package descriptor '/home/csanimatronics/CS_Animatronics/src/install/motor_controller/share/motor_controller/package.dsv'
[23.929s] INFO:colcon.colcon_core.shell:Creating package script '/home/csanimatronics/CS_Animatronics/src/install/motor_controller/share/motor_controller/package.sh'
[23.929s] INFO:colcon.colcon_core.shell:Creating package script '/home/csanimatronics/CS_Animatronics/src/install/motor_controller/share/motor_controller/package.bash'
[23.929s] INFO:colcon.colcon_core.shell:Creating package script '/home/csanimatronics/CS_Animatronics/src/install/motor_controller/share/motor_controller/package.zsh'
[23.930s] Level 1:colcon.colcon_core.environment:create_file_with_runtime_dependencies(/home/csanimatronics/CS_Animatronics/src/install/motor_controller/share/colcon-core/packages/motor_controller)
[23.930s] DEBUG:colcon.colcon_parallel_executor.executor.parallel:closing loop
[23.931s] DEBUG:colcon.colcon_parallel_executor.executor.parallel:loop closed
[23.931s] DEBUG:colcon.colcon_parallel_executor.executor.parallel:run_until_complete finished with '0'
[23.931s] DEBUG:colcon.colcon_core.event_reactor:joining thread
[23.952s] INFO:colcon.colcon_core.plugin_system:Skipping extension 'colcon_notification.desktop_notification.terminal_notifier': Not used on non-Darwin systems
[23.953s] INFO:colcon.colcon_core.plugin_system:Skipping extension 'colcon_notification.desktop_notification.win32': Not used on non-Windows systems
[23.953s] INFO:colcon.colcon_notification.desktop_notification:Sending desktop notification using 'notify2'
[23.987s] DEBUG:colcon.colcon_core.event_reactor:joined thread
[23.989s] INFO:colcon.colcon_core.shell:Creating prefix script '/home/csanimatronics/CS_Animatronics/src/install/local_setup.ps1'
[23.992s] INFO:colcon.colcon_core.shell:Creating prefix util module '/home/csanimatronics/CS_Animatronics/src/install/_local_setup_util_ps1.py'
[23.994s] INFO:colcon.colcon_core.shell:Creating prefix chain script '/home/csanimatronics/CS_Animatronics/src/install/setup.ps1'
[23.995s] INFO:colcon.colcon_core.shell:Creating prefix script '/home/csanimatronics/CS_Animatronics/src/install/local_setup.sh'
[23.996s] INFO:colcon.colcon_core.shell:Creating prefix util module '/home/csanimatronics/CS_Animatronics/src/install/_local_setup_util_sh.py'
[23.996s] INFO:colcon.colcon_core.shell:Creating prefix chain script '/home/csanimatronics/CS_Animatronics/src/install/setup.sh'
[23.998s] INFO:colcon.colcon_core.shell:Creating prefix script '/home/csanimatronics/CS_Animatronics/src/install/local_setup.bash'
[23.999s] INFO:colcon.colcon_core.shell:Creating prefix chain script '/home/csanimatronics/CS_Animatronics/src/install/setup.bash'
[24.000s] INFO:colcon.colcon_core.shell:Creating prefix script '/home/csanimatronics/CS_Animatronics/src/install/local_setup.zsh'
[24.001s] INFO:colcon.colcon_core.shell:Creating prefix chain script '/home/csanimatronics/CS_Animatronics/src/install/setup.zsh'
